lake,country,datetime,date,target_latitude,target_longitude,water_level_m,water_level_error_m,water_level_datum,source_file
Albert,Democratic Republic of the Congo,2002-07-10 19:56:24,2002-07-10,1.6807,30.921,621.864990234375,0.0,DAHITI product datum,water_level_altimetry_Albert.nc
Albert,Democratic Republic of the Congo,2002-07-12 07:58:23,2002-07-12,1.6807,30.921,621.8259887695312,0.0,DAHITI product datum,water_level_altimetry_Albert.nc
Albert,Democratic Republic of the Congo,2002-08-14 19:56:24,2002-08-14,1.6807,30.921,621.8359985351562,0.0020000000949949026,DAHITI product datum,water_level_altimetry_Albert.nc
Albert,Democratic Republic of the Congo,2002-08-16 07:58:24,2002-08-16,1.6807,30.921,621.8389892578125,0.0,DAHITI product datum,water_level_altimetry_Albert.nc
Albert,Democratic Republic of the Congo,2002-09-18 08:03:43,2002-09-18,1.6807,30.921,621.9530029296875,0.0010000000474974513,DAHITI product datum,water_level_altimetry_Albert.nc
Albert,Democratic Republic of the Congo,2002-09-18 12:32:11,2002-09-18,1.6807,30.921,621.8170166015625,0.0,DAHITI product datum,water_level_altimetry_Albert.nc
Albert,Democratic Republic of the Congo,2002-09-20 07:58:22,2002-09-20,1.6807,30.921,621.9320068359375,0.0,DAHITI product datum,water_level_altimetry_Albert.nc
Albert,Democratic Republic of the Congo,2002-09-28 06:02:14,2002-09-28,1.6807,30.921,621.9520263671875,0.0010000000474974513,DAHITI product datum,water_level_altimetry_Albert.nc
Albert,Democratic Republic of the Congo,2002-10-08 04:00:45,2002-10-08,1.6807,30.921,621.8270263671875,0.0,DAHITI product datum,water_level_altimetry_Albert.nc
Albert,Democratic Republic of the Congo,2002-10-18 01:59:18,2002-10-18,1.6807,30.921,621.927978515625,0.0,DAHITI product datum,water_level_altimetry_Albert.nc
Albert,Democratic Republic of the Congo,2002-10-23 19:56:26,2002-10-23,1.6807,30.921,621.9730224609375,0.0010000000474974513,DAHITI product datum,water_level_altimetry_Albert.nc
Albert,Democratic Republic of the Congo,2002-10-25 07:58:26,2002-10-25,1.6807,30.921,621.8930053710938,0.0,DAHITI product datum,water_level_altimetry_Albert.nc
Albert,Democratic Republic of the Congo,2002-10-27 23:57:48,2002-10-27,1.6807,30.921,621.8590087890625,0.0,DAHITI product datum,water_level_altimetry_Albert.nc
Albert,Democratic Republic of the Congo,2002-11-16 19:54:52,2002-11-16,1.6807,30.921,622.2109985351562,0.0,DAHITI product datum,water_level_altimetry_Albert.nc
Albert,Democratic Republic of the Congo,2002-11-26 17:53:24,2002-11-26,1.6807,30.921,622.27197265625,0.0,DAHITI product datum,water_level_altimetry_Albert.nc
Albert,Democratic Republic of the Congo,2002-11-27 19:56:23,2002-11-27,1.6807,30.921,622.1719970703125,0.0,DAHITI product datum,water_level_altimetry_Albert.nc
Albert,Democratic Republic of the Congo,2002-11-29 07:58:22,2002-11-29,1.6807,30.921,622.260986328125,0.0010000000474974513,DAHITI product datum,water_level_altimetry_Albert.nc
Albert,Democratic Republic of the Congo,2002-12-06 15:51:56,2002-12-06,1.6807,30.921,622.4099731445312,0.0010000000474974513,DAHITI product datum,water_level_altimetry_Albert.nc
Albert,Democratic Republic of the Congo,2002-12-16 13:50:24,2002-12-16,1.6807,30.921,622.3380126953125,0.0,DAHITI product datum,water_level_altimetry_Albert.nc
Albert,Democratic Republic of the Congo,2002-12-26 11:48:57,2002-12-26,1.6807,30.921,622.4000244140625,0.0,DAHITI product datum,water_level_altimetry_Albert.nc
Albert,Democratic Republic of the Congo,2003-01-03 07:58:22,2003-01-03,1.6807,30.921,622.3289794921875,0.0,DAHITI product datum,water_level_altimetry_Albert.nc
Albert,Democratic Republic of the Congo,2003-01-05 09:47:29,2003-01-05,1.6807,30.921,622.4019775390625,0.0010000000474974513,DAHITI product datum,water_level_altimetry_Albert.nc
Albert,Democratic Republic of the Congo,2003-01-15 07:46:03,2003-01-15,1.6807,30.921,622.3800048828125,0.0,DAHITI product datum,water_level_altimetry_Albert.nc
Albert,Democratic Republic of the Congo,2003-01-25 05:44:33,2003-01-25,1.6807,30.921,622.4019775390625,0.0,DAHITI product datum,water_level_altimetry_Albert.nc
Albert,Democratic Republic of the Congo,2003-02-05 19:56:21,2003-02-05,1.6807,30.921,622.2440185546875,0.0,DAHITI product datum,water_level_altimetry_Albert.nc
Albert,Democratic Republic of the Congo,2003-02-14 01:41:34,2003-02-14,1.6807,30.921,622.2750244140625,0.0,DAHITI product datum,water_level_altimetry_Albert.nc
Albert,Democratic Republic of the Congo,2003-02-23 23:40:06,2003-02-23,1.6807,30.921,622.2379760742188,0.0010000000474974513,DAHITI product datum,water_level_altimetry_Albert.nc
Albert,Democratic Republic of the Congo,2003-03-12 19:56:24,2003-03-12,1.6807,30.921,622.1790161132812,0.0,DAHITI product datum,water_level_altimetry_Albert.nc
Albert,Democratic Republic of the Congo,2003-03-14 07:58:24,2003-03-14,1.6807,30.921,622.0269775390625,0.0,DAHITI product datum,water_level_altimetry_Albert.nc
Albert,Democratic Republic of the Congo,2003-03-15 19:37:08,2003-03-15,1.6807,30.921,622.1799926757812,0.0010000000474974513,DAHITI product datum,water_level_altimetry_Albert.nc
Albert,Democratic Republic of the Congo,2003-03-25 17:35:40,2003-03-25,1.6807,30.921,622.10400390625,0.0,DAHITI product datum,water_level_altimetry_Albert.nc
Albert,Democratic Republic of the Congo,2003-04-04 15:34:11,2003-04-04,1.6807,30.921,622.0380249023438,0.0,DAHITI product datum,water_level_altimetry_Albert.nc
Albert,Democratic Republic of the Congo,2003-04-16 19:56:26,2003-04-16,1.6807,30.921,621.9580078125,0.0010000000474974513,DAHITI product datum,water_level_altimetry_Albert.nc
Albert,Democratic Republic of the Congo,2003-04-18 07:58:26,2003-04-18,1.6807,30.921,621.969970703125,0.0,DAHITI product datum,water_level_altimetry_Albert.nc
Albert,Democratic Republic of the Congo,2003-05-04 09:29:49,2003-05-04,1.6807,30.921,622.2550048828125,0.0020000000949949026,DAHITI product datum,water_level_altimetry_Albert.nc
Albert,Democratic Republic of the Congo,2003-05-14 07:28:19,2003-05-14,1.6807,30.921,622.281982421875,0.0,DAHITI product datum,water_level_altimetry_Albert.nc
Albert,Democratic Republic of the Congo,2003-05-23 07:58:21,2003-05-23,1.6807,30.921,622.2260131835938,0.0010000000474974513,DAHITI product datum,water_level_altimetry_Albert.nc
Albert,Democratic Republic of the Congo,2003-05-24 05:26:48,2003-05-24,1.6807,30.921,622.2789916992188,0.0,DAHITI product datum,water_level_altimetry_Albert.nc
Albert,Democratic Republic of the Congo,2003-06-13 01:23:52,2003-06-13,1.6807,30.921,622.3369750976562,0.0,DAHITI product datum,water_level_altimetry_Albert.nc
Albert,Democratic Republic of the Congo,2003-06-25 19:56:28,2003-06-25,1.6807,30.921,622.2529907226562,0.0,DAHITI product datum,water_level_altimetry_Albert.nc
Albert,Democratic Republic of the Congo,2003-07-30 19:56:32,2003-07-30,1.6807,30.921,622.27197265625,0.0010000000474974513,DAHITI product datum,water_level_altimetry_Albert.nc
Albert,Democratic Republic of the Congo,2003-08-01 11:14:18,2003-08-01,1.6807,30.921,622.2540283203125,0.0010000000474974513,DAHITI product datum,water_level_altimetry_Albert.nc
Albert,Democratic Republic of the Congo,2003-08-11 13:15:00,2003-08-11,1.6807,30.921,622.280029296875,0.0,DAHITI product datum,water_level_altimetry_Albert.nc
Albert,Democratic Republic of the Congo,2003-08-21 11:13:30,2003-08-21,1.6807,30.921,622.2630004882812,0.0,DAHITI product datum,water_level_altimetry_Albert.nc
Albert,Democratic Republic of the Congo,2003-08-31 09:12:01,2003-08-31,1.6807,30.921,622.3629760742188,0.0010000000474974513,DAHITI product datum,water_level_altimetry_Albert.nc
Albert,Democratic Republic of the Congo,2003-09-20 05:09:03,2003-09-20,1.6807,30.921,622.5170288085938,0.0,DAHITI product datum,water_level_altimetry_Albert.nc
Albert,Democratic Republic of the Congo,2003-10-08 19:56:32,2003-10-08,1.6807,30.921,622.6749877929688,0.0,DAHITI product datum,water_level_altimetry_Albert.nc
Albert,Democratic Republic of the Congo,2003-10-10 04:43:59,2003-10-10,1.6807,30.921,622.4869995117188,0.0,DAHITI product datum,water_level_altimetry_Albert.nc
Albert,Democratic Republic of the Congo,2003-10-19 23:04:39,2003-10-19,1.6807,30.921,622.666015625,0.0,DAHITI product datum,water_level_altimetry_Albert.nc
Albert,Democratic Republic of the Congo,2003-10-29 21:03:09,2003-10-29,1.6807,30.921,622.5089721679688,0.0,DAHITI product datum,water_level_altimetry_Albert.nc
Albert,Democratic Republic of the Congo,2003-11-08 19:01:41,2003-11-08,1.6807,30.921,622.4619750976562,0.0,DAHITI product datum,water_level_altimetry_Albert.nc
Albert,Democratic Republic of the Congo,2003-11-12 19:56:28,2003-11-12,1.6807,30.921,622.47900390625,0.0020000000949949026,DAHITI product datum,water_level_altimetry_Albert.nc
Albert,Democratic Republic of the Congo,2003-12-18 10:55:46,2003-12-18,1.6807,30.921,622.6259765625,0.0010000000474974513,DAHITI product datum,water_level_altimetry_Albert.nc
Albert,Democratic Republic of the Congo,2003-12-19 07:58:29,2003-12-19,1.6807,30.921,622.573974609375,0.0,DAHITI product datum,water_level_altimetry_Albert.nc
Albert,Democratic Republic of the Congo,2003-12-28 08:54:19,2003-12-28,1.6807,30.921,622.5570068359375,0.0,DAHITI product datum,water_level_altimetry_Albert.nc
Albert,Democratic Republic of the Congo,2004-01-07 06:52:50,2004-01-07,1.6807,30.921,622.573974609375,0.0,DAHITI product datum,water_level_altimetry_Albert.nc
Albert,Democratic Republic of the Congo,2004-01-17 04:51:22,2004-01-17,1.6807,30.921,622.5360107421875,0.0010000000474974513,DAHITI product datum,water_level_altimetry_Albert.nc
Albert,Democratic Republic of the Congo,2004-01-21 19:56:27,2004-01-21,1.6807,30.921,622.6430053710938,0.0010000000474974513,DAHITI product datum,water_level_altimetry_Albert.nc
Albert,Democratic Republic of the Congo,2004-01-23 07:58:27,2004-01-23,1.6807,30.921,622.4600219726562,0.0,DAHITI product datum,water_level_altimetry_Albert.nc
Albert,Democratic Republic of the Congo,2004-02-15 22:46:57,2004-02-15,1.6807,30.921,622.3729858398438,0.0,DAHITI product datum,water_level_altimetry_Albert.nc
Albert,Democratic Republic of the Congo,2004-02-25 20:31:48,2004-02-25,1.6807,30.921,622.2659912109375,0.0,DAHITI product datum,water_level_altimetry_Albert.nc
Albert,Democratic Republic of the Congo,2004-02-27 07:58:27,2004-02-27,1.6807,30.921,622.218994140625,0.0,DAHITI product datum,water_level_altimetry_Albert.nc
Albert,Democratic Republic of the Congo,2004-03-26 14:41:04,2004-03-26,1.6807,30.921,622.3790283203125,0.0,DAHITI product datum,water_level_altimetry_Albert.nc
Albert,Democratic Republic of the Congo,2004-03-31 19:56:31,2004-03-31,1.6807,30.921,622.364013671875,0.003000000026077032,DAHITI product datum,water_level_altimetry_Albert.nc
Albert,Democratic Republic of the Congo,2004-04-02 07:58:29,2004-04-02,1.6807,30.921,622.1710205078125,0.0010000000474974513,DAHITI product datum,water_level_altimetry_Albert.nc
Albert,Democratic Republic of the Congo,2004-04-05 12:39:35,2004-04-05,1.6807,30.921,622.3070068359375,0.0,DAHITI product datum,water_level_altimetry_Albert.nc
Albert,Democratic Republic of the Congo,2004-04-15 10:38:07,2004-04-15,1.6807,30.921,622.2930297851562,0.0,DAHITI product datum,water_level_altimetry_Albert.nc
Albert,Democratic Republic of the Congo,2004-04-25 08:36:38,2004-04-25,1.6807,30.921,622.4110107421875,0.0,DAHITI product datum,water_level_altimetry_Albert.nc
Albert,Democratic Republic of the Congo,2004-05-15 04:33:42,2004-05-15,1.6807,30.921,622.4530029296875,0.0,DAHITI product datum,water_level_altimetry_Albert.nc
Albert,Democratic Republic of the Congo,2004-05-25 02:32:13,2004-05-25,1.6807,30.921,622.4249877929688,0.0,DAHITI product datum,water_level_altimetry_Albert.nc
Albert,Democratic Republic of the Congo,2004-06-09 19:56:34,2004-06-09,1.6807,30.921,622.3699951171875,0.0010000000474974513,DAHITI product datum,water_level_altimetry_Albert.nc
Albert,Democratic Republic of the Congo,2004-06-11 07:58:33,2004-06-11,1.6807,30.921,622.2860107421875,0.0,DAHITI product datum,water_level_altimetry_Albert.nc
Albert,Democratic Republic of the Congo,2004-06-23 20:27:49,2004-06-23,1.6807,30.921,622.3610229492188,0.0,DAHITI product datum,water_level_altimetry_Albert.nc
Albert,Democratic Republic of the Congo,2004-07-13 16:24:49,2004-07-13,1.6807,30.921,622.291015625,0.0,DAHITI product datum,water_level_altimetry_Albert.nc
Albert,Democratic Republic of the Congo,2004-07-14 19:56:35,2004-07-14,1.6807,30.921,622.2620239257812,0.0010000000474974513,DAHITI product datum,water_level_altimetry_Albert.nc
Albert,Democratic Republic of the Congo,2004-07-16 07:58:34,2004-07-16,1.6807,30.921,622.2570190429688,0.0,DAHITI product datum,water_level_altimetry_Albert.nc
Albert,Democratic Republic of the Congo,2004-07-23 14:23:19,2004-07-23,1.6807,30.921,622.2659912109375,0.0,DAHITI product datum,water_level_altimetry_Albert.nc
Albert,Democratic Republic of the Congo,2004-08-02 12:21:51,2004-08-02,1.6807,30.921,622.2559814453125,0.0010000000474974513,DAHITI product datum,water_level_altimetry_Albert.nc
Albert,Democratic Republic of the Congo,2004-08-18 19:56:32,2004-08-18,1.6807,30.921,622.31201171875,0.0,DAHITI product datum,water_level_altimetry_Albert.nc
Albert,Democratic Republic of the Congo,2004-08-20 07:58:31,2004-08-20,1.6807,30.921,622.2319946289062,0.0,DAHITI product datum,water_level_altimetry_Albert.nc
Albert,Democratic Republic of the Congo,2004-08-22 08:18:56,2004-08-22,1.6807,30.921,622.2570190429688,0.0,DAHITI product datum,water_level_altimetry_Albert.nc
Albert,Democratic Republic of the Congo,2004-09-01 06:17:25,2004-09-01,1.6807,30.921,622.2109985351562,0.0020000000949949026,DAHITI product datum,water_level_altimetry_Albert.nc
Albert,Democratic Republic of the Congo,2004-09-11 04:15:58,2004-09-11,1.6807,30.921,622.2869873046875,0.0,DAHITI product datum,water_level_altimetry_Albert.nc
Albert,Democratic Republic of the Congo,2004-09-21 02:14:30,2004-09-21,1.6807,30.921,622.3319702148438,0.0,DAHITI product datum,water_level_altimetry_Albert.nc
Albert,Democratic Republic of the Congo,2004-09-22 19:56:28,2004-09-22,1.6807,30.921,622.2210083007812,0.0,DAHITI product datum,water_level_altimetry_Albert.nc
Albert,Democratic Republic of the Congo,2004-10-01 00:12:59,2004-10-01,1.6807,30.921,622.3989868164062,0.00800000037997961,DAHITI product datum,water_level_altimetry_Albert.nc
Albert,Democratic Republic of the Congo,2004-10-10 22:11:36,2004-10-10,1.6807,30.921,622.3469848632812,0.0,DAHITI product datum,water_level_altimetry_Albert.nc
Albert,Democratic Republic of the Congo,2004-10-20 20:10:06,2004-10-20,1.6807,30.921,622.3809814453125,0.0,DAHITI product datum,water_level_altimetry_Albert.nc
Albert,Democratic Republic of the Congo,2004-10-27 19:56:34,2004-10-27,1.6807,30.921,622.4660034179688,0.0,DAHITI product datum,water_level_altimetry_Albert.nc
Albert,Democratic Republic of the Congo,2004-10-29 07:58:33,2004-10-29,1.6807,30.921,622.3629760742188,0.0,DAHITI product datum,water_level_altimetry_Albert.nc
Albert,Democratic Republic of the Congo,2004-11-09 16:07:09,2004-11-09,1.6807,30.921,622.4669799804688,0.0,DAHITI product datum,water_level_altimetry_Albert.nc
Albert,Democratic Republic of the Congo,2004-11-19 14:05:39,2004-11-19,1.6807,30.921,622.5789794921875,0.0,DAHITI product datum,water_level_altimetry_Albert.nc
Albert,Democratic Republic of the Congo,2004-12-01 19:56:31,2004-12-01,1.6807,30.921,622.5989990234375,0.0,DAHITI product datum,water_level_altimetry_Albert.nc
Albert,Democratic Republic of the Congo,2004-12-03 07:58:31,2004-12-03,1.6807,30.921,622.6069946289062,0.0,DAHITI product datum,water_level_altimetry_Albert.nc
Albert,Democratic Republic of the Congo,2004-12-09 10:02:43,2004-12-09,1.6807,30.921,622.583984375,0.0010000000474974513,DAHITI product datum,water_level_altimetry_Albert.nc
Albert,Democratic Republic of the Congo,2005-01-07 07:58:25,2005-01-07,1.6807,30.921,622.4639892578125,0.0,DAHITI product datum,water_level_altimetry_Albert.nc
Albert,Democratic Republic of the Congo,2005-01-27 23:55:22,2005-01-27,1.6807,30.921,622.3699951171875,0.0010000000474974513,DAHITI product datum,water_level_altimetry_Albert.nc
Albert,Democratic Republic of the Congo,2005-02-06 21:53:55,2005-02-06,1.6807,30.921,622.3060302734375,0.0,DAHITI product datum,water_level_altimetry_Albert.nc
Albert,Democratic Republic of the Congo,2005-02-09 19:56:28,2005-02-09,1.6807,30.921,622.2520141601562,0.0,DAHITI product datum,water_level_altimetry_Albert.nc
Albert,Democratic Republic of the Congo,2005-02-11 07:58:27,2005-02-11,1.6807,30.921,622.239013671875,0.0,DAHITI product datum,water_level_altimetry_Albert.nc
Albert,Democratic Republic of the Congo,2005-02-16 19:52:27,2005-02-16,1.6807,30.921,622.385009765625,0.0010000000474974513,DAHITI product datum,water_level_altimetry_Albert.nc
Albert,Democratic Republic of the Congo,2005-03-16 19:56:27,2005-03-16,1.6807,30.921,622.1259765625,0.0010000000474974513,DAHITI product datum,water_level_altimetry_Albert.nc
Albert,Democratic Republic of the Congo,2005-03-28 11:46:31,2005-03-28,1.6807,30.921,622.2449951171875,0.0010000000474974513,DAHITI product datum,water_level_altimetry_Albert.nc
Albert,Democratic Republic of the Congo,2005-04-07 09:45:01,2005-04-07,1.6807,30.921,622.1209716796875,0.0,DAHITI product datum,water_level_altimetry_Albert.nc
Albert,Democratic Republic of the Congo,2005-04-22 07:58:34,2005-04-22,1.6807,30.921,622.094970703125,0.0010000000474974513,DAHITI product datum,water_level_altimetry_Albert.nc
Albert,Democratic Republic of the Congo,2005-05-07 03:40:37,2005-05-07,1.6807,30.921,622.1079711914062,0.0020000000949949026,DAHITI product datum,water_level_altimetry_Albert.nc
Albert,Democratic Republic of the Congo,2005-05-17 01:39:08,2005-05-17,1.6807,30.921,622.2529907226562,0.0,DAHITI product datum,water_level_altimetry_Albert.nc
Albert,Democratic Republic of the Congo,2005-05-25 19:56:35,2005-05-25,1.6807,30.921,622.3489990234375,0.0,DAHITI product datum,water_level_altimetry_Albert.nc
Albert,Democratic Republic of the Congo,2005-05-26 23:37:38,2005-05-26,1.6807,30.921,622.135009765625,0.0010000000474974513,DAHITI product datum,water_level_altimetry_Albert.nc
Albert,Democratic Republic of the Congo,2005-06-05 21:36:08,2005-06-05,1.6807,30.921,622.291015625,0.0020000000949949026,DAHITI product datum,water_level_altimetry_Albert.nc
Albert,Democratic Republic of the Congo,2005-06-15 19:34:37,2005-06-15,1.6807,30.921,622.1929931640625,0.02199999988079071,DAHITI product datum,water_level_altimetry_Albert.nc
Albert,Democratic Republic of the Congo,2005-06-29 19:56:37,2005-06-29,1.6807,30.921,622.02099609375,0.0,DAHITI product datum,water_level_altimetry_Albert.nc
Albert,Democratic Republic of the Congo,2005-07-01 07:58:36,2005-07-01,1.6807,30.921,622.0399780273438,0.0010000000474974513,DAHITI product datum,water_level_altimetry_Albert.nc
Albert,Democratic Republic of the Congo,2005-07-05 15:31:45,2005-07-05,1.6807,30.921,622.1129760742188,0.0,DAHITI product datum,water_level_altimetry_Albert.nc
Albert,Democratic Republic of the Congo,2005-07-15 13:30:16,2005-07-15,1.6807,30.921,622.093017578125,0.0,DAHITI product datum,water_level_altimetry_Albert.nc
Albert,Democratic Republic of the Congo,2005-08-03 19:56:32,2005-08-03,1.6807,30.921,622.1240234375,0.0,DAHITI product datum,water_level_altimetry_Albert.nc
Albert,Democratic Republic of the Congo,2005-08-04 09:27:19,2005-08-04,1.6807,30.921,622.1090087890625,0.0010000000474974513,DAHITI product datum,water_level_altimetry_Albert.nc
Albert,Democratic Republic of the Congo,2005-08-05 07:58:32,2005-08-05,1.6807,30.921,622.0159912109375,0.0,DAHITI product datum,water_level_altimetry_Albert.nc
Albert,Democratic Republic of the Congo,2005-08-14 07:25:51,2005-08-14,1.6807,30.921,622.1329956054688,0.0,DAHITI product datum,water_level_altimetry_Albert.nc
Albert,Democratic Republic of the Congo,2005-09-03 03:22:56,2005-09-03,1.6807,30.921,622.0700073242188,0.0,DAHITI product datum,water_level_altimetry_Albert.nc
Albert,Democratic Republic of the Congo,2005-09-09 07:58:30,2005-09-09,1.6807,30.921,622.1519775390625,0.0,DAHITI product datum,water_level_altimetry_Albert.nc
Albert,Democratic Republic of the Congo,2005-10-14 07:58:32,2005-10-14,1.6807,30.921,622.1420288085938,0.0,DAHITI product datum,water_level_altimetry_Albert.nc
Albert,Democratic Republic of the Congo,2005-11-16 19:56:30,2005-11-16,1.6807,30.921,622.3170166015625,0.0,DAHITI product datum,water_level_altimetry_Albert.nc
Albert,Democratic Republic of the Congo,2005-11-18 07:58:31,2005-11-18,1.6807,30.921,622.3090209960938,0.0,DAHITI product datum,water_level_altimetry_Albert.nc
Albert,Democratic Republic of the Congo,2005-12-21 19:56:25,2005-12-21,1.6807,30.921,622.2130126953125,0.0,DAHITI product datum,water_level_altimetry_Albert.nc
Albert,Democratic Republic of the Congo,2006-01-27 07:58:19,2006-01-27,1.6807,30.921,621.8159790039062,0.0,DAHITI product datum,water_level_altimetry_Albert.nc
Albert,Democratic Republic of the Congo,2006-03-03 07:58:21,2006-03-03,1.6807,30.921,621.5640258789062,0.0,DAHITI product datum,water_level_altimetry_Albert.nc
Albert,Democratic Republic of the Congo,2006-04-05 19:56:20,2006-04-05,1.6807,30.921,621.4439697265625,0.0,DAHITI product datum,water_level_altimetry_Albert.nc
Albert,Democratic Republic of the Congo,2006-05-10 19:56:26,2006-05-10,1.6807,30.921,621.4130249023438,0.0010000000474974513,DAHITI product datum,water_level_altimetry_Albert.nc
Albert,Democratic Republic of the Congo,2006-06-14 19:56:29,2006-06-14,1.6807,30.921,621.3930053710938,0.0,DAHITI product datum,water_level_altimetry_Albert.nc
Albert,Democratic Republic of the Congo,2006-06-16 07:58:29,2006-06-16,1.6807,30.921,621.2169799804688,0.0010000000474974513,DAHITI product datum,water_level_altimetry_Albert.nc
Albert,Democratic Republic of the Congo,2006-07-19 19:56:32,2006-07-19,1.6807,30.921,621.1320190429688,0.0010000000474974513,DAHITI product datum,water_level_altimetry_Albert.nc
Albert,Democratic Republic of the Congo,2006-07-21 07:58:32,2006-07-21,1.6807,30.921,621.0980224609375,0.0010000000474974513,DAHITI product datum,water_level_altimetry_Albert.nc
Albert,Democratic Republic of the Congo,2006-08-23 19:56:29,2006-08-23,1.6807,30.921,621.1370239257812,0.0010000000474974513,DAHITI product datum,water_level_altimetry_Albert.nc
Albert,Democratic Republic of the Congo,2006-08-25 07:58:29,2006-08-25,1.6807,30.921,621.072021484375,0.0,DAHITI product datum,water_level_altimetry_Albert.nc
Albert,Democratic Republic of the Congo,2006-11-01 19:56:30,2006-11-01,1.6807,30.921,621.1110229492188,0.0,DAHITI product datum,water_level_altimetry_Albert.nc
Albert,Democratic Republic of the Congo,2006-12-06 19:56:30,2006-12-06,1.6807,30.921,621.2990112304688,0.0020000000949949026,DAHITI product datum,water_level_altimetry_Albert.nc
Albert,Democratic Republic of the Congo,2006-12-08 07:58:28,2006-12-08,1.6807,30.921,621.3369750976562,0.0010000000474974513,DAHITI product datum,water_level_altimetry_Albert.nc
Albert,Democratic Republic of the Congo,2007-01-10 19:56:24,2007-01-10,1.6807,30.921,621.2329711914062,0.0010000000474974513,DAHITI product datum,water_level_altimetry_Albert.nc
Albert,Democratic Republic of the Congo,2007-01-12 07:58:24,2007-01-12,1.6807,30.921,621.2080078125,0.0,DAHITI product datum,water_level_altimetry_Albert.nc
Albert,Democratic Republic of the Congo,2007-02-14 19:56:24,2007-02-14,1.6807,30.921,621.2550048828125,0.0010000000474974513,DAHITI product datum,water_level_altimetry_Albert.nc
Albert,Democratic Republic of the Congo,2007-03-21 19:56:24,2007-03-21,1.6807,30.921,621.0089721679688,0.0020000000949949026,DAHITI product datum,water_level_altimetry_Albert.nc
Albert,Democratic Republic of the Congo,2007-03-23 07:58:24,2007-03-23,1.6807,30.921,620.9760131835938,0.0,DAHITI product datum,water_level_altimetry_Albert.nc
Albert,Democratic Republic of the Congo,2007-04-27 07:58:25,2007-04-27,1.6807,30.921,620.906982421875,0.0010000000474974513,DAHITI product datum,water_level_altimetry_Albert.nc
Albert,Democratic Republic of the Congo,2007-05-30 19:56:28,2007-05-30,1.6807,30.921,620.885009765625,0.0010000000474974513,DAHITI product datum,water_level_altimetry_Albert.nc
Albert,Democratic Republic of the Congo,2007-06-01 07:58:28,2007-06-01,1.6807,30.921,620.8909912109375,0.0,DAHITI product datum,water_level_altimetry_Albert.nc
Albert,Democratic Republic of the Congo,2007-07-04 19:56:28,2007-07-04,1.6807,30.921,620.9359741210938,0.0010000000474974513,DAHITI product datum,water_level_altimetry_Albert.nc
Albert,Democratic Republic of the Congo,2007-07-06 07:58:27,2007-07-06,1.6807,30.921,620.8400268554688,0.0010000000474974513,DAHITI product datum,water_level_altimetry_Albert.nc
Albert,Democratic Republic of the Congo,2007-08-10 07:58:28,2007-08-10,1.6807,30.921,620.9660034179688,0.0010000000474974513,DAHITI product datum,water_level_altimetry_Albert.nc
Albert,Democratic Republic of the Congo,2007-09-14 07:58:24,2007-09-14,1.6807,30.921,621.2109985351562,0.0,DAHITI product datum,water_level_altimetry_Albert.nc
Albert,Democratic Republic of the Congo,2007-10-17 19:56:22,2007-10-17,1.6807,30.921,621.47802734375,0.0,DAHITI product datum,water_level_altimetry_Albert.nc
Albert,Democratic Republic of the Congo,2007-10-19 07:58:22,2007-10-19,1.6807,30.921,621.3369750976562,0.0,DAHITI product datum,water_level_altimetry_Albert.nc
Albert,Democratic Republic of the Congo,2007-11-21 19:56:20,2007-11-21,1.6807,30.921,621.6929931640625,0.0020000000949949026,DAHITI product datum,water_level_altimetry_Albert.nc
Albert,Democratic Republic of the Congo,2007-11-23 07:58:20,2007-11-23,1.6807,30.921,621.4630126953125,0.0,DAHITI product datum,water_level_altimetry_Albert.nc
Albert,Democratic Republic of the Congo,2007-12-26 19:56:19,2007-12-26,1.6807,30.921,621.6859741210938,0.0010000000474974513,DAHITI product datum,water_level_altimetry_Albert.nc
Albert,Democratic Republic of the Congo,2007-12-28 07:58:21,2007-12-28,1.6807,30.921,621.6110229492188,0.0,DAHITI product datum,water_level_altimetry_Albert.nc
Albert,Democratic Republic of the Congo,2008-01-30 19:56:20,2008-01-30,1.6807,30.921,621.5260009765625,0.0010000000474974513,DAHITI product datum,water_level_altimetry_Albert.nc
Albert,Democratic Republic of the Congo,2008-02-01 07:58:20,2008-02-01,1.6807,30.921,621.5050048828125,0.0,DAHITI product datum,water_level_altimetry_Albert.nc
Albert,Democratic Republic of the Congo,2008-03-05 19:56:22,2008-03-05,1.6807,30.921,621.4530029296875,0.0010000000474974513,DAHITI product datum,water_level_altimetry_Albert.nc
Albert,Democratic Republic of the Congo,2008-03-07 07:58:21,2008-03-07,1.6807,30.921,621.3839721679688,0.0,DAHITI product datum,water_level_altimetry_Albert.nc
Albert,Democratic Republic of the Congo,2008-04-11 07:58:21,2008-04-11,1.6807,30.921,621.3330078125,0.0,DAHITI product datum,water_level_altimetry_Albert.nc
Albert,Democratic Republic of the Congo,2008-05-16 07:58:22,2008-05-16,1.6807,30.921,621.35498046875,0.0010000000474974513,DAHITI product datum,water_level_altimetry_Albert.nc
Albert,Democratic Republic of the Congo,2008-06-18 19:56:22,2008-06-18,1.6807,30.921,621.3709716796875,0.0,DAHITI product datum,water_level_altimetry_Albert.nc
Albert,Democratic Republic of the Congo,2008-06-20 07:58:22,2008-06-20,1.6807,30.921,621.3590087890625,0.0010000000474974513,DAHITI product datum,water_level_altimetry_Albert.nc
Albert,Democratic Republic of the Congo,2008-07-25 07:58:22,2008-07-25,1.6807,30.921,621.301025390625,0.0,DAHITI product datum,water_level_altimetry_Albert.nc
Albert,Democratic Republic of the Congo,2008-08-27 19:56:20,2008-08-27,1.6807,30.921,621.4099731445312,0.0010000000474974513,DAHITI product datum,water_level_altimetry_Albert.nc
Albert,Democratic Republic of the Congo,2008-08-29 07:58:20,2008-08-29,1.6807,30.921,621.364990234375,0.0010000000474974513,DAHITI product datum,water_level_altimetry_Albert.nc
Albert,Democratic Republic of the Congo,2008-10-03 07:58:20,2008-10-03,1.6807,30.921,621.4530029296875,0.0020000000949949026,DAHITI product datum,water_level_altimetry_Albert.nc
Albert,Democratic Republic of the Congo,2008-11-05 19:56:18,2008-11-05,1.6807,30.921,621.614990234375,0.0020000000949949026,DAHITI product datum,water_level_altimetry_Albert.nc
Albert,Democratic Republic of the Congo,2008-11-07 07:58:18,2008-11-07,1.6807,30.921,621.64599609375,0.0,DAHITI product datum,water_level_altimetry_Albert.nc
Albert,Democratic Republic of the Congo,2008-12-10 19:56:18,2008-12-10,1.6807,30.921,621.5770263671875,0.0010000000474974513,DAHITI product datum,water_level_altimetry_Albert.nc
Albert,Democratic Republic of the Congo,2008-12-12 07:58:18,2008-12-12,1.6807,30.921,621.5709838867188,0.0010000000474974513,DAHITI product datum,water_level_altimetry_Albert.nc
Albert,Democratic Republic of the Congo,2009-01-14 19:56:17,2009-01-14,1.6807,30.921,621.4299926757812,0.0,DAHITI product datum,water_level_altimetry_Albert.nc
Albert,Democratic Republic of the Congo,2009-01-16 07:58:17,2009-01-16,1.6807,30.921,621.3809814453125,0.0,DAHITI product datum,water_level_altimetry_Albert.nc
Albert,Democratic Republic of the Congo,2009-02-18 13:14:24,2009-02-18,1.6807,30.921,621.2670288085938,0.0,DAHITI product datum,water_level_altimetry_Albert.nc
Albert,Democratic Republic of the Congo,2009-02-18 13:16:10,2009-02-18,1.6807,30.921,621.385986328125,0.0,DAHITI product datum,water_level_altimetry_Albert.nc
Albert,Democratic Republic of the Congo,2009-02-20 07:58:20,2009-02-20,1.6807,30.921,621.3140258789062,0.0,DAHITI product datum,water_level_altimetry_Albert.nc
Albert,Democratic Republic of the Congo,2009-02-24 19:47:58,2009-02-24,1.6807,30.921,621.31201171875,0.0,DAHITI product datum,water_level_altimetry_Albert.nc
Albert,Democratic Republic of the Congo,2009-02-28 07:12:22,2009-02-28,1.6807,30.921,621.4359741210938,0.0010000000474974513,DAHITI product datum,water_level_altimetry_Albert.nc
Albert,Democratic Republic of the Congo,2009-03-06 17:46:30,2009-03-06,1.6807,30.921,621.3150024414062,0.0010000000474974513,DAHITI product datum,water_level_altimetry_Albert.nc
Albert,Democratic Republic of the Congo,2009-03-10 05:10:53,2009-03-10,1.6807,30.921,621.2639770507812,0.0,DAHITI product datum,water_level_altimetry_Albert.nc
Albert,Democratic Republic of the Congo,2009-03-20 03:09:26,2009-03-20,1.6807,30.921,621.3099975585938,0.0,DAHITI product datum,water_level_altimetry_Albert.nc
Albert,Democratic Republic of the Congo,2009-03-25 19:56:18,2009-03-25,1.6807,30.921,621.2579956054688,0.0010000000474974513,DAHITI product datum,water_level_altimetry_Albert.nc
Albert,Democratic Republic of the Congo,2009-03-26 13:43:33,2009-03-26,1.6807,30.921,621.2069702148438,0.0,DAHITI product datum,water_level_altimetry_Albert.nc
Albert,Democratic Republic of the Congo,2009-03-27 07:58:17,2009-03-27,1.6807,30.921,621.1680297851562,0.0,DAHITI product datum,water_level_altimetry_Albert.nc
Albert,Democratic Republic of the Congo,2009-03-30 01:07:57,2009-03-30,1.6807,30.921,621.2470092773438,0.0,DAHITI product datum,water_level_altimetry_Albert.nc
Albert,Democratic Republic of the Congo,2009-04-05 11:42:05,2009-04-05,1.6807,30.921,621.1929931640625,0.0010000000474974513,DAHITI product datum,water_level_altimetry_Albert.nc
Albert,Democratic Republic of the Congo,2009-04-08 23:06:28,2009-04-08,1.6807,30.921,621.2459716796875,0.0010000000474974513,DAHITI product datum,water_level_altimetry_Albert.nc
Albert,Democratic Republic of the Congo,2009-04-15 09:40:36,2009-04-15,1.6807,30.921,621.2219848632812,0.0,DAHITI product datum,water_level_altimetry_Albert.nc
Albert,Democratic Republic of the Congo,2009-04-18 21:04:59,2009-04-18,1.6807,30.921,621.22900390625,0.0010000000474974513,DAHITI product datum,water_level_altimetry_Albert.nc
Albert,Democratic Republic of the Congo,2009-04-25 07:39:06,2009-04-25,1.6807,30.921,621.1599731445312,0.0010000000474974513,DAHITI product datum,water_level_altimetry_Albert.nc
Albert,Democratic Republic of the Congo,2009-04-28 19:03:31,2009-04-28,1.6807,30.921,621.2030029296875,0.0,DAHITI product datum,water_level_altimetry_Albert.nc
Albert,Democratic Republic of the Congo,2009-04-29 19:56:19,2009-04-29,1.6807,30.921,621.114013671875,0.0010000000474974513,DAHITI product datum,water_level_altimetry_Albert.nc
Albert,Democratic Republic of the Congo,2009-05-05 05:37:38,2009-05-05,1.6807,30.921,621.2459716796875,0.0010000000474974513,DAHITI product datum,water_level_altimetry_Albert.nc
Albert,Democratic Republic of the Congo,2009-05-08 17:02:02,2009-05-08,1.6807,30.921,621.208984375,0.0010000000474974513,DAHITI product datum,water_level_altimetry_Albert.nc
Albert,Democratic Republic of the Congo,2009-05-15 03:36:11,2009-05-15,1.6807,30.921,621.2249755859375,0.0,DAHITI product datum,water_level_altimetry_Albert.nc
Albert,Democratic Republic of the Congo,2009-05-18 15:00:33,2009-05-18,1.6807,30.921,621.2059936523438,0.0,DAHITI product datum,water_level_altimetry_Albert.nc
Albert,Democratic Republic of the Congo,2009-05-28 12:59:05,2009-05-28,1.6807,30.921,621.1900024414062,0.0,DAHITI product datum,water_level_altimetry_Albert.nc
Albert,Democratic Republic of the Congo,2009-06-03 22:09:57,2009-06-03,1.6807,30.921,621.1259765625,0.0,DAHITI product datum,water_level_altimetry_Albert.nc
Albert,Democratic Republic of the Congo,2009-06-05 07:58:21,2009-06-05,1.6807,30.921,621.1060180664062,0.0,DAHITI product datum,water_level_altimetry_Albert.nc
Albert,Democratic Republic of the Congo,2009-06-13 21:31:47,2009-06-13,1.6807,30.921,621.1420288085938,0.0,DAHITI product datum,water_level_altimetry_Albert.nc
Albert,Democratic Republic of the Congo,2009-06-17 08:56:11,2009-06-17,1.6807,30.921,621.0880126953125,0.0,DAHITI product datum,water_level_altimetry_Albert.nc
Albert,Democratic Republic of the Congo,2009-06-23 19:30:19,2009-06-23,1.6807,30.921,621.0989990234375,0.0,DAHITI product datum,water_level_altimetry_Albert.nc
Albert,Democratic Republic of the Congo,2009-06-27 06:54:43,2009-06-27,1.6807,30.921,621.083984375,0.0,DAHITI product datum,water_level_altimetry_Albert.nc
Albert,Democratic Republic of the Congo,2009-07-03 17:28:50,2009-07-03,1.6807,30.921,621.083984375,0.0010000000474974513,DAHITI product datum,water_level_altimetry_Albert.nc
Albert,Democratic Republic of the Congo,2009-07-07 04:53:13,2009-07-07,1.6807,30.921,621.0059814453125,0.0010000000474974513,DAHITI product datum,water_level_altimetry_Albert.nc
Albert,Democratic Republic of the Congo,2009-07-08 19:56:19,2009-07-08,1.6807,30.921,620.9459838867188,0.0010000000474974513,DAHITI product datum,water_level_altimetry_Albert.nc
Albert,Democratic Republic of the Congo,2009-07-10 07:58:20,2009-07-10,1.6807,30.921,620.9609985351562,0.0010000000474974513,DAHITI product datum,water_level_altimetry_Albert.nc
Albert,Democratic Republic of the Congo,2009-07-13 15:27:22,2009-07-13,1.6807,30.921,620.9979858398438,0.0010000000474974513,DAHITI product datum,water_level_altimetry_Albert.nc
Albert,Democratic Republic of the Congo,2009-07-17 02:51:44,2009-07-17,1.6807,30.921,621.0040283203125,0.0,DAHITI product datum,water_level_altimetry_Albert.nc
Albert,Democratic Republic of the Congo,2009-07-27 00:50:16,2009-07-27,1.6807,30.921,620.9550170898438,0.0010000000474974513,DAHITI product datum,water_level_altimetry_Albert.nc
Albert,Democratic Republic of the Congo,2009-08-02 11:24:23,2009-08-02,1.6807,30.921,620.9180297851562,0.0010000000474974513,DAHITI product datum,water_level_altimetry_Albert.nc
Albert,Democratic Republic of the Congo,2009-08-12 13:38:58,2009-08-12,1.6807,30.921,620.8820190429688,0.0,DAHITI product datum,water_level_altimetry_Albert.nc
Albert,Democratic Republic of the Congo,2009-08-14 07:58:19,2009-08-14,1.6807,30.921,620.8099975585938,0.0010000000474974513,DAHITI product datum,water_level_altimetry_Albert.nc
Albert,Democratic Republic of the Congo,2009-08-15 20:47:17,2009-08-15,1.6807,30.921,620.958984375,0.0,DAHITI product datum,water_level_altimetry_Albert.nc
Albert,Democratic Republic of the Congo,2009-08-22 07:21:26,2009-08-22,1.6807,30.921,620.9429931640625,0.0020000000949949026,DAHITI product datum,water_level_altimetry_Albert.nc
Albert,Democratic Republic of the Congo,2009-08-25 18:45:50,2009-08-25,1.6807,30.921,620.927001953125,0.0,DAHITI product datum,water_level_altimetry_Albert.nc
Albert,Democratic Republic of the Congo,2009-09-01 05:19:58,2009-09-01,1.6807,30.921,620.9580078125,0.0010000000474974513,DAHITI product datum,water_level_altimetry_Albert.nc
Albert,Democratic Republic of the Congo,2009-09-14 14:42:53,2009-09-14,1.6807,30.921,620.906982421875,0.0,DAHITI product datum,water_level_altimetry_Albert.nc
Albert,Democratic Republic of the Congo,2009-09-16 19:56:16,2009-09-16,1.6807,30.921,620.864990234375,0.0,DAHITI product datum,water_level_altimetry_Albert.nc
Albert,Democratic Republic of the Congo,2009-09-18 07:58:16,2009-09-18,1.6807,30.921,620.9229736328125,0.0,DAHITI product datum,water_level_altimetry_Albert.nc
Albert,Democratic Republic of the Congo,2009-10-04 10:39:55,2009-10-04,1.6807,30.921,620.969970703125,0.0010000000474974513,DAHITI product datum,water_level_altimetry_Albert.nc
Albert,Democratic Republic of the Congo,2009-10-10 21:14:05,2009-10-10,1.6807,30.921,620.9609985351562,0.0,DAHITI product datum,water_level_altimetry_Albert.nc
Albert,Democratic Republic of the Congo,2009-10-14 08:38:29,2009-10-14,1.6807,30.921,621.0599975585938,0.0010000000474974513,DAHITI product datum,water_level_altimetry_Albert.nc
Albert,Democratic Republic of the Congo,2009-10-20 19:12:36,2009-10-20,1.6807,30.921,621.0020141601562,0.0010000000474974513,DAHITI product datum,water_level_altimetry_Albert.nc
Albert,Democratic Republic of the Congo,2009-10-21 19:56:15,2009-10-21,1.6807,30.921,621.0689697265625,0.0010000000474974513,DAHITI product datum,water_level_altimetry_Albert.nc
Albert,Democratic Republic of the Congo,2009-10-24 06:37:01,2009-10-24,1.6807,30.921,621.0070190429688,0.0,DAHITI product datum,water_level_altimetry_Albert.nc
Albert,Democratic Republic of the Congo,2009-10-30 17:11:08,2009-10-30,1.6807,30.921,620.9739990234375,0.0010000000474974513,DAHITI product datum,water_level_altimetry_Albert.nc
Albert,Democratic Republic of the Congo,2009-11-03 04:35:31,2009-11-03,1.6807,30.921,621.0040283203125,0.0,DAHITI product datum,water_level_altimetry_Albert.nc
Albert,Democratic Republic of the Congo,2009-11-09 15:09:38,2009-11-09,1.6807,30.921,620.8670043945312,0.0,DAHITI product datum,water_level_altimetry_Albert.nc
Albert,Democratic Republic of the Congo,2009-11-13 02:34:02,2009-11-13,1.6807,30.921,620.9600219726562,0.0,DAHITI product datum,water_level_altimetry_Albert.nc
Albert,Democratic Republic of the Congo,2009-11-19 13:08:10,2009-11-19,1.6807,30.921,620.9660034179688,0.0010000000474974513,DAHITI product datum,water_level_altimetry_Albert.nc
Albert,Democratic Republic of the Congo,2009-11-23 00:32:32,2009-11-23,1.6807,30.921,620.9860229492188,0.0,DAHITI product datum,water_level_altimetry_Albert.nc
Albert,Democratic Republic of the Congo,2009-11-25 19:56:13,2009-11-25,1.6807,30.921,620.93701171875,0.003000000026077032,DAHITI product datum,water_level_altimetry_Albert.nc
Albert,Democratic Republic of the Congo,2009-11-27 07:58:12,2009-11-27,1.6807,30.921,620.93701171875,0.0,DAHITI product datum,water_level_altimetry_Albert.nc
Albert,Democratic Republic of the Congo,2009-11-29 11:06:40,2009-11-29,1.6807,30.921,620.97802734375,0.0,DAHITI product datum,water_level_altimetry_Albert.nc
Albert,Democratic Republic of the Congo,2009-12-02 22:31:03,2009-12-02,1.6807,30.921,621.0059814453125,0.0010000000474974513,DAHITI product datum,water_level_altimetry_Albert.nc
Albert,Democratic Republic of the Congo,2009-12-09 09:05:12,2009-12-09,1.6807,30.921,621.0089721679688,0.0,DAHITI product datum,water_level_altimetry_Albert.nc
Albert,Democratic Republic of the Congo,2009-12-22 18:28:07,2009-12-22,1.6807,30.921,621.0159912109375,0.0010000000474974513,DAHITI product datum,water_level_altimetry_Albert.nc
Albert,Democratic Republic of the Congo,2009-12-29 05:02:16,2009-12-29,1.6807,30.921,620.9310302734375,0.0,DAHITI product datum,water_level_altimetry_Albert.nc
Albert,Democratic Republic of the Congo,2009-12-30 19:56:14,2009-12-30,1.6807,30.921,621.0670166015625,0.0,DAHITI product datum,water_level_altimetry_Albert.nc
Albert,Democratic Republic of the Congo,2010-01-01 12:32:10,2010-01-01,1.6807,30.921,621.0089721679688,0.0,DAHITI product datum,water_level_altimetry_Albert.nc
Albert,Democratic Republic of the Congo,2010-01-08 03:00:48,2010-01-08,1.6807,30.921,620.9450073242188,0.0,DAHITI product datum,water_level_altimetry_Albert.nc
Albert,Democratic Republic of the Congo,2010-01-18 00:59:19,2010-01-18,1.6807,30.921,620.9010009765625,0.0010000000474974513,DAHITI product datum,water_level_altimetry_Albert.nc
Albert,Democratic Republic of the Congo,2010-01-21 12:23:43,2010-01-21,1.6807,30.921,620.948974609375,0.0,DAHITI product datum,water_level_altimetry_Albert.nc
Albert,Democratic Republic of the Congo,2010-01-27 22:57:51,2010-01-27,1.6807,30.921,620.9400024414062,0.0010000000474974513,DAHITI product datum,water_level_altimetry_Albert.nc
Albert,Democratic Republic of the Congo,2010-01-31 10:22:13,2010-01-31,1.6807,30.921,621.0239868164062,0.0,DAHITI product datum,water_level_altimetry_Albert.nc
Albert,Democratic Republic of the Congo,2010-02-03 19:56:12,2010-02-03,1.6807,30.921,620.791015625,0.0010000000474974513,DAHITI product datum,water_level_altimetry_Albert.nc
Albert,Democratic Republic of the Congo,2010-02-05 07:58:13,2010-02-05,1.6807,30.921,620.7990112304688,0.0010000000474974513,DAHITI product datum,water_level_altimetry_Albert.nc
Albert,Democratic Republic of the Congo,2010-02-10 08:20:47,2010-02-10,1.6807,30.921,620.8590087890625,0.0020000000949949026,DAHITI product datum,water_level_altimetry_Albert.nc
Albert,Democratic Republic of the Congo,2010-02-16 18:54:55,2010-02-16,1.6807,30.921,620.843017578125,0.0010000000474974513,DAHITI product datum,water_level_altimetry_Albert.nc
Albert,Democratic Republic of the Congo,2010-02-20 06:19:18,2010-02-20,1.6807,30.921,620.7789916992188,0.0,DAHITI product datum,water_level_altimetry_Albert.nc
Albert,Democratic Republic of the Congo,2010-02-26 16:53:26,2010-02-26,1.6807,30.921,620.947998046875,0.0,DAHITI product datum,water_level_altimetry_Albert.nc
Albert,Democratic Republic of the Congo,2010-03-02 04:17:50,2010-03-02,1.6807,30.921,621.0150146484375,0.0010000000474974513,DAHITI product datum,water_level_altimetry_Albert.nc
Albert,Democratic Republic of the Congo,2010-03-08 14:51:58,2010-03-08,1.6807,30.921,620.9660034179688,0.0,DAHITI product datum,water_level_altimetry_Albert.nc
Albert,Democratic Republic of the Congo,2010-03-10 19:56:13,2010-03-10,1.6807,30.921,620.9030151367188,0.0020000000949949026,DAHITI product datum,water_level_altimetry_Albert.nc
Albert,Democratic Republic of the Congo,2010-03-12 05:45:11,2010-03-12,1.6807,30.921,620.8499755859375,0.0010000000474974513,DAHITI product datum,water_level_altimetry_Albert.nc
Albert,Democratic Republic of the Congo,2010-03-12 07:58:13,2010-03-12,1.6807,30.921,620.926025390625,0.0010000000474974513,DAHITI product datum,water_level_altimetry_Albert.nc
Albert,Democratic Republic of the Congo,2010-03-18 12:50:27,2010-03-18,1.6807,30.921,620.8900146484375,0.0,DAHITI product datum,water_level_altimetry_Albert.nc
Albert,Democratic Republic of the Congo,2010-03-22 00:14:50,2010-03-22,1.6807,30.921,620.9829711914062,0.0,DAHITI product datum,water_level_altimetry_Albert.nc
Albert,Democratic Republic of the Congo,2010-03-31 22:13:24,2010-03-31,1.6807,30.921,621.0830078125,0.0010000000474974513,DAHITI product datum,water_level_altimetry_Albert.nc
Albert,Democratic Republic of the Congo,2010-04-10 20:11:54,2010-04-10,1.6807,30.921,620.9429931640625,0.0,DAHITI product datum,water_level_altimetry_Albert.nc
Albert,Democratic Republic of the Congo,2010-04-14 19:56:12,2010-04-14,1.6807,30.921,620.9299926757812,0.0,DAHITI product datum,water_level_altimetry_Albert.nc
Albert,Democratic Republic of the Congo,2010-04-16 07:58:11,2010-04-16,1.6807,30.921,620.885986328125,0.0010000000474974513,DAHITI product datum,water_level_altimetry_Albert.nc
Albert,Democratic Republic of the Congo,2010-04-20 18:10:26,2010-04-20,1.6807,30.921,620.9730224609375,0.0,DAHITI product datum,water_level_altimetry_Albert.nc
Albert,Democratic Republic of the Congo,2010-04-30 16:08:59,2010-04-30,1.6807,30.921,620.9329833984375,0.0010000000474974513,DAHITI product datum,water_level_altimetry_Albert.nc
Albert,Democratic Republic of the Congo,2010-05-07 02:43:07,2010-05-07,1.6807,30.921,620.906005859375,0.0,DAHITI product datum,water_level_altimetry_Albert.nc
Albert,Democratic Republic of the Congo,2010-05-10 14:07:30,2010-05-10,1.6807,30.921,621.0059814453125,0.0,DAHITI product datum,water_level_altimetry_Albert.nc
Albert,Democratic Republic of the Congo,2010-05-19 19:56:12,2010-05-19,1.6807,30.921,620.8820190429688,0.0020000000949949026,DAHITI product datum,water_level_altimetry_Albert.nc
Albert,Democratic Republic of the Congo,2010-05-20 12:06:02,2010-05-20,1.6807,30.921,621.0770263671875,0.0,DAHITI product datum,water_level_altimetry_Albert.nc
Albert,Democratic Republic of the Congo,2010-05-21 07:58:11,2010-05-21,1.6807,30.921,620.948974609375,0.0,DAHITI product datum,water_level_altimetry_Albert.nc
Albert,Democratic Republic of the Congo,2010-05-26 22:40:11,2010-05-26,1.6807,30.921,621.10400390625,0.0,DAHITI product datum,water_level_altimetry_Albert.nc
Albert,Democratic Republic of the Congo,2010-06-09 08:03:06,2010-06-09,1.6807,30.921,621.0479736328125,0.0,DAHITI product datum,water_level_altimetry_Albert.nc
Albert,Democratic Republic of the Congo,2010-06-15 18:37:15,2010-06-15,1.6807,30.921,621.1220092773438,0.0010000000474974513,DAHITI product datum,water_level_altimetry_Albert.nc
Albert,Democratic Republic of the Congo,2010-06-19 06:01:38,2010-06-19,1.6807,30.921,621.1829833984375,0.0,DAHITI product datum,water_level_altimetry_Albert.nc
Albert,Democratic Republic of the Congo,2010-06-23 19:56:11,2010-06-23,1.6807,30.921,620.9940185546875,0.0,DAHITI product datum,water_level_altimetry_Albert.nc
Albert,Democratic Republic of the Congo,2010-06-25 11:35:59,2010-06-25,1.6807,30.921,621.0430297851562,0.0,DAHITI product datum,water_level_altimetry_Albert.nc
Albert,Democratic Republic of the Congo,2010-06-25 16:35:47,2010-06-25,1.6807,30.921,621.1599731445312,0.0010000000474974513,DAHITI product datum,water_level_altimetry_Albert.nc
Albert,Democratic Republic of the Congo,2010-06-29 04:00:09,2010-06-29,1.6807,30.921,621.0789794921875,0.0,DAHITI product datum,water_level_altimetry_Albert.nc
Albert,Democratic Republic of the Congo,2010-07-18 23:57:11,2010-07-18,1.6807,30.921,621.1810302734375,0.0,DAHITI product datum,water_level_altimetry_Albert.nc
Albert,Democratic Republic of the Congo,2010-07-28 19:56:13,2010-07-28,1.6807,30.921,621.323974609375,0.0,DAHITI product datum,water_level_altimetry_Albert.nc
Albert,Democratic Republic of the Congo,2010-08-07 19:54:09,2010-08-07,1.6807,30.921,621.14697265625,0.0,DAHITI product datum,water_level_altimetry_Albert.nc
Albert,Democratic Republic of the Congo,2010-08-14 06:28:19,2010-08-14,1.6807,30.921,621.2529907226562,0.0,DAHITI product datum,water_level_altimetry_Albert.nc
Albert,Democratic Republic of the Congo,2010-08-17 17:52:42,2010-08-17,1.6807,30.921,621.2849731445312,0.0,DAHITI product datum,water_level_altimetry_Albert.nc
Albert,Democratic Republic of the Congo,2010-08-24 04:26:52,2010-08-24,1.6807,30.921,621.3499755859375,0.0,DAHITI product datum,water_level_altimetry_Albert.nc
Albert,Democratic Republic of the Congo,2010-08-27 15:51:16,2010-08-27,1.6807,30.921,621.2760009765625,0.0,DAHITI product datum,water_level_altimetry_Albert.nc
Albert,Democratic Republic of the Congo,2010-09-03 07:58:12,2010-09-03,1.6807,30.921,621.218017578125,0.0010000000474974513,DAHITI product datum,water_level_altimetry_Albert.nc
Albert,Democratic Republic of the Congo,2010-09-06 13:49:48,2010-09-06,1.6807,30.921,621.3720092773438,0.0010000000474974513,DAHITI product datum,water_level_altimetry_Albert.nc
Albert,Democratic Republic of the Congo,2010-09-13 00:23:59,2010-09-13,1.6807,30.921,621.4099731445312,0.0010000000474974513,DAHITI product datum,water_level_altimetry_Albert.nc
Albert,Democratic Republic of the Congo,2010-09-22 22:22:32,2010-09-22,1.6807,30.921,621.406005859375,0.0010000000474974513,DAHITI product datum,water_level_altimetry_Albert.nc
Albert,Democratic Republic of the Congo,2010-09-26 09:46:53,2010-09-26,1.6807,30.921,621.4580078125,0.0,DAHITI product datum,water_level_altimetry_Albert.nc
Albert,Democratic Republic of the Congo,2010-10-02 20:21:05,2010-10-02,1.6807,30.921,621.4290161132812,0.0010000000474974513,DAHITI product datum,water_level_altimetry_Albert.nc
Albert,Democratic Republic of the Congo,2010-10-06 07:45:28,2010-10-06,1.6807,30.921,621.4959716796875,0.0,DAHITI product datum,water_level_altimetry_Albert.nc
Albert,Democratic Republic of the Congo,2010-10-06 11:41:38,2010-10-06,1.6807,30.921,621.3489990234375,0.0,DAHITI product datum,water_level_altimetry_Albert.nc
Albert,Democratic Republic of the Congo,2010-10-08 07:58:07,2010-10-08,1.6807,30.921,621.3930053710938,0.0,DAHITI product datum,water_level_altimetry_Albert.nc
Albert,Democratic Republic of the Congo,2010-10-16 05:44:00,2010-10-16,1.6807,30.921,621.4769897460938,0.0,DAHITI product datum,water_level_altimetry_Albert.nc
Albert,Democratic Republic of the Congo,2010-10-26 03:42:32,2010-10-26,1.6807,30.921,621.5770263671875,0.0010000000474974513,DAHITI product datum,water_level_altimetry_Albert.nc
Albert,Democratic Republic of the Congo,2010-11-01 14:16:41,2010-11-01,1.6807,30.921,621.6849975585938,0.0,DAHITI product datum,water_level_altimetry_Albert.nc
Albert,Democratic Republic of the Congo,2010-11-05 01:41:04,2010-11-05,1.6807,30.921,621.5750122070312,0.0,DAHITI product datum,water_level_altimetry_Albert.nc
Albert,Democratic Republic of the Congo,2010-11-11 12:15:14,2010-11-11,1.6807,30.921,621.7329711914062,0.0,DAHITI product datum,water_level_altimetry_Albert.nc
Albert,Democratic Republic of the Congo,2010-11-14 23:39:36,2010-11-14,1.6807,30.921,621.6920166015625,0.0,DAHITI product datum,water_level_altimetry_Albert.nc
Albert,Democratic Republic of the Congo,2010-11-21 10:13:45,2010-11-21,1.6807,30.921,621.7410278320312,0.0,DAHITI product datum,water_level_altimetry_Albert.nc
Albert,Democratic Republic of the Congo,2010-12-14 17:35:12,2010-12-14,1.6807,30.921,621.8809814453125,0.0,DAHITI product datum,water_level_altimetry_Albert.nc
Albert,Democratic Republic of the Congo,2010-12-21 04:09:22,2010-12-21,1.6807,30.921,621.7930297851562,0.0010000000474974513,DAHITI product datum,water_level_altimetry_Albert.nc
Albert,Democratic Republic of the Congo,2010-12-24 15:33:45,2010-12-24,1.6807,30.921,621.6530151367188,0.0010000000474974513,DAHITI product datum,water_level_altimetry_Albert.nc
Albert,Democratic Republic of the Congo,2010-12-31 02:07:55,2010-12-31,1.6807,30.921,621.5910034179688,0.0010000000474974513,DAHITI product datum,water_level_altimetry_Albert.nc
Albert,Democratic Republic of the Congo,2011-01-13 11:30:51,2011-01-13,1.6807,30.921,621.6309814453125,0.0,DAHITI product datum,water_level_altimetry_Albert.nc
Albert,Democratic Republic of the Congo,2011-01-19 22:05:01,2011-01-19,1.6807,30.921,621.5750122070312,0.0010000000474974513,DAHITI product datum,water_level_altimetry_Albert.nc
Albert,Democratic Republic of the Congo,2011-01-23 09:29:24,2011-01-23,1.6807,30.921,621.5540161132812,0.0,DAHITI product datum,water_level_altimetry_Albert.nc
Albert,Democratic Republic of the Congo,2011-02-02 07:27:57,2011-02-02,1.6807,30.921,621.4639892578125,0.0,DAHITI product datum,water_level_altimetry_Albert.nc
Albert,Democratic Republic of the Congo,2011-02-08 18:02:06,2011-02-08,1.6807,30.921,621.4959716796875,0.0010000000474974513,DAHITI product datum,water_level_altimetry_Albert.nc
Albert,Democratic Republic of the Congo,2011-02-12 05:26:29,2011-02-12,1.6807,30.921,621.4310302734375,0.0010000000474974513,DAHITI product datum,water_level_altimetry_Albert.nc
Albert,Democratic Republic of the Congo,2011-02-18 16:00:38,2011-02-18,1.6807,30.921,621.5029907226562,0.0010000000474974513,DAHITI product datum,water_level_altimetry_Albert.nc
Albert,Democratic Republic of the Congo,2011-02-22 03:25:01,2011-02-22,1.6807,30.921,621.3519897460938,0.0,DAHITI product datum,water_level_altimetry_Albert.nc
Albert,Democratic Republic of the Congo,2011-02-28 13:59:10,2011-02-28,1.6807,30.921,621.3389892578125,0.0010000000474974513,DAHITI product datum,water_level_altimetry_Albert.nc
Albert,Democratic Republic of the Congo,2011-03-04 01:23:32,2011-03-04,1.6807,30.921,621.281005859375,0.0,DAHITI product datum,water_level_altimetry_Albert.nc
Albert,Democratic Republic of the Congo,2011-03-10 11:57:41,2011-03-10,1.6807,30.921,621.2999877929688,0.0,DAHITI product datum,water_level_altimetry_Albert.nc
Albert,Democratic Republic of the Congo,2011-03-13 23:22:04,2011-03-13,1.6807,30.921,621.2760009765625,0.0,DAHITI product datum,water_level_altimetry_Albert.nc
Albert,Democratic Republic of the Congo,2011-03-20 09:56:13,2011-03-20,1.6807,30.921,621.2880249023438,0.0010000000474974513,DAHITI product datum,water_level_altimetry_Albert.nc
Albert,Democratic Republic of the Congo,2011-03-23 21:20:35,2011-03-23,1.6807,30.921,621.27001953125,0.0,DAHITI product datum,water_level_altimetry_Albert.nc
Albert,Democratic Republic of the Congo,2011-03-30 07:54:45,2011-03-30,1.6807,30.921,621.2080078125,0.0,DAHITI product datum,water_level_altimetry_Albert.nc
Albert,Democratic Republic of the Congo,2011-04-02 19:19:08,2011-04-02,1.6807,30.921,621.14501953125,0.0,DAHITI product datum,water_level_altimetry_Albert.nc
Albert,Democratic Republic of the Congo,2011-04-09 05:53:18,2011-04-09,1.6807,30.921,621.197998046875,0.0010000000474974513,DAHITI product datum,water_level_altimetry_Albert.nc
Albert,Democratic Republic of the Congo,2011-04-12 17:17:41,2011-04-12,1.6807,30.921,621.1820068359375,0.0,DAHITI product datum,water_level_altimetry_Albert.nc
Albert,Democratic Republic of the Congo,2011-04-19 03:51:50,2011-04-19,1.6807,30.921,621.14599609375,0.0010000000474974513,DAHITI product datum,water_level_altimetry_Albert.nc
Albert,Democratic Republic of the Congo,2011-04-22 15:16:14,2011-04-22,1.6807,30.921,621.1279907226562,0.0010000000474974513,DAHITI product datum,water_level_altimetry_Albert.nc
Albert,Democratic Republic of the Congo,2011-04-29 01:50:24,2011-04-29,1.6807,30.921,621.1610107421875,0.0010000000474974513,DAHITI product datum,water_level_altimetry_Albert.nc
Albert,Democratic Republic of the Congo,2011-05-02 13:14:48,2011-05-02,1.6807,30.921,621.1489868164062,0.0,DAHITI product datum,water_level_altimetry_Albert.nc
Albert,Democratic Republic of the Congo,2011-05-08 23:48:56,2011-05-08,1.6807,30.921,621.083984375,0.0010000000474974513,DAHITI product datum,water_level_altimetry_Albert.nc
Albert,Democratic Republic of the Congo,2011-05-12 11:13:20,2011-05-12,1.6807,30.921,621.1729736328125,0.0,DAHITI product datum,water_level_altimetry_Albert.nc
Albert,Democratic Republic of the Congo,2011-05-18 21:47:29,2011-05-18,1.6807,30.921,621.1580200195312,0.0,DAHITI product datum,water_level_altimetry_Albert.nc
Albert,Democratic Republic of the Congo,2011-05-28 19:46:01,2011-05-28,1.6807,30.921,621.1680297851562,0.0010000000474974513,DAHITI product datum,water_level_altimetry_Albert.nc
Albert,Democratic Republic of the Congo,2011-06-01 07:10:24,2011-06-01,1.6807,30.921,621.1220092773438,0.0010000000474974513,DAHITI product datum,water_level_altimetry_Albert.nc
Albert,Democratic Republic of the Congo,2011-06-07 17:44:32,2011-06-07,1.6807,30.921,621.1409912109375,0.0,DAHITI product datum,water_level_altimetry_Albert.nc
Albert,Democratic Republic of the Congo,2011-06-11 05:08:56,2011-06-11,1.6807,30.921,621.1500244140625,0.0010000000474974513,DAHITI product datum,water_level_altimetry_Albert.nc
Albert,Democratic Republic of the Congo,2011-06-17 15:43:04,2011-06-17,1.6807,30.921,621.0969848632812,0.0,DAHITI product datum,water_level_altimetry_Albert.nc
Albert,Democratic Republic of the Congo,2011-06-21 03:07:27,2011-06-21,1.6807,30.921,621.0960083007812,0.0010000000474974513,DAHITI product datum,water_level_altimetry_Albert.nc
Albert,Democratic Republic of the Congo,2011-06-27 13:41:34,2011-06-27,1.6807,30.921,621.1129760742188,0.0020000000949949026,DAHITI product datum,water_level_altimetry_Albert.nc
Albert,Democratic Republic of the Congo,2011-07-01 01:05:58,2011-07-01,1.6807,30.921,621.1409912109375,0.0,DAHITI product datum,water_level_altimetry_Albert.nc
Albert,Democratic Republic of the Congo,2011-07-07 11:40:06,2011-07-07,1.6807,30.921,621.1829833984375,0.0020000000949949026,DAHITI product datum,water_level_altimetry_Albert.nc
Albert,Democratic Republic of the Congo,2011-07-10 23:04:30,2011-07-10,1.6807,30.921,621.0900268554688,0.0010000000474974513,DAHITI product datum,water_level_altimetry_Albert.nc
Albert,Democratic Republic of the Congo,2011-07-17 09:38:39,2011-07-17,1.6807,30.921,621.1160278320312,0.0020000000949949026,DAHITI product datum,water_level_altimetry_Albert.nc
Albert,Democratic Republic of the Congo,2011-07-20 21:03:02,2011-07-20,1.6807,30.921,621.0460205078125,0.0,DAHITI product datum,water_level_altimetry_Albert.nc
Albert,Democratic Republic of the Congo,2011-07-27 07:37:11,2011-07-27,1.6807,30.921,621.1199951171875,0.0,DAHITI product datum,water_level_altimetry_Albert.nc
Albert,Democratic Republic of the Congo,2011-07-30 19:01:36,2011-07-30,1.6807,30.921,621.1489868164062,0.0010000000474974513,DAHITI product datum,water_level_altimetry_Albert.nc
Albert,Democratic Republic of the Congo,2011-08-06 05:35:44,2011-08-06,1.6807,30.921,621.1190185546875,0.0010000000474974513,DAHITI product datum,water_level_altimetry_Albert.nc
Albert,Democratic Republic of the Congo,2011-08-16 03:34:18,2011-08-16,1.6807,30.921,621.1909790039062,0.0010000000474974513,DAHITI product datum,water_level_altimetry_Albert.nc
Albert,Democratic Republic of the Congo,2011-08-19 14:58:41,2011-08-19,1.6807,30.921,621.2440185546875,0.0,DAHITI product datum,water_level_altimetry_Albert.nc
Albert,Democratic Republic of the Congo,2011-08-26 01:32:50,2011-08-26,1.6807,30.921,621.22998046875,0.0,DAHITI product datum,water_level_altimetry_Albert.nc
Albert,Democratic Republic of the Congo,2011-08-29 12:57:14,2011-08-29,1.6807,30.921,621.2639770507812,0.0,DAHITI product datum,water_level_altimetry_Albert.nc
Albert,Democratic Republic of the Congo,2011-09-04 23:31:22,2011-09-04,1.6807,30.921,621.3400268554688,0.0,DAHITI product datum,water_level_altimetry_Albert.nc
Albert,Democratic Republic of the Congo,2011-09-08 10:55:46,2011-09-08,1.6807,30.921,621.3469848632812,0.0,DAHITI product datum,water_level_altimetry_Albert.nc
Albert,Democratic Republic of the Congo,2011-09-14 21:29:54,2011-09-14,1.6807,30.921,621.3729858398438,0.0010000000474974513,DAHITI product datum,water_level_altimetry_Albert.nc
Albert,Democratic Republic of the Congo,2011-09-24 19:28:24,2011-09-24,1.6807,30.921,621.4910278320312,0.0010000000474974513,DAHITI product datum,water_level_altimetry_Albert.nc
Albert,Democratic Republic of the Congo,2011-09-28 06:52:48,2011-09-28,1.6807,30.921,621.4810180664062,0.0,DAHITI product datum,water_level_altimetry_Albert.nc
Albert,Democratic Republic of the Congo,2011-10-08 04:51:21,2011-10-08,1.6807,30.921,621.5269775390625,0.0010000000474974513,DAHITI product datum,water_level_altimetry_Albert.nc
Albert,Democratic Republic of the Congo,2011-10-14 15:25:30,2011-10-14,1.6807,30.921,621.4600219726562,0.0,DAHITI product datum,water_level_altimetry_Albert.nc
Albert,Democratic Republic of the Congo,2011-10-18 02:49:54,2011-10-18,1.6807,30.921,621.5540161132812,0.0,DAHITI product datum,water_level_altimetry_Albert.nc
Albert,Democratic Republic of the Congo,2011-10-28 00:48:25,2011-10-28,1.6807,30.921,621.6430053710938,0.0,DAHITI product datum,water_level_altimetry_Albert.nc
Albert,Democratic Republic of the Congo,2011-11-03 11:22:33,2011-11-03,1.6807,30.921,621.6500244140625,0.0,DAHITI product datum,water_level_altimetry_Albert.nc
Albert,Democratic Republic of the Congo,2011-11-06 22:46:56,2011-11-06,1.6807,30.921,621.7069702148438,0.0010000000474974513,DAHITI product datum,water_level_altimetry_Albert.nc
Albert,Democratic Republic of the Congo,2011-11-13 09:21:03,2011-11-13,1.6807,30.921,621.8270263671875,0.0010000000474974513,DAHITI product datum,water_level_altimetry_Albert.nc
Albert,Democratic Republic of the Congo,2011-11-16 20:45:26,2011-11-16,1.6807,30.921,621.8790283203125,0.0,DAHITI product datum,water_level_altimetry_Albert.nc
Albert,Democratic Republic of the Congo,2011-11-23 07:19:34,2011-11-23,1.6807,30.921,621.947998046875,0.0,DAHITI product datum,water_level_altimetry_Albert.nc
Albert,Democratic Republic of the Congo,2011-12-03 05:18:05,2011-12-03,1.6807,30.921,621.927978515625,0.0,DAHITI product datum,water_level_altimetry_Albert.nc
Albert,Democratic Republic of the Congo,2011-12-13 03:16:36,2011-12-13,1.6807,30.921,622.0239868164062,0.0,DAHITI product datum,water_level_altimetry_Albert.nc
Albert,Democratic Republic of the Congo,2011-12-16 14:41:03,2011-12-16,1.6807,30.921,622.0809936523438,0.004999999888241291,DAHITI product datum,water_level_altimetry_Albert.nc
Albert,Democratic Republic of the Congo,2011-12-23 01:15:08,2011-12-23,1.6807,30.921,621.9219970703125,0.0,DAHITI product datum,water_level_altimetry_Albert.nc
Albert,Democratic Republic of the Congo,2011-12-26 12:39:30,2011-12-26,1.6807,30.921,622.0889892578125,0.0010000000474974513,DAHITI product datum,water_level_altimetry_Albert.nc
Albert,Democratic Republic of the Congo,2012-01-11 21:12:10,2012-01-11,1.6807,30.921,621.9509887695312,0.0010000000474974513,DAHITI product datum,water_level_altimetry_Albert.nc
Albert,Democratic Republic of the Congo,2012-01-15 08:36:32,2012-01-15,1.6807,30.921,621.9990234375,0.0,DAHITI product datum,water_level_altimetry_Albert.nc
Albert,Democratic Republic of the Congo,2012-01-21 19:10:41,2012-01-21,1.6807,30.921,621.9869995117188,0.0,DAHITI product datum,water_level_altimetry_Albert.nc
Albert,Democratic Republic of the Congo,2012-01-31 17:09:11,2012-01-31,1.6807,30.921,621.9910278320312,0.0010000000474974513,DAHITI product datum,water_level_altimetry_Albert.nc
Albert,Democratic Republic of the Congo,2012-02-04 04:33:35,2012-02-04,1.6807,30.921,621.989990234375,0.0,DAHITI product datum,water_level_altimetry_Albert.nc
Albert,Democratic Republic of the Congo,2012-02-10 15:07:43,2012-02-10,1.6807,30.921,621.9500122070312,0.0010000000474974513,DAHITI product datum,water_level_altimetry_Albert.nc
Albert,Democratic Republic of the Congo,2012-02-14 02:32:06,2012-02-14,1.6807,30.921,621.969970703125,0.0,DAHITI product datum,water_level_altimetry_Albert.nc
Albert,Democratic Republic of the Congo,2012-03-01 11:04:45,2012-03-01,1.6807,30.921,621.8939819335938,0.0010000000474974513,DAHITI product datum,water_level_altimetry_Albert.nc
Albert,Democratic Republic of the Congo,2013-04-07 16:03:18,2013-04-07,1.6807,30.921,621.8809814453125,0.0010000000474974513,DAHITI product datum,water_level_altimetry_Albert.nc
Albert,Democratic Republic of the Congo,2013-05-11 04:00:58,2013-05-11,1.6807,30.921,622.0330200195312,0.0,DAHITI product datum,water_level_altimetry_Albert.nc
Albert,Democratic Republic of the Congo,2013-05-12 16:02:57,2013-05-12,1.6807,30.921,622.010986328125,0.0,DAHITI product datum,water_level_altimetry_Albert.nc
Albert,Democratic Republic of the Congo,2013-06-15 04:00:38,2013-06-15,1.6807,30.921,621.9400024414062,0.0,DAHITI product datum,water_level_altimetry_Albert.nc
Albert,Democratic Republic of the Congo,2013-06-16 16:02:38,2013-06-16,1.6807,30.921,621.9140014648438,0.0,DAHITI product datum,water_level_altimetry_Albert.nc
Albert,Democratic Republic of the Congo,2013-07-20 04:00:16,2013-07-20,1.6807,30.921,621.8469848632812,0.0,DAHITI product datum,water_level_altimetry_Albert.nc
Albert,Democratic Republic of the Congo,2013-07-21 16:02:15,2013-07-21,1.6807,30.921,621.843994140625,0.0010000000474974513,DAHITI product datum,water_level_altimetry_Albert.nc
Albert,Democratic Republic of the Congo,2013-08-24 04:00:19,2013-08-24,1.6807,30.921,621.9580078125,0.0,DAHITI product datum,water_level_altimetry_Albert.nc
Albert,Democratic Republic of the Congo,2013-08-25 16:02:19,2013-08-25,1.6807,30.921,621.947998046875,0.0010000000474974513,DAHITI product datum,water_level_altimetry_Albert.nc
Albert,Democratic Republic of the Congo,2013-09-28 04:00:33,2013-09-28,1.6807,30.921,622.0560302734375,0.0,DAHITI product datum,water_level_altimetry_Albert.nc
Albert,Democratic Republic of the Congo,2013-09-29 16:02:33,2013-09-29,1.6807,30.921,621.9719848632812,0.0,DAHITI product datum,water_level_altimetry_Albert.nc
Albert,Democratic Republic of the Congo,2013-11-02 04:00:32,2013-11-02,1.6807,30.921,622.0800170898438,0.0,DAHITI product datum,water_level_altimetry_Albert.nc
Albert,Democratic Republic of the Congo,2013-12-08 16:02:30,2013-12-08,1.6807,30.921,622.1090087890625,0.0010000000474974513,DAHITI product datum,water_level_altimetry_Albert.nc
Albert,Democratic Republic of the Congo,2014-01-11 04:00:29,2014-01-11,1.6807,30.921,621.8759765625,0.0,DAHITI product datum,water_level_altimetry_Albert.nc
Albert,Democratic Republic of the Congo,2014-01-12 16:02:29,2014-01-12,1.6807,30.921,621.8900146484375,0.0,DAHITI product datum,water_level_altimetry_Albert.nc
Albert,Democratic Republic of the Congo,2014-02-15 04:00:28,2014-02-15,1.6807,30.921,621.7000122070312,0.0,DAHITI product datum,water_level_altimetry_Albert.nc
Albert,Democratic Republic of the Congo,2014-02-16 16:02:28,2014-02-16,1.6807,30.921,621.5880126953125,0.0,DAHITI product datum,water_level_altimetry_Albert.nc
Albert,Democratic Republic of the Congo,2014-03-22 04:00:24,2014-03-22,1.6807,30.921,621.416015625,0.0,DAHITI product datum,water_level_altimetry_Albert.nc
Albert,Democratic Republic of the Congo,2014-03-23 16:02:24,2014-03-23,1.6807,30.921,621.35302734375,0.0010000000474974513,DAHITI product datum,water_level_altimetry_Albert.nc
Albert,Democratic Republic of the Congo,2014-04-26 04:00:23,2014-04-26,1.6807,30.921,621.4080200195312,0.0,DAHITI product datum,water_level_altimetry_Albert.nc
Albert,Democratic Republic of the Congo,2014-04-27 16:02:23,2014-04-27,1.6807,30.921,621.447998046875,0.0,DAHITI product datum,water_level_altimetry_Albert.nc
Albert,Democratic Republic of the Congo,2014-05-31 04:00:21,2014-05-31,1.6807,30.921,621.3900146484375,0.0,DAHITI product datum,water_level_altimetry_Albert.nc
Albert,Democratic Republic of the Congo,2014-06-01 16:02:21,2014-06-01,1.6807,30.921,621.35400390625,0.0,DAHITI product datum,water_level_altimetry_Albert.nc
Albert,Democratic Republic of the Congo,2014-07-05 04:00:16,2014-07-05,1.6807,30.921,621.3309936523438,0.0010000000474974513,DAHITI product datum,water_level_altimetry_Albert.nc
Albert,Democratic Republic of the Congo,2014-07-06 16:02:17,2014-07-06,1.6807,30.921,621.2860107421875,0.0,DAHITI product datum,water_level_altimetry_Albert.nc
Albert,Democratic Republic of the Congo,2014-08-09 04:00:12,2014-08-09,1.6807,30.921,621.3209838867188,0.0,DAHITI product datum,water_level_altimetry_Albert.nc
Albert,Democratic Republic of the Congo,2014-08-10 16:02:12,2014-08-10,1.6807,30.921,621.2550048828125,0.0,DAHITI product datum,water_level_altimetry_Albert.nc
Albert,Democratic Republic of the Congo,2014-09-13 04:00:09,2014-09-13,1.6807,30.921,621.4140014648438,0.0,DAHITI product datum,water_level_altimetry_Albert.nc
Albert,Democratic Republic of the Congo,2014-10-18 04:00:07,2014-10-18,1.6807,30.921,621.489013671875,0.0,DAHITI product datum,water_level_altimetry_Albert.nc
Albert,Democratic Republic of the Congo,2014-10-19 16:02:08,2014-10-19,1.6807,30.921,621.426025390625,0.0,DAHITI product datum,water_level_altimetry_Albert.nc
Albert,Democratic Republic of the Congo,2014-11-22 04:00:04,2014-11-22,1.6807,30.921,621.6710205078125,0.0,DAHITI product datum,water_level_altimetry_Albert.nc
Albert,Democratic Republic of the Congo,2014-11-23 16:02:04,2014-11-23,1.6807,30.921,621.7550048828125,0.0,DAHITI product datum,water_level_altimetry_Albert.nc
Albert,Democratic Republic of the Congo,2014-12-27 04:00:00,2014-12-27,1.6807,30.921,621.7769775390625,0.0,DAHITI product datum,water_level_altimetry_Albert.nc
Albert,Democratic Republic of the Congo,2014-12-28 16:02:01,2014-12-28,1.6807,30.921,621.7160034179688,0.0,DAHITI product datum,water_level_altimetry_Albert.nc
Albert,Democratic Republic of the Congo,2015-01-31 03:59:59,2015-01-31,1.6807,30.921,621.4810180664062,0.0,DAHITI product datum,water_level_altimetry_Albert.nc
Albert,Democratic Republic of the Congo,2015-02-01 16:02:00,2015-02-01,1.6807,30.921,621.531982421875,0.0020000000949949026,DAHITI product datum,water_level_altimetry_Albert.nc
Albert,Democratic Republic of the Congo,2015-03-07 03:59:57,2015-03-07,1.6807,30.921,621.3359985351562,0.0,DAHITI product datum,water_level_altimetry_Albert.nc
Albert,Democratic Republic of the Congo,2015-03-08 16:01:58,2015-03-08,1.6807,30.921,621.322021484375,0.0,DAHITI product datum,water_level_altimetry_Albert.nc
Albert,Democratic Republic of the Congo,2015-04-11 04:00:01,2015-04-11,1.6807,30.921,621.2260131835938,0.0,DAHITI product datum,water_level_altimetry_Albert.nc
Albert,Democratic Republic of the Congo,2015-04-12 16:02:01,2015-04-12,1.6807,30.921,621.2579956054688,0.0,DAHITI product datum,water_level_altimetry_Albert.nc
Albert,Democratic Republic of the Congo,2015-05-16 03:59:38,2015-05-16,1.6807,30.921,621.4320068359375,0.0010000000474974513,DAHITI product datum,water_level_altimetry_Albert.nc
Albert,Democratic Republic of the Congo,2015-05-17 16:01:36,2015-05-17,1.6807,30.921,621.3829956054688,0.0,DAHITI product datum,water_level_altimetry_Albert.nc
Albert,Democratic Republic of the Congo,2015-06-21 16:01:12,2015-06-21,1.6807,30.921,621.4760131835938,0.0,DAHITI product datum,water_level_altimetry_Albert.nc
Albert,Democratic Republic of the Congo,2015-07-25 03:59:28,2015-07-25,1.6807,30.921,621.4609985351562,0.0,DAHITI product datum,water_level_altimetry_Albert.nc
Albert,Democratic Republic of the Congo,2015-08-30 16:01:33,2015-08-30,1.6807,30.921,621.3489990234375,0.0,DAHITI product datum,water_level_altimetry_Albert.nc
Albert,Democratic Republic of the Congo,2015-10-03 03:59:31,2015-10-03,1.6807,30.921,621.2369995117188,0.0,DAHITI product datum,water_level_altimetry_Albert.nc
Albert,Democratic Republic of the Congo,2015-10-04 16:01:30,2015-10-04,1.6807,30.921,621.2509765625,0.0,DAHITI product datum,water_level_altimetry_Albert.nc
Albert,Democratic Republic of the Congo,2015-12-12 03:59:19,2015-12-12,1.6807,30.921,621.6339721679688,0.0010000000474974513,DAHITI product datum,water_level_altimetry_Albert.nc
Albert,Democratic Republic of the Congo,2015-12-13 16:01:18,2015-12-13,1.6807,30.921,621.697021484375,0.0,DAHITI product datum,water_level_altimetry_Albert.nc
Albert,Democratic Republic of the Congo,2016-01-16 03:59:09,2016-01-16,1.6807,30.921,621.7050170898438,0.0,DAHITI product datum,water_level_altimetry_Albert.nc
Albert,Democratic Republic of the Congo,2016-01-17 16:01:08,2016-01-17,1.6807,30.921,621.68701171875,0.0,DAHITI product datum,water_level_altimetry_Albert.nc
Albert,Democratic Republic of the Congo,2016-02-21 16:01:08,2016-02-21,1.6807,30.921,621.5479736328125,0.0,DAHITI product datum,water_level_altimetry_Albert.nc
Albert,Democratic Republic of the Congo,2016-03-09 19:54:28,2016-03-09,1.6807,30.921,621.5139770507812,0.0010000000474974513,DAHITI product datum,water_level_altimetry_Albert.nc
Albert,Democratic Republic of the Congo,2016-03-19 07:57:08,2016-03-19,1.6807,30.921,621.4979858398438,0.0,DAHITI product datum,water_level_altimetry_Albert.nc
Albert,Democratic Republic of the Congo,2016-03-26 03:59:04,2016-03-26,1.6807,30.921,621.5,0.0,DAHITI product datum,water_level_altimetry_Albert.nc
Albert,Democratic Republic of the Congo,2016-03-27 16:01:05,2016-03-27,1.6807,30.921,621.5239868164062,0.0,DAHITI product datum,water_level_altimetry_Albert.nc
Albert,Democratic Republic of the Congo,2016-04-05 19:54:26,2016-04-05,1.6807,30.921,621.4600219726562,0.0010000000474974513,DAHITI product datum,water_level_altimetry_Albert.nc
Albert,Democratic Republic of the Congo,2016-04-15 07:57:06,2016-04-15,1.6807,30.921,621.4990234375,0.0,DAHITI product datum,water_level_altimetry_Albert.nc
Albert,Democratic Republic of the Congo,2016-04-30 03:58:59,2016-04-30,1.6807,30.921,621.5430297851562,0.0,DAHITI product datum,water_level_altimetry_Albert.nc
Albert,Democratic Republic of the Congo,2016-05-01 16:00:58,2016-05-01,1.6807,30.921,621.6090087890625,0.0,DAHITI product datum,water_level_altimetry_Albert.nc
Albert,Democratic Republic of the Congo,2016-05-02 19:54:27,2016-05-02,1.6807,30.921,621.573974609375,0.0010000000474974513,DAHITI product datum,water_level_altimetry_Albert.nc
Albert,Democratic Republic of the Congo,2016-05-29 19:54:28,2016-05-29,1.6807,30.921,621.8670043945312,0.0010000000474974513,DAHITI product datum,water_level_altimetry_Albert.nc
Albert,Democratic Republic of the Congo,2016-06-04 03:58:34,2016-06-04,1.6807,30.921,621.7529907226562,0.0,DAHITI product datum,water_level_altimetry_Albert.nc
Albert,Democratic Republic of the Congo,2016-06-05 16:00:32,2016-06-05,1.6807,30.921,621.719970703125,0.0,DAHITI product datum,water_level_altimetry_Albert.nc
Albert,Democratic Republic of the Congo,2016-06-25 19:54:30,2016-06-25,1.6807,30.921,621.7969970703125,0.0010000000474974513,DAHITI product datum,water_level_altimetry_Albert.nc
Albert,Democratic Republic of the Congo,2016-07-22 19:54:29,2016-07-22,1.6807,30.921,621.7329711914062,0.0020000000949949026,DAHITI product datum,water_level_altimetry_Albert.nc
Albert,Democratic Republic of the Congo,2016-08-01 07:57:10,2016-08-01,1.6807,30.921,621.8389892578125,0.0010000000474974513,DAHITI product datum,water_level_altimetry_Albert.nc
Albert,Democratic Republic of the Congo,2016-08-18 19:54:28,2016-08-18,1.6807,30.921,621.802978515625,0.0010000000474974513,DAHITI product datum,water_level_altimetry_Albert.nc
Albert,Democratic Republic of the Congo,2016-08-28 07:57:08,2016-08-28,1.6807,30.921,621.8909912109375,0.0,DAHITI product datum,water_level_altimetry_Albert.nc
Albert,Democratic Republic of the Congo,2016-09-14 19:54:31,2016-09-14,1.6807,30.921,621.7750244140625,0.0010000000474974513,DAHITI product datum,water_level_altimetry_Albert.nc
Albert,Democratic Republic of the Congo,2016-09-24 07:57:14,2016-09-24,1.6807,30.921,621.6909790039062,0.0,DAHITI product datum,water_level_altimetry_Albert.nc
Albert,Democratic Republic of the Congo,2016-10-11 19:54:33,2016-10-11,1.6807,30.921,621.7949829101562,0.0,DAHITI product datum,water_level_altimetry_Albert.nc
Albert,Democratic Republic of the Congo,2016-10-21 07:57:13,2016-10-21,1.6807,30.921,621.8150024414062,0.0,DAHITI product datum,water_level_altimetry_Albert.nc
Albert,Democratic Republic of the Congo,2016-11-07 19:54:29,2016-11-07,1.6807,30.921,621.7369995117188,0.0010000000474974513,DAHITI product datum,water_level_altimetry_Albert.nc
Albert,Democratic Republic of the Congo,2016-11-17 07:57:11,2016-11-17,1.6807,30.921,621.7360229492188,0.0,DAHITI product datum,water_level_altimetry_Albert.nc
Albert,Democratic Republic of the Congo,2016-12-04 19:54:27,2016-12-04,1.6807,30.921,621.7349853515625,0.0010000000474974513,DAHITI product datum,water_level_altimetry_Albert.nc
Albert,Democratic Republic of the Congo,2017-01-27 19:54:30,2017-01-27,1.6807,30.921,621.4290161132812,0.0020000000949949026,DAHITI product datum,water_level_altimetry_Albert.nc
Albert,Democratic Republic of the Congo,2017-02-06 07:57:11,2017-02-06,1.6807,30.921,621.4559936523438,0.0010000000474974513,DAHITI product datum,water_level_altimetry_Albert.nc
Albert,Democratic Republic of the Congo,2017-02-23 19:54:29,2017-02-23,1.6807,30.921,621.3350219726562,0.0010000000474974513,DAHITI product datum,water_level_altimetry_Albert.nc
Albert,Democratic Republic of the Congo,2017-04-01 07:57:13,2017-04-01,1.6807,30.921,621.2769775390625,0.0,DAHITI product datum,water_level_altimetry_Albert.nc
Albert,Democratic Republic of the Congo,2017-04-18 19:54:33,2017-04-18,1.6807,30.921,621.0700073242188,0.0020000000949949026,DAHITI product datum,water_level_altimetry_Albert.nc
Albert,Democratic Republic of the Congo,2017-04-28 07:57:16,2017-04-28,1.6807,30.921,621.083984375,0.0,DAHITI product datum,water_level_altimetry_Albert.nc
Albert,Democratic Republic of the Congo,2017-05-15 19:54:38,2017-05-15,1.6807,30.921,621.0399780273438,0.0010000000474974513,DAHITI product datum,water_level_altimetry_Albert.nc
Albert,Democratic Republic of the Congo,2017-05-25 07:57:21,2017-05-25,1.6807,30.921,621.0180053710938,0.0,DAHITI product datum,water_level_altimetry_Albert.nc
Albert,Democratic Republic of the Congo,2017-06-11 19:54:39,2017-06-11,1.6807,30.921,621.0170288085938,0.0,DAHITI product datum,water_level_altimetry_Albert.nc
Albert,Democratic Republic of the Congo,2017-06-21 07:57:20,2017-06-21,1.6807,30.921,621.0260009765625,0.0,DAHITI product datum,water_level_altimetry_Albert.nc
Albert,Democratic Republic of the Congo,2017-07-08 19:54:37,2017-07-08,1.6807,30.921,621.083984375,0.003000000026077032,DAHITI product datum,water_level_altimetry_Albert.nc
Albert,Democratic Republic of the Congo,2017-08-04 19:54:35,2017-08-04,1.6807,30.921,621.2109985351562,0.0010000000474974513,DAHITI product datum,water_level_altimetry_Albert.nc
Albert,Democratic Republic of the Congo,2017-08-31 19:54:31,2017-08-31,1.6807,30.921,621.2410278320312,0.0,DAHITI product datum,water_level_altimetry_Albert.nc
Albert,Democratic Republic of the Congo,2017-09-10 07:57:12,2017-09-10,1.6807,30.921,621.3579711914062,0.0,DAHITI product datum,water_level_altimetry_Albert.nc
Albert,Democratic Republic of the Congo,2017-09-27 19:54:32,2017-09-27,1.6807,30.921,621.4229736328125,0.0,DAHITI product datum,water_level_altimetry_Albert.nc
Albert,Democratic Republic of the Congo,2017-10-07 07:57:16,2017-10-07,1.6807,30.921,621.4719848632812,0.0,DAHITI product datum,water_level_altimetry_Albert.nc
Albert,Democratic Republic of the Congo,2017-10-24 19:54:36,2017-10-24,1.6807,30.921,621.5540161132812,0.0,DAHITI product datum,water_level_altimetry_Albert.nc
Albert,Democratic Republic of the Congo,2017-11-03 07:57:17,2017-11-03,1.6807,30.921,621.6370239257812,0.0,DAHITI product datum,water_level_altimetry_Albert.nc
Albert,Democratic Republic of the Congo,2017-11-30 07:57:14,2017-11-30,1.6807,30.921,621.7680053710938,0.0,DAHITI product datum,water_level_altimetry_Albert.nc
Albert,Democratic Republic of the Congo,2017-12-27 07:57:16,2017-12-27,1.6807,30.921,621.718017578125,0.0,DAHITI product datum,water_level_altimetry_Albert.nc
Albert,Democratic Republic of the Congo,2018-01-13 19:54:37,2018-01-13,1.6807,30.921,621.5969848632812,0.0010000000474974513,DAHITI product datum,water_level_altimetry_Albert.nc
Albert,Democratic Republic of the Congo,2018-01-23 07:57:19,2018-01-23,1.6807,30.921,621.5440063476562,0.0,DAHITI product datum,water_level_altimetry_Albert.nc
Albert,Democratic Republic of the Congo,2018-02-09 19:54:37,2018-02-09,1.6807,30.921,621.406005859375,0.0020000000949949026,DAHITI product datum,water_level_altimetry_Albert.nc
Albert,Democratic Republic of the Congo,2018-02-19 07:57:19,2018-02-19,1.6807,30.921,621.4509887695312,0.0,DAHITI product datum,water_level_altimetry_Albert.nc
Albert,Democratic Republic of the Congo,2018-03-08 19:54:35,2018-03-08,1.6807,30.921,621.3250122070312,0.0,DAHITI product datum,water_level_altimetry_Albert.nc
Albert,Democratic Republic of the Congo,2018-03-18 07:57:16,2018-03-18,1.6807,30.921,621.3489990234375,0.0010000000474974513,DAHITI product datum,water_level_altimetry_Albert.nc
Albert,Democratic Republic of the Congo,2018-04-04 19:54:38,2018-04-04,1.6807,30.921,621.2940063476562,0.0020000000949949026,DAHITI product datum,water_level_altimetry_Albert.nc
Albert,Democratic Republic of the Congo,2018-04-14 07:57:20,2018-04-14,1.6807,30.921,621.3939819335938,0.0,DAHITI product datum,water_level_altimetry_Albert.nc
Albert,Democratic Republic of the Congo,2018-05-01 19:54:40,2018-05-01,1.6807,30.921,621.4979858398438,0.0010000000474974513,DAHITI product datum,water_level_altimetry_Albert.nc
Albert,Democratic Republic of the Congo,2018-05-11 07:57:22,2018-05-11,1.6807,30.921,621.4600219726562,0.0,DAHITI product datum,water_level_altimetry_Albert.nc
Albert,Democratic Republic of the Congo,2018-05-28 19:54:40,2018-05-28,1.6807,30.921,621.52001953125,0.0,DAHITI product datum,water_level_altimetry_Albert.nc
Albert,Democratic Republic of the Congo,2018-06-24 19:54:41,2018-06-24,1.6807,30.921,621.6619873046875,0.0,DAHITI product datum,water_level_altimetry_Albert.nc
Albert,Democratic Republic of the Congo,2018-07-04 07:57:22,2018-07-04,1.6807,30.921,621.7160034179688,0.0,DAHITI product datum,water_level_altimetry_Albert.nc
Albert,Democratic Republic of the Congo,2018-07-21 19:54:39,2018-07-21,1.6807,30.921,621.6119995117188,0.0,DAHITI product datum,water_level_altimetry_Albert.nc
Albert,Democratic Republic of the Congo,2018-07-31 07:57:19,2018-07-31,1.6807,30.921,621.676025390625,0.0010000000474974513,DAHITI product datum,water_level_altimetry_Albert.nc
Albert,Democratic Republic of the Congo,2018-08-27 07:57:15,2018-08-27,1.6807,30.921,621.7050170898438,0.0010000000474974513,DAHITI product datum,water_level_altimetry_Albert.nc
Albert,Democratic Republic of the Congo,2018-09-13 19:54:37,2018-09-13,1.6807,30.921,621.7379760742188,0.0010000000474974513,DAHITI product datum,water_level_altimetry_Albert.nc
Albert,Democratic Republic of the Congo,2018-09-23 07:57:20,2018-09-23,1.6807,30.921,621.72998046875,0.0,DAHITI product datum,water_level_altimetry_Albert.nc
Albert,Democratic Republic of the Congo,2018-10-10 19:54:40,2018-10-10,1.6807,30.921,621.719970703125,0.0,DAHITI product datum,water_level_altimetry_Albert.nc
Albert,Democratic Republic of the Congo,2018-10-20 09:44:16,2018-10-20,1.6807,30.921,621.7979736328125,0.019999999552965164,DAHITI product datum,water_level_altimetry_Albert.nc
Albert,Democratic Republic of the Congo,2018-10-20 11:11:30,2018-10-20,1.6807,30.921,621.656982421875,0.0,DAHITI product datum,water_level_altimetry_Albert.nc
Albert,Democratic Republic of the Congo,2018-11-06 00:35:00,2018-11-06,1.6807,30.921,621.698974609375,0.0,DAHITI product datum,water_level_altimetry_Albert.nc
Albert,Democratic Republic of the Congo,2018-11-06 00:44:27,2018-11-06,1.6807,30.921,621.8140258789062,0.0,DAHITI product datum,water_level_altimetry_Albert.nc
Albert,Democratic Republic of the Congo,2018-11-16 07:57:22,2018-11-16,1.6807,30.921,621.8880004882812,0.0010000000474974513,DAHITI product datum,water_level_altimetry_Albert.nc
Albert,Democratic Republic of the Congo,2018-11-18 11:48:50,2018-11-18,1.6807,30.921,621.7979736328125,0.0,DAHITI product datum,water_level_altimetry_Albert.nc
Albert,Democratic Republic of the Congo,2018-12-03 19:54:37,2018-12-03,1.6807,30.921,621.7670288085938,0.0,DAHITI product datum,water_level_altimetry_Albert.nc
Albert,Democratic Republic of the Congo,2018-12-04 23:01:29,2018-12-04,1.6807,30.921,621.7739868164062,0.0,DAHITI product datum,water_level_altimetry_Albert.nc
Albert,Democratic Republic of the Congo,2018-12-13 07:57:17,2018-12-13,1.6807,30.921,621.8579711914062,0.0,DAHITI product datum,water_level_altimetry_Albert.nc
Albert,Democratic Republic of the Congo,2018-12-13 19:56:07,2018-12-13,1.6807,30.921,621.6619873046875,0.0,DAHITI product datum,water_level_altimetry_Albert.nc
Albert,Democratic Republic of the Congo,2018-12-17 10:24:47,2018-12-17,1.6807,30.921,621.781982421875,0.0,DAHITI product datum,water_level_altimetry_Albert.nc
Albert,Democratic Republic of the Congo,2018-12-21 10:16:17,2018-12-21,1.6807,30.921,621.7369995117188,0.0010000000474974513,DAHITI product datum,water_level_altimetry_Albert.nc
Albert,Democratic Republic of the Congo,2019-01-06 21:29:23,2019-01-06,1.6807,30.921,621.6489868164062,0.0,DAHITI product datum,water_level_altimetry_Albert.nc
Albert,Democratic Republic of the Congo,2019-01-09 14:05:26,2019-01-09,1.6807,30.921,621.7360229492188,0.0,DAHITI product datum,water_level_altimetry_Albert.nc
Albert,Democratic Republic of the Congo,2019-01-19 08:52:21,2019-01-19,1.6807,30.921,621.6909790039062,0.0,DAHITI product datum,water_level_altimetry_Albert.nc
Albert,Democratic Republic of the Congo,2019-01-26 19:54:39,2019-01-26,1.6807,30.921,621.656005859375,0.0020000000949949026,DAHITI product datum,water_level_altimetry_Albert.nc
Albert,Democratic Republic of the Congo,2019-02-04 20:05:30,2019-02-04,1.6807,30.921,621.5919799804688,0.0,DAHITI product datum,water_level_altimetry_Albert.nc
Albert,Democratic Republic of the Congo,2019-02-05 13:55:12,2019-02-05,1.6807,30.921,621.6840209960938,0.0,DAHITI product datum,water_level_altimetry_Albert.nc
Albert,Democratic Republic of the Congo,2019-02-17 07:28:37,2019-02-17,1.6807,30.921,621.4609985351562,0.0,DAHITI product datum,water_level_altimetry_Albert.nc
Albert,Democratic Republic of the Congo,2019-02-22 19:54:39,2019-02-22,1.6807,30.921,621.4630126953125,0.0020000000949949026,DAHITI product datum,water_level_altimetry_Albert.nc
Albert,Democratic Republic of the Congo,2019-03-04 07:57:19,2019-03-04,1.6807,30.921,621.3820190429688,0.0,DAHITI product datum,water_level_altimetry_Albert.nc
Albert,Democratic Republic of the Congo,2019-03-04 14:07:46,2019-03-04,1.6807,30.921,621.4099731445312,0.0,DAHITI product datum,water_level_altimetry_Albert.nc
Albert,Democratic Republic of the Congo,2019-03-04 19:56:14,2019-03-04,1.6807,30.921,621.2650146484375,0.0,DAHITI product datum,water_level_altimetry_Albert.nc
Albert,Democratic Republic of the Congo,2019-03-05 18:41:32,2019-03-05,1.6807,30.921,621.2379760742188,0.0,DAHITI product datum,water_level_altimetry_Albert.nc
Albert,Democratic Republic of the Congo,2019-03-09 18:33:17,2019-03-09,1.6807,30.921,621.3060302734375,0.0,DAHITI product datum,water_level_altimetry_Albert.nc
Albert,Democratic Republic of the Congo,2019-03-18 06:04:42,2019-03-18,1.6807,30.921,621.3109741210938,0.0,DAHITI product datum,water_level_altimetry_Albert.nc
Albert,Democratic Republic of the Congo,2019-03-21 19:54:38,2019-03-21,1.6807,30.921,621.2630004882812,0.0010000000474974513,DAHITI product datum,water_level_altimetry_Albert.nc
Albert,Democratic Republic of the Congo,2019-03-22 05:56:12,2019-03-22,1.6807,30.921,621.1599731445312,0.0,DAHITI product datum,water_level_altimetry_Albert.nc
Albert,Democratic Republic of the Congo,2019-03-31 07:57:22,2019-03-31,1.6807,30.921,621.3790283203125,0.0,DAHITI product datum,water_level_altimetry_Albert.nc
Albert,Democratic Republic of the Congo,2019-04-07 17:09:15,2019-04-07,1.6807,30.921,621.1929931640625,0.0,DAHITI product datum,water_level_altimetry_Albert.nc
Albert,Democratic Republic of the Congo,2019-04-17 19:54:44,2019-04-17,1.6807,30.921,621.2429809570312,0.0010000000474974513,DAHITI product datum,water_level_altimetry_Albert.nc
Albert,Democratic Republic of the Congo,2019-04-27 07:57:26,2019-04-27,1.6807,30.921,621.281005859375,0.0,DAHITI product datum,water_level_altimetry_Albert.nc
Albert,Democratic Republic of the Congo,2019-04-27 13:56:51,2019-04-27,1.6807,30.921,621.3660278320312,0.0,DAHITI product datum,water_level_altimetry_Albert.nc
Albert,Democratic Republic of the Congo,2019-05-06 15:45:09,2019-05-06,1.6807,30.921,621.2589721679688,0.0010000000474974513,DAHITI product datum,water_level_altimetry_Albert.nc
Albert,Democratic Republic of the Congo,2019-05-19 03:08:14,2019-05-19,1.6807,30.921,621.1409912109375,0.0,DAHITI product datum,water_level_altimetry_Albert.nc
Albert,Democratic Republic of the Congo,2019-05-24 07:57:27,2019-05-24,1.6807,30.921,621.302001953125,0.0,DAHITI product datum,water_level_altimetry_Albert.nc
Albert,Democratic Republic of the Congo,2019-06-10 19:54:44,2019-06-10,1.6807,30.921,621.2260131835938,0.0020000000949949026,DAHITI product datum,water_level_altimetry_Albert.nc
Albert,Democratic Republic of the Congo,2019-06-20 07:57:25,2019-06-20,1.6807,30.921,621.3330078125,0.0,DAHITI product datum,water_level_altimetry_Albert.nc
Albert,Democratic Republic of the Congo,2019-06-21 01:35:53,2019-06-21,1.6807,30.921,621.2860107421875,0.0,DAHITI product datum,water_level_altimetry_Albert.nc
Albert,Democratic Republic of the Congo,2019-07-17 07:57:26,2019-07-17,1.6807,30.921,621.4400024414062,0.0,DAHITI product datum,water_level_altimetry_Albert.nc
Albert,Democratic Republic of the Congo,2019-07-20 00:11:47,2019-07-20,1.6807,30.921,621.3980102539062,0.0,DAHITI product datum,water_level_altimetry_Albert.nc
Albert,Democratic Republic of the Congo,2019-08-05 11:24:51,2019-08-05,1.6807,30.921,621.4039916992188,0.0,DAHITI product datum,water_level_altimetry_Albert.nc
Albert,Democratic Republic of the Congo,2019-08-13 07:57:23,2019-08-13,1.6807,30.921,621.416015625,0.0,DAHITI product datum,water_level_altimetry_Albert.nc
Albert,Democratic Republic of the Congo,2019-08-13 13:32:08,2019-08-13,1.6807,30.921,621.47802734375,0.0,DAHITI product datum,water_level_altimetry_Albert.nc
Albert,Democratic Republic of the Congo,2019-08-30 19:54:39,2019-08-30,1.6807,30.921,621.4509887695312,0.0010000000474974513,DAHITI product datum,water_level_altimetry_Albert.nc
Albert,Democratic Republic of the Congo,2019-09-03 10:00:53,2019-09-03,1.6807,30.921,621.5399780273438,0.0,DAHITI product datum,water_level_altimetry_Albert.nc
Albert,Democratic Republic of the Congo,2019-09-09 07:57:22,2019-09-09,1.6807,30.921,621.5819702148438,0.0,DAHITI product datum,water_level_altimetry_Albert.nc
Albert,Democratic Republic of the Congo,2019-09-15 21:24:08,2019-09-15,1.6807,30.921,621.5079956054688,0.0,DAHITI product datum,water_level_altimetry_Albert.nc
Albert,Democratic Republic of the Congo,2019-09-19 21:15:40,2019-09-19,1.6807,30.921,621.447998046875,0.0,DAHITI product datum,water_level_altimetry_Albert.nc
Albert,Democratic Republic of the Congo,2019-09-26 19:54:42,2019-09-26,1.6807,30.921,621.5260009765625,0.0010000000474974513,DAHITI product datum,water_level_altimetry_Albert.nc
Albert,Democratic Republic of the Congo,2019-10-06 08:14:44,2019-10-06,1.6807,30.921,621.5449829101562,0.0,DAHITI product datum,water_level_altimetry_Albert.nc
Albert,Democratic Republic of the Congo,2019-10-06 08:28:50,2019-10-06,1.6807,30.921,621.551025390625,0.0,DAHITI product datum,water_level_altimetry_Albert.nc
Albert,Democratic Republic of the Congo,2019-10-18 19:51:49,2019-10-18,1.6807,30.921,621.7529907226562,0.0010000000474974513,DAHITI product datum,water_level_altimetry_Albert.nc
Albert,Democratic Republic of the Congo,2019-10-23 19:54:43,2019-10-23,1.6807,30.921,621.6950073242188,0.003000000026077032,DAHITI product datum,water_level_altimetry_Albert.nc
Albert,Democratic Republic of the Congo,2019-11-02 07:57:25,2019-11-02,1.6807,30.921,621.9130249023438,0.0,DAHITI product datum,water_level_altimetry_Albert.nc
Albert,Democratic Republic of the Congo,2019-11-02 19:56:11,2019-11-02,1.6807,30.921,621.739013671875,0.0,DAHITI product datum,water_level_altimetry_Albert.nc
Albert,Democratic Republic of the Congo,2019-11-04 07:04:42,2019-11-04,1.6807,30.921,621.8839721679688,0.0010000000474974513,DAHITI product datum,water_level_altimetry_Albert.nc
Albert,Democratic Republic of the Congo,2019-11-16 18:27:56,2019-11-16,1.6807,30.921,621.8989868164062,0.0,DAHITI product datum,water_level_altimetry_Albert.nc
Albert,Democratic Republic of the Congo,2019-11-29 07:57:20,2019-11-29,1.6807,30.921,622.2080078125,0.0,DAHITI product datum,water_level_altimetry_Albert.nc
Albert,Democratic Republic of the Congo,2019-12-16 19:54:38,2019-12-16,1.6807,30.921,622.3610229492188,0.0,DAHITI product datum,water_level_altimetry_Albert.nc
Albert,Democratic Republic of the Congo,2019-12-19 16:55:28,2019-12-19,1.6807,30.921,622.2949829101562,0.0,DAHITI product datum,water_level_altimetry_Albert.nc
Albert,Democratic Republic of the Congo,2019-12-26 07:57:21,2019-12-26,1.6807,30.921,622.4609985351562,0.0,DAHITI product datum,water_level_altimetry_Albert.nc
Albert,Democratic Republic of the Congo,2020-01-17 15:31:33,2020-01-17,1.6807,30.921,622.5040283203125,0.004000000189989805,DAHITI product datum,water_level_altimetry_Albert.nc
Albert,Democratic Republic of the Congo,2020-01-22 07:57:23,2020-01-22,1.6807,30.921,622.4730224609375,0.0,DAHITI product datum,water_level_altimetry_Albert.nc
Albert,Democratic Republic of the Congo,2020-01-22 13:38:34,2020-01-22,1.6807,30.921,622.5960083007812,0.0,DAHITI product datum,water_level_altimetry_Albert.nc
Albert,Democratic Republic of the Congo,2020-02-03 02:44:32,2020-02-03,1.6807,30.921,622.3690185546875,0.0,DAHITI product datum,water_level_altimetry_Albert.nc
Albert,Democratic Republic of the Congo,2020-02-15 14:07:40,2020-02-15,1.6807,30.921,622.4340209960938,0.0,DAHITI product datum,water_level_altimetry_Albert.nc
Albert,Democratic Republic of the Congo,2020-02-18 07:57:23,2020-02-18,1.6807,30.921,622.5189819335938,0.0,DAHITI product datum,water_level_altimetry_Albert.nc
Albert,Democratic Republic of the Congo,2020-03-03 01:20:27,2020-03-03,1.6807,30.921,622.291015625,0.0010000000474974513,DAHITI product datum,water_level_altimetry_Albert.nc
Albert,Democratic Republic of the Congo,2020-03-07 01:12:15,2020-03-07,1.6807,30.921,622.39501953125,0.0,DAHITI product datum,water_level_altimetry_Albert.nc
Albert,Democratic Republic of the Congo,2020-03-15 12:43:50,2020-03-15,1.6807,30.921,622.4949951171875,0.0010000000474974513,DAHITI product datum,water_level_altimetry_Albert.nc
Albert,Democratic Republic of the Congo,2020-03-16 07:57:22,2020-03-16,1.6807,30.921,622.5150146484375,0.0010000000474974513,DAHITI product datum,water_level_altimetry_Albert.nc
Albert,Democratic Republic of the Congo,2020-03-19 12:35:19,2020-03-19,1.6807,30.921,622.3690185546875,0.0,DAHITI product datum,water_level_altimetry_Albert.nc
Albert,Democratic Republic of the Congo,2020-04-04 23:48:19,2020-04-04,1.6807,30.921,622.3400268554688,0.0,DAHITI product datum,water_level_altimetry_Albert.nc
Albert,Democratic Republic of the Congo,2020-04-12 07:57:28,2020-04-12,1.6807,30.921,622.4650268554688,0.0,DAHITI product datum,water_level_altimetry_Albert.nc
Albert,Democratic Republic of the Congo,2020-04-12 13:53:22,2020-04-12,1.6807,30.921,622.5380249023438,0.0,DAHITI product datum,water_level_altimetry_Albert.nc
Albert,Democratic Republic of the Congo,2020-04-17 11:11:21,2020-04-17,1.6807,30.921,622.4979858398438,0.0,DAHITI product datum,water_level_altimetry_Albert.nc
Albert,Democratic Republic of the Congo,2020-05-03 22:24:16,2020-05-03,1.6807,30.921,622.6669921875,0.0,DAHITI product datum,water_level_altimetry_Albert.nc
Albert,Democratic Republic of the Congo,2020-05-16 09:47:30,2020-05-16,1.6807,30.921,622.739013671875,0.0,DAHITI product datum,water_level_altimetry_Albert.nc
Albert,Democratic Republic of the Congo,2020-05-26 19:54:48,2020-05-26,1.6807,30.921,622.864990234375,0.0010000000474974513,DAHITI product datum,water_level_altimetry_Albert.nc
Albert,Democratic Republic of the Congo,2020-06-01 21:00:14,2020-06-01,1.6807,30.921,622.9420166015625,0.0,DAHITI product datum,water_level_altimetry_Albert.nc
Albert,Democratic Republic of the Congo,2020-06-14 08:23:30,2020-06-14,1.6807,30.921,623.0499877929688,0.0010000000474974513,DAHITI product datum,water_level_altimetry_Albert.nc
Albert,Democratic Republic of the Congo,2020-06-18 08:15:00,2020-06-18,1.6807,30.921,622.947021484375,0.0,DAHITI product datum,water_level_altimetry_Albert.nc
Albert,Democratic Republic of the Congo,2020-07-02 19:56:24,2020-07-02,1.6807,30.921,623.0540161132812,0.0,DAHITI product datum,water_level_altimetry_Albert.nc
Albert,Democratic Republic of the Congo,2020-07-04 19:28:05,2020-07-04,1.6807,30.921,623.1890258789062,0.0,DAHITI product datum,water_level_altimetry_Albert.nc
Albert,Democratic Republic of the Congo,2020-07-29 07:57:28,2020-07-29,1.6807,30.921,623.4879760742188,0.0010000000474974513,DAHITI product datum,water_level_altimetry_Albert.nc
Albert,Democratic Republic of the Congo,2020-07-29 13:39:03,2020-07-29,1.6807,30.921,623.4910278320312,0.0,DAHITI product datum,water_level_altimetry_Albert.nc
Albert,Democratic Republic of the Congo,2020-07-29 19:56:24,2020-07-29,1.6807,30.921,623.3049926757812,0.0010000000474974513,DAHITI product datum,water_level_altimetry_Albert.nc
Albert,Democratic Republic of the Congo,2020-08-15 05:27:14,2020-08-15,1.6807,30.921,623.572021484375,0.0,DAHITI product datum,water_level_altimetry_Albert.nc
Albert,Democratic Republic of the Congo,2020-08-15 06:47:31,2020-08-15,1.6807,30.921,623.5399780273438,0.0010000000474974513,DAHITI product datum,water_level_altimetry_Albert.nc
Albert,Democratic Republic of the Congo,2020-08-25 08:20:08,2020-08-25,1.6807,30.921,623.6400146484375,0.0,DAHITI product datum,water_level_altimetry_Albert.nc
Albert,Democratic Republic of the Congo,2020-08-25 19:56:24,2020-08-25,1.6807,30.921,623.5590209960938,0.0010000000474974513,DAHITI product datum,water_level_altimetry_Albert.nc
Albert,Democratic Republic of the Congo,2020-09-04 16:31:51,2020-09-04,1.6807,30.921,623.7930297851562,0.0010000000474974513,DAHITI product datum,water_level_altimetry_Albert.nc
Albert,Democratic Republic of the Congo,2020-09-11 19:54:44,2020-09-11,1.6807,30.921,623.8740234375,0.0,DAHITI product datum,water_level_altimetry_Albert.nc
Albert,Democratic Republic of the Congo,2020-09-17 03:54:47,2020-09-17,1.6807,30.921,623.8460083007812,0.0,DAHITI product datum,water_level_altimetry_Albert.nc
Albert,Democratic Republic of the Congo,2020-09-21 19:56:22,2020-09-21,1.6807,30.921,623.8350219726562,0.0,DAHITI product datum,water_level_altimetry_Albert.nc
Albert,Democratic Republic of the Congo,2020-10-03 15:07:44,2020-10-03,1.6807,30.921,624.0859985351562,0.0,DAHITI product datum,water_level_altimetry_Albert.nc
Albert,Democratic Republic of the Congo,2020-10-08 19:54:46,2020-10-08,1.6807,30.921,624.1699829101562,0.0,DAHITI product datum,water_level_altimetry_Albert.nc
Albert,Democratic Republic of the Congo,2020-10-16 02:30:55,2020-10-16,1.6807,30.921,624.2100219726562,0.0,DAHITI product datum,water_level_altimetry_Albert.nc
Albert,Democratic Republic of the Congo,2020-10-18 07:57:28,2020-10-18,1.6807,30.921,624.2470092773438,0.0,DAHITI product datum,water_level_altimetry_Albert.nc
Albert,Democratic Republic of the Congo,2020-10-18 19:56:21,2020-10-18,1.6807,30.921,624.1220092773438,0.0,DAHITI product datum,water_level_altimetry_Albert.nc
Albert,Democratic Republic of the Congo,2020-11-01 13:43:50,2020-11-01,1.6807,30.921,624.5079956054688,0.0,DAHITI product datum,water_level_altimetry_Albert.nc
Albert,Democratic Republic of the Congo,2020-11-04 19:54:46,2020-11-04,1.6807,30.921,624.5880126953125,0.0010000000474974513,DAHITI product datum,water_level_altimetry_Albert.nc
Albert,Democratic Republic of the Congo,2020-11-14 03:23:49,2020-11-14,1.6807,30.921,624.6630249023438,0.0,DAHITI product datum,water_level_altimetry_Albert.nc
Albert,Democratic Republic of the Congo,2020-11-14 04:58:01,2020-11-14,1.6807,30.921,624.6640014648438,0.0,DAHITI product datum,water_level_altimetry_Albert.nc
Albert,Democratic Republic of the Congo,2020-11-14 05:05:09,2020-11-14,1.6807,30.921,624.6409912109375,0.0,DAHITI product datum,water_level_altimetry_Albert.nc
Albert,Democratic Republic of the Congo,2020-11-14 19:56:25,2020-11-14,1.6807,30.921,624.541015625,0.0010000000474974513,DAHITI product datum,water_level_altimetry_Albert.nc
Albert,Democratic Republic of the Congo,2020-11-30 12:19:51,2020-11-30,1.6807,30.921,624.7570190429688,0.0,DAHITI product datum,water_level_altimetry_Albert.nc
Albert,Democratic Republic of the Congo,2020-12-01 19:54:41,2020-12-01,1.6807,30.921,624.9210205078125,0.004000000189989805,DAHITI product datum,water_level_altimetry_Albert.nc
Albert,Democratic Republic of the Congo,2020-12-11 07:57:21,2020-12-11,1.6807,30.921,624.9509887695312,0.0,DAHITI product datum,water_level_altimetry_Albert.nc
Albert,Democratic Republic of the Congo,2020-12-16 23:34:42,2020-12-16,1.6807,30.921,624.8469848632812,0.0,DAHITI product datum,water_level_altimetry_Albert.nc
Albert,Democratic Republic of the Congo,2020-12-28 19:54:43,2020-12-28,1.6807,30.921,624.9500122070312,0.0010000000474974513,DAHITI product datum,water_level_altimetry_Albert.nc
Albert,Democratic Republic of the Congo,2021-01-02 10:47:47,2021-01-02,1.6807,30.921,624.8410034179688,0.0,DAHITI product datum,water_level_altimetry_Albert.nc
Albert,Democratic Republic of the Congo,2021-01-24 19:54:48,2021-01-24,1.6807,30.921,624.8159790039062,0.0010000000474974513,DAHITI product datum,water_level_altimetry_Albert.nc
Albert,Democratic Republic of the Congo,2021-01-31 09:23:49,2021-01-31,1.6807,30.921,624.7139892578125,0.0,DAHITI product datum,water_level_altimetry_Albert.nc
Albert,Democratic Republic of the Congo,2021-02-03 19:56:20,2021-02-03,1.6807,30.921,624.593994140625,0.0,DAHITI product datum,water_level_altimetry_Albert.nc
Albert,Democratic Republic of the Congo,2021-02-12 20:46:58,2021-02-12,1.6807,30.921,624.6229858398438,0.0,DAHITI product datum,water_level_altimetry_Albert.nc
Albert,Democratic Republic of the Congo,2021-02-20 19:54:47,2021-02-20,1.6807,30.921,624.677001953125,0.0,DAHITI product datum,water_level_altimetry_Albert.nc
Albert,Democratic Republic of the Congo,2021-03-01 07:59:47,2021-03-01,1.6807,30.921,624.5399780273438,0.0,DAHITI product datum,water_level_altimetry_Albert.nc
Albert,Democratic Republic of the Congo,2021-03-13 19:23:06,2021-03-13,1.6807,30.921,624.6229858398438,0.0,DAHITI product datum,water_level_altimetry_Albert.nc
Albert,Democratic Republic of the Congo,2021-03-19 19:54:44,2021-03-19,1.6807,30.921,624.583984375,0.0010000000474974513,DAHITI product datum,water_level_altimetry_Albert.nc
Albert,Democratic Republic of the Congo,2021-03-29 07:57:28,2021-03-29,1.6807,30.921,624.5570068359375,0.0,DAHITI product datum,water_level_altimetry_Albert.nc
Albert,Democratic Republic of the Congo,2021-04-03 06:27:38,2021-04-03,1.6807,30.921,624.5469970703125,0.0,DAHITI product datum,water_level_altimetry_Albert.nc
Albert,Democratic Republic of the Congo,2021-04-15 17:56:47,2021-04-15,1.6807,30.921,624.531982421875,0.0010000000474974513,DAHITI product datum,water_level_altimetry_Albert.nc
Albert,Democratic Republic of the Congo,2021-05-02 05:03:35,2021-05-02,1.6807,30.921,624.4730224609375,0.0,DAHITI product datum,water_level_altimetry_Albert.nc
Albert,Democratic Republic of the Congo,2021-05-12 19:54:53,2021-05-12,1.6807,30.921,624.6110229492188,0.0010000000474974513,DAHITI product datum,water_level_altimetry_Albert.nc
Albert,Democratic Republic of the Congo,2021-05-14 16:26:47,2021-05-14,1.6807,30.921,624.5479736328125,0.0010000000474974513,DAHITI product datum,water_level_altimetry_Albert.nc
Albert,Democratic Republic of the Congo,2021-05-31 03:39:33,2021-05-31,1.6807,30.921,624.6900024414062,0.0,DAHITI product datum,water_level_altimetry_Albert.nc
Albert,Democratic Republic of the Congo,2021-06-04 03:31:26,2021-06-04,1.6807,30.921,624.56298828125,0.0010000000474974513,DAHITI product datum,water_level_altimetry_Albert.nc
Albert,Democratic Republic of the Congo,2021-06-08 19:54:53,2021-06-08,1.6807,30.921,624.5750122070312,0.0010000000474974513,DAHITI product datum,water_level_altimetry_Albert.nc
Albert,Democratic Republic of the Congo,2021-06-12 15:02:52,2021-06-12,1.6807,30.921,624.572998046875,0.0010000000474974513,DAHITI product datum,water_level_altimetry_Albert.nc
Albert,Democratic Republic of the Congo,2021-07-03 02:07:28,2021-07-03,1.6807,30.921,624.5040283203125,0.0,DAHITI product datum,water_level_altimetry_Albert.nc
Albert,Democratic Republic of the Congo,2021-07-05 19:54:54,2021-07-05,1.6807,30.921,624.4749755859375,0.0,DAHITI product datum,water_level_altimetry_Albert.nc
Albert,Democratic Republic of the Congo,2021-07-15 19:56:34,2021-07-15,1.6807,30.921,624.4609985351562,0.0010000000474974513,DAHITI product datum,water_level_altimetry_Albert.nc
Albert,Democratic Republic of the Congo,2021-08-01 00:43:28,2021-08-01,1.6807,30.921,624.6329956054688,0.0,DAHITI product datum,water_level_altimetry_Albert.nc
Albert,Democratic Republic of the Congo,2021-08-01 01:42:40,2021-08-01,1.6807,30.921,624.5009765625,0.0,DAHITI product datum,water_level_altimetry_Albert.nc
Albert,Democratic Republic of the Congo,2021-08-11 19:56:35,2021-08-11,1.6807,30.921,624.4219970703125,0.0,DAHITI product datum,water_level_altimetry_Albert.nc
Albert,Democratic Republic of the Congo,2021-08-13 12:06:42,2021-08-13,1.6807,30.921,624.593017578125,0.0,DAHITI product datum,water_level_altimetry_Albert.nc
Albert,Democratic Republic of the Congo,2021-08-28 19:54:49,2021-08-28,1.6807,30.921,624.6019897460938,0.0,DAHITI product datum,water_level_altimetry_Albert.nc
Albert,Democratic Republic of the Congo,2021-09-07 07:57:30,2021-09-07,1.6807,30.921,624.64697265625,0.0,DAHITI product datum,water_level_altimetry_Albert.nc
Albert,Democratic Republic of the Congo,2021-09-07 19:56:34,2021-09-07,1.6807,30.921,624.4970092773438,0.0020000000949949026,DAHITI product datum,water_level_altimetry_Albert.nc
Albert,Democratic Republic of the Congo,2021-09-15 10:34:19,2021-09-15,1.6807,30.921,624.5399780273438,0.0,DAHITI product datum,water_level_altimetry_Albert.nc
Albert,Democratic Republic of the Congo,2021-10-01 21:47:25,2021-10-01,1.6807,30.921,624.5819702148438,0.0010000000474974513,DAHITI product datum,water_level_altimetry_Albert.nc
Albert,Democratic Republic of the Congo,2021-10-04 07:57:33,2021-10-04,1.6807,30.921,624.6829833984375,0.0020000000949949026,DAHITI product datum,water_level_altimetry_Albert.nc
Albert,Democratic Republic of the Congo,2021-10-04 19:56:30,2021-10-04,1.6807,30.921,624.5399780273438,0.0,DAHITI product datum,water_level_altimetry_Albert.nc
Albert,Democratic Republic of the Congo,2021-10-14 09:10:32,2021-10-14,1.6807,30.921,624.6859741210938,0.0,DAHITI product datum,water_level_altimetry_Albert.nc
Albert,Democratic Republic of the Congo,2021-10-21 19:54:51,2021-10-21,1.6807,30.921,624.6370239257812,0.0010000000474974513,DAHITI product datum,water_level_altimetry_Albert.nc
Albert,Democratic Republic of the Congo,2021-10-30 20:23:28,2021-10-30,1.6807,30.921,624.7230224609375,0.0010000000474974513,DAHITI product datum,water_level_altimetry_Albert.nc
Albert,Democratic Republic of the Congo,2021-10-31 07:57:32,2021-10-31,1.6807,30.921,624.7000122070312,0.0,DAHITI product datum,water_level_altimetry_Albert.nc
Albert,Democratic Republic of the Congo,2021-10-31 19:56:30,2021-10-31,1.6807,30.921,624.4810180664062,0.0,DAHITI product datum,water_level_altimetry_Albert.nc
Albert,Democratic Republic of the Congo,2021-11-12 07:46:41,2021-11-12,1.6807,30.921,624.593994140625,0.0,DAHITI product datum,water_level_altimetry_Albert.nc
Albert,Democratic Republic of the Congo,2021-11-17 19:54:50,2021-11-17,1.6807,30.921,624.6019897460938,0.0,DAHITI product datum,water_level_altimetry_Albert.nc
Albert,Democratic Republic of the Congo,2021-11-28 18:59:30,2021-11-28,1.6807,30.921,624.4609985351562,0.0,DAHITI product datum,water_level_altimetry_Albert.nc
Albert,Democratic Republic of the Congo,2021-12-11 06:22:52,2021-12-11,1.6807,30.921,624.47998046875,0.0,DAHITI product datum,water_level_altimetry_Albert.nc
Albert,Democratic Republic of the Congo,2021-12-24 07:57:31,2021-12-24,1.6807,30.921,624.3629760742188,0.0010000000474974513,DAHITI product datum,water_level_altimetry_Albert.nc
Albert,Democratic Republic of the Congo,2021-12-31 17:27:24,2021-12-31,1.6807,30.921,624.2949829101562,0.007000000216066837,DAHITI product datum,water_level_altimetry_Albert.nc
Albert,Democratic Republic of the Congo,2022-01-13 04:50:24,2022-01-13,1.6807,30.921,624.1500244140625,0.0010000000474974513,DAHITI product datum,water_level_altimetry_Albert.nc
Albert,Democratic Republic of the Congo,2022-01-20 07:57:36,2022-01-20,1.6807,30.921,624.2020263671875,0.0,DAHITI product datum,water_level_altimetry_Albert.nc
Albert,Democratic Republic of the Congo,2022-01-20 19:56:28,2022-01-20,1.6807,30.921,623.97998046875,0.0,DAHITI product datum,water_level_altimetry_Albert.nc
Albert,Democratic Republic of the Congo,2022-01-29 16:03:17,2022-01-29,1.6807,30.921,624.0540161132812,0.0,DAHITI product datum,water_level_altimetry_Albert.nc
Albert,Democratic Republic of the Congo,2022-02-06 19:54:54,2022-02-06,1.6807,30.921,623.927001953125,0.0,DAHITI product datum,water_level_altimetry_Albert.nc
Albert,Democratic Republic of the Congo,2022-02-11 03:26:29,2022-02-11,1.6807,30.921,623.8489990234375,0.0,DAHITI product datum,water_level_altimetry_Albert.nc
Albert,Democratic Republic of the Congo,2022-02-16 08:10:05,2022-02-16,1.6807,30.921,623.8920288085938,0.0010000000474974513,DAHITI product datum,water_level_altimetry_Albert.nc
Albert,Democratic Republic of the Congo,2022-02-27 14:39:20,2022-02-27,1.6807,30.921,623.6090087890625,0.0,DAHITI product datum,water_level_altimetry_Albert.nc
Albert,Democratic Republic of the Congo,2022-03-03 14:31:07,2022-03-03,1.6807,30.921,623.6400146484375,0.0,DAHITI product datum,water_level_altimetry_Albert.nc
Albert,Democratic Republic of the Congo,2022-03-05 19:54:51,2022-03-05,1.6807,30.921,623.677978515625,0.0010000000474974513,DAHITI product datum,water_level_altimetry_Albert.nc
Albert,Democratic Republic of the Congo,2022-03-12 02:02:34,2022-03-12,1.6807,30.921,623.5650024414062,0.0,DAHITI product datum,water_level_altimetry_Albert.nc
Albert,Democratic Republic of the Congo,2022-03-15 07:57:32,2022-03-15,1.6807,30.921,623.5399780273438,0.0010000000474974513,DAHITI product datum,water_level_altimetry_Albert.nc
Albert,Democratic Republic of the Congo,2022-03-15 13:50:18,2022-03-15,1.6807,30.921,623.6199951171875,0.0010000000474974513,DAHITI product datum,water_level_altimetry_Albert.nc
Albert,Democratic Republic of the Congo,2022-03-16 01:54:07,2022-03-16,1.6807,30.921,623.469970703125,0.0,DAHITI product datum,water_level_altimetry_Albert.nc
Albert,Democratic Republic of the Congo,2022-04-01 13:10:20,2022-04-01,1.6807,30.921,623.4400024414062,0.0,DAHITI product datum,water_level_altimetry_Albert.nc
Albert,Democratic Republic of the Congo,2022-04-11 07:57:35,2022-04-11,1.6807,30.921,623.3740234375,0.0,DAHITI product datum,water_level_altimetry_Albert.nc
Albert,Democratic Republic of the Congo,2022-04-11 13:55:28,2022-04-11,1.6807,30.921,623.4019775390625,0.0,DAHITI product datum,water_level_altimetry_Albert.nc
Albert,Democratic Republic of the Congo,2022-04-14 00:29:41,2022-04-14,1.6807,30.921,623.2839965820312,0.0,DAHITI product datum,water_level_altimetry_Albert.nc
Albert,Democratic Republic of the Congo,2022-04-28 19:54:56,2022-04-28,1.6807,30.921,623.3679809570312,0.0010000000474974513,DAHITI product datum,water_level_altimetry_Albert.nc
Albert,Democratic Republic of the Congo,2022-04-30 11:43:07,2022-04-30,1.6807,30.921,623.2420043945312,0.0,DAHITI product datum,water_level_altimetry_Albert.nc
Albert,Democratic Republic of the Congo,2022-06-02 10:11:05,2022-06-02,1.6807,30.921,623.0339965820312,0.0,DAHITI product datum,water_level_altimetry_Albert.nc
Albert,Democratic Republic of the Congo,2022-06-04 07:57:35,2022-06-04,1.6807,30.921,623.2069702148438,0.0,DAHITI product datum,water_level_altimetry_Albert.nc
Albert,Democratic Republic of the Congo,2022-06-04 14:18:55,2022-06-04,1.6807,30.921,623.2249755859375,0.0,DAHITI product datum,water_level_altimetry_Albert.nc
Albert,Democratic Republic of the Congo,2022-06-04 19:56:40,2022-06-04,1.6807,30.921,623.0009765625,0.0,DAHITI product datum,water_level_altimetry_Albert.nc
Albert,Democratic Republic of the Congo,2022-06-10 21:42:26,2022-06-10,1.6807,30.921,623.2230224609375,0.0,DAHITI product datum,water_level_altimetry_Albert.nc
Albert,Democratic Republic of the Congo,2022-06-14 21:33:56,2022-06-14,1.6807,30.921,623.072021484375,0.0,DAHITI product datum,water_level_altimetry_Albert.nc
Albert,Democratic Republic of the Congo,2022-07-01 19:56:41,2022-07-01,1.6807,30.921,622.864013671875,0.0,DAHITI product datum,water_level_altimetry_Albert.nc
Albert,Democratic Republic of the Congo,2022-07-13 20:10:10,2022-07-13,1.6807,30.921,622.9149780273438,0.0,DAHITI product datum,water_level_altimetry_Albert.nc
Albert,Democratic Republic of the Congo,2022-07-18 19:54:50,2022-07-18,1.6807,30.921,622.9459838867188,0.0010000000474974513,DAHITI product datum,water_level_altimetry_Albert.nc
Albert,Democratic Republic of the Congo,2022-07-28 19:56:44,2022-07-28,1.6807,30.921,622.8909912109375,0.0,DAHITI product datum,water_level_altimetry_Albert.nc
Albert,Democratic Republic of the Congo,2022-07-30 07:23:11,2022-07-30,1.6807,30.921,622.9860229492188,0.003000000026077032,DAHITI product datum,water_level_altimetry_Albert.nc
Albert,Democratic Republic of the Congo,2022-08-14 19:54:48,2022-08-14,1.6807,30.921,622.989013671875,0.0010000000474974513,DAHITI product datum,water_level_altimetry_Albert.nc
Albert,Democratic Republic of the Congo,2022-09-10 19:54:49,2022-09-10,1.6807,30.921,623.1170043945312,0.0010000000474974513,DAHITI product datum,water_level_altimetry_Albert.nc
Albert,Democratic Republic of the Congo,2022-09-20 19:56:40,2022-09-20,1.6807,30.921,623.0170288085938,0.0010000000474974513,DAHITI product datum,water_level_altimetry_Albert.nc
Albert,Democratic Republic of the Congo,2022-09-30 04:27:05,2022-09-30,1.6807,30.921,623.0269775390625,0.0,DAHITI product datum,water_level_altimetry_Albert.nc
Albert,Democratic Republic of the Congo,2022-10-12 15:50:00,2022-10-12,1.6807,30.921,623.1170043945312,0.0,DAHITI product datum,water_level_altimetry_Albert.nc
Albert,Democratic Republic of the Congo,2022-10-17 19:56:40,2022-10-17,1.6807,30.921,622.9130249023438,0.0,DAHITI product datum,water_level_altimetry_Albert.nc
Albert,Democratic Republic of the Congo,2022-11-10 14:26:00,2022-11-10,1.6807,30.921,623.0709838867188,0.0,DAHITI product datum,water_level_altimetry_Albert.nc
Albert,Democratic Republic of the Congo,2022-11-13 07:57:29,2022-11-13,1.6807,30.921,623.1290283203125,0.0010000000474974513,DAHITI product datum,water_level_altimetry_Albert.nc
Albert,Democratic Republic of the Congo,2022-11-13 19:56:44,2022-11-13,1.6807,30.921,622.989990234375,0.0,DAHITI product datum,water_level_altimetry_Albert.nc
Albert,Democratic Republic of the Congo,2022-11-30 19:54:45,2022-11-30,1.6807,30.921,623.22900390625,0.0010000000474974513,DAHITI product datum,water_level_altimetry_Albert.nc
Albert,Democratic Republic of the Congo,2022-12-01 01:30:39,2022-12-01,1.6807,30.921,623.177001953125,0.0,DAHITI product datum,water_level_altimetry_Albert.nc
Albert,Democratic Republic of the Congo,2022-12-10 07:57:26,2022-12-10,1.6807,30.921,623.2620239257812,0.0,DAHITI product datum,water_level_altimetry_Albert.nc
Albert,Democratic Republic of the Congo,2022-12-10 19:56:44,2022-12-10,1.6807,30.921,623.114013671875,0.0,DAHITI product datum,water_level_altimetry_Albert.nc
Albert,Democratic Republic of the Congo,2022-12-27 19:54:45,2022-12-27,1.6807,30.921,623.1480102539062,0.0010000000474974513,DAHITI product datum,water_level_altimetry_Albert.nc
Albert,Democratic Republic of the Congo,2023-01-06 07:57:28,2023-01-06,1.6807,30.921,623.1400146484375,0.0,DAHITI product datum,water_level_altimetry_Albert.nc
Albert,Democratic Republic of the Congo,2023-01-06 19:56:41,2023-01-06,1.6807,30.921,623.0540161132812,0.0,DAHITI product datum,water_level_altimetry_Albert.nc
Albert,Democratic Republic of the Congo,2023-01-11 11:29:39,2023-01-11,1.6807,30.921,623.010009765625,0.0,DAHITI product datum,water_level_altimetry_Albert.nc
Albert,Democratic Republic of the Congo,2023-01-27 22:42:43,2023-01-27,1.6807,30.921,623.0189819335938,0.0,DAHITI product datum,water_level_altimetry_Albert.nc
Albert,Democratic Republic of the Congo,2023-02-09 10:05:47,2023-02-09,1.6807,30.921,622.9760131835938,0.0,DAHITI product datum,water_level_altimetry_Albert.nc
Albert,Democratic Republic of the Congo,2023-02-19 19:54:47,2023-02-19,1.6807,30.921,622.8369750976562,0.0010000000474974513,DAHITI product datum,water_level_altimetry_Albert.nc
Albert,Democratic Republic of the Congo,2023-03-10 08:41:50,2023-03-10,1.6807,30.921,622.6890258789062,0.0,DAHITI product datum,water_level_altimetry_Albert.nc
Albert,Democratic Republic of the Congo,2023-03-28 19:56:42,2023-03-28,1.6807,30.921,622.5430297851562,0.0010000000474974513,DAHITI product datum,water_level_altimetry_Albert.nc
Albert,Democratic Republic of the Congo,2023-04-12 07:09:26,2023-04-12,1.6807,30.921,622.7410278320312,0.0,DAHITI product datum,water_level_altimetry_Albert.nc
Albert,Democratic Republic of the Congo,2023-04-14 19:54:53,2023-04-14,1.6807,30.921,622.7919921875,0.0,DAHITI product datum,water_level_altimetry_Albert.nc
Albert,Democratic Republic of the Congo,2023-05-11 05:45:30,2023-05-11,1.6807,30.921,622.6810302734375,0.0,DAHITI product datum,water_level_altimetry_Albert.nc
Albert,Democratic Republic of the Congo,2023-05-11 06:39:11,2023-05-11,1.6807,30.921,622.698974609375,0.0020000000949949026,DAHITI product datum,water_level_altimetry_Albert.nc
Albert,Democratic Republic of the Congo,2023-05-27 16:58:18,2023-05-27,1.6807,30.921,622.68701171875,0.0,DAHITI product datum,water_level_altimetry_Albert.nc
Albert,Democratic Republic of the Congo,2023-05-31 16:50:01,2023-05-31,1.6807,30.921,622.6929931640625,0.0,DAHITI product datum,water_level_altimetry_Albert.nc
Albert,Democratic Republic of the Congo,2023-06-07 19:54:50,2023-06-07,1.6807,30.921,622.7340087890625,0.0,DAHITI product datum,water_level_altimetry_Albert.nc
Albert,Democratic Republic of the Congo,2023-06-13 04:12:50,2023-06-13,1.6807,30.921,622.7139892578125,0.0,DAHITI product datum,water_level_altimetry_Albert.nc
Albert,Democratic Republic of the Congo,2023-06-17 07:57:30,2023-06-17,1.6807,30.921,622.77197265625,0.0010000000474974513,DAHITI product datum,water_level_altimetry_Albert.nc
Albert,Democratic Republic of the Congo,2023-06-17 19:56:50,2023-06-17,1.6807,30.921,622.6339721679688,0.0010000000474974513,DAHITI product datum,water_level_altimetry_Albert.nc
Albert,Democratic Republic of the Congo,2023-06-29 15:25:47,2023-06-29,1.6807,30.921,622.7260131835938,0.0,DAHITI product datum,water_level_altimetry_Albert.nc
Albert,Democratic Republic of the Congo,2023-07-04 19:54:46,2023-07-04,1.6807,30.921,622.8510131835938,0.003000000026077032,DAHITI product datum,water_level_altimetry_Albert.nc
Albert,Democratic Republic of the Congo,2023-07-12 02:48:46,2023-07-12,1.6807,30.921,622.8040161132812,0.0,DAHITI product datum,water_level_altimetry_Albert.nc
Albert,Democratic Republic of the Congo,2023-07-14 07:57:28,2023-07-14,1.6807,30.921,622.8679809570312,0.0,DAHITI product datum,water_level_altimetry_Albert.nc
Albert,Democratic Republic of the Congo,2023-07-14 13:50:34,2023-07-14,1.6807,30.921,622.8720092773438,0.0,DAHITI product datum,water_level_altimetry_Albert.nc
Albert,Democratic Republic of the Congo,2023-07-28 14:01:34,2023-07-28,1.6807,30.921,622.8200073242188,0.0,DAHITI product datum,water_level_altimetry_Albert.nc
Albert,Democratic Republic of the Congo,2023-08-10 07:57:24,2023-08-10,1.6807,30.921,622.7949829101562,0.0,DAHITI product datum,water_level_altimetry_Albert.nc
Albert,Democratic Republic of the Congo,2023-08-26 12:37:32,2023-08-26,1.6807,30.921,622.7410278320312,0.0,DAHITI product datum,water_level_altimetry_Albert.nc
Albert,Democratic Republic of the Congo,2023-08-27 19:54:42,2023-08-27,1.6807,30.921,622.7949829101562,0.0010000000474974513,DAHITI product datum,water_level_altimetry_Albert.nc
Albert,Democratic Republic of the Congo,2023-08-30 12:29:16,2023-08-30,1.6807,30.921,622.7559814453125,0.0,DAHITI product datum,water_level_altimetry_Albert.nc
Albert,Democratic Republic of the Congo,2023-09-08 00:00:43,2023-09-08,1.6807,30.921,622.708984375,0.0,DAHITI product datum,water_level_altimetry_Albert.nc
Albert,Democratic Republic of the Congo,2023-09-28 11:05:11,2023-09-28,1.6807,30.921,622.7249755859375,0.0,DAHITI product datum,water_level_altimetry_Albert.nc
Albert,Democratic Republic of the Congo,2023-10-03 19:56:51,2023-10-03,1.6807,30.921,622.6729736328125,0.0010000000474974513,DAHITI product datum,water_level_altimetry_Albert.nc
Albert,Democratic Republic of the Congo,2023-10-20 19:54:45,2023-10-20,1.6807,30.921,622.9869995117188,0.0,DAHITI product datum,water_level_altimetry_Albert.nc
Albert,Democratic Republic of the Congo,2023-10-30 07:57:28,2023-10-30,1.6807,30.921,623.0989990234375,0.0,DAHITI product datum,water_level_altimetry_Albert.nc
Albert,Democratic Republic of the Congo,2023-10-30 19:56:54,2023-10-30,1.6807,30.921,622.9149780273438,0.0010000000474974513,DAHITI product datum,water_level_altimetry_Albert.nc
Albert,Democratic Republic of the Congo,2023-11-08 21:04:16,2023-11-08,1.6807,30.921,623.2860107421875,0.006000000052154064,DAHITI product datum,water_level_altimetry_Albert.nc
Albert,Democratic Republic of the Congo,2023-11-16 19:54:43,2023-11-16,1.6807,30.921,623.2919921875,0.0010000000474974513,DAHITI product datum,water_level_altimetry_Albert.nc
Albert,Democratic Republic of the Congo,2023-11-25 08:17:04,2023-11-25,1.6807,30.921,623.4340209960938,0.004999999888241291,DAHITI product datum,water_level_altimetry_Albert.nc
Albert,Democratic Republic of the Congo,2023-11-29 08:08:50,2023-11-29,1.6807,30.921,623.4829711914062,0.0,DAHITI product datum,water_level_altimetry_Albert.nc
Albert,Democratic Republic of the Congo,2023-12-07 19:40:26,2023-12-07,1.6807,30.921,623.5880126953125,0.0,DAHITI product datum,water_level_altimetry_Albert.nc
Albert,Democratic Republic of the Congo,2023-12-11 19:31:57,2023-12-11,1.6807,30.921,623.5609741210938,0.0,DAHITI product datum,water_level_altimetry_Albert.nc
Albert,Democratic Republic of the Congo,2023-12-23 19:56:53,2023-12-23,1.6807,30.921,623.593017578125,0.0,DAHITI product datum,water_level_altimetry_Albert.nc
Albert,Democratic Republic of the Congo,2023-12-28 06:44:56,2023-12-28,1.6807,30.921,623.7109985351562,0.0020000000949949026,DAHITI product datum,water_level_altimetry_Albert.nc
Albert,Democratic Republic of the Congo,2024-01-09 18:07:51,2024-01-09,1.6807,30.921,623.7919921875,0.0,DAHITI product datum,water_level_altimetry_Albert.nc
Albert,Democratic Republic of the Congo,2024-01-09 18:17:16,2024-01-09,1.6807,30.921,623.7999877929688,0.0,DAHITI product datum,water_level_altimetry_Albert.nc
Albert,Democratic Republic of the Congo,2024-01-19 07:57:29,2024-01-19,1.6807,30.921,623.7169799804688,0.0,DAHITI product datum,water_level_altimetry_Albert.nc
Albert,Democratic Republic of the Congo,2024-01-19 08:03:41,2024-01-19,1.6807,30.921,623.7169799804688,0.0,DAHITI product datum,water_level_altimetry_Albert.nc
Albert,Democratic Republic of the Congo,2024-01-19 19:56:49,2024-01-19,1.6807,30.921,623.5770263671875,0.0010000000474974513,DAHITI product datum,water_level_altimetry_Albert.nc
Albert,Democratic Republic of the Congo,2024-01-26 05:20:41,2024-01-26,1.6807,30.921,623.7059936523438,0.0010000000474974513,DAHITI product datum,water_level_altimetry_Albert.nc
Albert,Democratic Republic of the Congo,2024-02-05 19:54:48,2024-02-05,1.6807,30.921,623.7009887695312,0.0,DAHITI product datum,water_level_altimetry_Albert.nc
Albert,Democratic Republic of the Congo,2024-02-07 16:43:49,2024-02-07,1.6807,30.921,623.60302734375,0.0,DAHITI product datum,water_level_altimetry_Albert.nc
Albert,Democratic Republic of the Congo,2024-02-15 07:57:29,2024-02-15,1.6807,30.921,623.7109985351562,0.0,DAHITI product datum,water_level_altimetry_Albert.nc
Albert,Democratic Republic of the Congo,2024-02-15 09:16:47,2024-02-15,1.6807,30.921,623.7119750976562,0.0,DAHITI product datum,water_level_altimetry_Albert.nc
Albert,Democratic Republic of the Congo,2024-02-15 19:56:54,2024-02-15,1.6807,30.921,623.5570068359375,0.0010000000474974513,DAHITI product datum,water_level_altimetry_Albert.nc
Albert,Democratic Republic of the Congo,2024-02-24 03:56:32,2024-02-24,1.6807,30.921,623.5570068359375,0.0,DAHITI product datum,water_level_altimetry_Albert.nc
Albert,Democratic Republic of the Congo,2024-03-07 15:19:51,2024-03-07,1.6807,30.921,623.666015625,0.0,DAHITI product datum,water_level_altimetry_Albert.nc
Albert,Democratic Republic of the Congo,2024-03-11 15:11:17,2024-03-11,1.6807,30.921,623.5170288085938,0.0,DAHITI product datum,water_level_altimetry_Albert.nc
Albert,Democratic Republic of the Congo,2024-03-13 19:56:53,2024-03-13,1.6807,30.921,623.4329833984375,0.0,DAHITI product datum,water_level_altimetry_Albert.nc
Albert,Democratic Republic of the Congo,2024-03-28 02:24:09,2024-03-28,1.6807,30.921,623.5139770507812,0.0,DAHITI product datum,water_level_altimetry_Albert.nc
Albert,Democratic Republic of the Congo,2024-03-30 19:54:49,2024-03-30,1.6807,30.921,623.64501953125,0.0020000000949949026,DAHITI product datum,water_level_altimetry_Albert.nc
Albert,Democratic Republic of the Congo,2024-04-09 19:56:54,2024-04-09,1.6807,30.921,623.5430297851562,0.0,DAHITI product datum,water_level_altimetry_Albert.nc
Albert,Democratic Republic of the Congo,2024-04-26 19:30:10,2024-04-26,1.6807,30.921,623.4650268554688,0.0,DAHITI product datum,water_level_altimetry_Albert.nc
Albert,Democratic Republic of the Congo,2024-05-06 19:57:00,2024-05-06,1.6807,30.921,623.530029296875,0.0,DAHITI product datum,water_level_altimetry_Albert.nc
Albert,Democratic Republic of the Congo,2024-05-08 12:23:22,2024-05-08,1.6807,30.921,623.6790161132812,0.0,DAHITI product datum,water_level_altimetry_Albert.nc
Albert,Democratic Republic of the Congo,2024-05-23 19:54:51,2024-05-23,1.6807,30.921,623.9210205078125,0.0010000000474974513,DAHITI product datum,water_level_altimetry_Albert.nc
Albert,Democratic Republic of the Congo,2024-06-02 19:57:04,2024-06-02,1.6807,30.921,623.8759765625,0.0,DAHITI product datum,water_level_altimetry_Albert.nc
Albert,Democratic Republic of the Congo,2024-06-19 19:54:51,2024-06-19,1.6807,30.921,624.06201171875,0.0,DAHITI product datum,water_level_altimetry_Albert.nc
Albert,Democratic Republic of the Congo,2024-06-26 22:04:18,2024-06-26,1.6807,30.921,624.073974609375,0.0,DAHITI product datum,water_level_altimetry_Albert.nc
Albert,Democratic Republic of the Congo,2024-07-09 09:26:52,2024-07-09,1.6807,30.921,624.0349731445312,0.0,DAHITI product datum,water_level_altimetry_Albert.nc
Albert,Democratic Republic of the Congo,2024-07-16 19:54:50,2024-07-16,1.6807,30.921,624.1079711914062,0.0010000000474974513,DAHITI product datum,water_level_altimetry_Albert.nc
Albert,Democratic Republic of the Congo,2024-07-25 20:39:46,2024-07-25,1.6807,30.921,624.2210083007812,0.0,DAHITI product datum,water_level_altimetry_Albert.nc
Albert,Democratic Republic of the Congo,2024-08-07 08:03:15,2024-08-07,1.6807,30.921,624.1820068359375,0.0,DAHITI product datum,water_level_altimetry_Albert.nc
Albert,Democratic Republic of the Congo,2024-08-12 19:54:47,2024-08-12,1.6807,30.921,624.2969970703125,0.0,DAHITI product datum,water_level_altimetry_Albert.nc
Albert,Democratic Republic of the Congo,2024-08-23 19:15:54,2024-08-23,1.6807,30.921,624.3829956054688,0.0,DAHITI product datum,water_level_altimetry_Albert.nc
Albert,Democratic Republic of the Congo,2024-08-27 19:07:47,2024-08-27,1.6807,30.921,624.3400268554688,0.0,DAHITI product datum,water_level_altimetry_Albert.nc
Albert,Democratic Republic of the Congo,2024-09-05 06:39:08,2024-09-05,1.6807,30.921,624.468017578125,0.0,DAHITI product datum,water_level_altimetry_Albert.nc
Albert,Democratic Republic of the Congo,2024-09-08 19:54:43,2024-09-08,1.6807,30.921,624.60400390625,0.0010000000474974513,DAHITI product datum,water_level_altimetry_Albert.nc
Albert,Democratic Republic of the Congo,2024-09-09 06:30:28,2024-09-09,1.6807,30.921,624.3930053710938,0.0,DAHITI product datum,water_level_altimetry_Albert.nc
Albert,Democratic Republic of the Congo,2024-09-18 07:57:26,2024-09-18,1.6807,30.921,624.6859741210938,0.0,DAHITI product datum,water_level_altimetry_Albert.nc
Albert,Democratic Republic of the Congo,2024-09-25 17:43:35,2024-09-25,1.6807,30.921,624.5880126953125,0.0,DAHITI product datum,water_level_altimetry_Albert.nc
Albert,Democratic Republic of the Congo,2024-10-05 19:54:47,2024-10-05,1.6807,30.921,624.7689819335938,0.0010000000474974513,DAHITI product datum,water_level_altimetry_Albert.nc
Albert,Democratic Republic of the Congo,2024-10-08 05:06:45,2024-10-08,1.6807,30.921,624.8369750976562,0.0010000000474974513,DAHITI product datum,water_level_altimetry_Albert.nc
Albert,Democratic Republic of the Congo,2024-10-15 07:57:30,2024-10-15,1.6807,30.921,624.864990234375,0.0010000000474974513,DAHITI product datum,water_level_altimetry_Albert.nc
Albert,Democratic Republic of the Congo,2024-10-24 16:19:30,2024-10-24,1.6807,30.921,624.8510131835938,0.0,DAHITI product datum,water_level_altimetry_Albert.nc
Albert,Democratic Republic of the Congo,2024-11-06 03:42:47,2024-11-06,1.6807,30.921,624.97900390625,0.0,DAHITI product datum,water_level_altimetry_Albert.nc
Albert,Democratic Republic of the Congo,2024-11-11 19:57:04,2024-11-11,1.6807,30.921,624.7479858398438,0.0010000000474974513,DAHITI product datum,water_level_altimetry_Albert.nc
Albert,Democratic Republic of the Congo,2024-11-22 14:55:25,2024-11-22,1.6807,30.921,624.8670043945312,0.0,DAHITI product datum,water_level_altimetry_Albert.nc
Albert,Democratic Republic of the Congo,2024-11-28 19:54:45,2024-11-28,1.6807,30.921,624.9439697265625,0.0020000000949949026,DAHITI product datum,water_level_altimetry_Albert.nc
Albert,Democratic Republic of the Congo,2024-12-08 07:57:26,2024-12-08,1.6807,30.921,624.9099731445312,0.0010000000474974513,DAHITI product datum,water_level_altimetry_Albert.nc
Albert,Democratic Republic of the Congo,2024-12-08 19:57:05,2024-12-08,1.6807,30.921,624.875,0.0,DAHITI product datum,water_level_altimetry_Albert.nc
Albert,Democratic Republic of the Congo,2024-12-09 02:10:17,2024-12-09,1.6807,30.921,624.9229736328125,0.0,DAHITI product datum,water_level_altimetry_Albert.nc
Albert,Democratic Republic of the Congo,2024-12-25 19:54:45,2024-12-25,1.6807,30.921,624.8469848632812,0.0,DAHITI product datum,water_level_altimetry_Albert.nc
Albert,Democratic Republic of the Congo,2025-01-04 07:57:27,2025-01-04,1.6807,30.921,624.7650146484375,0.0010000000474974513,DAHITI product datum,water_level_altimetry_Albert.nc
Albert,Democratic Republic of the Congo,2025-01-07 00:46:16,2025-01-07,1.6807,30.921,624.8560180664062,0.0020000000949949026,DAHITI product datum,water_level_altimetry_Albert.nc
Albert,Democratic Republic of the Congo,2025-01-21 19:54:50,2025-01-21,1.6807,30.921,624.656982421875,0.0010000000474974513,DAHITI product datum,water_level_altimetry_Albert.nc
Albert,Democratic Republic of the Congo,2025-01-23 11:59:09,2025-01-23,1.6807,30.921,624.5570068359375,0.0,DAHITI product datum,water_level_altimetry_Albert.nc
Albert,Democratic Republic of the Congo,2025-01-31 07:57:30,2025-01-31,1.6807,30.921,624.6290283203125,0.0,DAHITI product datum,water_level_altimetry_Albert.nc
Albert,Democratic Republic of the Congo,2025-01-31 19:57:00,2025-01-31,1.6807,30.921,624.4010009765625,0.0,DAHITI product datum,water_level_altimetry_Albert.nc
Albert,Democratic Republic of the Congo,2025-02-04 23:22:27,2025-02-04,1.6807,30.921,624.5770263671875,0.0,DAHITI product datum,water_level_altimetry_Albert.nc
Albert,Democratic Republic of the Congo,2025-02-17 19:54:50,2025-02-17,1.6807,30.921,624.3779907226562,0.0,DAHITI product datum,water_level_altimetry_Albert.nc
Albert,Democratic Republic of the Congo,2025-02-21 10:35:04,2025-02-21,1.6807,30.921,624.2999877929688,0.0,DAHITI product datum,water_level_altimetry_Albert.nc
Albert,Democratic Republic of the Congo,2025-02-27 19:57:04,2025-02-27,1.6807,30.921,624.125,0.0010000000474974513,DAHITI product datum,water_level_altimetry_Albert.nc
Albert,Democratic Republic of the Congo,2025-03-05 21:58:25,2025-03-05,1.6807,30.921,624.2579956054688,0.0,DAHITI product datum,water_level_altimetry_Albert.nc
Albert,Democratic Republic of the Congo,2025-03-09 21:49:50,2025-03-09,1.6807,30.921,624.1170043945312,0.0010000000474974513,DAHITI product datum,water_level_altimetry_Albert.nc
Albert,Democratic Republic of the Congo,2025-03-16 19:54:48,2025-03-16,1.6807,30.921,624.260986328125,0.0010000000474974513,DAHITI product datum,water_level_altimetry_Albert.nc
Albert,Democratic Republic of the Congo,2025-03-26 07:57:29,2025-03-26,1.6807,30.921,624.0800170898438,0.0,DAHITI product datum,water_level_altimetry_Albert.nc
Albert,Democratic Republic of the Congo,2025-03-26 19:57:04,2025-03-26,1.6807,30.921,623.9760131835938,0.0010000000474974513,DAHITI product datum,water_level_altimetry_Albert.nc
Albert,Democratic Republic of the Congo,2025-04-07 20:26:09,2025-04-07,1.6807,30.921,624.0469970703125,0.003000000026077032,DAHITI product datum,water_level_altimetry_Albert.nc
Albert,Democratic Republic of the Congo,2025-04-12 19:54:53,2025-04-12,1.6807,30.921,624.1079711914062,0.0010000000474974513,DAHITI product datum,water_level_altimetry_Albert.nc
Albert,Democratic Republic of the Congo,2025-04-22 19:57:04,2025-04-22,1.6807,30.921,623.9979858398438,0.0,DAHITI product datum,water_level_altimetry_Albert.nc
Albert,Democratic Republic of the Congo,2025-04-24 07:38:43,2025-04-24,1.6807,30.921,624.1270141601562,0.0,DAHITI product datum,water_level_altimetry_Albert.nc
Albert,Democratic Republic of the Congo,2025-05-06 19:02:01,2025-05-06,1.6807,30.921,624.083984375,0.0,DAHITI product datum,water_level_altimetry_Albert.nc
Albert,Democratic Republic of the Congo,2025-05-09 19:54:55,2025-05-09,1.6807,30.921,624.0859985351562,0.0010000000474974513,DAHITI product datum,water_level_altimetry_Albert.nc
Albert,Democratic Republic of the Congo,2025-05-19 07:57:37,2025-05-19,1.6807,30.921,624.1160278320312,0.0,DAHITI product datum,water_level_altimetry_Albert.nc
Albert,Democratic Republic of the Congo,2025-05-19 19:57:10,2025-05-19,1.6807,30.921,623.969970703125,0.0,DAHITI product datum,water_level_altimetry_Albert.nc
Albert,Democratic Republic of the Congo,2025-05-23 06:14:35,2025-05-23,1.6807,30.921,624.0579833984375,0.0,DAHITI product datum,water_level_altimetry_Albert.nc
Albert,Democratic Republic of the Congo,2025-05-27 06:06:15,2025-05-27,1.6807,30.921,623.9829711914062,0.007000000216066837,DAHITI product datum,water_level_altimetry_Albert.nc
Albert,Democratic Republic of the Congo,2025-06-04 17:37:37,2025-06-04,1.6807,30.921,624.1799926757812,0.0,DAHITI product datum,water_level_altimetry_Albert.nc
Albert,Democratic Republic of the Congo,2025-06-05 19:54:56,2025-06-05,1.6807,30.921,624.0479736328125,0.0010000000474974513,DAHITI product datum,water_level_altimetry_Albert.nc
Albert,Democratic Republic of the Congo,2025-06-08 17:29:15,2025-06-08,1.6807,30.921,624.0339965820312,0.0,DAHITI product datum,water_level_altimetry_Albert.nc
Albert,Democratic Republic of the Congo,2025-06-25 04:42:06,2025-06-25,1.6807,30.921,624.0159912109375,0.0,DAHITI product datum,water_level_altimetry_Albert.nc
Albert,Democratic Republic of the Congo,2025-07-07 16:05:12,2025-07-07,1.6807,30.921,624.0670166015625,0.0,DAHITI product datum,water_level_altimetry_Albert.nc
Albert,Democratic Republic of the Congo,2025-08-05 14:40:57,2025-08-05,1.6807,30.921,624.0490112304688,0.0,DAHITI product datum,water_level_altimetry_Albert.nc
Albert,Democratic Republic of the Congo,2025-08-08 19:57:18,2025-08-08,1.6807,30.921,623.9550170898438,0.0010000000474974513,DAHITI product datum,water_level_altimetry_Albert.nc
Albert,Democratic Republic of the Congo,2025-08-22 01:53:40,2025-08-22,1.6807,30.921,624.14697265625,0.0,DAHITI product datum,water_level_altimetry_Albert.nc
Albert,Democratic Republic of the Congo,2025-08-26 01:45:34,2025-08-26,1.6807,30.921,624.176025390625,0.0,DAHITI product datum,water_level_altimetry_Albert.nc
Albert,Democratic Republic of the Congo,2025-09-03 13:16:47,2025-09-03,1.6807,30.921,624.2550048828125,0.0,DAHITI product datum,water_level_altimetry_Albert.nc
Albert,Democratic Republic of the Congo,2025-09-07 13:08:23,2025-09-07,1.6807,30.921,624.166015625,0.0,DAHITI product datum,water_level_altimetry_Albert.nc
Albert,Democratic Republic of the Congo,2025-09-21 19:54:54,2025-09-21,1.6807,30.921,624.27001953125,0.0,DAHITI product datum,water_level_altimetry_Albert.nc
Albert,Democratic Republic of the Congo,2025-09-24 00:21:31,2025-09-24,1.6807,30.921,624.2329711914062,0.0,DAHITI product datum,water_level_altimetry_Albert.nc
Albert,Democratic Republic of the Congo,2025-10-06 11:44:13,2025-10-06,1.6807,30.921,624.3150024414062,0.0,DAHITI product datum,water_level_altimetry_Albert.nc
Albert,Democratic Republic of the Congo,2025-10-22 22:57:30,2025-10-22,1.6807,30.921,624.3510131835938,0.009999999776482582,DAHITI product datum,water_level_altimetry_Albert.nc
Albert,Democratic Republic of the Congo,2025-10-28 07:57:38,2025-10-28,1.6807,30.921,624.3289794921875,0.0,DAHITI product datum,water_level_altimetry_Albert.nc
Albert,Democratic Republic of the Congo,2025-10-28 19:57:18,2025-10-28,1.6807,30.921,624.2119750976562,0.0,DAHITI product datum,water_level_altimetry_Albert.nc
Albert,Democratic Republic of the Congo,2025-11-04 10:20:41,2025-11-04,1.6807,30.921,624.2999877929688,0.0,DAHITI product datum,water_level_altimetry_Albert.nc
Albert,Democratic Republic of the Congo,2025-11-14 19:54:54,2025-11-14,1.6807,30.921,624.35498046875,0.0,DAHITI product datum,water_level_altimetry_Albert.nc
Albert,Democratic Republic of the Congo,2025-11-20 21:33:46,2025-11-20,1.6807,30.921,624.2899780273438,0.0010000000474974513,DAHITI product datum,water_level_altimetry_Albert.nc
Albert,Democratic Republic of the Congo,2025-11-24 19:57:20,2025-11-24,1.6807,30.921,624.1589965820312,0.0010000000474974513,DAHITI product datum,water_level_altimetry_Albert.nc
Albert,Democratic Republic of the Congo,2025-11-24 21:04:22,2025-11-24,1.6807,30.921,624.219970703125,0.0,DAHITI product datum,water_level_altimetry_Albert.nc
Albert,Democratic Republic of the Congo,2025-12-03 08:56:44,2025-12-03,1.6807,30.921,624.2490234375,0.0,DAHITI product datum,water_level_altimetry_Albert.nc
Albert,Democratic Republic of the Congo,2025-12-07 08:48:34,2025-12-07,1.6807,30.921,624.1859741210938,0.0,DAHITI product datum,water_level_altimetry_Albert.nc
Albert,Democratic Republic of the Congo,2025-12-11 19:54:50,2025-12-11,1.6807,30.921,624.2639770507812,0.0010000000474974513,DAHITI product datum,water_level_altimetry_Albert.nc
Albert,Democratic Republic of the Congo,2025-12-21 07:57:35,2025-12-21,1.6807,30.921,624.2780151367188,0.0010000000474974513,DAHITI product datum,water_level_altimetry_Albert.nc
Albert,Democratic Republic of the Congo,2025-12-23 20:01:36,2025-12-23,1.6807,30.921,624.1229858398438,0.0,DAHITI product datum,water_level_altimetry_Albert.nc
Albert,Democratic Republic of the Congo,2026-01-05 07:24:20,2026-01-05,1.6807,30.921,624.1630249023438,0.0,DAHITI product datum,water_level_altimetry_Albert.nc
Albert,Democratic Republic of the Congo,2026-01-17 07:57:36,2026-01-17,1.6807,30.921,624.0599975585938,0.0,DAHITI product datum,water_level_altimetry_Albert.nc
Albert,Democratic Republic of the Congo,2026-01-21 18:37:24,2026-01-21,1.6807,30.921,624.0599975585938,0.0010000000474974513,DAHITI product datum,water_level_altimetry_Albert.nc
Albert,Democratic Republic of the Congo,2026-02-03 06:00:32,2026-02-03,1.6807,30.921,623.8489990234375,0.0,DAHITI product datum,water_level_altimetry_Albert.nc
Albert,Democratic Republic of the Congo,2026-02-03 19:54:56,2026-02-03,1.6807,30.921,623.9219970703125,0.0020000000949949026,DAHITI product datum,water_level_altimetry_Albert.nc
Albert,Democratic Republic of the Congo,2026-02-13 13:30:36,2026-02-13,1.6807,30.921,623.6619873046875,0.0,DAHITI product datum,water_level_altimetry_Albert.nc
Albert,Democratic Republic of the Congo,2026-02-13 19:57:21,2026-02-13,1.6807,30.921,623.6510009765625,0.0,DAHITI product datum,water_level_altimetry_Albert.nc
Albert,Democratic Republic of the Congo,2026-02-19 17:13:26,2026-02-19,1.6807,30.921,623.760009765625,0.0,DAHITI product datum,water_level_altimetry_Albert.nc
Albert,Democratic Republic of the Congo,2026-03-08 04:28:11,2026-03-08,1.6807,30.921,623.593017578125,0.0010000000474974513,DAHITI product datum,water_level_altimetry_Albert.nc
Albert,Democratic Republic of the Congo,2026-03-12 13:52:30,2026-03-12,1.6807,30.921,623.5560302734375,0.0,DAHITI product datum,water_level_altimetry_Albert.nc
Albert,Democratic Republic of the Congo,2026-03-29 19:55:00,2026-03-29,1.6807,30.921,623.7410278320312,0.0,DAHITI product datum,water_level_altimetry_Albert.nc
Albert,Democratic Republic of the Congo,2026-04-08 07:57:43,2026-04-08,1.6807,30.921,623.6939697265625,0.0,DAHITI product datum,water_level_altimetry_Albert.nc
Albert,Democratic Republic of the Congo,2026-04-08 13:44:38,2026-04-08,1.6807,30.921,623.5869750976562,0.0,DAHITI product datum,water_level_altimetry_Albert.nc
Albert,Democratic Republic of the Congo,2026-04-25 19:55:02,2026-04-25,1.6807,30.921,623.6589965820312,0.0010000000474974513,DAHITI product datum,water_level_altimetry_Albert.nc
Kyoga,Uganda,1992-09-27 19:35:00,1992-09-27,1.484,32.778,1033.07,0.079,EGM2008 mean sea level,water_level_Kyoga.txt
Kyoga,Uganda,1992-10-07 17:33:00,1992-10-07,1.484,32.778,1032.96,0.129,EGM2008 mean sea level,water_level_Kyoga.txt
Kyoga,Uganda,1992-10-17 15:32:00,1992-10-17,1.484,32.778,1033.62,0.117,EGM2008 mean sea level,water_level_Kyoga.txt
Kyoga,Uganda,1992-10-27 13:30:00,1992-10-27,1.484,32.778,1033.23,0.082,EGM2008 mean sea level,water_level_Kyoga.txt
Kyoga,Uganda,1992-11-06 11:29:00,1992-11-06,1.484,32.778,1033.53,0.056,EGM2008 mean sea level,water_level_Kyoga.txt
Kyoga,Uganda,1992-12-06 05:25:00,1992-12-06,1.484,32.778,1033.4,0.054,EGM2008 mean sea level,water_level_Kyoga.txt
Kyoga,Uganda,1992-12-16 03:23:00,1992-12-16,1.484,32.778,1033.21,0.093,EGM2008 mean sea level,water_level_Kyoga.txt
Kyoga,Uganda,1992-12-26 01:22:00,1992-12-26,1.484,32.778,1033.25,0.098,EGM2008 mean sea level,water_level_Kyoga.txt
Kyoga,Uganda,1993-01-14 21:19:00,1993-01-14,1.484,32.778,1033.1,0.123,EGM2008 mean sea level,water_level_Kyoga.txt
Kyoga,Uganda,1993-01-24 19:17:00,1993-01-24,1.484,32.778,1033.12,0.128,EGM2008 mean sea level,water_level_Kyoga.txt
Kyoga,Uganda,1993-02-03 17:16:00,1993-02-03,1.484,32.778,1032.54,0.138,EGM2008 mean sea level,water_level_Kyoga.txt
Kyoga,Uganda,1993-02-13 15:14:00,1993-02-13,1.484,32.778,1032.58,0.113,EGM2008 mean sea level,water_level_Kyoga.txt
Kyoga,Uganda,1993-02-23 13:13:00,1993-02-23,1.484,32.778,1033.42,0.173,EGM2008 mean sea level,water_level_Kyoga.txt
Kyoga,Uganda,1993-03-05 11:11:00,1993-03-05,1.484,32.778,1032.87,0.188,EGM2008 mean sea level,water_level_Kyoga.txt
Kyoga,Uganda,1993-03-25 07:08:00,1993-03-25,1.484,32.778,1032.7,0.175,EGM2008 mean sea level,water_level_Kyoga.txt
Kyoga,Uganda,1993-04-14 03:05:00,1993-04-14,1.484,32.778,1032.35,0.138,EGM2008 mean sea level,water_level_Kyoga.txt
Kyoga,Uganda,1993-04-24 01:04:00,1993-04-24,1.484,32.778,1032.07,0.189,EGM2008 mean sea level,water_level_Kyoga.txt
Kyoga,Uganda,1993-05-03 23:02:00,1993-05-03,1.484,32.778,1033.27,0.071,EGM2008 mean sea level,water_level_Kyoga.txt
Kyoga,Uganda,1993-05-13 21:01:00,1993-05-13,1.484,32.778,1031.89,0.05,EGM2008 mean sea level,water_level_Kyoga.txt
Kyoga,Uganda,1993-05-23 18:59:00,1993-05-23,1.484,32.778,1032.57,0.147,EGM2008 mean sea level,water_level_Kyoga.txt
Kyoga,Uganda,1993-06-02 16:58:00,1993-06-02,1.484,32.778,1032.96,0.11,EGM2008 mean sea level,water_level_Kyoga.txt
Kyoga,Uganda,1993-06-12 14:57:00,1993-06-12,1.484,32.778,1033.33,0.067,EGM2008 mean sea level,water_level_Kyoga.txt
Kyoga,Uganda,1993-07-02 10:54:00,1993-07-02,1.484,32.778,1033.2,0.06,EGM2008 mean sea level,water_level_Kyoga.txt
Kyoga,Uganda,1993-07-12 08:52:00,1993-07-12,1.484,32.778,1033.4,0.128,EGM2008 mean sea level,water_level_Kyoga.txt
Kyoga,Uganda,1993-07-22 06:51:00,1993-07-22,1.484,32.778,1033.21,0.054,EGM2008 mean sea level,water_level_Kyoga.txt
Kyoga,Uganda,1993-08-11 02:48:00,1993-08-11,1.484,32.778,1033.02,0.105,EGM2008 mean sea level,water_level_Kyoga.txt
Kyoga,Uganda,1993-08-21 00:46:00,1993-08-21,1.484,32.778,1033.31,0.068,EGM2008 mean sea level,water_level_Kyoga.txt
Kyoga,Uganda,1993-08-30 22:45:00,1993-08-30,1.484,32.778,1033.01,0.075,EGM2008 mean sea level,water_level_Kyoga.txt
Kyoga,Uganda,1993-09-09 20:43:00,1993-09-09,1.484,32.778,1033.08,0.084,EGM2008 mean sea level,water_level_Kyoga.txt
Kyoga,Uganda,1993-09-19 18:42:00,1993-09-19,1.484,32.778,1033.16,0.186,EGM2008 mean sea level,water_level_Kyoga.txt
Kyoga,Uganda,1993-09-29 16:40:00,1993-09-29,1.484,32.778,1033.19,0.139,EGM2008 mean sea level,water_level_Kyoga.txt
Kyoga,Uganda,1993-10-09 14:39:00,1993-10-09,1.484,32.778,1032.87,0.08,EGM2008 mean sea level,water_level_Kyoga.txt
Kyoga,Uganda,1993-11-08 08:34:00,1993-11-08,1.484,32.778,1032.78,0.129,EGM2008 mean sea level,water_level_Kyoga.txt
Kyoga,Uganda,1993-12-08 02:30:00,1993-12-08,1.484,32.778,1032.67,0.065,EGM2008 mean sea level,water_level_Kyoga.txt
Kyoga,Uganda,1993-12-18 00:28:00,1993-12-18,1.484,32.778,1032.83,0.132,EGM2008 mean sea level,water_level_Kyoga.txt
Kyoga,Uganda,1993-12-27 22:27:00,1993-12-27,1.484,32.778,1032.97,0.107,EGM2008 mean sea level,water_level_Kyoga.txt
Kyoga,Uganda,1994-01-16 18:24:00,1994-01-16,1.484,32.778,1032.33,0.078,EGM2008 mean sea level,water_level_Kyoga.txt
Kyoga,Uganda,1994-01-26 16:23:00,1994-01-26,1.484,32.778,1032.38,0.105,EGM2008 mean sea level,water_level_Kyoga.txt
Kyoga,Uganda,1994-02-05 14:21:00,1994-02-05,1.484,32.778,1032.4,0.078,EGM2008 mean sea level,water_level_Kyoga.txt
Kyoga,Uganda,1994-02-25 10:18:00,1994-02-25,1.484,32.778,1031.87,0.134,EGM2008 mean sea level,water_level_Kyoga.txt
Kyoga,Uganda,1994-03-27 04:14:00,1994-03-27,1.484,32.778,1031.95,0.12,EGM2008 mean sea level,water_level_Kyoga.txt
Kyoga,Uganda,1994-05-15 18:06:00,1994-05-15,1.484,32.778,1032.4,0.075,EGM2008 mean sea level,water_level_Kyoga.txt
Kyoga,Uganda,1994-05-25 16:05:00,1994-05-25,1.484,32.778,1032.01,0.159,EGM2008 mean sea level,water_level_Kyoga.txt
Kyoga,Uganda,1994-06-04 14:03:00,1994-06-04,1.484,32.778,1032.68,0.179,EGM2008 mean sea level,water_level_Kyoga.txt
Kyoga,Uganda,1994-08-12 23:53:00,1994-08-12,1.484,32.778,1032.57,0.099,EGM2008 mean sea level,water_level_Kyoga.txt
Kyoga,Uganda,1994-09-01 19:50:00,1994-09-01,1.484,32.778,1032.17,0.112,EGM2008 mean sea level,water_level_Kyoga.txt
Kyoga,Uganda,1994-09-11 17:49:00,1994-09-11,1.484,32.778,1032.78,0.07,EGM2008 mean sea level,water_level_Kyoga.txt
Kyoga,Uganda,1994-10-11 11:44:00,1994-10-11,1.484,32.778,1032.39,0.107,EGM2008 mean sea level,water_level_Kyoga.txt
Kyoga,Uganda,1994-11-20 03:38:00,1994-11-20,1.484,32.778,1032.29,0.157,EGM2008 mean sea level,water_level_Kyoga.txt
Kyoga,Uganda,1994-11-30 01:37:00,1994-11-30,1.484,32.778,1032.54,0.137,EGM2008 mean sea level,water_level_Kyoga.txt
Kyoga,Uganda,1994-12-29 19:32:00,1994-12-29,1.484,32.778,1032.86,0.088,EGM2008 mean sea level,water_level_Kyoga.txt
Kyoga,Uganda,1995-01-28 13:28:00,1995-01-28,1.484,32.778,1032.55,0.087,EGM2008 mean sea level,water_level_Kyoga.txt
Kyoga,Uganda,1995-02-07 11:26:00,1995-02-07,1.484,32.778,1032.16,0.146,EGM2008 mean sea level,water_level_Kyoga.txt
Kyoga,Uganda,1995-02-17 09:25:00,1995-02-17,1.484,32.778,1032.9,0.078,EGM2008 mean sea level,water_level_Kyoga.txt
Kyoga,Uganda,1995-02-27 07:24:00,1995-02-27,1.484,32.778,1032.4,0.084,EGM2008 mean sea level,water_level_Kyoga.txt
Kyoga,Uganda,1995-03-19 03:21:00,1995-03-19,1.484,32.778,1032.74,0.074,EGM2008 mean sea level,water_level_Kyoga.txt
Kyoga,Uganda,1995-04-17 21:16:00,1995-04-17,1.484,32.778,1032.61,0.116,EGM2008 mean sea level,water_level_Kyoga.txt
Kyoga,Uganda,1995-05-17 15:12:00,1995-05-17,1.484,32.778,1032.9,0.059,EGM2008 mean sea level,water_level_Kyoga.txt
Kyoga,Uganda,1995-05-27 13:10:00,1995-05-27,1.484,32.778,1032.18,0.167,EGM2008 mean sea level,water_level_Kyoga.txt
Kyoga,Uganda,1995-06-16 09:07:00,1995-06-16,1.484,32.778,1032.73,0.172,EGM2008 mean sea level,water_level_Kyoga.txt
Kyoga,Uganda,1995-07-16 03:03:00,1995-07-16,1.484,32.778,1033.2,0.138,EGM2008 mean sea level,water_level_Kyoga.txt
Kyoga,Uganda,1995-07-26 01:01:00,1995-07-26,1.484,32.778,1032.9,0.145,EGM2008 mean sea level,water_level_Kyoga.txt
Kyoga,Uganda,1995-08-04 23:00:00,1995-08-04,1.484,32.778,1032.62,0.138,EGM2008 mean sea level,water_level_Kyoga.txt
Kyoga,Uganda,1995-09-03 16:55:00,1995-09-03,1.484,32.778,1032.29,0.132,EGM2008 mean sea level,water_level_Kyoga.txt
Kyoga,Uganda,1995-09-13 14:54:00,1995-09-13,1.484,32.778,1033.11,0.108,EGM2008 mean sea level,water_level_Kyoga.txt
Kyoga,Uganda,1995-10-03 10:51:00,1995-10-03,1.484,32.778,1032.51,0.084,EGM2008 mean sea level,water_level_Kyoga.txt
Kyoga,Uganda,1995-10-13 08:50:00,1995-10-13,1.484,32.778,1032.7,0.07,EGM2008 mean sea level,water_level_Kyoga.txt
Kyoga,Uganda,1995-10-23 06:48:00,1995-10-23,1.484,32.778,1033.07,0.056,EGM2008 mean sea level,water_level_Kyoga.txt
Kyoga,Uganda,1995-11-02 04:47:00,1995-11-02,1.484,32.778,1033.09,0.146,EGM2008 mean sea level,water_level_Kyoga.txt
Kyoga,Uganda,1995-12-21 18:39:00,1995-12-21,1.484,32.778,1032.42,0.155,EGM2008 mean sea level,water_level_Kyoga.txt
Kyoga,Uganda,1996-01-10 14:36:00,1996-01-10,1.484,32.778,1032.82,0.142,EGM2008 mean sea level,water_level_Kyoga.txt
Kyoga,Uganda,1996-02-29 04:29:00,1996-02-29,1.484,32.778,1032.89,0.056,EGM2008 mean sea level,water_level_Kyoga.txt
Kyoga,Uganda,1996-03-29 22:25:00,1996-03-29,1.484,32.778,1032.85,0.099,EGM2008 mean sea level,water_level_Kyoga.txt
Kyoga,Uganda,1996-04-18 18:22:00,1996-04-18,1.484,32.778,1032.98,0.073,EGM2008 mean sea level,water_level_Kyoga.txt
Kyoga,Uganda,1996-05-08 14:19:00,1996-05-08,1.484,32.778,1032.96,0.068,EGM2008 mean sea level,water_level_Kyoga.txt
Kyoga,Uganda,1996-05-18 12:17:00,1996-05-18,1.484,32.778,1032.83,0.095,EGM2008 mean sea level,water_level_Kyoga.txt
Kyoga,Uganda,1996-06-07 08:14:00,1996-06-07,1.484,32.778,1032.67,0.056,EGM2008 mean sea level,water_level_Kyoga.txt
Kyoga,Uganda,1996-07-26 22:07:00,1996-07-26,1.484,32.778,1032.6,0.072,EGM2008 mean sea level,water_level_Kyoga.txt
Kyoga,Uganda,1996-08-15 18:04:00,1996-08-15,1.484,32.778,1032.77,0.155,EGM2008 mean sea level,water_level_Kyoga.txt
Kyoga,Uganda,1996-09-14 11:59:00,1996-09-14,1.484,32.778,1033.45,0.061,EGM2008 mean sea level,water_level_Kyoga.txt
Kyoga,Uganda,1996-10-04 07:56:00,1996-10-04,1.484,32.778,1033.43,0.092,EGM2008 mean sea level,water_level_Kyoga.txt
Kyoga,Uganda,1996-10-24 03:54:00,1996-10-24,1.484,32.778,1033.6,0.14,EGM2008 mean sea level,water_level_Kyoga.txt
Kyoga,Uganda,1996-11-03 01:52:00,1996-11-03,1.484,32.778,1033.65,0.127,EGM2008 mean sea level,water_level_Kyoga.txt
Kyoga,Uganda,1996-11-12 23:51:00,1996-11-12,1.484,32.778,1032.3,0.083,EGM2008 mean sea level,water_level_Kyoga.txt
Kyoga,Uganda,1997-01-11 11:42:00,1997-01-11,1.484,32.778,1033.09,0.117,EGM2008 mean sea level,water_level_Kyoga.txt
Kyoga,Uganda,1997-01-21 09:40:00,1997-01-21,1.484,32.778,1033.49,0.14,EGM2008 mean sea level,water_level_Kyoga.txt
Kyoga,Uganda,1997-02-20 03:36:00,1997-02-20,1.484,32.778,1033.08,0.107,EGM2008 mean sea level,water_level_Kyoga.txt
Kyoga,Uganda,1997-03-31 19:30:00,1997-03-31,1.484,32.778,1032.95,0.11,EGM2008 mean sea level,water_level_Kyoga.txt
Kyoga,Uganda,1997-04-30 13:26:00,1997-04-30,1.484,32.778,1033.05,0.054,EGM2008 mean sea level,water_level_Kyoga.txt
Kyoga,Uganda,1997-05-20 09:23:00,1997-05-20,1.484,32.778,1032.82,0.1,EGM2008 mean sea level,water_level_Kyoga.txt
Kyoga,Uganda,1997-09-06 11:06:00,1997-09-06,1.484,32.778,1033.27,0.094,EGM2008 mean sea level,water_level_Kyoga.txt
Kyoga,Uganda,1997-10-16 03:00:00,1997-10-16,1.484,32.778,1032.75,0.109,EGM2008 mean sea level,water_level_Kyoga.txt
Kyoga,Uganda,1997-10-26 00:59:00,1997-10-26,1.484,32.778,1033.08,0.126,EGM2008 mean sea level,water_level_Kyoga.txt
Kyoga,Uganda,1997-11-24 18:55:00,1997-11-24,1.484,32.778,1033.07,0.133,EGM2008 mean sea level,water_level_Kyoga.txt
Kyoga,Uganda,1997-12-04 16:53:00,1997-12-04,1.484,32.778,1033.34,0.08,EGM2008 mean sea level,water_level_Kyoga.txt
Kyoga,Uganda,1998-04-02 16:35:00,1998-04-02,1.484,32.778,1033.73,0.08,EGM2008 mean sea level,water_level_Kyoga.txt
Kyoga,Uganda,1998-04-22 12:32:00,1998-04-22,1.484,32.778,1034.08,0.06,EGM2008 mean sea level,water_level_Kyoga.txt
Kyoga,Uganda,1998-05-12 08:29:00,1998-05-12,1.484,32.778,1033.87,0.092,EGM2008 mean sea level,water_level_Kyoga.txt
Kyoga,Uganda,1998-08-19 12:15:00,1998-08-19,1.484,32.778,1034.57,0.17,EGM2008 mean sea level,water_level_Kyoga.txt
Kyoga,Uganda,1998-08-29 10:13:00,1998-08-29,1.484,32.778,1034.16,0.133,EGM2008 mean sea level,water_level_Kyoga.txt
Kyoga,Uganda,1998-09-18 06:10:00,1998-09-18,1.484,32.778,1034.65,0.147,EGM2008 mean sea level,water_level_Kyoga.txt
Kyoga,Uganda,1998-11-16 18:01:00,1998-11-16,1.484,32.778,1034.95,0.128,EGM2008 mean sea level,water_level_Kyoga.txt
Kyoga,Uganda,1998-11-26 16:00:00,1998-11-26,1.484,32.778,1034.72,0.116,EGM2008 mean sea level,water_level_Kyoga.txt
Kyoga,Uganda,1998-12-16 11:57:00,1998-12-16,1.484,32.778,1034.95,0.079,EGM2008 mean sea level,water_level_Kyoga.txt
Kyoga,Uganda,1999-02-23 21:47:00,1999-02-23,1.484,32.778,1035.02,0.158,EGM2008 mean sea level,water_level_Kyoga.txt
Kyoga,Uganda,1999-03-15 17:44:00,1999-03-15,1.484,32.778,1034.8,0.122,EGM2008 mean sea level,water_level_Kyoga.txt
Kyoga,Uganda,1999-04-04 13:41:00,1999-04-04,1.484,32.778,1034.71,0.082,EGM2008 mean sea level,water_level_Kyoga.txt
Kyoga,Uganda,1999-05-04 07:36:00,1999-05-04,1.484,32.778,1034.95,0.089,EGM2008 mean sea level,water_level_Kyoga.txt
Kyoga,Uganda,1999-06-22 21:29:00,1999-06-22,1.484,32.778,1034.87,0.149,EGM2008 mean sea level,water_level_Kyoga.txt
Kyoga,Uganda,1999-07-12 17:26:00,1999-07-12,1.484,32.778,1034.59,0.16,EGM2008 mean sea level,water_level_Kyoga.txt
Kyoga,Uganda,1999-08-01 13:23:00,1999-08-01,1.484,32.778,1035.1,0.102,EGM2008 mean sea level,water_level_Kyoga.txt
Kyoga,Uganda,1999-08-11 11:22:00,1999-08-11,1.484,32.778,1034.95,0.099,EGM2008 mean sea level,water_level_Kyoga.txt
Kyoga,Uganda,1999-09-10 05:17:00,1999-09-10,1.484,32.778,1034.62,0.175,EGM2008 mean sea level,water_level_Kyoga.txt
Kyoga,Uganda,1999-09-30 01:14:00,1999-09-30,1.484,32.778,1034.55,0.193,EGM2008 mean sea level,water_level_Kyoga.txt
Kyoga,Uganda,1999-10-09 23:13:00,1999-10-09,1.484,32.778,1035.01,0.152,EGM2008 mean sea level,water_level_Kyoga.txt
Kyoga,Uganda,1999-10-29 19:10:00,1999-10-29,1.484,32.778,1034.72,0.198,EGM2008 mean sea level,water_level_Kyoga.txt
Kyoga,Uganda,1999-11-28 13:05:00,1999-11-28,1.484,32.778,1034.82,0.128,EGM2008 mean sea level,water_level_Kyoga.txt
Kyoga,Uganda,1999-12-18 09:02:00,1999-12-18,1.484,32.778,1034.68,0.082,EGM2008 mean sea level,water_level_Kyoga.txt
Kyoga,Uganda,1999-12-28 07:01:00,1999-12-28,1.484,32.778,1034.68,0.172,EGM2008 mean sea level,water_level_Kyoga.txt
Kyoga,Uganda,2000-03-16 14:49:00,2000-03-16,1.484,32.778,1034.08,0.163,EGM2008 mean sea level,water_level_Kyoga.txt
Kyoga,Uganda,2000-03-26 12:48:00,2000-03-26,1.484,32.778,1034.38,0.082,EGM2008 mean sea level,water_level_Kyoga.txt
Kyoga,Uganda,2000-04-15 08:45:00,2000-04-15,1.484,32.778,1034.4,0.07,EGM2008 mean sea level,water_level_Kyoga.txt
Kyoga,Uganda,2000-06-03 22:37:00,2000-06-03,1.484,32.778,1034.77,0.177,EGM2008 mean sea level,water_level_Kyoga.txt
Kyoga,Uganda,2000-08-02 10:28:00,2000-08-02,1.484,32.778,1034.75,0.145,EGM2008 mean sea level,water_level_Kyoga.txt
Kyoga,Uganda,2000-08-12 08:27:00,2000-08-12,1.484,32.778,1034.76,0.093,EGM2008 mean sea level,water_level_Kyoga.txt
Kyoga,Uganda,2000-09-01 04:24:00,2000-09-01,1.484,32.778,1034.58,0.179,EGM2008 mean sea level,water_level_Kyoga.txt
Kyoga,Uganda,2000-09-21 00:21:00,2000-09-21,1.484,32.778,1034.61,0.137,EGM2008 mean sea level,water_level_Kyoga.txt
Kyoga,Uganda,2000-09-30 22:20:00,2000-09-30,1.484,32.778,1034.71,0.104,EGM2008 mean sea level,water_level_Kyoga.txt
Kyoga,Uganda,2000-10-10 20:18:00,2000-10-10,1.484,32.778,1034.75,0.08,EGM2008 mean sea level,water_level_Kyoga.txt
Kyoga,Uganda,2000-11-19 12:12:00,2000-11-19,1.484,32.778,1034.65,0.101,EGM2008 mean sea level,water_level_Kyoga.txt
Kyoga,Uganda,2000-11-29 10:11:00,2000-11-29,1.484,32.778,1034.89,0.167,EGM2008 mean sea level,water_level_Kyoga.txt
Kyoga,Uganda,2000-12-29 04:06:00,2000-12-29,1.484,32.778,1034.5,0.143,EGM2008 mean sea level,water_level_Kyoga.txt
Kyoga,Uganda,2001-02-16 17:59:00,2001-02-16,1.484,32.778,1034.55,0.165,EGM2008 mean sea level,water_level_Kyoga.txt
Kyoga,Uganda,2001-03-08 13:56:00,2001-03-08,1.484,32.778,1034.23,0.069,EGM2008 mean sea level,water_level_Kyoga.txt
Kyoga,Uganda,2001-03-18 11:55:00,2001-03-18,1.484,32.778,1034.54,0.085,EGM2008 mean sea level,water_level_Kyoga.txt
Kyoga,Uganda,2001-03-28 09:53:00,2001-03-28,1.484,32.778,1033.89,0.143,EGM2008 mean sea level,water_level_Kyoga.txt
Kyoga,Uganda,2001-04-17 05:50:00,2001-04-17,1.484,32.778,1034.08,0.12,EGM2008 mean sea level,water_level_Kyoga.txt
Kyoga,Uganda,2001-04-27 03:49:00,2001-04-27,1.484,32.778,1033.99,0.194,EGM2008 mean sea level,water_level_Kyoga.txt
Kyoga,Uganda,2001-05-26 21:44:00,2001-05-26,1.484,32.778,1033.73,0.115,EGM2008 mean sea level,water_level_Kyoga.txt
Kyoga,Uganda,2001-06-15 17:41:00,2001-06-15,1.484,32.778,1034.47,0.074,EGM2008 mean sea level,water_level_Kyoga.txt
Kyoga,Uganda,2001-06-25 15:40:00,2001-06-25,1.484,32.778,1034.37,0.062,EGM2008 mean sea level,water_level_Kyoga.txt
Kyoga,Uganda,2001-07-05 13:38:00,2001-07-05,1.484,32.778,1034.81,0.078,EGM2008 mean sea level,water_level_Kyoga.txt
Kyoga,Uganda,2001-07-15 11:37:00,2001-07-15,1.484,32.778,1034.5,0.076,EGM2008 mean sea level,water_level_Kyoga.txt
Kyoga,Uganda,2001-08-04 07:34:00,2001-08-04,1.484,32.778,1034.41,0.089,EGM2008 mean sea level,water_level_Kyoga.txt
Kyoga,Uganda,2001-10-22 15:22:00,2001-10-22,1.484,32.778,1034.76,0.144,EGM2008 mean sea level,water_level_Kyoga.txt
Kyoga,Uganda,2001-11-01 13:21:00,2001-11-01,1.484,32.778,1034.68,0.101,EGM2008 mean sea level,water_level_Kyoga.txt
Kyoga,Uganda,2001-11-11 11:19:00,2001-11-11,1.484,32.778,1034.51,0.06,EGM2008 mean sea level,water_level_Kyoga.txt
Kyoga,Uganda,2001-11-21 09:18:00,2001-11-21,1.484,32.778,1034.98,0.062,EGM2008 mean sea level,water_level_Kyoga.txt
Kyoga,Uganda,2001-12-11 05:15:00,2001-12-11,1.484,32.778,1034.42,0.124,EGM2008 mean sea level,water_level_Kyoga.txt
Kyoga,Uganda,2002-01-09 23:10:00,2002-01-09,1.484,32.778,1034.55,0.119,EGM2008 mean sea level,water_level_Kyoga.txt
Kyoga,Uganda,2002-01-19 21:08:00,2002-01-19,1.484,32.778,1034.56,0.055,EGM2008 mean sea level,water_level_Kyoga.txt
Kyoga,Uganda,2002-01-19 21:09:00,2002-01-19,1.484,32.778,1034.49,0.067,EGM2008 mean sea level,water_level_Kyoga.txt
Kyoga,Uganda,2002-02-08 17:05:00,2002-02-08,1.484,32.778,1034.39,0.056,EGM2008 mean sea level,water_level_Kyoga.txt
Kyoga,Uganda,2002-02-28 13:02:00,2002-02-28,1.484,32.778,1034.44,0.044,EGM2008 mean sea level,water_level_Kyoga.txt
Kyoga,Uganda,2002-02-28 13:03:00,2002-02-28,1.484,32.778,1034.33,0.18,EGM2008 mean sea level,water_level_Kyoga.txt
Kyoga,Uganda,2002-03-10 11:00:00,2002-03-10,1.484,32.778,1034.4,0.066,EGM2008 mean sea level,water_level_Kyoga.txt
Kyoga,Uganda,2002-03-10 11:01:00,2002-03-10,1.484,32.778,1034.73,0.083,EGM2008 mean sea level,water_level_Kyoga.txt
Kyoga,Uganda,2002-03-20 08:59:00,2002-03-20,1.484,32.778,1034.46,0.044,EGM2008 mean sea level,water_level_Kyoga.txt
Kyoga,Uganda,2002-03-20 09:00:00,2002-03-20,1.484,32.778,1034.58,0.073,EGM2008 mean sea level,water_level_Kyoga.txt
Kyoga,Uganda,2002-03-30 06:57:00,2002-03-30,1.484,32.778,1034.34,0.087,EGM2008 mean sea level,water_level_Kyoga.txt
Kyoga,Uganda,2002-04-09 04:56:00,2002-04-09,1.484,32.778,1034.38,0.063,EGM2008 mean sea level,water_level_Kyoga.txt
Kyoga,Uganda,2002-04-09 04:57:00,2002-04-09,1.484,32.778,1034.39,0.093,EGM2008 mean sea level,water_level_Kyoga.txt
Kyoga,Uganda,2002-04-19 02:54:00,2002-04-19,1.484,32.778,1034.49,0.053,EGM2008 mean sea level,water_level_Kyoga.txt
Kyoga,Uganda,2002-04-28 00:53:00,2002-04-28,1.484,32.778,1034.48,0.06,EGM2008 mean sea level,water_level_Kyoga.txt
Kyoga,Uganda,2002-05-08 22:51:00,2002-05-08,1.484,32.778,1034.55,0.043,EGM2008 mean sea level,water_level_Kyoga.txt
Kyoga,Uganda,2002-06-17 14:45:00,2002-06-17,1.484,32.778,1034.54,0.053,EGM2008 mean sea level,water_level_Kyoga.txt
Kyoga,Uganda,2002-06-17 14:47:00,2002-06-17,1.484,32.778,1034.27,0.129,EGM2008 mean sea level,water_level_Kyoga.txt
Kyoga,Uganda,2002-07-07 10:42:00,2002-07-07,1.484,32.778,1034.53,0.044,EGM2008 mean sea level,water_level_Kyoga.txt
Kyoga,Uganda,2002-07-17 08:41:00,2002-07-17,1.484,32.778,1034.56,0.045,EGM2008 mean sea level,water_level_Kyoga.txt
Kyoga,Uganda,2002-07-17 08:42:00,2002-07-17,1.484,32.778,1034.63,0.107,EGM2008 mean sea level,water_level_Kyoga.txt
Kyoga,Uganda,2002-07-27 06:40:00,2002-07-27,1.484,32.778,1034.5,0.047,EGM2008 mean sea level,water_level_Kyoga.txt
Kyoga,Uganda,2002-07-27 06:41:00,2002-07-27,1.484,32.778,1034.33,0.115,EGM2008 mean sea level,water_level_Kyoga.txt
Kyoga,Uganda,2002-09-04 22:34:00,2002-09-04,1.484,32.778,1034.24,0.099,EGM2008 mean sea level,water_level_Kyoga.txt
Kyoga,Uganda,2002-09-14 20:32:00,2002-09-14,1.484,32.778,1034.31,0.063,EGM2008 mean sea level,water_level_Kyoga.txt
Kyoga,Uganda,2002-10-24 12:26:00,2002-10-24,1.484,32.778,1034.45,0.043,EGM2008 mean sea level,water_level_Kyoga.txt
Kyoga,Uganda,2002-11-03 10:25:00,2002-11-03,1.484,32.778,1034.43,0.044,EGM2008 mean sea level,water_level_Kyoga.txt
Kyoga,Uganda,2002-11-13 08:23:00,2002-11-13,1.484,32.778,1034.39,0.046,EGM2008 mean sea level,water_level_Kyoga.txt
Kyoga,Uganda,2003-01-01 22:16:00,2003-01-01,1.484,32.778,1034.43,0.078,EGM2008 mean sea level,water_level_Kyoga.txt
Kyoga,Uganda,2003-01-11 20:14:00,2003-01-11,1.484,32.778,1034.59,0.049,EGM2008 mean sea level,water_level_Kyoga.txt
Kyoga,Uganda,2003-01-21 18:13:00,2003-01-21,1.484,32.778,1034.41,0.06,EGM2008 mean sea level,water_level_Kyoga.txt
Kyoga,Uganda,2003-02-10 14:10:00,2003-02-10,1.484,32.778,1034.4,0.046,EGM2008 mean sea level,water_level_Kyoga.txt
Kyoga,Uganda,2003-02-20 12:09:00,2003-02-20,1.484,32.778,1034.5,0.05,EGM2008 mean sea level,water_level_Kyoga.txt
Kyoga,Uganda,2003-04-20 00:00:00,2003-04-20,1.484,32.778,1034.37,0.049,EGM2008 mean sea level,water_level_Kyoga.txt
Kyoga,Uganda,2003-04-30 21:58:00,2003-04-30,1.484,32.778,1034.41,0.046,EGM2008 mean sea level,water_level_Kyoga.txt
Kyoga,Uganda,2003-05-20 17:55:00,2003-05-20,1.484,32.778,1034.33,0.049,EGM2008 mean sea level,water_level_Kyoga.txt
Kyoga,Uganda,2003-05-30 15:54:00,2003-05-30,1.484,32.778,1034.38,0.046,EGM2008 mean sea level,water_level_Kyoga.txt
Kyoga,Uganda,2003-06-19 11:51:00,2003-06-19,1.484,32.778,1034.42,0.044,EGM2008 mean sea level,water_level_Kyoga.txt
Kyoga,Uganda,2003-06-29 09:49:00,2003-06-29,1.484,32.778,1034.4,0.045,EGM2008 mean sea level,water_level_Kyoga.txt
Kyoga,Uganda,2003-07-09 07:48:00,2003-07-09,1.484,32.778,1034.53,0.044,EGM2008 mean sea level,water_level_Kyoga.txt
Kyoga,Uganda,2003-07-19 05:46:00,2003-07-19,1.484,32.778,1034.52,0.046,EGM2008 mean sea level,water_level_Kyoga.txt
Kyoga,Uganda,2003-07-29 03:45:00,2003-07-29,1.484,32.778,1034.42,0.054,EGM2008 mean sea level,water_level_Kyoga.txt
Kyoga,Uganda,2003-08-08 01:44:00,2003-08-08,1.484,32.778,1034.27,0.078,EGM2008 mean sea level,water_level_Kyoga.txt
Kyoga,Uganda,2003-08-17 23:42:00,2003-08-17,1.484,32.778,1034.42,0.047,EGM2008 mean sea level,water_level_Kyoga.txt
Kyoga,Uganda,2003-09-06 19:39:00,2003-09-06,1.484,32.778,1034.5,0.046,EGM2008 mean sea level,water_level_Kyoga.txt
Kyoga,Uganda,2003-10-16 11:33:00,2003-10-16,1.484,32.778,1034.38,0.072,EGM2008 mean sea level,water_level_Kyoga.txt
Kyoga,Uganda,2003-11-05 07:30:00,2003-11-05,1.484,32.778,1034.38,0.086,EGM2008 mean sea level,water_level_Kyoga.txt
Kyoga,Uganda,2003-11-15 05:29:00,2003-11-15,1.484,32.778,1034.45,0.046,EGM2008 mean sea level,water_level_Kyoga.txt
Kyoga,Uganda,2003-12-14 23:24:00,2003-12-14,1.484,32.778,1034.53,0.046,EGM2008 mean sea level,water_level_Kyoga.txt
Kyoga,Uganda,2003-12-24 21:23:00,2003-12-24,1.484,32.778,1034.52,0.043,EGM2008 mean sea level,water_level_Kyoga.txt
Kyoga,Uganda,2004-01-03 19:21:00,2004-01-03,1.484,32.778,1034.46,0.057,EGM2008 mean sea level,water_level_Kyoga.txt
Kyoga,Uganda,2004-01-13 17:20:00,2004-01-13,1.484,32.778,1034.42,0.045,EGM2008 mean sea level,water_level_Kyoga.txt
Kyoga,Uganda,2004-02-02 13:17:00,2004-02-02,1.484,32.778,1034.34,0.045,EGM2008 mean sea level,water_level_Kyoga.txt
Kyoga,Uganda,2004-02-12 11:16:00,2004-02-12,1.484,32.778,1034.35,0.044,EGM2008 mean sea level,water_level_Kyoga.txt
Kyoga,Uganda,2004-02-22 09:14:00,2004-02-22,1.484,32.778,1034.33,0.046,EGM2008 mean sea level,water_level_Kyoga.txt
Kyoga,Uganda,2004-03-13 05:11:00,2004-03-13,1.484,32.778,1034.18,0.057,EGM2008 mean sea level,water_level_Kyoga.txt
Kyoga,Uganda,2004-03-23 03:10:00,2004-03-23,1.484,32.778,1034.22,0.1,EGM2008 mean sea level,water_level_Kyoga.txt
Kyoga,Uganda,2004-04-11 23:07:00,2004-04-11,1.484,32.778,1034.32,0.046,EGM2008 mean sea level,water_level_Kyoga.txt
Kyoga,Uganda,2004-04-21 21:05:00,2004-04-21,1.484,32.778,1034.38,0.052,EGM2008 mean sea level,water_level_Kyoga.txt
Kyoga,Uganda,2004-05-01 19:04:00,2004-05-01,1.484,32.778,1034.35,0.044,EGM2008 mean sea level,water_level_Kyoga.txt
Kyoga,Uganda,2004-05-21 15:01:00,2004-05-21,1.484,32.778,1034.4,0.048,EGM2008 mean sea level,water_level_Kyoga.txt
Kyoga,Uganda,2004-06-20 08:56:00,2004-06-20,1.484,32.778,1034.46,0.043,EGM2008 mean sea level,water_level_Kyoga.txt
Kyoga,Uganda,2004-06-30 06:55:00,2004-06-30,1.484,32.778,1034.39,0.045,EGM2008 mean sea level,water_level_Kyoga.txt
Kyoga,Uganda,2004-08-08 22:49:00,2004-08-08,1.484,32.778,1034.43,0.044,EGM2008 mean sea level,water_level_Kyoga.txt
Kyoga,Uganda,2004-09-07 16:45:00,2004-09-07,1.484,32.778,1034.49,0.043,EGM2008 mean sea level,water_level_Kyoga.txt
Kyoga,Uganda,2004-09-17 14:43:00,2004-09-17,1.484,32.778,1034.33,0.074,EGM2008 mean sea level,water_level_Kyoga.txt
Kyoga,Uganda,2004-09-27 12:42:00,2004-09-27,1.484,32.778,1034.67,0.053,EGM2008 mean sea level,water_level_Kyoga.txt
Kyoga,Uganda,2004-10-07 10:40:00,2004-10-07,1.484,32.778,1034.54,0.043,EGM2008 mean sea level,water_level_Kyoga.txt
Kyoga,Uganda,2004-11-06 04:36:00,2004-11-06,1.484,32.778,1034.54,0.058,EGM2008 mean sea level,water_level_Kyoga.txt
Kyoga,Uganda,2004-11-16 02:34:00,2004-11-16,1.484,32.778,1034.57,0.048,EGM2008 mean sea level,water_level_Kyoga.txt
Kyoga,Uganda,2004-11-25 00:33:00,2004-11-25,1.484,32.778,1034.42,0.058,EGM2008 mean sea level,water_level_Kyoga.txt
Kyoga,Uganda,2004-12-05 22:31:00,2004-12-05,1.484,32.778,1034.5,0.048,EGM2008 mean sea level,water_level_Kyoga.txt
Kyoga,Uganda,2005-01-24 12:24:00,2005-01-24,1.484,32.778,1034.34,0.052,EGM2008 mean sea level,water_level_Kyoga.txt
Kyoga,Uganda,2005-02-13 08:21:00,2005-02-13,1.484,32.778,1034.27,0.044,EGM2008 mean sea level,water_level_Kyoga.txt
Kyoga,Uganda,2005-03-15 02:17:00,2005-03-15,1.484,32.778,1034.14,0.053,EGM2008 mean sea level,water_level_Kyoga.txt
Kyoga,Uganda,2005-04-13 20:12:00,2005-04-13,1.484,32.778,1034.14,0.053,EGM2008 mean sea level,water_level_Kyoga.txt
Kyoga,Uganda,2005-04-23 18:11:00,2005-04-23,1.484,32.778,1034.1,0.052,EGM2008 mean sea level,water_level_Kyoga.txt
Kyoga,Uganda,2005-05-13 14:08:00,2005-05-13,1.484,32.778,1034.12,0.045,EGM2008 mean sea level,water_level_Kyoga.txt
Kyoga,Uganda,2005-05-23 12:06:00,2005-05-23,1.484,32.778,1034.09,0.054,EGM2008 mean sea level,water_level_Kyoga.txt
Kyoga,Uganda,2005-07-02 04:01:00,2005-07-02,1.484,32.778,1034.11,0.044,EGM2008 mean sea level,water_level_Kyoga.txt
Kyoga,Uganda,2005-07-12 01:59:00,2005-07-12,1.484,32.778,1034.0,0.046,EGM2008 mean sea level,water_level_Kyoga.txt
Kyoga,Uganda,2005-07-21 23:58:00,2005-07-21,1.484,32.778,1034.11,0.049,EGM2008 mean sea level,water_level_Kyoga.txt
Kyoga,Uganda,2005-08-10 19:55:00,2005-08-10,1.484,32.778,1033.97,0.043,EGM2008 mean sea level,water_level_Kyoga.txt
Kyoga,Uganda,2005-08-20 17:53:00,2005-08-20,1.484,32.778,1034.04,0.044,EGM2008 mean sea level,water_level_Kyoga.txt
Kyoga,Uganda,2005-08-30 15:52:00,2005-08-30,1.484,32.778,1033.95,0.051,EGM2008 mean sea level,water_level_Kyoga.txt
Kyoga,Uganda,2005-09-19 11:49:00,2005-09-19,1.484,32.778,1034.2,0.044,EGM2008 mean sea level,water_level_Kyoga.txt
Kyoga,Uganda,2005-09-29 09:47:00,2005-09-29,1.484,32.778,1034.11,0.044,EGM2008 mean sea level,water_level_Kyoga.txt
Kyoga,Uganda,2005-10-19 05:44:00,2005-10-19,1.484,32.778,1033.97,0.043,EGM2008 mean sea level,water_level_Kyoga.txt
Kyoga,Uganda,2005-10-29 03:43:00,2005-10-29,1.484,32.778,1033.85,0.087,EGM2008 mean sea level,water_level_Kyoga.txt
Kyoga,Uganda,2005-11-08 01:41:00,2005-11-08,1.484,32.778,1033.92,0.084,EGM2008 mean sea level,water_level_Kyoga.txt
Kyoga,Uganda,2005-12-27 15:34:00,2005-12-27,1.484,32.778,1033.76,0.067,EGM2008 mean sea level,water_level_Kyoga.txt
Kyoga,Uganda,2006-01-16 11:31:00,2006-01-16,1.484,32.778,1033.81,0.043,EGM2008 mean sea level,water_level_Kyoga.txt
Kyoga,Uganda,2006-01-26 09:30:00,2006-01-26,1.484,32.778,1033.64,0.045,EGM2008 mean sea level,water_level_Kyoga.txt
Kyoga,Uganda,2006-02-05 07:28:00,2006-02-05,1.484,32.778,1033.58,0.044,EGM2008 mean sea level,water_level_Kyoga.txt
Kyoga,Uganda,2006-02-15 05:27:00,2006-02-15,1.484,32.778,1033.46,0.046,EGM2008 mean sea level,water_level_Kyoga.txt
Kyoga,Uganda,2006-03-07 01:24:00,2006-03-07,1.484,32.778,1033.36,0.053,EGM2008 mean sea level,water_level_Kyoga.txt
Kyoga,Uganda,2006-03-16 23:22:00,2006-03-16,1.484,32.778,1033.12,0.078,EGM2008 mean sea level,water_level_Kyoga.txt
Kyoga,Uganda,2006-03-26 21:21:00,2006-03-26,1.484,32.778,1033.3,0.057,EGM2008 mean sea level,water_level_Kyoga.txt
Kyoga,Uganda,2006-04-05 19:19:00,2006-04-05,1.484,32.778,1033.31,0.068,EGM2008 mean sea level,water_level_Kyoga.txt
Kyoga,Uganda,2006-04-15 17:18:00,2006-04-15,1.484,32.778,1033.13,0.044,EGM2008 mean sea level,water_level_Kyoga.txt
Kyoga,Uganda,2006-04-25 15:16:00,2006-04-25,1.484,32.778,1033.14,0.044,EGM2008 mean sea level,water_level_Kyoga.txt
Kyoga,Uganda,2006-05-05 13:15:00,2006-05-05,1.484,32.778,1033.21,0.043,EGM2008 mean sea level,water_level_Kyoga.txt
Kyoga,Uganda,2006-05-15 11:14:00,2006-05-15,1.484,32.778,1033.36,0.066,EGM2008 mean sea level,water_level_Kyoga.txt
Kyoga,Uganda,2006-06-04 07:11:00,2006-06-04,1.484,32.778,1033.1,0.043,EGM2008 mean sea level,water_level_Kyoga.txt
Kyoga,Uganda,2006-06-14 05:09:00,2006-06-14,1.484,32.778,1033.19,0.063,EGM2008 mean sea level,water_level_Kyoga.txt
Kyoga,Uganda,2006-06-24 03:08:00,2006-06-24,1.484,32.778,1033.16,0.054,EGM2008 mean sea level,water_level_Kyoga.txt
Kyoga,Uganda,2006-07-13 23:05:00,2006-07-13,1.484,32.778,1032.97,0.053,EGM2008 mean sea level,water_level_Kyoga.txt
Kyoga,Uganda,2006-07-23 21:03:00,2006-07-23,1.484,32.778,1032.92,0.059,EGM2008 mean sea level,water_level_Kyoga.txt
Kyoga,Uganda,2006-08-12 17:00:00,2006-08-12,1.484,32.778,1032.85,0.045,EGM2008 mean sea level,water_level_Kyoga.txt
Kyoga,Uganda,2006-09-01 12:57:00,2006-09-01,1.484,32.778,1032.88,0.075,EGM2008 mean sea level,water_level_Kyoga.txt
Kyoga,Uganda,2006-10-01 06:53:00,2006-10-01,1.484,32.778,1032.86,0.054,EGM2008 mean sea level,water_level_Kyoga.txt
Kyoga,Uganda,2006-10-11 04:51:00,2006-10-11,1.484,32.778,1032.84,0.058,EGM2008 mean sea level,water_level_Kyoga.txt
Kyoga,Uganda,2006-11-29 18:44:00,2006-11-29,1.484,32.778,1033.01,0.043,EGM2008 mean sea level,water_level_Kyoga.txt
Kyoga,Uganda,2007-01-18 08:37:00,2007-01-18,1.484,32.778,1033.06,0.045,EGM2008 mean sea level,water_level_Kyoga.txt
Kyoga,Uganda,2007-01-28 06:35:00,2007-01-28,1.484,32.778,1033.02,0.079,EGM2008 mean sea level,water_level_Kyoga.txt
Kyoga,Uganda,2007-02-07 04:34:00,2007-02-07,1.484,32.778,1032.96,0.047,EGM2008 mean sea level,water_level_Kyoga.txt
Kyoga,Uganda,2007-02-17 02:32:00,2007-02-17,1.484,32.778,1032.92,0.044,EGM2008 mean sea level,water_level_Kyoga.txt
Kyoga,Uganda,2007-02-26 00:31:00,2007-02-26,1.484,32.778,1032.93,0.046,EGM2008 mean sea level,water_level_Kyoga.txt
Kyoga,Uganda,2007-03-18 20:28:00,2007-03-18,1.484,32.778,1032.7,0.071,EGM2008 mean sea level,water_level_Kyoga.txt
Kyoga,Uganda,2007-04-07 16:25:00,2007-04-07,1.484,32.778,1032.86,0.044,EGM2008 mean sea level,water_level_Kyoga.txt
Kyoga,Uganda,2007-04-17 14:24:00,2007-04-17,1.484,32.778,1032.97,0.044,EGM2008 mean sea level,water_level_Kyoga.txt
Kyoga,Uganda,2007-04-27 12:22:00,2007-04-27,1.484,32.778,1032.8,0.068,EGM2008 mean sea level,water_level_Kyoga.txt
Kyoga,Uganda,2007-05-17 08:19:00,2007-05-17,1.484,32.778,1032.47,0.074,EGM2008 mean sea level,water_level_Kyoga.txt
Kyoga,Uganda,2007-06-16 02:15:00,2007-06-16,1.484,32.778,1032.53,0.071,EGM2008 mean sea level,water_level_Kyoga.txt
Kyoga,Uganda,2007-06-25 00:13:00,2007-06-25,1.484,32.778,1032.81,0.048,EGM2008 mean sea level,water_level_Kyoga.txt
Kyoga,Uganda,2007-07-15 20:10:00,2007-07-15,1.484,32.778,1032.99,0.044,EGM2008 mean sea level,water_level_Kyoga.txt
Kyoga,Uganda,2007-07-25 18:09:00,2007-07-25,1.484,32.778,1032.86,0.054,EGM2008 mean sea level,water_level_Kyoga.txt
Kyoga,Uganda,2007-08-04 16:07:00,2007-08-04,1.484,32.778,1032.92,0.046,EGM2008 mean sea level,water_level_Kyoga.txt
Kyoga,Uganda,2007-09-13 08:01:00,2007-09-13,1.484,32.778,1033.21,0.044,EGM2008 mean sea level,water_level_Kyoga.txt
Kyoga,Uganda,2007-09-23 06:00:00,2007-09-23,1.484,32.778,1033.22,0.047,EGM2008 mean sea level,water_level_Kyoga.txt
Kyoga,Uganda,2007-10-22 23:56:00,2007-10-22,1.484,32.778,1033.4,0.051,EGM2008 mean sea level,water_level_Kyoga.txt
Kyoga,Uganda,2007-11-11 19:53:00,2007-11-11,1.484,32.778,1033.61,0.055,EGM2008 mean sea level,water_level_Kyoga.txt
Kyoga,Uganda,2007-11-21 17:51:00,2007-11-21,1.484,32.778,1033.36,0.105,EGM2008 mean sea level,water_level_Kyoga.txt
Kyoga,Uganda,2007-12-01 15:50:00,2007-12-01,1.484,32.778,1033.69,0.058,EGM2008 mean sea level,water_level_Kyoga.txt
Kyoga,Uganda,2007-12-11 13:48:00,2007-12-11,1.484,32.778,1033.6,0.044,EGM2008 mean sea level,water_level_Kyoga.txt
Kyoga,Uganda,2007-12-31 09:45:00,2007-12-31,1.484,32.778,1033.51,0.043,EGM2008 mean sea level,water_level_Kyoga.txt
Kyoga,Uganda,2008-01-20 05:42:00,2008-01-20,1.484,32.778,1033.33,0.054,EGM2008 mean sea level,water_level_Kyoga.txt
Kyoga,Uganda,2008-01-30 03:41:00,2008-01-30,1.484,32.778,1033.49,0.045,EGM2008 mean sea level,water_level_Kyoga.txt
Kyoga,Uganda,2008-02-09 01:39:00,2008-02-09,1.484,32.778,1033.31,0.051,EGM2008 mean sea level,water_level_Kyoga.txt
Kyoga,Uganda,2008-02-28 21:36:00,2008-02-28,1.484,32.778,1033.15,0.047,EGM2008 mean sea level,water_level_Kyoga.txt
Kyoga,Uganda,2008-03-09 19:35:00,2008-03-09,1.484,32.778,1033.12,0.05,EGM2008 mean sea level,water_level_Kyoga.txt
Kyoga,Uganda,2008-03-19 17:34:00,2008-03-19,1.484,32.778,1033.22,0.043,EGM2008 mean sea level,water_level_Kyoga.txt
Kyoga,Uganda,2008-03-29 15:32:00,2008-03-29,1.484,32.778,1033.22,0.049,EGM2008 mean sea level,water_level_Kyoga.txt
Kyoga,Uganda,2008-05-28 03:23:00,2008-05-28,1.484,32.778,1033.29,0.046,EGM2008 mean sea level,water_level_Kyoga.txt
Kyoga,Uganda,2008-06-16 23:20:00,2008-06-16,1.484,32.778,1033.33,0.043,EGM2008 mean sea level,water_level_Kyoga.txt
Kyoga,Uganda,2008-06-26 21:19:00,2008-06-26,1.484,32.778,1033.25,0.046,EGM2008 mean sea level,water_level_Kyoga.txt
Kyoga,Uganda,2008-07-16 17:16:00,2008-07-16,1.484,32.778,1033.25,0.047,EGM2008 mean sea level,water_level_Kyoga.txt
Kyoga,Uganda,2008-07-16 17:17:00,2008-07-16,1.484,32.778,1033.08,0.053,EGM2008 mean sea level,water_level_Kyoga.txt
Kyoga,Uganda,2008-07-26 15:15:00,2008-07-26,1.484,32.778,1033.54,0.046,EGM2008 mean sea level,water_level_Kyoga.txt
Kyoga,Uganda,2008-08-05 13:13:00,2008-08-05,1.484,32.778,1033.13,0.056,EGM2008 mean sea level,water_level_Kyoga.txt
Kyoga,Uganda,2008-08-05 13:14:00,2008-08-05,1.484,32.778,1033.28,0.043,EGM2008 mean sea level,water_level_Kyoga.txt
Kyoga,Uganda,2008-08-15 11:12:00,2008-08-15,1.484,32.778,1033.25,0.044,EGM2008 mean sea level,water_level_Kyoga.txt
Kyoga,Uganda,2008-08-25 09:10:00,2008-08-25,1.484,32.778,1033.18,0.054,EGM2008 mean sea level,water_level_Kyoga.txt
Kyoga,Uganda,2008-08-25 09:11:00,2008-08-25,1.484,32.778,1033.29,0.043,EGM2008 mean sea level,water_level_Kyoga.txt
Kyoga,Uganda,2008-09-04 07:09:00,2008-09-04,1.484,32.778,1033.29,0.051,EGM2008 mean sea level,water_level_Kyoga.txt
Kyoga,Uganda,2008-09-14 05:08:00,2008-09-14,1.484,32.778,1032.86,0.068,EGM2008 mean sea level,water_level_Kyoga.txt
Kyoga,Uganda,2008-09-24 03:06:00,2008-09-24,1.484,32.778,1033.15,0.063,EGM2008 mean sea level,water_level_Kyoga.txt
Kyoga,Uganda,2008-09-24 03:06:00,2008-09-24,1.484,32.778,1033.21,0.043,EGM2008 mean sea level,water_level_Kyoga.txt
Kyoga,Uganda,2008-10-04 01:04:00,2008-10-04,1.484,32.778,1033.02,0.086,EGM2008 mean sea level,water_level_Kyoga.txt
Kyoga,Uganda,2008-10-04 01:05:00,2008-10-04,1.484,32.778,1033.18,0.046,EGM2008 mean sea level,water_level_Kyoga.txt
Kyoga,Uganda,2008-10-13 23:03:00,2008-10-13,1.484,32.778,1033.4,0.076,EGM2008 mean sea level,water_level_Kyoga.txt
Kyoga,Uganda,2008-10-13 23:04:00,2008-10-13,1.484,32.778,1033.25,0.05,EGM2008 mean sea level,water_level_Kyoga.txt
Kyoga,Uganda,2008-10-23 21:01:00,2008-10-23,1.484,32.778,1033.14,0.064,EGM2008 mean sea level,water_level_Kyoga.txt
Kyoga,Uganda,2008-10-23 21:02:00,2008-10-23,1.484,32.778,1033.16,0.045,EGM2008 mean sea level,water_level_Kyoga.txt
Kyoga,Uganda,2008-11-02 19:00:00,2008-11-02,1.484,32.778,1033.2,0.107,EGM2008 mean sea level,water_level_Kyoga.txt
Kyoga,Uganda,2008-11-02 19:01:00,2008-11-02,1.484,32.778,1033.09,0.051,EGM2008 mean sea level,water_level_Kyoga.txt
Kyoga,Uganda,2008-11-12 16:59:00,2008-11-12,1.484,32.778,1033.51,0.045,EGM2008 mean sea level,water_level_Kyoga.txt
Kyoga,Uganda,2008-11-22 14:57:00,2008-11-22,1.484,32.778,1033.17,0.044,EGM2008 mean sea level,water_level_Kyoga.txt
Kyoga,Uganda,2008-11-22 14:58:00,2008-11-22,1.484,32.778,1033.03,0.056,EGM2008 mean sea level,water_level_Kyoga.txt
Kyoga,Uganda,2008-12-02 12:56:00,2008-12-02,1.484,32.778,1033.49,0.046,EGM2008 mean sea level,water_level_Kyoga.txt
Kyoga,Uganda,2008-12-12 10:54:00,2008-12-12,1.484,32.778,1033.17,0.044,EGM2008 mean sea level,water_level_Kyoga.txt
Kyoga,Uganda,2008-12-12 10:55:00,2008-12-12,1.484,32.778,1033.25,0.042,EGM2008 mean sea level,water_level_Kyoga.txt
Kyoga,Uganda,2008-12-22 08:53:00,2008-12-22,1.484,32.778,1032.98,0.055,EGM2008 mean sea level,water_level_Kyoga.txt
Kyoga,Uganda,2009-01-01 06:52:00,2009-01-01,1.484,32.778,1033.21,0.052,EGM2008 mean sea level,water_level_Kyoga.txt
Kyoga,Uganda,2009-01-11 04:49:00,2009-01-11,1.484,32.778,1033.09,0.049,EGM2008 mean sea level,water_level_Kyoga.txt
Kyoga,Uganda,2009-01-11 04:50:00,2009-01-11,1.484,32.778,1033.09,0.051,EGM2008 mean sea level,water_level_Kyoga.txt
Kyoga,Uganda,2009-01-21 02:49:00,2009-01-21,1.484,32.778,1032.86,0.061,EGM2008 mean sea level,water_level_Kyoga.txt
Kyoga,Uganda,2009-01-30 00:47:00,2009-01-30,1.484,32.778,1033.04,0.045,EGM2008 mean sea level,water_level_Kyoga.txt
Kyoga,Uganda,2009-02-09 22:46:00,2009-02-09,1.484,32.778,1033.01,0.043,EGM2008 mean sea level,water_level_Kyoga.txt
Kyoga,Uganda,2009-02-19 20:44:00,2009-02-19,1.484,32.778,1032.93,0.048,EGM2008 mean sea level,water_level_Kyoga.txt
Kyoga,Uganda,2009-03-01 18:43:00,2009-03-01,1.484,32.778,1032.84,0.047,EGM2008 mean sea level,water_level_Kyoga.txt
Kyoga,Uganda,2009-03-11 16:41:00,2009-03-11,1.484,32.778,1032.84,0.043,EGM2008 mean sea level,water_level_Kyoga.txt
Kyoga,Uganda,2009-03-21 14:40:00,2009-03-21,1.484,32.778,1032.89,0.058,EGM2008 mean sea level,water_level_Kyoga.txt
Kyoga,Uganda,2009-03-31 12:38:00,2009-03-31,1.484,32.778,1032.75,0.043,EGM2008 mean sea level,water_level_Kyoga.txt
Kyoga,Uganda,2009-04-10 10:37:00,2009-04-10,1.484,32.778,1032.86,0.043,EGM2008 mean sea level,water_level_Kyoga.txt
Kyoga,Uganda,2009-04-20 08:35:00,2009-04-20,1.484,32.778,1032.82,0.044,EGM2008 mean sea level,water_level_Kyoga.txt
Kyoga,Uganda,2009-04-30 06:34:00,2009-04-30,1.484,32.778,1032.82,0.047,EGM2008 mean sea level,water_level_Kyoga.txt
Kyoga,Uganda,2009-05-10 04:33:00,2009-05-10,1.484,32.778,1032.7,0.045,EGM2008 mean sea level,water_level_Kyoga.txt
Kyoga,Uganda,2009-05-20 02:31:00,2009-05-20,1.484,32.778,1032.77,0.043,EGM2008 mean sea level,water_level_Kyoga.txt
Kyoga,Uganda,2009-05-29 00:30:00,2009-05-29,1.484,32.778,1032.7,0.044,EGM2008 mean sea level,water_level_Kyoga.txt
Kyoga,Uganda,2009-06-08 22:28:00,2009-06-08,1.484,32.778,1032.68,0.043,EGM2008 mean sea level,water_level_Kyoga.txt
Kyoga,Uganda,2009-06-18 20:27:00,2009-06-18,1.484,32.778,1032.62,0.047,EGM2008 mean sea level,water_level_Kyoga.txt
Kyoga,Uganda,2009-06-28 18:25:00,2009-06-28,1.484,32.778,1032.75,0.045,EGM2008 mean sea level,water_level_Kyoga.txt
Kyoga,Uganda,2009-07-08 16:24:00,2009-07-08,1.484,32.778,1032.8,0.043,EGM2008 mean sea level,water_level_Kyoga.txt
Kyoga,Uganda,2009-07-18 14:22:00,2009-07-18,1.484,32.778,1032.72,0.043,EGM2008 mean sea level,water_level_Kyoga.txt
Kyoga,Uganda,2009-07-28 12:21:00,2009-07-28,1.484,32.778,1032.75,0.043,EGM2008 mean sea level,water_level_Kyoga.txt
Kyoga,Uganda,2009-08-07 10:19:00,2009-08-07,1.484,32.778,1032.79,0.053,EGM2008 mean sea level,water_level_Kyoga.txt
Kyoga,Uganda,2009-08-17 08:18:00,2009-08-17,1.484,32.778,1032.98,0.049,EGM2008 mean sea level,water_level_Kyoga.txt
Kyoga,Uganda,2009-08-27 06:16:00,2009-08-27,1.484,32.778,1032.81,0.044,EGM2008 mean sea level,water_level_Kyoga.txt
Kyoga,Uganda,2009-09-06 04:15:00,2009-09-06,1.484,32.778,1032.72,0.043,EGM2008 mean sea level,water_level_Kyoga.txt
Kyoga,Uganda,2009-09-16 02:13:00,2009-09-16,1.484,32.778,1032.79,0.044,EGM2008 mean sea level,water_level_Kyoga.txt
Kyoga,Uganda,2009-09-25 00:12:00,2009-09-25,1.484,32.778,1032.7,0.045,EGM2008 mean sea level,water_level_Kyoga.txt
Kyoga,Uganda,2009-10-05 22:10:00,2009-10-05,1.484,32.778,1032.52,0.05,EGM2008 mean sea level,water_level_Kyoga.txt
Kyoga,Uganda,2009-10-15 20:09:00,2009-10-15,1.484,32.778,1032.6,0.047,EGM2008 mean sea level,water_level_Kyoga.txt
Kyoga,Uganda,2009-10-25 18:08:00,2009-10-25,1.484,32.778,1032.64,0.043,EGM2008 mean sea level,water_level_Kyoga.txt
Kyoga,Uganda,2009-11-04 16:06:00,2009-11-04,1.484,32.778,1032.76,0.043,EGM2008 mean sea level,water_level_Kyoga.txt
Kyoga,Uganda,2009-11-14 14:05:00,2009-11-14,1.484,32.778,1032.84,0.046,EGM2008 mean sea level,water_level_Kyoga.txt
Kyoga,Uganda,2009-11-24 12:03:00,2009-11-24,1.484,32.778,1032.67,0.047,EGM2008 mean sea level,water_level_Kyoga.txt
Kyoga,Uganda,2009-12-04 10:02:00,2009-12-04,1.484,32.778,1032.99,0.048,EGM2008 mean sea level,water_level_Kyoga.txt
Kyoga,Uganda,2009-12-14 08:00:00,2009-12-14,1.484,32.778,1032.61,0.046,EGM2008 mean sea level,water_level_Kyoga.txt
Kyoga,Uganda,2009-12-24 05:59:00,2009-12-24,1.484,32.778,1032.62,0.047,EGM2008 mean sea level,water_level_Kyoga.txt
Kyoga,Uganda,2010-01-03 03:57:00,2010-01-03,1.484,32.778,1032.66,0.043,EGM2008 mean sea level,water_level_Kyoga.txt
Kyoga,Uganda,2010-01-13 01:56:00,2010-01-13,1.484,32.778,1032.56,0.047,EGM2008 mean sea level,water_level_Kyoga.txt
Kyoga,Uganda,2010-01-22 23:54:00,2010-01-22,1.484,32.778,1032.63,0.043,EGM2008 mean sea level,water_level_Kyoga.txt
Kyoga,Uganda,2010-02-01 21:53:00,2010-02-01,1.484,32.778,1032.63,0.046,EGM2008 mean sea level,water_level_Kyoga.txt
Kyoga,Uganda,2010-02-11 19:51:00,2010-02-11,1.484,32.778,1032.58,0.043,EGM2008 mean sea level,water_level_Kyoga.txt
Kyoga,Uganda,2010-02-21 17:50:00,2010-02-21,1.484,32.778,1032.56,0.046,EGM2008 mean sea level,water_level_Kyoga.txt
Kyoga,Uganda,2010-03-03 15:48:00,2010-03-03,1.484,32.778,1032.7,0.043,EGM2008 mean sea level,water_level_Kyoga.txt
Kyoga,Uganda,2010-03-13 13:47:00,2010-03-13,1.484,32.778,1032.64,0.043,EGM2008 mean sea level,water_level_Kyoga.txt
Kyoga,Uganda,2010-03-23 11:45:00,2010-03-23,1.484,32.778,1032.89,0.047,EGM2008 mean sea level,water_level_Kyoga.txt
Kyoga,Uganda,2010-04-02 09:44:00,2010-04-02,1.484,32.778,1032.94,0.06,EGM2008 mean sea level,water_level_Kyoga.txt
Kyoga,Uganda,2010-04-12 07:42:00,2010-04-12,1.484,32.778,1032.75,0.043,EGM2008 mean sea level,water_level_Kyoga.txt
Kyoga,Uganda,2010-04-22 05:41:00,2010-04-22,1.484,32.778,1032.75,0.043,EGM2008 mean sea level,water_level_Kyoga.txt
Kyoga,Uganda,2010-05-02 03:39:00,2010-05-02,1.484,32.778,1032.74,0.044,EGM2008 mean sea level,water_level_Kyoga.txt
Kyoga,Uganda,2010-05-12 01:38:00,2010-05-12,1.484,32.778,1032.91,0.047,EGM2008 mean sea level,water_level_Kyoga.txt
Kyoga,Uganda,2010-05-21 23:37:00,2010-05-21,1.484,32.778,1032.94,0.043,EGM2008 mean sea level,water_level_Kyoga.txt
Kyoga,Uganda,2010-05-31 21:35:00,2010-05-31,1.484,32.778,1032.82,0.059,EGM2008 mean sea level,water_level_Kyoga.txt
Kyoga,Uganda,2010-06-10 19:34:00,2010-06-10,1.484,32.778,1033.05,0.043,EGM2008 mean sea level,water_level_Kyoga.txt
Kyoga,Uganda,2010-06-20 17:32:00,2010-06-20,1.484,32.778,1032.92,0.047,EGM2008 mean sea level,water_level_Kyoga.txt
Kyoga,Uganda,2010-06-30 15:31:00,2010-06-30,1.484,32.778,1033.51,0.043,EGM2008 mean sea level,water_level_Kyoga.txt
Kyoga,Uganda,2010-07-10 13:29:00,2010-07-10,1.484,32.778,1033.31,0.082,EGM2008 mean sea level,water_level_Kyoga.txt
Kyoga,Uganda,2010-07-20 11:28:00,2010-07-20,1.484,32.778,1033.3,0.059,EGM2008 mean sea level,water_level_Kyoga.txt
Kyoga,Uganda,2010-07-30 09:26:00,2010-07-30,1.484,32.778,1033.2,0.061,EGM2008 mean sea level,water_level_Kyoga.txt
Kyoga,Uganda,2010-08-09 07:25:00,2010-08-09,1.484,32.778,1033.23,0.043,EGM2008 mean sea level,water_level_Kyoga.txt
Kyoga,Uganda,2010-08-19 05:23:00,2010-08-19,1.484,32.778,1033.08,0.047,EGM2008 mean sea level,water_level_Kyoga.txt
Kyoga,Uganda,2010-08-29 03:22:00,2010-08-29,1.484,32.778,1033.14,0.044,EGM2008 mean sea level,water_level_Kyoga.txt
Kyoga,Uganda,2010-09-08 01:20:00,2010-09-08,1.484,32.778,1032.9,0.047,EGM2008 mean sea level,water_level_Kyoga.txt
Kyoga,Uganda,2010-09-17 23:19:00,2010-09-17,1.484,32.778,1033.29,0.059,EGM2008 mean sea level,water_level_Kyoga.txt
Kyoga,Uganda,2010-09-27 21:17:00,2010-09-27,1.484,32.778,1032.8,0.054,EGM2008 mean sea level,water_level_Kyoga.txt
Kyoga,Uganda,2010-10-07 19:16:00,2010-10-07,1.484,32.778,1033.18,0.068,EGM2008 mean sea level,water_level_Kyoga.txt
Kyoga,Uganda,2010-10-17 17:14:00,2010-10-17,1.484,32.778,1033.43,0.06,EGM2008 mean sea level,water_level_Kyoga.txt
Kyoga,Uganda,2010-10-27 15:13:00,2010-10-27,1.484,32.778,1033.23,0.043,EGM2008 mean sea level,water_level_Kyoga.txt
Kyoga,Uganda,2010-11-06 13:11:00,2010-11-06,1.484,32.778,1033.15,0.049,EGM2008 mean sea level,water_level_Kyoga.txt
Kyoga,Uganda,2010-11-16 11:10:00,2010-11-16,1.484,32.778,1033.18,0.047,EGM2008 mean sea level,water_level_Kyoga.txt
Kyoga,Uganda,2010-11-26 09:09:00,2010-11-26,1.484,32.778,1033.09,0.054,EGM2008 mean sea level,water_level_Kyoga.txt
Kyoga,Uganda,2010-12-06 07:07:00,2010-12-06,1.484,32.778,1033.12,0.043,EGM2008 mean sea level,water_level_Kyoga.txt
Kyoga,Uganda,2010-12-16 05:06:00,2010-12-16,1.484,32.778,1032.88,0.055,EGM2008 mean sea level,water_level_Kyoga.txt
Kyoga,Uganda,2010-12-26 03:04:00,2010-12-26,1.484,32.778,1032.77,0.05,EGM2008 mean sea level,water_level_Kyoga.txt
Kyoga,Uganda,2011-01-05 01:03:00,2011-01-05,1.484,32.778,1033.0,0.054,EGM2008 mean sea level,water_level_Kyoga.txt
Kyoga,Uganda,2011-01-14 23:01:00,2011-01-14,1.484,32.778,1032.85,0.045,EGM2008 mean sea level,water_level_Kyoga.txt
Kyoga,Uganda,2011-01-24 21:00:00,2011-01-24,1.484,32.778,1032.94,0.043,EGM2008 mean sea level,water_level_Kyoga.txt
Kyoga,Uganda,2011-02-03 18:58:00,2011-02-03,1.484,32.778,1032.77,0.044,EGM2008 mean sea level,water_level_Kyoga.txt
Kyoga,Uganda,2011-02-13 16:57:00,2011-02-13,1.484,32.778,1032.96,0.056,EGM2008 mean sea level,water_level_Kyoga.txt
Kyoga,Uganda,2011-02-23 14:55:00,2011-02-23,1.484,32.778,1032.79,0.047,EGM2008 mean sea level,water_level_Kyoga.txt
Kyoga,Uganda,2011-03-05 12:54:00,2011-03-05,1.484,32.778,1032.78,0.05,EGM2008 mean sea level,water_level_Kyoga.txt
Kyoga,Uganda,2011-03-15 10:52:00,2011-03-15,1.484,32.778,1032.72,0.043,EGM2008 mean sea level,water_level_Kyoga.txt
Kyoga,Uganda,2011-03-25 08:51:00,2011-03-25,1.484,32.778,1032.99,0.047,EGM2008 mean sea level,water_level_Kyoga.txt
Kyoga,Uganda,2011-04-04 06:49:00,2011-04-04,1.484,32.778,1032.61,0.045,EGM2008 mean sea level,water_level_Kyoga.txt
Kyoga,Uganda,2011-04-14 04:48:00,2011-04-14,1.484,32.778,1032.59,0.043,EGM2008 mean sea level,water_level_Kyoga.txt
Kyoga,Uganda,2011-04-24 02:46:00,2011-04-24,1.484,32.778,1032.6,0.044,EGM2008 mean sea level,water_level_Kyoga.txt
Kyoga,Uganda,2011-05-03 00:45:00,2011-05-03,1.484,32.778,1032.62,0.044,EGM2008 mean sea level,water_level_Kyoga.txt
Kyoga,Uganda,2011-05-13 22:43:00,2011-05-13,1.484,32.778,1032.62,0.043,EGM2008 mean sea level,water_level_Kyoga.txt
Kyoga,Uganda,2011-05-23 20:42:00,2011-05-23,1.484,32.778,1032.78,0.059,EGM2008 mean sea level,water_level_Kyoga.txt
Kyoga,Uganda,2011-06-02 18:40:00,2011-06-02,1.484,32.778,1032.5,0.043,EGM2008 mean sea level,water_level_Kyoga.txt
Kyoga,Uganda,2011-06-12 16:39:00,2011-06-12,1.484,32.778,1032.86,0.047,EGM2008 mean sea level,water_level_Kyoga.txt
Kyoga,Uganda,2011-06-22 14:38:00,2011-06-22,1.484,32.778,1032.8,0.043,EGM2008 mean sea level,water_level_Kyoga.txt
Kyoga,Uganda,2011-07-02 12:36:00,2011-07-02,1.484,32.778,1032.96,0.048,EGM2008 mean sea level,water_level_Kyoga.txt
Kyoga,Uganda,2011-07-12 10:35:00,2011-07-12,1.484,32.778,1032.74,0.043,EGM2008 mean sea level,water_level_Kyoga.txt
Kyoga,Uganda,2011-07-22 08:33:00,2011-07-22,1.484,32.778,1032.79,0.049,EGM2008 mean sea level,water_level_Kyoga.txt
Kyoga,Uganda,2011-08-01 06:32:00,2011-08-01,1.484,32.778,1032.83,0.043,EGM2008 mean sea level,water_level_Kyoga.txt
Kyoga,Uganda,2011-08-11 04:30:00,2011-08-11,1.484,32.778,1032.74,0.045,EGM2008 mean sea level,water_level_Kyoga.txt
Kyoga,Uganda,2011-08-21 02:29:00,2011-08-21,1.484,32.778,1032.71,0.045,EGM2008 mean sea level,water_level_Kyoga.txt
Kyoga,Uganda,2011-08-30 00:27:00,2011-08-30,1.484,32.778,1032.84,0.047,EGM2008 mean sea level,water_level_Kyoga.txt
Kyoga,Uganda,2011-09-09 22:26:00,2011-09-09,1.484,32.778,1032.99,0.051,EGM2008 mean sea level,water_level_Kyoga.txt
Kyoga,Uganda,2011-09-19 20:24:00,2011-09-19,1.484,32.778,1033.3,0.056,EGM2008 mean sea level,water_level_Kyoga.txt
Kyoga,Uganda,2011-09-29 18:23:00,2011-09-29,1.484,32.778,1033.1,0.058,EGM2008 mean sea level,water_level_Kyoga.txt
Kyoga,Uganda,2011-10-09 16:21:00,2011-10-09,1.484,32.778,1033.15,0.056,EGM2008 mean sea level,water_level_Kyoga.txt
Kyoga,Uganda,2011-10-19 14:20:00,2011-10-19,1.484,32.778,1033.3,0.045,EGM2008 mean sea level,water_level_Kyoga.txt
Kyoga,Uganda,2011-10-29 12:18:00,2011-10-29,1.484,32.778,1033.67,0.05,EGM2008 mean sea level,water_level_Kyoga.txt
Kyoga,Uganda,2011-11-08 10:17:00,2011-11-08,1.484,32.778,1033.49,0.056,EGM2008 mean sea level,water_level_Kyoga.txt
Kyoga,Uganda,2011-11-18 08:15:00,2011-11-18,1.484,32.778,1033.7,0.046,EGM2008 mean sea level,water_level_Kyoga.txt
Kyoga,Uganda,2011-11-28 06:14:00,2011-11-28,1.484,32.778,1033.73,0.046,EGM2008 mean sea level,water_level_Kyoga.txt
Kyoga,Uganda,2011-12-08 04:12:00,2011-12-08,1.484,32.778,1033.72,0.05,EGM2008 mean sea level,water_level_Kyoga.txt
Kyoga,Uganda,2011-12-18 02:11:00,2011-12-18,1.484,32.778,1033.91,0.057,EGM2008 mean sea level,water_level_Kyoga.txt
Kyoga,Uganda,2011-12-27 00:10:00,2011-12-27,1.484,32.778,1033.62,0.051,EGM2008 mean sea level,water_level_Kyoga.txt
Kyoga,Uganda,2012-01-06 22:08:00,2012-01-06,1.484,32.778,1033.63,0.06,EGM2008 mean sea level,water_level_Kyoga.txt
Kyoga,Uganda,2012-01-16 20:07:00,2012-01-16,1.484,32.778,1033.85,0.049,EGM2008 mean sea level,water_level_Kyoga.txt
Kyoga,Uganda,2012-01-26 18:05:00,2012-01-26,1.484,32.778,1033.76,0.062,EGM2008 mean sea level,water_level_Kyoga.txt
Kyoga,Uganda,2012-02-05 16:04:00,2012-02-05,1.484,32.778,1033.62,0.048,EGM2008 mean sea level,water_level_Kyoga.txt
Kyoga,Uganda,2012-02-15 14:02:00,2012-02-15,1.484,32.778,1033.7,0.043,EGM2008 mean sea level,water_level_Kyoga.txt
Kyoga,Uganda,2012-02-25 12:01:00,2012-02-25,1.484,32.778,1033.73,0.057,EGM2008 mean sea level,water_level_Kyoga.txt
Kyoga,Uganda,2012-03-06 09:59:00,2012-03-06,1.484,32.778,1033.49,0.054,EGM2008 mean sea level,water_level_Kyoga.txt
Kyoga,Uganda,2012-03-16 07:58:00,2012-03-16,1.484,32.778,1033.32,0.052,EGM2008 mean sea level,water_level_Kyoga.txt
Kyoga,Uganda,2012-03-26 05:56:00,2012-03-26,1.484,32.778,1033.39,0.044,EGM2008 mean sea level,water_level_Kyoga.txt
Kyoga,Uganda,2012-04-05 03:55:00,2012-04-05,1.484,32.778,1033.34,0.044,EGM2008 mean sea level,water_level_Kyoga.txt
Kyoga,Uganda,2012-04-15 01:53:00,2012-04-15,1.484,32.778,1033.26,0.047,EGM2008 mean sea level,water_level_Kyoga.txt
Kyoga,Uganda,2012-04-24 23:52:00,2012-04-24,1.484,32.778,1033.38,0.047,EGM2008 mean sea level,water_level_Kyoga.txt
Kyoga,Uganda,2012-05-04 21:50:00,2012-05-04,1.484,32.778,1033.34,0.044,EGM2008 mean sea level,water_level_Kyoga.txt
Kyoga,Uganda,2012-05-14 19:49:00,2012-05-14,1.484,32.778,1033.23,0.06,EGM2008 mean sea level,water_level_Kyoga.txt
Kyoga,Uganda,2012-05-24 17:47:00,2012-05-24,1.484,32.778,1033.22,0.049,EGM2008 mean sea level,water_level_Kyoga.txt
Kyoga,Uganda,2012-06-03 15:46:00,2012-06-03,1.484,32.778,1033.23,0.056,EGM2008 mean sea level,water_level_Kyoga.txt
Kyoga,Uganda,2012-06-13 13:44:00,2012-06-13,1.484,32.778,1033.25,0.048,EGM2008 mean sea level,water_level_Kyoga.txt
Kyoga,Uganda,2012-06-23 11:43:00,2012-06-23,1.484,32.778,1033.16,0.043,EGM2008 mean sea level,water_level_Kyoga.txt
Kyoga,Uganda,2012-07-03 09:41:00,2012-07-03,1.484,32.778,1033.13,0.066,EGM2008 mean sea level,water_level_Kyoga.txt
Kyoga,Uganda,2012-07-13 07:40:00,2012-07-13,1.484,32.778,1033.2,0.066,EGM2008 mean sea level,water_level_Kyoga.txt
Kyoga,Uganda,2012-07-23 05:39:00,2012-07-23,1.484,32.778,1033.18,0.043,EGM2008 mean sea level,water_level_Kyoga.txt
Kyoga,Uganda,2012-08-02 03:37:00,2012-08-02,1.484,32.778,1032.91,0.055,EGM2008 mean sea level,water_level_Kyoga.txt
Kyoga,Uganda,2012-08-12 01:36:00,2012-08-12,1.484,32.778,1033.07,0.045,EGM2008 mean sea level,water_level_Kyoga.txt
Kyoga,Uganda,2012-08-21 23:34:00,2012-08-21,1.484,32.778,1033.1,0.046,EGM2008 mean sea level,water_level_Kyoga.txt
Kyoga,Uganda,2012-08-31 21:33:00,2012-08-31,1.484,32.778,1033.05,0.053,EGM2008 mean sea level,water_level_Kyoga.txt
Kyoga,Uganda,2012-09-10 19:31:00,2012-09-10,1.484,32.778,1033.25,0.043,EGM2008 mean sea level,water_level_Kyoga.txt
Kyoga,Uganda,2012-09-20 17:30:00,2012-09-20,1.484,32.778,1033.6,0.048,EGM2008 mean sea level,water_level_Kyoga.txt
Kyoga,Uganda,2012-09-30 15:28:00,2012-09-30,1.484,32.778,1033.21,0.051,EGM2008 mean sea level,water_level_Kyoga.txt
Kyoga,Uganda,2012-10-10 13:27:00,2012-10-10,1.484,32.778,1033.21,0.044,EGM2008 mean sea level,water_level_Kyoga.txt
Kyoga,Uganda,2012-10-20 11:25:00,2012-10-20,1.484,32.778,1033.31,0.06,EGM2008 mean sea level,water_level_Kyoga.txt
Kyoga,Uganda,2012-10-30 09:24:00,2012-10-30,1.484,32.778,1033.38,0.047,EGM2008 mean sea level,water_level_Kyoga.txt
Kyoga,Uganda,2012-11-09 07:22:00,2012-11-09,1.484,32.778,1033.27,0.043,EGM2008 mean sea level,water_level_Kyoga.txt
Kyoga,Uganda,2012-11-19 05:21:00,2012-11-19,1.484,32.778,1033.16,0.047,EGM2008 mean sea level,water_level_Kyoga.txt
Kyoga,Uganda,2012-11-29 03:19:00,2012-11-29,1.484,32.778,1033.21,0.044,EGM2008 mean sea level,water_level_Kyoga.txt
Kyoga,Uganda,2012-12-09 01:18:00,2012-12-09,1.484,32.778,1033.13,0.05,EGM2008 mean sea level,water_level_Kyoga.txt
Kyoga,Uganda,2012-12-18 23:16:00,2012-12-18,1.484,32.778,1033.07,0.047,EGM2008 mean sea level,water_level_Kyoga.txt
Kyoga,Uganda,2012-12-28 21:15:00,2012-12-28,1.484,32.778,1033.13,0.048,EGM2008 mean sea level,water_level_Kyoga.txt
Kyoga,Uganda,2013-01-07 19:13:00,2013-01-07,1.484,32.778,1032.95,0.051,EGM2008 mean sea level,water_level_Kyoga.txt
Kyoga,Uganda,2013-01-17 17:12:00,2013-01-17,1.484,32.778,1033.03,0.059,EGM2008 mean sea level,water_level_Kyoga.txt
Kyoga,Uganda,2013-01-27 15:11:00,2013-01-27,1.484,32.778,1033.05,0.052,EGM2008 mean sea level,water_level_Kyoga.txt
Kyoga,Uganda,2013-02-06 13:09:00,2013-02-06,1.484,32.778,1033.12,0.044,EGM2008 mean sea level,water_level_Kyoga.txt
Kyoga,Uganda,2013-02-16 11:08:00,2013-02-16,1.484,32.778,1033.3,0.047,EGM2008 mean sea level,water_level_Kyoga.txt
Kyoga,Uganda,2013-02-26 09:06:00,2013-02-26,1.484,32.778,1032.99,0.043,EGM2008 mean sea level,water_level_Kyoga.txt
Kyoga,Uganda,2013-03-08 07:05:00,2013-03-08,1.484,32.778,1032.97,0.043,EGM2008 mean sea level,water_level_Kyoga.txt
Kyoga,Uganda,2013-03-18 05:03:00,2013-03-18,1.484,32.778,1032.84,0.044,EGM2008 mean sea level,water_level_Kyoga.txt
Kyoga,Uganda,2013-04-07 01:00:00,2013-04-07,1.484,32.778,1032.77,0.045,EGM2008 mean sea level,water_level_Kyoga.txt
Kyoga,Uganda,2013-04-16 22:59:00,2013-04-16,1.484,32.778,1032.78,0.044,EGM2008 mean sea level,water_level_Kyoga.txt
Kyoga,Uganda,2013-04-26 20:57:00,2013-04-26,1.484,32.778,1032.87,0.044,EGM2008 mean sea level,water_level_Kyoga.txt
Kyoga,Uganda,2013-05-06 18:56:00,2013-05-06,1.484,32.778,1032.96,0.043,EGM2008 mean sea level,water_level_Kyoga.txt
Kyoga,Uganda,2013-05-16 16:54:00,2013-05-16,1.484,32.778,1032.97,0.044,EGM2008 mean sea level,water_level_Kyoga.txt
Kyoga,Uganda,2013-05-26 14:53:00,2013-05-26,1.484,32.778,1033.11,0.06,EGM2008 mean sea level,water_level_Kyoga.txt
Kyoga,Uganda,2013-06-05 12:51:00,2013-06-05,1.484,32.778,1032.99,0.046,EGM2008 mean sea level,water_level_Kyoga.txt
Kyoga,Uganda,2013-06-15 10:50:00,2013-06-15,1.484,32.778,1033.21,0.056,EGM2008 mean sea level,water_level_Kyoga.txt
Kyoga,Uganda,2013-06-25 08:48:00,2013-06-25,1.484,32.778,1033.04,0.044,EGM2008 mean sea level,water_level_Kyoga.txt
Kyoga,Uganda,2013-07-05 06:47:00,2013-07-05,1.484,32.778,1033.13,0.043,EGM2008 mean sea level,water_level_Kyoga.txt
Kyoga,Uganda,2013-07-15 04:45:00,2013-07-15,1.484,32.778,1032.86,0.051,EGM2008 mean sea level,water_level_Kyoga.txt
Kyoga,Uganda,2013-07-25 02:44:00,2013-07-25,1.484,32.778,1033.02,0.044,EGM2008 mean sea level,water_level_Kyoga.txt
Kyoga,Uganda,2013-08-03 00:42:00,2013-08-03,1.484,32.778,1032.99,0.046,EGM2008 mean sea level,water_level_Kyoga.txt
Kyoga,Uganda,2013-08-13 22:41:00,2013-08-13,1.484,32.778,1033.01,0.045,EGM2008 mean sea level,water_level_Kyoga.txt
Kyoga,Uganda,2013-08-23 20:40:00,2013-08-23,1.484,32.778,1032.99,0.044,EGM2008 mean sea level,water_level_Kyoga.txt
Kyoga,Uganda,2013-09-02 18:38:00,2013-09-02,1.484,32.778,1033.02,0.044,EGM2008 mean sea level,water_level_Kyoga.txt
Kyoga,Uganda,2013-09-12 16:37:00,2013-09-12,1.484,32.778,1032.9,0.049,EGM2008 mean sea level,water_level_Kyoga.txt
Kyoga,Uganda,2013-09-22 14:35:00,2013-09-22,1.484,32.778,1033.29,0.047,EGM2008 mean sea level,water_level_Kyoga.txt
Kyoga,Uganda,2013-10-02 12:34:00,2013-10-02,1.484,32.778,1033.16,0.043,EGM2008 mean sea level,water_level_Kyoga.txt
Kyoga,Uganda,2013-10-12 10:32:00,2013-10-12,1.484,32.778,1033.18,0.056,EGM2008 mean sea level,water_level_Kyoga.txt
Kyoga,Uganda,2013-10-22 08:31:00,2013-10-22,1.484,32.778,1033.05,0.044,EGM2008 mean sea level,water_level_Kyoga.txt
Kyoga,Uganda,2013-11-01 06:29:00,2013-11-01,1.484,32.778,1033.41,0.044,EGM2008 mean sea level,water_level_Kyoga.txt
Kyoga,Uganda,2013-11-11 04:28:00,2013-11-11,1.484,32.778,1032.87,0.05,EGM2008 mean sea level,water_level_Kyoga.txt
Kyoga,Uganda,2013-11-21 02:26:00,2013-11-21,1.484,32.778,1032.91,0.046,EGM2008 mean sea level,water_level_Kyoga.txt
Kyoga,Uganda,2013-11-30 00:25:00,2013-11-30,1.484,32.778,1032.71,0.06,EGM2008 mean sea level,water_level_Kyoga.txt
Kyoga,Uganda,2013-12-10 22:23:00,2013-12-10,1.484,32.778,1032.87,0.045,EGM2008 mean sea level,water_level_Kyoga.txt
Kyoga,Uganda,2013-12-20 20:22:00,2013-12-20,1.484,32.778,1032.87,0.045,EGM2008 mean sea level,water_level_Kyoga.txt
Kyoga,Uganda,2013-12-30 18:20:00,2013-12-30,1.484,32.778,1032.89,0.052,EGM2008 mean sea level,water_level_Kyoga.txt
Kyoga,Uganda,2014-01-09 16:19:00,2014-01-09,1.484,32.778,1032.67,0.049,EGM2008 mean sea level,water_level_Kyoga.txt
Kyoga,Uganda,2014-01-19 14:17:00,2014-01-19,1.484,32.778,1032.99,0.072,EGM2008 mean sea level,water_level_Kyoga.txt
Kyoga,Uganda,2014-01-29 12:16:00,2014-01-29,1.484,32.778,1032.76,0.045,EGM2008 mean sea level,water_level_Kyoga.txt
Kyoga,Uganda,2014-02-08 10:15:00,2014-02-08,1.484,32.778,1032.91,0.047,EGM2008 mean sea level,water_level_Kyoga.txt
Kyoga,Uganda,2014-02-18 08:13:00,2014-02-18,1.484,32.778,1032.75,0.042,EGM2008 mean sea level,water_level_Kyoga.txt
Kyoga,Uganda,2014-02-28 06:12:00,2014-02-28,1.484,32.778,1032.75,0.043,EGM2008 mean sea level,water_level_Kyoga.txt
Kyoga,Uganda,2014-03-10 04:10:00,2014-03-10,1.484,32.778,1032.58,0.048,EGM2008 mean sea level,water_level_Kyoga.txt
Kyoga,Uganda,2014-03-20 02:09:00,2014-03-20,1.484,32.778,1032.65,0.046,EGM2008 mean sea level,water_level_Kyoga.txt
Kyoga,Uganda,2014-03-29 00:07:00,2014-03-29,1.484,32.778,1032.56,0.047,EGM2008 mean sea level,water_level_Kyoga.txt
Kyoga,Uganda,2014-04-08 22:06:00,2014-04-08,1.484,32.778,1032.47,0.044,EGM2008 mean sea level,water_level_Kyoga.txt
Kyoga,Uganda,2014-04-18 20:04:00,2014-04-18,1.484,32.778,1032.52,0.046,EGM2008 mean sea level,water_level_Kyoga.txt
Kyoga,Uganda,2014-04-28 18:03:00,2014-04-28,1.484,32.778,1032.46,0.047,EGM2008 mean sea level,water_level_Kyoga.txt
Kyoga,Uganda,2014-05-08 16:01:00,2014-05-08,1.484,32.778,1032.54,0.046,EGM2008 mean sea level,water_level_Kyoga.txt
Kyoga,Uganda,2014-05-18 14:00:00,2014-05-18,1.484,32.778,1033.07,0.046,EGM2008 mean sea level,water_level_Kyoga.txt
Kyoga,Uganda,2014-05-28 11:58:00,2014-05-28,1.484,32.778,1032.62,0.048,EGM2008 mean sea level,water_level_Kyoga.txt
Kyoga,Uganda,2014-06-07 09:57:00,2014-06-07,1.484,32.778,1033.01,0.055,EGM2008 mean sea level,water_level_Kyoga.txt
Kyoga,Uganda,2014-06-17 07:55:00,2014-06-17,1.484,32.778,1032.95,0.049,EGM2008 mean sea level,water_level_Kyoga.txt
Kyoga,Uganda,2014-06-27 05:54:00,2014-06-27,1.484,32.778,1032.84,0.043,EGM2008 mean sea level,water_level_Kyoga.txt
Kyoga,Uganda,2014-07-07 03:52:00,2014-07-07,1.484,32.778,1032.53,0.059,EGM2008 mean sea level,water_level_Kyoga.txt
Kyoga,Uganda,2014-07-17 01:51:00,2014-07-17,1.484,32.778,1032.67,0.048,EGM2008 mean sea level,water_level_Kyoga.txt
Kyoga,Uganda,2014-07-26 23:49:00,2014-07-26,1.484,32.778,1032.62,0.05,EGM2008 mean sea level,water_level_Kyoga.txt
Kyoga,Uganda,2014-08-05 21:48:00,2014-08-05,1.484,32.778,1032.53,0.049,EGM2008 mean sea level,water_level_Kyoga.txt
Kyoga,Uganda,2014-08-15 19:47:00,2014-08-15,1.484,32.778,1032.78,0.044,EGM2008 mean sea level,water_level_Kyoga.txt
Kyoga,Uganda,2014-08-25 17:45:00,2014-08-25,1.484,32.778,1032.87,0.046,EGM2008 mean sea level,water_level_Kyoga.txt
Kyoga,Uganda,2014-09-04 15:44:00,2014-09-04,1.484,32.778,1032.77,0.047,EGM2008 mean sea level,water_level_Kyoga.txt
Kyoga,Uganda,2014-09-14 13:42:00,2014-09-14,1.484,32.778,1032.97,0.058,EGM2008 mean sea level,water_level_Kyoga.txt
Kyoga,Uganda,2014-09-24 11:41:00,2014-09-24,1.484,32.778,1032.88,0.045,EGM2008 mean sea level,water_level_Kyoga.txt
Kyoga,Uganda,2014-10-04 09:39:00,2014-10-04,1.484,32.778,1032.85,0.044,EGM2008 mean sea level,water_level_Kyoga.txt
Kyoga,Uganda,2014-10-14 07:38:00,2014-10-14,1.484,32.778,1032.82,0.049,EGM2008 mean sea level,water_level_Kyoga.txt
Kyoga,Uganda,2014-10-24 05:36:00,2014-10-24,1.484,32.778,1032.79,0.048,EGM2008 mean sea level,water_level_Kyoga.txt
Kyoga,Uganda,2014-11-03 03:35:00,2014-11-03,1.484,32.778,1032.82,0.059,EGM2008 mean sea level,water_level_Kyoga.txt
Kyoga,Uganda,2014-11-13 01:33:00,2014-11-13,1.484,32.778,1033.13,0.057,EGM2008 mean sea level,water_level_Kyoga.txt
Kyoga,Uganda,2014-11-22 23:32:00,2014-11-22,1.484,32.778,1032.95,0.062,EGM2008 mean sea level,water_level_Kyoga.txt
Kyoga,Uganda,2014-12-02 21:30:00,2014-12-02,1.484,32.778,1033.01,0.045,EGM2008 mean sea level,water_level_Kyoga.txt
Kyoga,Uganda,2014-12-12 19:29:00,2014-12-12,1.484,32.778,1032.81,0.052,EGM2008 mean sea level,water_level_Kyoga.txt
Kyoga,Uganda,2014-12-22 17:27:00,2014-12-22,1.484,32.778,1032.69,0.051,EGM2008 mean sea level,water_level_Kyoga.txt
Kyoga,Uganda,2015-01-01 15:26:00,2015-01-01,1.484,32.778,1033.26,0.045,EGM2008 mean sea level,water_level_Kyoga.txt
Kyoga,Uganda,2015-01-11 13:24:00,2015-01-11,1.484,32.778,1032.97,0.043,EGM2008 mean sea level,water_level_Kyoga.txt
Kyoga,Uganda,2015-01-21 11:23:00,2015-01-21,1.484,32.778,1033.07,0.047,EGM2008 mean sea level,water_level_Kyoga.txt
Kyoga,Uganda,2015-01-31 09:22:00,2015-01-31,1.484,32.778,1033.06,0.057,EGM2008 mean sea level,water_level_Kyoga.txt
Kyoga,Uganda,2015-02-10 07:20:00,2015-02-10,1.484,32.778,1032.85,0.059,EGM2008 mean sea level,water_level_Kyoga.txt
Kyoga,Uganda,2015-02-20 05:19:00,2015-02-20,1.484,32.778,1032.64,0.046,EGM2008 mean sea level,water_level_Kyoga.txt
Kyoga,Uganda,2015-03-02 03:17:00,2015-03-02,1.484,32.778,1032.66,0.043,EGM2008 mean sea level,water_level_Kyoga.txt
Kyoga,Uganda,2015-03-12 01:16:00,2015-03-12,1.484,32.778,1032.59,0.048,EGM2008 mean sea level,water_level_Kyoga.txt
Kyoga,Uganda,2015-03-21 23:14:00,2015-03-21,1.484,32.778,1032.35,0.067,EGM2008 mean sea level,water_level_Kyoga.txt
Kyoga,Uganda,2015-03-31 21:13:00,2015-03-31,1.484,32.778,1032.68,0.043,EGM2008 mean sea level,water_level_Kyoga.txt
Kyoga,Uganda,2015-04-10 19:11:00,2015-04-10,1.484,32.778,1032.59,0.044,EGM2008 mean sea level,water_level_Kyoga.txt
Kyoga,Uganda,2015-04-20 17:10:00,2015-04-20,1.484,32.778,1032.76,0.045,EGM2008 mean sea level,water_level_Kyoga.txt
Kyoga,Uganda,2015-04-30 15:08:00,2015-04-30,1.484,32.778,1032.77,0.044,EGM2008 mean sea level,water_level_Kyoga.txt
Kyoga,Uganda,2015-05-10 13:07:00,2015-05-10,1.484,32.778,1032.86,0.053,EGM2008 mean sea level,water_level_Kyoga.txt
Kyoga,Uganda,2015-05-20 11:05:00,2015-05-20,1.484,32.778,1033.19,0.051,EGM2008 mean sea level,water_level_Kyoga.txt
Kyoga,Uganda,2015-05-30 09:04:00,2015-05-30,1.484,32.778,1033.3,0.044,EGM2008 mean sea level,water_level_Kyoga.txt
Kyoga,Uganda,2015-06-09 07:02:00,2015-06-09,1.484,32.778,1033.03,0.069,EGM2008 mean sea level,water_level_Kyoga.txt
Kyoga,Uganda,2015-06-19 05:01:00,2015-06-19,1.484,32.778,1032.9,0.05,EGM2008 mean sea level,water_level_Kyoga.txt
Kyoga,Uganda,2015-06-29 02:59:00,2015-06-29,1.484,32.778,1033.25,0.049,EGM2008 mean sea level,water_level_Kyoga.txt
Kyoga,Uganda,2015-07-09 00:58:00,2015-07-09,1.484,32.778,1032.89,0.054,EGM2008 mean sea level,water_level_Kyoga.txt
Kyoga,Uganda,2015-07-18 22:56:00,2015-07-18,1.484,32.778,1033.06,0.046,EGM2008 mean sea level,water_level_Kyoga.txt
Kyoga,Uganda,2015-07-28 20:55:00,2015-07-28,1.484,32.778,1032.96,0.051,EGM2008 mean sea level,water_level_Kyoga.txt
Kyoga,Uganda,2015-08-07 18:54:00,2015-08-07,1.484,32.778,1032.98,0.046,EGM2008 mean sea level,water_level_Kyoga.txt
Kyoga,Uganda,2015-08-17 16:52:00,2015-08-17,1.484,32.778,1032.99,0.044,EGM2008 mean sea level,water_level_Kyoga.txt
Kyoga,Uganda,2015-08-27 14:51:00,2015-08-27,1.484,32.778,1033.04,0.044,EGM2008 mean sea level,water_level_Kyoga.txt
Kyoga,Uganda,2015-09-06 12:49:00,2015-09-06,1.484,32.778,1033.05,0.045,EGM2008 mean sea level,water_level_Kyoga.txt
Kyoga,Uganda,2015-09-16 10:48:00,2015-09-16,1.484,32.778,1033.3,0.052,EGM2008 mean sea level,water_level_Kyoga.txt
Kyoga,Uganda,2015-09-26 08:46:00,2015-09-26,1.484,32.778,1033.22,0.045,EGM2008 mean sea level,water_level_Kyoga.txt
Kyoga,Uganda,2015-10-06 06:45:00,2015-10-06,1.484,32.778,1032.88,0.057,EGM2008 mean sea level,water_level_Kyoga.txt
Kyoga,Uganda,2015-10-16 04:43:00,2015-10-16,1.484,32.778,1032.95,0.046,EGM2008 mean sea level,water_level_Kyoga.txt
Kyoga,Uganda,2015-10-26 02:42:00,2015-10-26,1.484,32.778,1033.16,0.046,EGM2008 mean sea level,water_level_Kyoga.txt
Kyoga,Uganda,2015-11-04 00:40:00,2015-11-04,1.484,32.778,1033.02,0.048,EGM2008 mean sea level,water_level_Kyoga.txt
Kyoga,Uganda,2015-11-14 22:39:00,2015-11-14,1.484,32.778,1033.08,0.046,EGM2008 mean sea level,water_level_Kyoga.txt
Kyoga,Uganda,2015-11-24 20:37:00,2015-11-24,1.484,32.778,1033.09,0.044,EGM2008 mean sea level,water_level_Kyoga.txt
Kyoga,Uganda,2015-12-04 18:36:00,2015-12-04,1.484,32.778,1033.23,0.049,EGM2008 mean sea level,water_level_Kyoga.txt
Kyoga,Uganda,2015-12-14 16:34:00,2015-12-14,1.484,32.778,1033.39,0.088,EGM2008 mean sea level,water_level_Kyoga.txt
Kyoga,Uganda,2015-12-24 14:33:00,2015-12-24,1.484,32.778,1033.44,0.048,EGM2008 mean sea level,water_level_Kyoga.txt
Kyoga,Uganda,2016-01-03 12:31:00,2016-01-03,1.484,32.778,1033.41,0.048,EGM2008 mean sea level,water_level_Kyoga.txt
Kyoga,Uganda,2016-01-13 10:30:00,2016-01-13,1.484,32.778,1033.8,0.044,EGM2008 mean sea level,water_level_Kyoga.txt
Kyoga,Uganda,2016-01-23 08:28:00,2016-01-23,1.484,32.778,1033.5,0.072,EGM2008 mean sea level,water_level_Kyoga.txt
Kyoga,Uganda,2016-02-02 06:27:00,2016-02-02,1.484,32.778,1033.21,0.054,EGM2008 mean sea level,water_level_Kyoga.txt
Kyoga,Uganda,2016-02-12 04:26:00,2016-02-12,1.484,32.778,1033.07,0.055,EGM2008 mean sea level,water_level_Kyoga.txt
Kyoga,Uganda,2016-02-22 02:24:00,2016-02-22,1.484,32.778,1033.25,0.044,EGM2008 mean sea level,water_level_Kyoga.txt
Kyoga,Uganda,2016-02-22 02:25:00,2016-02-22,1.484,32.778,1033.23,0.052,EGM2008 mean sea level,water_level_Kyoga.txt
Kyoga,Uganda,2016-03-02 00:23:00,2016-03-02,1.484,32.778,1033.17,0.055,EGM2008 mean sea level,water_level_Kyoga.txt
Kyoga,Uganda,2016-03-02 00:24:00,2016-03-02,1.484,32.778,1033.18,0.063,EGM2008 mean sea level,water_level_Kyoga.txt
Kyoga,Uganda,2016-03-12 22:21:00,2016-03-12,1.484,32.778,1033.01,0.05,EGM2008 mean sea level,water_level_Kyoga.txt
Kyoga,Uganda,2016-03-12 22:23:00,2016-03-12,1.484,32.778,1032.96,0.066,EGM2008 mean sea level,water_level_Kyoga.txt
Kyoga,Uganda,2016-03-22 20:20:00,2016-03-22,1.484,32.778,1033.05,0.049,EGM2008 mean sea level,water_level_Kyoga.txt
Kyoga,Uganda,2016-03-22 20:21:00,2016-03-22,1.484,32.778,1033.07,0.056,EGM2008 mean sea level,water_level_Kyoga.txt
Kyoga,Uganda,2016-04-01 18:18:00,2016-04-01,1.484,32.778,1032.88,0.049,EGM2008 mean sea level,water_level_Kyoga.txt
Kyoga,Uganda,2016-04-01 18:20:00,2016-04-01,1.484,32.778,1032.86,0.06,EGM2008 mean sea level,water_level_Kyoga.txt
Kyoga,Uganda,2016-04-11 16:17:00,2016-04-11,1.484,32.778,1033.04,0.047,EGM2008 mean sea level,water_level_Kyoga.txt
Kyoga,Uganda,2016-04-11 16:18:00,2016-04-11,1.484,32.778,1033.09,0.054,EGM2008 mean sea level,water_level_Kyoga.txt
Kyoga,Uganda,2016-04-21 14:15:00,2016-04-21,1.484,32.778,1033.09,0.044,EGM2008 mean sea level,water_level_Kyoga.txt
Kyoga,Uganda,2016-04-21 14:17:00,2016-04-21,1.484,32.778,1033.06,0.057,EGM2008 mean sea level,water_level_Kyoga.txt
Kyoga,Uganda,2016-05-01 12:14:00,2016-05-01,1.484,32.778,1033.09,0.046,EGM2008 mean sea level,water_level_Kyoga.txt
Kyoga,Uganda,2016-05-01 12:15:00,2016-05-01,1.484,32.778,1033.12,0.054,EGM2008 mean sea level,water_level_Kyoga.txt
Kyoga,Uganda,2016-05-11 10:12:00,2016-05-11,1.484,32.778,1033.45,0.048,EGM2008 mean sea level,water_level_Kyoga.txt
Kyoga,Uganda,2016-05-11 10:14:00,2016-05-11,1.484,32.778,1033.53,0.066,EGM2008 mean sea level,water_level_Kyoga.txt
Kyoga,Uganda,2016-05-21 08:11:00,2016-05-21,1.484,32.778,1033.23,0.051,EGM2008 mean sea level,water_level_Kyoga.txt
Kyoga,Uganda,2016-05-21 08:12:00,2016-05-21,1.484,32.778,1033.28,0.056,EGM2008 mean sea level,water_level_Kyoga.txt
Kyoga,Uganda,2016-05-31 06:09:00,2016-05-31,1.484,32.778,1033.36,0.063,EGM2008 mean sea level,water_level_Kyoga.txt
Kyoga,Uganda,2016-05-31 06:11:00,2016-05-31,1.484,32.778,1033.25,0.071,EGM2008 mean sea level,water_level_Kyoga.txt
Kyoga,Uganda,2016-06-10 04:08:00,2016-06-10,1.484,32.778,1033.09,0.043,EGM2008 mean sea level,water_level_Kyoga.txt
Kyoga,Uganda,2016-06-10 04:09:00,2016-06-10,1.484,32.778,1033.07,0.053,EGM2008 mean sea level,water_level_Kyoga.txt
Kyoga,Uganda,2016-06-20 02:06:00,2016-06-20,1.484,32.778,1033.18,0.048,EGM2008 mean sea level,water_level_Kyoga.txt
Kyoga,Uganda,2016-06-20 02:08:00,2016-06-20,1.484,32.778,1033.15,0.055,EGM2008 mean sea level,water_level_Kyoga.txt
Kyoga,Uganda,2016-06-29 00:05:00,2016-06-29,1.484,32.778,1033.14,0.047,EGM2008 mean sea level,water_level_Kyoga.txt
Kyoga,Uganda,2016-06-29 00:06:00,2016-06-29,1.484,32.778,1033.13,0.052,EGM2008 mean sea level,water_level_Kyoga.txt
Kyoga,Uganda,2016-07-09 22:03:00,2016-07-09,1.484,32.778,1033.01,0.049,EGM2008 mean sea level,water_level_Kyoga.txt
Kyoga,Uganda,2016-07-09 22:05:00,2016-07-09,1.484,32.778,1033.09,0.056,EGM2008 mean sea level,water_level_Kyoga.txt
Kyoga,Uganda,2016-07-19 20:02:00,2016-07-19,1.484,32.778,1033.15,0.046,EGM2008 mean sea level,water_level_Kyoga.txt
Kyoga,Uganda,2016-07-19 20:03:00,2016-07-19,1.484,32.778,1033.27,0.053,EGM2008 mean sea level,water_level_Kyoga.txt
Kyoga,Uganda,2016-07-29 18:01:00,2016-07-29,1.484,32.778,1033.13,0.061,EGM2008 mean sea level,water_level_Kyoga.txt
Kyoga,Uganda,2016-07-29 18:02:00,2016-07-29,1.484,32.778,1033.17,0.072,EGM2008 mean sea level,water_level_Kyoga.txt
Kyoga,Uganda,2016-08-08 15:59:00,2016-08-08,1.484,32.778,1033.11,0.048,EGM2008 mean sea level,water_level_Kyoga.txt
Kyoga,Uganda,2016-08-08 16:00:00,2016-08-08,1.484,32.778,1033.1,0.057,EGM2008 mean sea level,water_level_Kyoga.txt
Kyoga,Uganda,2016-08-18 13:58:00,2016-08-18,1.484,32.778,1033.34,0.052,EGM2008 mean sea level,water_level_Kyoga.txt
Kyoga,Uganda,2016-08-28 11:56:00,2016-08-28,1.484,32.778,1033.25,0.047,EGM2008 mean sea level,water_level_Kyoga.txt
Kyoga,Uganda,2016-08-28 11:57:00,2016-08-28,1.484,32.778,1033.28,0.055,EGM2008 mean sea level,water_level_Kyoga.txt
Kyoga,Uganda,2016-09-07 09:55:00,2016-09-07,1.484,32.778,1033.37,0.066,EGM2008 mean sea level,water_level_Kyoga.txt
Kyoga,Uganda,2016-09-07 09:56:00,2016-09-07,1.484,32.778,1033.28,0.068,EGM2008 mean sea level,water_level_Kyoga.txt
Kyoga,Uganda,2016-09-17 07:53:00,2016-09-17,1.484,32.778,1033.15,0.06,EGM2008 mean sea level,water_level_Kyoga.txt
Kyoga,Uganda,2016-09-17 07:55:00,2016-09-17,1.484,32.778,1033.14,0.068,EGM2008 mean sea level,water_level_Kyoga.txt
Kyoga,Uganda,2016-09-27 05:52:00,2016-09-27,1.484,32.778,1033.0,0.051,EGM2008 mean sea level,water_level_Kyoga.txt
Kyoga,Uganda,2016-09-27 05:53:00,2016-09-27,1.484,32.778,1032.97,0.061,EGM2008 mean sea level,water_level_Kyoga.txt
Kyoga,Uganda,2016-10-07 03:52:00,2016-10-07,1.484,32.778,1032.87,0.063,EGM2008 mean sea level,water_level_Kyoga.txt
Kyoga,Uganda,2016-10-17 01:50:00,2016-10-17,1.484,32.778,1032.92,0.062,EGM2008 mean sea level,water_level_Kyoga.txt
Kyoga,Uganda,2016-10-26 23:49:00,2016-10-26,1.484,32.778,1033.08,0.053,EGM2008 mean sea level,water_level_Kyoga.txt
Kyoga,Uganda,2016-11-05 21:47:00,2016-11-05,1.484,32.778,1032.83,0.07,EGM2008 mean sea level,water_level_Kyoga.txt
Kyoga,Uganda,2016-11-15 19:46:00,2016-11-15,1.484,32.778,1032.88,0.06,EGM2008 mean sea level,water_level_Kyoga.txt
Kyoga,Uganda,2016-11-25 17:44:00,2016-11-25,1.484,32.778,1033.17,0.06,EGM2008 mean sea level,water_level_Kyoga.txt
Kyoga,Uganda,2016-12-05 15:43:00,2016-12-05,1.484,32.778,1033.07,0.054,EGM2008 mean sea level,water_level_Kyoga.txt
Kyoga,Uganda,2016-12-15 13:41:00,2016-12-15,1.484,32.778,1033.38,0.052,EGM2008 mean sea level,water_level_Kyoga.txt
Kyoga,Uganda,2016-12-25 11:40:00,2016-12-25,1.484,32.778,1033.1,0.056,EGM2008 mean sea level,water_level_Kyoga.txt
Kyoga,Uganda,2017-01-04 09:38:00,2017-01-04,1.484,32.778,1033.05,0.051,EGM2008 mean sea level,water_level_Kyoga.txt
Kyoga,Uganda,2017-01-14 07:37:00,2017-01-14,1.484,32.778,1033.01,0.051,EGM2008 mean sea level,water_level_Kyoga.txt
Kyoga,Uganda,2017-01-24 05:35:00,2017-01-24,1.484,32.778,1032.67,0.058,EGM2008 mean sea level,water_level_Kyoga.txt
Kyoga,Uganda,2017-02-03 03:34:00,2017-02-03,1.484,32.778,1032.62,0.059,EGM2008 mean sea level,water_level_Kyoga.txt
Kyoga,Uganda,2017-02-13 01:32:00,2017-02-13,1.484,32.778,1032.6,0.073,EGM2008 mean sea level,water_level_Kyoga.txt
Kyoga,Uganda,2017-02-22 23:31:00,2017-02-22,1.484,32.778,1032.79,0.062,EGM2008 mean sea level,water_level_Kyoga.txt
Kyoga,Uganda,2017-03-04 21:29:00,2017-03-04,1.484,32.778,1032.99,0.052,EGM2008 mean sea level,water_level_Kyoga.txt
Kyoga,Uganda,2017-03-14 19:28:00,2017-03-14,1.484,32.778,1032.88,0.051,EGM2008 mean sea level,water_level_Kyoga.txt
Kyoga,Uganda,2017-03-24 17:27:00,2017-03-24,1.484,32.778,1032.82,0.058,EGM2008 mean sea level,water_level_Kyoga.txt
Kyoga,Uganda,2017-04-03 15:25:00,2017-04-03,1.484,32.778,1033.01,0.051,EGM2008 mean sea level,water_level_Kyoga.txt
Kyoga,Uganda,2017-04-13 13:24:00,2017-04-13,1.484,32.778,1033.09,0.063,EGM2008 mean sea level,water_level_Kyoga.txt
Kyoga,Uganda,2017-04-23 11:22:00,2017-04-23,1.484,32.778,1033.16,0.05,EGM2008 mean sea level,water_level_Kyoga.txt
Kyoga,Uganda,2017-05-03 09:21:00,2017-05-03,1.484,32.778,1033.0,0.051,EGM2008 mean sea level,water_level_Kyoga.txt
Kyoga,Uganda,2017-05-13 07:19:00,2017-05-13,1.484,32.778,1033.11,0.051,EGM2008 mean sea level,water_level_Kyoga.txt
Kyoga,Uganda,2017-05-23 05:18:00,2017-05-23,1.484,32.778,1032.97,0.06,EGM2008 mean sea level,water_level_Kyoga.txt
Kyoga,Uganda,2017-06-02 03:16:00,2017-06-02,1.484,32.778,1033.12,0.073,EGM2008 mean sea level,water_level_Kyoga.txt
Kyoga,Uganda,2017-06-12 01:15:00,2017-06-12,1.484,32.778,1032.9,0.051,EGM2008 mean sea level,water_level_Kyoga.txt
Kyoga,Uganda,2017-06-21 23:13:00,2017-06-21,1.484,32.778,1032.81,0.065,EGM2008 mean sea level,water_level_Kyoga.txt
Kyoga,Uganda,2017-07-01 21:12:00,2017-07-01,1.484,32.778,1033.01,0.052,EGM2008 mean sea level,water_level_Kyoga.txt
Kyoga,Uganda,2017-07-11 19:10:00,2017-07-11,1.484,32.778,1033.03,0.051,EGM2008 mean sea level,water_level_Kyoga.txt
Kyoga,Uganda,2017-07-21 17:09:00,2017-07-21,1.484,32.778,1032.8,0.063,EGM2008 mean sea level,water_level_Kyoga.txt
Kyoga,Uganda,2017-07-31 15:07:00,2017-07-31,1.484,32.778,1033.06,0.052,EGM2008 mean sea level,water_level_Kyoga.txt
Kyoga,Uganda,2017-08-10 13:06:00,2017-08-10,1.484,32.778,1033.15,0.068,EGM2008 mean sea level,water_level_Kyoga.txt
Kyoga,Uganda,2017-08-20 11:04:00,2017-08-20,1.484,32.778,1033.45,0.051,EGM2008 mean sea level,water_level_Kyoga.txt
Kyoga,Uganda,2017-08-30 09:03:00,2017-08-30,1.484,32.778,1033.22,0.051,EGM2008 mean sea level,water_level_Kyoga.txt
Kyoga,Uganda,2017-09-09 07:01:00,2017-09-09,1.484,32.778,1033.54,0.052,EGM2008 mean sea level,water_level_Kyoga.txt
Kyoga,Uganda,2017-09-19 05:00:00,2017-09-19,1.484,32.778,1033.45,0.051,EGM2008 mean sea level,water_level_Kyoga.txt
Kyoga,Uganda,2017-09-29 02:59:00,2017-09-29,1.484,32.778,1033.5,0.075,EGM2008 mean sea level,water_level_Kyoga.txt
Kyoga,Uganda,2017-10-09 00:57:00,2017-10-09,1.484,32.778,1033.25,0.055,EGM2008 mean sea level,water_level_Kyoga.txt
Kyoga,Uganda,2017-10-18 22:56:00,2017-10-18,1.484,32.778,1033.27,0.053,EGM2008 mean sea level,water_level_Kyoga.txt
Kyoga,Uganda,2017-10-28 20:54:00,2017-10-28,1.484,32.778,1033.01,0.059,EGM2008 mean sea level,water_level_Kyoga.txt
Kyoga,Uganda,2017-11-07 18:53:00,2017-11-07,1.484,32.778,1033.36,0.069,EGM2008 mean sea level,water_level_Kyoga.txt
Kyoga,Uganda,2017-11-17 16:51:00,2017-11-17,1.484,32.778,1033.61,0.053,EGM2008 mean sea level,water_level_Kyoga.txt
Kyoga,Uganda,2017-12-07 12:48:00,2017-12-07,1.484,32.778,1033.23,0.065,EGM2008 mean sea level,water_level_Kyoga.txt
Kyoga,Uganda,2017-12-17 10:47:00,2017-12-17,1.484,32.778,1033.59,0.053,EGM2008 mean sea level,water_level_Kyoga.txt
Kyoga,Uganda,2017-12-27 08:45:00,2017-12-27,1.484,32.778,1033.25,0.059,EGM2008 mean sea level,water_level_Kyoga.txt
Kyoga,Uganda,2018-01-06 06:44:00,2018-01-06,1.484,32.778,1033.22,0.051,EGM2008 mean sea level,water_level_Kyoga.txt
Kyoga,Uganda,2018-01-16 04:42:00,2018-01-16,1.484,32.778,1032.97,0.052,EGM2008 mean sea level,water_level_Kyoga.txt
Kyoga,Uganda,2018-01-26 02:41:00,2018-01-26,1.484,32.778,1033.13,0.058,EGM2008 mean sea level,water_level_Kyoga.txt
Kyoga,Uganda,2018-02-04 00:39:00,2018-02-04,1.484,32.778,1032.61,0.078,EGM2008 mean sea level,water_level_Kyoga.txt
Kyoga,Uganda,2018-02-14 22:38:00,2018-02-14,1.484,32.778,1033.23,0.059,EGM2008 mean sea level,water_level_Kyoga.txt
Kyoga,Uganda,2018-02-24 20:36:00,2018-02-24,1.484,32.778,1032.89,0.052,EGM2008 mean sea level,water_level_Kyoga.txt
Kyoga,Uganda,2018-03-06 18:35:00,2018-03-06,1.484,32.778,1033.02,0.055,EGM2008 mean sea level,water_level_Kyoga.txt
Kyoga,Uganda,2018-03-16 16:33:00,2018-03-16,1.484,32.778,1033.15,0.059,EGM2008 mean sea level,water_level_Kyoga.txt
Kyoga,Uganda,2018-03-26 14:32:00,2018-03-26,1.484,32.778,1033.09,0.051,EGM2008 mean sea level,water_level_Kyoga.txt
Kyoga,Uganda,2018-04-05 12:31:00,2018-04-05,1.484,32.778,1033.16,0.051,EGM2008 mean sea level,water_level_Kyoga.txt
Kyoga,Uganda,2018-04-15 10:29:00,2018-04-15,1.484,32.778,1033.22,0.051,EGM2008 mean sea level,water_level_Kyoga.txt
Kyoga,Uganda,2018-04-25 08:28:00,2018-04-25,1.484,32.778,1033.26,0.051,EGM2008 mean sea level,water_level_Kyoga.txt
Kyoga,Uganda,2018-05-15 04:25:00,2018-05-15,1.484,32.778,1033.17,0.057,EGM2008 mean sea level,water_level_Kyoga.txt
Kyoga,Uganda,2018-05-25 02:23:00,2018-05-25,1.484,32.778,1033.47,0.051,EGM2008 mean sea level,water_level_Kyoga.txt
Kyoga,Uganda,2018-06-03 00:22:00,2018-06-03,1.484,32.778,1033.36,0.057,EGM2008 mean sea level,water_level_Kyoga.txt
Kyoga,Uganda,2018-06-13 22:20:00,2018-06-13,1.484,32.778,1033.12,0.064,EGM2008 mean sea level,water_level_Kyoga.txt
Kyoga,Uganda,2018-06-23 20:19:00,2018-06-23,1.484,32.778,1033.38,0.061,EGM2008 mean sea level,water_level_Kyoga.txt
Kyoga,Uganda,2018-07-03 18:17:00,2018-07-03,1.484,32.778,1033.4,0.056,EGM2008 mean sea level,water_level_Kyoga.txt
Kyoga,Uganda,2018-07-13 16:16:00,2018-07-13,1.484,32.778,1033.59,0.053,EGM2008 mean sea level,water_level_Kyoga.txt
Kyoga,Uganda,2018-07-23 14:14:00,2018-07-23,1.484,32.778,1033.6,0.051,EGM2008 mean sea level,water_level_Kyoga.txt
Kyoga,Uganda,2018-08-02 12:13:00,2018-08-02,1.484,32.778,1033.62,0.06,EGM2008 mean sea level,water_level_Kyoga.txt
Kyoga,Uganda,2018-08-12 10:11:00,2018-08-12,1.484,32.778,1033.67,0.051,EGM2008 mean sea level,water_level_Kyoga.txt
Kyoga,Uganda,2018-08-22 08:10:00,2018-08-22,1.484,32.778,1033.72,0.062,EGM2008 mean sea level,water_level_Kyoga.txt
Kyoga,Uganda,2018-09-01 06:08:00,2018-09-01,1.484,32.778,1033.62,0.08,EGM2008 mean sea level,water_level_Kyoga.txt
Kyoga,Uganda,2018-09-11 04:07:00,2018-09-11,1.484,32.778,1033.47,0.06,EGM2008 mean sea level,water_level_Kyoga.txt
Kyoga,Uganda,2018-09-21 02:05:00,2018-09-21,1.484,32.778,1033.62,0.069,EGM2008 mean sea level,water_level_Kyoga.txt
Kyoga,Uganda,2018-09-30 00:04:00,2018-09-30,1.484,32.778,1033.32,0.076,EGM2008 mean sea level,water_level_Kyoga.txt
Kyoga,Uganda,2018-10-10 22:03:00,2018-10-10,1.484,32.778,1033.52,0.06,EGM2008 mean sea level,water_level_Kyoga.txt
Kyoga,Uganda,2018-10-20 20:01:00,2018-10-20,1.484,32.778,1033.85,0.051,EGM2008 mean sea level,water_level_Kyoga.txt
Kyoga,Uganda,2018-10-30 18:00:00,2018-10-30,1.484,32.778,1033.46,0.067,EGM2008 mean sea level,water_level_Kyoga.txt
Kyoga,Uganda,2018-11-09 15:58:00,2018-11-09,1.484,32.778,1033.87,0.051,EGM2008 mean sea level,water_level_Kyoga.txt
Kyoga,Uganda,2018-11-19 13:57:00,2018-11-19,1.484,32.778,1033.2,0.065,EGM2008 mean sea level,water_level_Kyoga.txt
Kyoga,Uganda,2018-11-29 11:55:00,2018-11-29,1.484,32.778,1033.53,0.051,EGM2008 mean sea level,water_level_Kyoga.txt
Kyoga,Uganda,2018-12-09 09:54:00,2018-12-09,1.484,32.778,1033.33,0.055,EGM2008 mean sea level,water_level_Kyoga.txt
Kyoga,Uganda,2018-12-19 07:52:00,2018-12-19,1.484,32.778,1033.32,0.055,EGM2008 mean sea level,water_level_Kyoga.txt
Kyoga,Uganda,2018-12-29 05:51:00,2018-12-29,1.484,32.778,1033.22,0.068,EGM2008 mean sea level,water_level_Kyoga.txt
Kyoga,Uganda,2019-01-08 03:49:00,2019-01-08,1.484,32.778,1032.87,0.081,EGM2008 mean sea level,water_level_Kyoga.txt
Kyoga,Uganda,2019-01-18 01:48:00,2019-01-18,1.484,32.778,1033.06,0.056,EGM2008 mean sea level,water_level_Kyoga.txt
Kyoga,Uganda,2019-01-27 23:46:00,2019-01-27,1.484,32.778,1033.39,0.064,EGM2008 mean sea level,water_level_Kyoga.txt
Kyoga,Uganda,2019-02-06 21:45:00,2019-02-06,1.484,32.778,1032.76,0.058,EGM2008 mean sea level,water_level_Kyoga.txt
Kyoga,Uganda,2019-02-16 19:43:00,2019-02-16,1.484,32.778,1032.75,0.066,EGM2008 mean sea level,water_level_Kyoga.txt
Kyoga,Uganda,2019-03-08 15:40:00,2019-03-08,1.484,32.778,1032.95,0.057,EGM2008 mean sea level,water_level_Kyoga.txt
Kyoga,Uganda,2019-03-18 13:39:00,2019-03-18,1.484,32.778,1032.99,0.053,EGM2008 mean sea level,water_level_Kyoga.txt
Kyoga,Uganda,2019-03-28 11:37:00,2019-03-28,1.484,32.778,1032.84,0.051,EGM2008 mean sea level,water_level_Kyoga.txt
Kyoga,Uganda,2019-04-17 07:34:00,2019-04-17,1.484,32.778,1032.74,0.058,EGM2008 mean sea level,water_level_Kyoga.txt
Kyoga,Uganda,2019-04-27 05:33:00,2019-04-27,1.484,32.778,1033.01,0.052,EGM2008 mean sea level,water_level_Kyoga.txt
Kyoga,Uganda,2019-05-07 03:32:00,2019-05-07,1.484,32.778,1032.77,0.063,EGM2008 mean sea level,water_level_Kyoga.txt
Kyoga,Uganda,2019-05-17 01:30:00,2019-05-17,1.484,32.778,1032.73,0.055,EGM2008 mean sea level,water_level_Kyoga.txt
Kyoga,Uganda,2019-05-26 23:29:00,2019-05-26,1.484,32.778,1033.01,0.052,EGM2008 mean sea level,water_level_Kyoga.txt
Kyoga,Uganda,2019-06-05 21:27:00,2019-06-05,1.484,32.778,1032.88,0.053,EGM2008 mean sea level,water_level_Kyoga.txt
Kyoga,Uganda,2019-06-15 19:26:00,2019-06-15,1.484,32.778,1032.92,0.051,EGM2008 mean sea level,water_level_Kyoga.txt
Kyoga,Uganda,2019-06-25 17:24:00,2019-06-25,1.484,32.778,1032.86,0.055,EGM2008 mean sea level,water_level_Kyoga.txt
Kyoga,Uganda,2019-07-05 15:23:00,2019-07-05,1.484,32.778,1033.1,0.051,EGM2008 mean sea level,water_level_Kyoga.txt
Kyoga,Uganda,2019-07-15 13:21:00,2019-07-15,1.484,32.778,1032.99,0.054,EGM2008 mean sea level,water_level_Kyoga.txt
Kyoga,Uganda,2019-08-04 09:18:00,2019-08-04,1.484,32.778,1033.01,0.052,EGM2008 mean sea level,water_level_Kyoga.txt
Kyoga,Uganda,2019-08-24 05:15:00,2019-08-24,1.484,32.778,1032.99,0.054,EGM2008 mean sea level,water_level_Kyoga.txt
Kyoga,Uganda,2019-09-03 03:14:00,2019-09-03,1.484,32.778,1033.09,0.059,EGM2008 mean sea level,water_level_Kyoga.txt
Kyoga,Uganda,2019-09-13 01:12:00,2019-09-13,1.484,32.778,1032.97,0.053,EGM2008 mean sea level,water_level_Kyoga.txt
Kyoga,Uganda,2019-09-22 23:11:00,2019-09-22,1.484,32.778,1033.03,0.052,EGM2008 mean sea level,water_level_Kyoga.txt
Kyoga,Uganda,2019-10-02 21:09:00,2019-10-02,1.484,32.778,1033.06,0.051,EGM2008 mean sea level,water_level_Kyoga.txt
Kyoga,Uganda,2019-10-12 19:08:00,2019-10-12,1.484,32.778,1032.84,0.066,EGM2008 mean sea level,water_level_Kyoga.txt
Kyoga,Uganda,2019-10-22 17:07:00,2019-10-22,1.484,32.778,1033.28,0.054,EGM2008 mean sea level,water_level_Kyoga.txt
Kyoga,Uganda,2019-11-01 15:05:00,2019-11-01,1.484,32.778,1033.61,0.051,EGM2008 mean sea level,water_level_Kyoga.txt
Kyoga,Uganda,2019-11-11 13:04:00,2019-11-11,1.484,32.778,1033.63,0.054,EGM2008 mean sea level,water_level_Kyoga.txt
Kyoga,Uganda,2019-11-21 11:02:00,2019-11-21,1.484,32.778,1033.64,0.064,EGM2008 mean sea level,water_level_Kyoga.txt
Kyoga,Uganda,2019-12-11 06:59:00,2019-12-11,1.484,32.778,1033.76,0.059,EGM2008 mean sea level,water_level_Kyoga.txt
Kyoga,Uganda,2019-12-21 04:58:00,2019-12-21,1.484,32.778,1033.47,0.094,EGM2008 mean sea level,water_level_Kyoga.txt
Kyoga,Uganda,2019-12-31 02:56:00,2019-12-31,1.484,32.778,1033.88,0.054,EGM2008 mean sea level,water_level_Kyoga.txt
Kyoga,Uganda,2020-01-09 00:55:00,2020-01-09,1.484,32.778,1033.81,0.067,EGM2008 mean sea level,water_level_Kyoga.txt
Kyoga,Uganda,2020-01-19 22:53:00,2020-01-19,1.484,32.778,1033.63,0.091,EGM2008 mean sea level,water_level_Kyoga.txt
Kyoga,Uganda,2020-01-29 20:52:00,2020-01-29,1.484,32.778,1033.76,0.057,EGM2008 mean sea level,water_level_Kyoga.txt
Kyoga,Uganda,2020-02-18 16:49:00,2020-02-18,1.484,32.778,1033.67,0.059,EGM2008 mean sea level,water_level_Kyoga.txt
Kyoga,Uganda,2020-02-28 14:47:00,2020-02-28,1.484,32.778,1033.68,0.051,EGM2008 mean sea level,water_level_Kyoga.txt
Kyoga,Uganda,2020-03-09 12:46:00,2020-03-09,1.484,32.778,1033.74,0.056,EGM2008 mean sea level,water_level_Kyoga.txt
Kyoga,Uganda,2020-03-19 10:44:00,2020-03-19,1.484,32.778,1033.74,0.065,EGM2008 mean sea level,water_level_Kyoga.txt
Kyoga,Uganda,2020-03-29 08:43:00,2020-03-29,1.484,32.778,1034.07,0.051,EGM2008 mean sea level,water_level_Kyoga.txt
Kyoga,Uganda,2020-04-08 06:41:00,2020-04-08,1.484,32.778,1034.04,0.053,EGM2008 mean sea level,water_level_Kyoga.txt
Kyoga,Uganda,2020-04-18 04:40:00,2020-04-18,1.484,32.778,1034.1,0.072,EGM2008 mean sea level,water_level_Kyoga.txt
Kyoga,Uganda,2020-04-28 02:38:00,2020-04-28,1.484,32.778,1034.32,0.063,EGM2008 mean sea level,water_level_Kyoga.txt
Kyoga,Uganda,2020-05-07 00:37:00,2020-05-07,1.484,32.778,1034.53,0.083,EGM2008 mean sea level,water_level_Kyoga.txt
Kyoga,Uganda,2020-05-17 22:36:00,2020-05-17,1.484,32.778,1034.69,0.099,EGM2008 mean sea level,water_level_Kyoga.txt
Kyoga,Uganda,2020-05-27 20:34:00,2020-05-27,1.484,32.778,1035.09,0.06,EGM2008 mean sea level,water_level_Kyoga.txt
Kyoga,Uganda,2020-06-06 18:33:00,2020-06-06,1.484,32.778,1035.23,0.069,EGM2008 mean sea level,water_level_Kyoga.txt
Kyoga,Uganda,2020-06-26 14:30:00,2020-06-26,1.484,32.778,1035.69,0.05,EGM2008 mean sea level,water_level_Kyoga.txt
Kyoga,Uganda,2020-07-06 12:28:00,2020-07-06,1.484,32.778,1035.66,0.052,EGM2008 mean sea level,water_level_Kyoga.txt
Kyoga,Uganda,2020-07-16 10:27:00,2020-07-16,1.484,32.778,1035.45,0.077,EGM2008 mean sea level,water_level_Kyoga.txt
Kyoga,Uganda,2020-07-26 08:25:00,2020-07-26,1.484,32.778,1035.7,0.043,EGM2008 mean sea level,water_level_Kyoga.txt
Kyoga,Uganda,2020-08-25 02:21:00,2020-08-25,1.484,32.778,1035.76,0.046,EGM2008 mean sea level,water_level_Kyoga.txt
Kyoga,Uganda,2020-09-03 00:19:00,2020-09-03,1.484,32.778,1035.46,0.07,EGM2008 mean sea level,water_level_Kyoga.txt
Kyoga,Uganda,2020-09-13 22:18:00,2020-09-13,1.484,32.778,1035.37,0.1,EGM2008 mean sea level,water_level_Kyoga.txt
Kyoga,Uganda,2020-09-23 20:16:00,2020-09-23,1.484,32.778,1035.85,0.045,EGM2008 mean sea level,water_level_Kyoga.txt
Kyoga,Uganda,2020-10-03 18:15:00,2020-10-03,1.484,32.778,1035.61,0.073,EGM2008 mean sea level,water_level_Kyoga.txt
Kyoga,Uganda,2020-10-13 16:13:00,2020-10-13,1.484,32.778,1035.51,0.093,EGM2008 mean sea level,water_level_Kyoga.txt
Kyoga,Uganda,2020-10-23 14:12:00,2020-10-23,1.484,32.778,1035.93,0.046,EGM2008 mean sea level,water_level_Kyoga.txt
Kyoga,Uganda,2020-11-02 12:10:00,2020-11-02,1.484,32.778,1035.89,0.069,EGM2008 mean sea level,water_level_Kyoga.txt
Kyoga,Uganda,2020-11-12 10:09:00,2020-11-12,1.484,32.778,1036.07,0.044,EGM2008 mean sea level,water_level_Kyoga.txt
Kyoga,Uganda,2020-11-22 08:07:00,2020-11-22,1.484,32.778,1036.08,0.044,EGM2008 mean sea level,water_level_Kyoga.txt
Kyoga,Uganda,2020-12-02 06:06:00,2020-12-02,1.484,32.778,1036.18,0.048,EGM2008 mean sea level,water_level_Kyoga.txt
Kyoga,Uganda,2020-12-12 04:05:00,2020-12-12,1.484,32.778,1036.11,0.054,EGM2008 mean sea level,water_level_Kyoga.txt
Kyoga,Uganda,2020-12-31 00:02:00,2020-12-31,1.484,32.778,1036.0,0.054,EGM2008 mean sea level,water_level_Kyoga.txt
Kyoga,Uganda,2021-01-01 00:02:00,2021-01-01,1.484,32.778,1035.94,0.055,EGM2008 mean sea level,water_level_Kyoga.txt
Kyoga,Uganda,2021-01-10 22:00:00,2021-01-10,1.484,32.778,1035.85,0.067,EGM2008 mean sea level,water_level_Kyoga.txt
Kyoga,Uganda,2021-01-10 22:01:00,2021-01-10,1.484,32.778,1035.88,0.059,EGM2008 mean sea level,water_level_Kyoga.txt
Kyoga,Uganda,2021-01-20 19:59:00,2021-01-20,1.484,32.778,1035.92,0.047,EGM2008 mean sea level,water_level_Kyoga.txt
Kyoga,Uganda,2021-01-20 19:59:00,2021-01-20,1.484,32.778,1035.9,0.047,EGM2008 mean sea level,water_level_Kyoga.txt
Kyoga,Uganda,2021-01-30 17:57:00,2021-01-30,1.484,32.778,1035.76,0.065,EGM2008 mean sea level,water_level_Kyoga.txt
Kyoga,Uganda,2021-01-30 17:58:00,2021-01-30,1.484,32.778,1035.83,0.05,EGM2008 mean sea level,water_level_Kyoga.txt
Kyoga,Uganda,2021-02-09 15:56:00,2021-02-09,1.484,32.778,1035.9,0.043,EGM2008 mean sea level,water_level_Kyoga.txt
Kyoga,Uganda,2021-02-09 15:56:00,2021-02-09,1.484,32.778,1035.96,0.043,EGM2008 mean sea level,water_level_Kyoga.txt
Kyoga,Uganda,2021-02-19 13:54:00,2021-02-19,1.484,32.778,1035.46,0.059,EGM2008 mean sea level,water_level_Kyoga.txt
Kyoga,Uganda,2021-02-19 13:55:00,2021-02-19,1.484,32.778,1035.5,0.047,EGM2008 mean sea level,water_level_Kyoga.txt
Kyoga,Uganda,2021-03-01 11:53:00,2021-03-01,1.484,32.778,1035.72,0.043,EGM2008 mean sea level,water_level_Kyoga.txt
Kyoga,Uganda,2021-03-01 11:53:00,2021-03-01,1.484,32.778,1035.7,0.043,EGM2008 mean sea level,water_level_Kyoga.txt
Kyoga,Uganda,2021-03-11 09:51:00,2021-03-11,1.484,32.778,1035.72,0.043,EGM2008 mean sea level,water_level_Kyoga.txt
Kyoga,Uganda,2021-03-11 09:52:00,2021-03-11,1.484,32.778,1035.75,0.045,EGM2008 mean sea level,water_level_Kyoga.txt
Kyoga,Uganda,2021-03-21 07:50:00,2021-03-21,1.484,32.778,1035.77,0.048,EGM2008 mean sea level,water_level_Kyoga.txt
Kyoga,Uganda,2021-03-21 07:50:00,2021-03-21,1.484,32.778,1035.66,0.045,EGM2008 mean sea level,water_level_Kyoga.txt
Kyoga,Uganda,2021-03-31 05:48:00,2021-03-31,1.484,32.778,1035.67,0.05,EGM2008 mean sea level,water_level_Kyoga.txt
Kyoga,Uganda,2021-03-31 05:49:00,2021-03-31,1.484,32.778,1035.71,0.046,EGM2008 mean sea level,water_level_Kyoga.txt
Kyoga,Uganda,2021-04-10 03:47:00,2021-04-10,1.484,32.778,1035.67,0.052,EGM2008 mean sea level,water_level_Kyoga.txt
Kyoga,Uganda,2021-04-10 03:47:00,2021-04-10,1.484,32.778,1035.63,0.054,EGM2008 mean sea level,water_level_Kyoga.txt
Kyoga,Uganda,2021-04-20 01:45:00,2021-04-20,1.484,32.778,1035.59,0.076,EGM2008 mean sea level,water_level_Kyoga.txt
Kyoga,Uganda,2021-04-29 23:44:00,2021-04-29,1.484,32.778,1035.91,0.048,EGM2008 mean sea level,water_level_Kyoga.txt
Kyoga,Uganda,2021-04-29 23:44:00,2021-04-29,1.484,32.778,1035.82,0.047,EGM2008 mean sea level,water_level_Kyoga.txt
Kyoga,Uganda,2021-05-09 21:42:00,2021-05-09,1.484,32.778,1035.94,0.059,EGM2008 mean sea level,water_level_Kyoga.txt
Kyoga,Uganda,2021-05-09 21:43:00,2021-05-09,1.484,32.778,1035.86,0.061,EGM2008 mean sea level,water_level_Kyoga.txt
Kyoga,Uganda,2021-05-19 19:41:00,2021-05-19,1.484,32.778,1035.88,0.048,EGM2008 mean sea level,water_level_Kyoga.txt
Kyoga,Uganda,2021-05-19 19:41:00,2021-05-19,1.484,32.778,1035.85,0.049,EGM2008 mean sea level,water_level_Kyoga.txt
Kyoga,Uganda,2021-05-29 17:39:00,2021-05-29,1.484,32.778,1035.95,0.05,EGM2008 mean sea level,water_level_Kyoga.txt
Kyoga,Uganda,2021-05-29 17:40:00,2021-05-29,1.484,32.778,1036.0,0.052,EGM2008 mean sea level,water_level_Kyoga.txt
Kyoga,Uganda,2021-06-18 13:37:00,2021-06-18,1.484,32.778,1036.13,0.045,EGM2008 mean sea level,water_level_Kyoga.txt
Kyoga,Uganda,2021-06-18 13:37:00,2021-06-18,1.484,32.778,1036.16,0.046,EGM2008 mean sea level,water_level_Kyoga.txt
Kyoga,Uganda,2021-06-28 11:35:00,2021-06-28,1.484,32.778,1036.2,0.043,EGM2008 mean sea level,water_level_Kyoga.txt
Kyoga,Uganda,2021-06-28 11:36:00,2021-06-28,1.484,32.778,1036.19,0.043,EGM2008 mean sea level,water_level_Kyoga.txt
Kyoga,Uganda,2021-07-08 09:34:00,2021-07-08,1.484,32.778,1036.07,0.05,EGM2008 mean sea level,water_level_Kyoga.txt
Kyoga,Uganda,2021-07-08 09:34:00,2021-07-08,1.484,32.778,1036.12,0.051,EGM2008 mean sea level,water_level_Kyoga.txt
Kyoga,Uganda,2021-07-18 07:32:00,2021-07-18,1.484,32.778,1036.1,0.055,EGM2008 mean sea level,water_level_Kyoga.txt
Kyoga,Uganda,2021-07-18 07:33:00,2021-07-18,1.484,32.778,1036.08,0.046,EGM2008 mean sea level,water_level_Kyoga.txt
Kyoga,Uganda,2021-07-28 05:31:00,2021-07-28,1.484,32.778,1036.07,0.046,EGM2008 mean sea level,water_level_Kyoga.txt
Kyoga,Uganda,2021-07-28 05:31:00,2021-07-28,1.484,32.778,1036.08,0.046,EGM2008 mean sea level,water_level_Kyoga.txt
Kyoga,Uganda,2021-08-07 03:29:00,2021-08-07,1.484,32.778,1035.47,0.117,EGM2008 mean sea level,water_level_Kyoga.txt
Kyoga,Uganda,2021-08-07 03:30:00,2021-08-07,1.484,32.778,1035.33,0.144,EGM2008 mean sea level,water_level_Kyoga.txt
Kyoga,Uganda,2021-08-17 01:28:00,2021-08-17,1.484,32.778,1035.85,0.053,EGM2008 mean sea level,water_level_Kyoga.txt
Kyoga,Uganda,2021-08-17 01:28:00,2021-08-17,1.484,32.778,1035.83,0.062,EGM2008 mean sea level,water_level_Kyoga.txt
Kyoga,Uganda,2021-08-26 23:26:00,2021-08-26,1.484,32.778,1035.62,0.091,EGM2008 mean sea level,water_level_Kyoga.txt
Kyoga,Uganda,2021-08-26 23:27:00,2021-08-26,1.484,32.778,1035.61,0.093,EGM2008 mean sea level,water_level_Kyoga.txt
Kyoga,Uganda,2021-09-05 21:25:00,2021-09-05,1.484,32.778,1035.92,0.044,EGM2008 mean sea level,water_level_Kyoga.txt
Kyoga,Uganda,2021-09-05 21:25:00,2021-09-05,1.484,32.778,1035.84,0.048,EGM2008 mean sea level,water_level_Kyoga.txt
Kyoga,Uganda,2021-09-15 19:23:00,2021-09-15,1.484,32.778,1035.79,0.047,EGM2008 mean sea level,water_level_Kyoga.txt
Kyoga,Uganda,2021-09-15 19:24:00,2021-09-15,1.484,32.778,1035.83,0.049,EGM2008 mean sea level,water_level_Kyoga.txt
Kyoga,Uganda,2021-09-25 17:22:00,2021-09-25,1.484,32.778,1035.8,0.063,EGM2008 mean sea level,water_level_Kyoga.txt
Kyoga,Uganda,2021-09-25 17:22:00,2021-09-25,1.484,32.778,1035.82,0.062,EGM2008 mean sea level,water_level_Kyoga.txt
Kyoga,Uganda,2021-10-05 15:20:00,2021-10-05,1.484,32.778,1035.61,0.079,EGM2008 mean sea level,water_level_Kyoga.txt
Kyoga,Uganda,2021-10-05 15:21:00,2021-10-05,1.484,32.778,1035.73,0.062,EGM2008 mean sea level,water_level_Kyoga.txt
Kyoga,Uganda,2021-10-15 13:19:00,2021-10-15,1.484,32.778,1035.68,0.043,EGM2008 mean sea level,water_level_Kyoga.txt
Kyoga,Uganda,2021-10-15 13:19:00,2021-10-15,1.484,32.778,1035.76,0.043,EGM2008 mean sea level,water_level_Kyoga.txt
Kyoga,Uganda,2021-10-25 11:17:00,2021-10-25,1.484,32.778,1035.73,0.044,EGM2008 mean sea level,water_level_Kyoga.txt
Kyoga,Uganda,2021-10-25 11:18:00,2021-10-25,1.484,32.778,1035.64,0.043,EGM2008 mean sea level,water_level_Kyoga.txt
Kyoga,Uganda,2021-11-04 09:16:00,2021-11-04,1.484,32.778,1035.39,0.09,EGM2008 mean sea level,water_level_Kyoga.txt
Kyoga,Uganda,2021-11-04 09:16:00,2021-11-04,1.484,32.778,1035.41,0.078,EGM2008 mean sea level,water_level_Kyoga.txt
Kyoga,Uganda,2021-11-14 07:14:00,2021-11-14,1.484,32.778,1035.55,0.044,EGM2008 mean sea level,water_level_Kyoga.txt
Kyoga,Uganda,2021-11-14 07:15:00,2021-11-14,1.484,32.778,1035.48,0.043,EGM2008 mean sea level,water_level_Kyoga.txt
Kyoga,Uganda,2021-11-24 05:13:00,2021-11-24,1.484,32.778,1035.26,0.057,EGM2008 mean sea level,water_level_Kyoga.txt
Kyoga,Uganda,2021-11-24 05:13:00,2021-11-24,1.484,32.778,1035.17,0.058,EGM2008 mean sea level,water_level_Kyoga.txt
Kyoga,Uganda,2021-12-04 03:11:00,2021-12-04,1.484,32.778,1034.72,0.111,EGM2008 mean sea level,water_level_Kyoga.txt
Kyoga,Uganda,2021-12-04 03:12:00,2021-12-04,1.484,32.778,1034.87,0.103,EGM2008 mean sea level,water_level_Kyoga.txt
Kyoga,Uganda,2021-12-14 01:10:00,2021-12-14,1.484,32.778,1035.08,0.052,EGM2008 mean sea level,water_level_Kyoga.txt
Kyoga,Uganda,2021-12-14 01:10:00,2021-12-14,1.484,32.778,1035.02,0.048,EGM2008 mean sea level,water_level_Kyoga.txt
Kyoga,Uganda,2021-12-23 23:09:00,2021-12-23,1.484,32.778,1034.82,0.098,EGM2008 mean sea level,water_level_Kyoga.txt
Kyoga,Uganda,2021-12-23 23:09:00,2021-12-23,1.484,32.778,1034.81,0.086,EGM2008 mean sea level,water_level_Kyoga.txt
Kyoga,Uganda,2022-01-02 21:07:00,2022-01-02,1.484,32.778,1034.93,0.054,EGM2008 mean sea level,water_level_Kyoga.txt
Kyoga,Uganda,2022-01-02 21:08:00,2022-01-02,1.484,32.778,1034.83,0.065,EGM2008 mean sea level,water_level_Kyoga.txt
Kyoga,Uganda,2022-01-12 19:06:00,2022-01-12,1.484,32.778,1034.81,0.046,EGM2008 mean sea level,water_level_Kyoga.txt
Kyoga,Uganda,2022-01-12 19:06:00,2022-01-12,1.484,32.778,1034.84,0.048,EGM2008 mean sea level,water_level_Kyoga.txt
Kyoga,Uganda,2022-01-22 17:04:00,2022-01-22,1.484,32.778,1034.51,0.058,EGM2008 mean sea level,water_level_Kyoga.txt
Kyoga,Uganda,2022-01-22 17:05:00,2022-01-22,1.484,32.778,1034.53,0.051,EGM2008 mean sea level,water_level_Kyoga.txt
Kyoga,Uganda,2022-02-01 15:03:00,2022-02-01,1.484,32.778,1034.67,0.048,EGM2008 mean sea level,water_level_Kyoga.txt
Kyoga,Uganda,2022-02-01 15:03:00,2022-02-01,1.484,32.778,1034.63,0.05,EGM2008 mean sea level,water_level_Kyoga.txt
Kyoga,Uganda,2022-02-11 13:01:00,2022-02-11,1.484,32.778,1034.38,0.113,EGM2008 mean sea level,water_level_Kyoga.txt
Kyoga,Uganda,2022-02-11 13:02:00,2022-02-11,1.484,32.778,1034.37,0.103,EGM2008 mean sea level,water_level_Kyoga.txt
Kyoga,Uganda,2022-02-21 11:00:00,2022-02-21,1.484,32.778,1034.69,0.054,EGM2008 mean sea level,water_level_Kyoga.txt
Kyoga,Uganda,2022-02-21 11:00:00,2022-02-21,1.484,32.778,1034.59,0.048,EGM2008 mean sea level,water_level_Kyoga.txt
Kyoga,Uganda,2022-03-03 08:58:00,2022-03-03,1.484,32.778,1034.51,0.046,EGM2008 mean sea level,water_level_Kyoga.txt
Kyoga,Uganda,2022-03-03 08:59:00,2022-03-03,1.484,32.778,1034.45,0.045,EGM2008 mean sea level,water_level_Kyoga.txt
Kyoga,Uganda,2022-03-13 06:57:00,2022-03-13,1.484,32.778,1034.39,0.045,EGM2008 mean sea level,water_level_Kyoga.txt
Kyoga,Uganda,2022-03-13 06:57:00,2022-03-13,1.484,32.778,1034.42,0.043,EGM2008 mean sea level,water_level_Kyoga.txt
Kyoga,Uganda,2022-03-23 04:55:00,2022-03-23,1.484,32.778,1033.99,0.136,EGM2008 mean sea level,water_level_Kyoga.txt
Kyoga,Uganda,2022-03-23 04:56:00,2022-03-23,1.484,32.778,1034.01,0.113,EGM2008 mean sea level,water_level_Kyoga.txt
Kyoga,Uganda,2022-04-02 02:54:00,2022-04-02,1.484,32.778,1034.2,0.055,EGM2008 mean sea level,water_level_Kyoga.txt
Kyoga,Uganda,2022-04-02 02:54:00,2022-04-02,1.484,32.778,1034.26,0.054,EGM2008 mean sea level,water_level_Kyoga.txt
Kyoga,Uganda,2022-04-12 00:53:00,2022-04-12,1.484,32.778,1034.19,0.048,EGM2008 mean sea level,water_level_Kyoga.txt
Kyoga,Uganda,2022-04-21 22:51:00,2022-04-21,1.484,32.778,1034.29,0.043,EGM2008 mean sea level,water_level_Kyoga.txt
Kyoga,Uganda,2022-05-01 20:50:00,2022-05-01,1.484,32.778,1034.3,0.046,EGM2008 mean sea level,water_level_Kyoga.txt
Kyoga,Uganda,2022-05-11 18:48:00,2022-05-11,1.484,32.778,1034.36,0.044,EGM2008 mean sea level,water_level_Kyoga.txt
Kyoga,Uganda,2022-05-21 16:47:00,2022-05-21,1.484,32.778,1034.09,0.109,EGM2008 mean sea level,water_level_Kyoga.txt
Kyoga,Uganda,2022-05-31 14:45:00,2022-05-31,1.484,32.778,1034.15,0.073,EGM2008 mean sea level,water_level_Kyoga.txt
Kyoga,Uganda,2022-06-10 12:44:00,2022-06-10,1.484,32.778,1034.47,0.045,EGM2008 mean sea level,water_level_Kyoga.txt
Kyoga,Uganda,2022-06-20 10:42:00,2022-06-20,1.484,32.778,1034.45,0.044,EGM2008 mean sea level,water_level_Kyoga.txt
Kyoga,Uganda,2022-06-30 08:41:00,2022-06-30,1.484,32.778,1034.45,0.043,EGM2008 mean sea level,water_level_Kyoga.txt
Kyoga,Uganda,2022-07-10 06:39:00,2022-07-10,1.484,32.778,1034.43,0.045,EGM2008 mean sea level,water_level_Kyoga.txt
Kyoga,Uganda,2022-07-20 04:38:00,2022-07-20,1.484,32.778,1034.4,0.044,EGM2008 mean sea level,water_level_Kyoga.txt
Kyoga,Uganda,2022-07-30 02:37:00,2022-07-30,1.484,32.778,1034.26,0.07,EGM2008 mean sea level,water_level_Kyoga.txt
Kyoga,Uganda,2022-08-09 00:35:00,2022-08-09,1.484,32.778,1034.37,0.049,EGM2008 mean sea level,water_level_Kyoga.txt
Kyoga,Uganda,2022-08-18 22:34:00,2022-08-18,1.484,32.778,1034.13,0.098,EGM2008 mean sea level,water_level_Kyoga.txt
Kyoga,Uganda,2022-08-28 20:32:00,2022-08-28,1.484,32.778,1033.93,0.112,EGM2008 mean sea level,water_level_Kyoga.txt
Kyoga,Uganda,2022-09-07 18:31:00,2022-09-07,1.484,32.778,1034.45,0.044,EGM2008 mean sea level,water_level_Kyoga.txt
Kyoga,Uganda,2022-09-17 16:29:00,2022-09-17,1.484,32.778,1033.91,0.148,EGM2008 mean sea level,water_level_Kyoga.txt
Kyoga,Uganda,2022-09-27 14:28:00,2022-09-27,1.484,32.778,1034.39,0.072,EGM2008 mean sea level,water_level_Kyoga.txt
Kyoga,Uganda,2022-10-07 12:26:00,2022-10-07,1.484,32.778,1034.43,0.065,EGM2008 mean sea level,water_level_Kyoga.txt
Kyoga,Uganda,2022-10-17 10:25:00,2022-10-17,1.484,32.778,1034.6,0.045,EGM2008 mean sea level,water_level_Kyoga.txt
Kyoga,Uganda,2022-10-27 08:23:00,2022-10-27,1.484,32.778,1034.45,0.043,EGM2008 mean sea level,water_level_Kyoga.txt
Kyoga,Uganda,2022-11-06 06:22:00,2022-11-06,1.484,32.778,1034.07,0.077,EGM2008 mean sea level,water_level_Kyoga.txt
Kyoga,Uganda,2022-11-16 04:20:00,2022-11-16,1.484,32.778,1034.18,0.06,EGM2008 mean sea level,water_level_Kyoga.txt
Kyoga,Uganda,2022-11-26 02:19:00,2022-11-26,1.484,32.778,1034.06,0.069,EGM2008 mean sea level,water_level_Kyoga.txt
Kyoga,Uganda,2022-12-06 00:17:00,2022-12-06,1.484,32.778,1033.92,0.075,EGM2008 mean sea level,water_level_Kyoga.txt
Kyoga,Uganda,2022-12-15 22:16:00,2022-12-15,1.484,32.778,1033.92,0.09,EGM2008 mean sea level,water_level_Kyoga.txt
Kyoga,Uganda,2022-12-25 20:14:00,2022-12-25,1.484,32.778,1033.95,0.072,EGM2008 mean sea level,water_level_Kyoga.txt
Kyoga,Uganda,2023-01-04 18:13:00,2023-01-04,1.484,32.778,1033.3,0.162,EGM2008 mean sea level,water_level_Kyoga.txt
Kyoga,Uganda,2023-01-14 16:11:00,2023-01-14,1.484,32.778,1034.0,0.052,EGM2008 mean sea level,water_level_Kyoga.txt
Kyoga,Uganda,2023-01-24 14:10:00,2023-01-24,1.484,32.778,1033.99,0.046,EGM2008 mean sea level,water_level_Kyoga.txt
Kyoga,Uganda,2023-02-03 12:09:00,2023-02-03,1.484,32.778,1033.95,0.049,EGM2008 mean sea level,water_level_Kyoga.txt
Kyoga,Uganda,2023-02-13 10:07:00,2023-02-13,1.484,32.778,1034.1,0.043,EGM2008 mean sea level,water_level_Kyoga.txt
Kyoga,Uganda,2023-02-23 08:06:00,2023-02-23,1.484,32.778,1033.75,0.059,EGM2008 mean sea level,water_level_Kyoga.txt
Kyoga,Uganda,2023-03-05 06:04:00,2023-03-05,1.484,32.778,1034.06,0.045,EGM2008 mean sea level,water_level_Kyoga.txt
Kyoga,Uganda,2023-03-15 04:03:00,2023-03-15,1.484,32.778,1033.89,0.046,EGM2008 mean sea level,water_level_Kyoga.txt
Kyoga,Uganda,2023-03-25 02:01:00,2023-03-25,1.484,32.778,1033.54,0.1,EGM2008 mean sea level,water_level_Kyoga.txt
Kyoga,Uganda,2023-04-04 00:00:00,2023-04-04,1.484,32.778,1033.94,0.057,EGM2008 mean sea level,water_level_Kyoga.txt
Kyoga,Uganda,2023-04-13 21:58:00,2023-04-13,1.484,32.778,1033.53,0.111,EGM2008 mean sea level,water_level_Kyoga.txt
Kyoga,Uganda,2023-04-23 19:57:00,2023-04-23,1.484,32.778,1033.89,0.066,EGM2008 mean sea level,water_level_Kyoga.txt
Kyoga,Uganda,2023-05-03 17:55:00,2023-05-03,1.484,32.778,1033.8,0.074,EGM2008 mean sea level,water_level_Kyoga.txt
Kyoga,Uganda,2023-05-13 15:54:00,2023-05-13,1.484,32.778,1034.5,0.043,EGM2008 mean sea level,water_level_Kyoga.txt
Kyoga,Uganda,2023-05-23 13:52:00,2023-05-23,1.484,32.778,1034.32,0.046,EGM2008 mean sea level,water_level_Kyoga.txt
Kyoga,Uganda,2023-06-02 11:51:00,2023-06-02,1.484,32.778,1034.2,0.054,EGM2008 mean sea level,water_level_Kyoga.txt
Kyoga,Uganda,2023-06-12 09:49:00,2023-06-12,1.484,32.778,1034.55,0.045,EGM2008 mean sea level,water_level_Kyoga.txt
Kyoga,Uganda,2023-06-22 07:48:00,2023-06-22,1.484,32.778,1034.43,0.045,EGM2008 mean sea level,water_level_Kyoga.txt
Kyoga,Uganda,2023-07-02 05:46:00,2023-07-02,1.484,32.778,1034.51,0.043,EGM2008 mean sea level,water_level_Kyoga.txt
Kyoga,Uganda,2023-07-12 03:45:00,2023-07-12,1.484,32.778,1034.41,0.054,EGM2008 mean sea level,water_level_Kyoga.txt
Kyoga,Uganda,2023-07-22 01:43:00,2023-07-22,1.484,32.778,1033.95,0.13,EGM2008 mean sea level,water_level_Kyoga.txt
Kyoga,Uganda,2023-07-31 23:42:00,2023-07-31,1.484,32.778,1034.44,0.049,EGM2008 mean sea level,water_level_Kyoga.txt
Kyoga,Uganda,2023-08-10 21:41:00,2023-08-10,1.484,32.778,1034.01,0.153,EGM2008 mean sea level,water_level_Kyoga.txt
Kyoga,Uganda,2023-08-20 19:39:00,2023-08-20,1.484,32.778,1034.39,0.05,EGM2008 mean sea level,water_level_Kyoga.txt
Kyoga,Uganda,2023-08-30 17:38:00,2023-08-30,1.484,32.778,1034.62,0.047,EGM2008 mean sea level,water_level_Kyoga.txt
Kyoga,Uganda,2023-09-09 15:36:00,2023-09-09,1.484,32.778,1034.45,0.051,EGM2008 mean sea level,water_level_Kyoga.txt
Kyoga,Uganda,2023-09-19 13:35:00,2023-09-19,1.484,32.778,1034.48,0.053,EGM2008 mean sea level,water_level_Kyoga.txt
Kyoga,Uganda,2023-09-29 11:33:00,2023-09-29,1.484,32.778,1034.63,0.044,EGM2008 mean sea level,water_level_Kyoga.txt
Kyoga,Uganda,2023-10-09 09:32:00,2023-10-09,1.484,32.778,1034.48,0.047,EGM2008 mean sea level,water_level_Kyoga.txt
Kyoga,Uganda,2023-10-19 07:30:00,2023-10-19,1.484,32.778,1034.78,0.047,EGM2008 mean sea level,water_level_Kyoga.txt
Kyoga,Uganda,2023-11-08 03:27:00,2023-11-08,1.484,32.778,1034.73,0.099,EGM2008 mean sea level,water_level_Kyoga.txt
Kyoga,Uganda,2023-11-18 01:26:00,2023-11-18,1.484,32.778,1034.55,0.098,EGM2008 mean sea level,water_level_Kyoga.txt
Kyoga,Uganda,2023-11-27 23:24:00,2023-11-27,1.484,32.778,1034.63,0.088,EGM2008 mean sea level,water_level_Kyoga.txt
Kyoga,Uganda,2023-12-07 21:23:00,2023-12-07,1.484,32.778,1035.13,0.045,EGM2008 mean sea level,water_level_Kyoga.txt
Kyoga,Uganda,2023-12-17 19:21:00,2023-12-17,1.484,32.778,1034.97,0.083,EGM2008 mean sea level,water_level_Kyoga.txt
Kyoga,Uganda,2023-12-27 17:20:00,2023-12-27,1.484,32.778,1034.79,0.095,EGM2008 mean sea level,water_level_Kyoga.txt
Kyoga,Uganda,2024-01-06 15:18:00,2024-01-06,1.484,32.778,1035.15,0.048,EGM2008 mean sea level,water_level_Kyoga.txt
Kyoga,Uganda,2024-01-16 13:17:00,2024-01-16,1.484,32.778,1034.75,0.104,EGM2008 mean sea level,water_level_Kyoga.txt
Kyoga,Uganda,2024-01-26 11:15:00,2024-01-26,1.484,32.778,1035.11,0.043,EGM2008 mean sea level,water_level_Kyoga.txt
Kyoga,Uganda,2024-02-05 09:14:00,2024-02-05,1.484,32.778,1035.01,0.045,EGM2008 mean sea level,water_level_Kyoga.txt
Kyoga,Uganda,2024-02-15 07:13:00,2024-02-15,1.484,32.778,1035.09,0.043,EGM2008 mean sea level,water_level_Kyoga.txt
Kyoga,Uganda,2024-02-25 05:11:00,2024-02-25,1.484,32.778,1034.53,0.098,EGM2008 mean sea level,water_level_Kyoga.txt
Kyoga,Uganda,2024-03-06 03:10:00,2024-03-06,1.484,32.778,1035.16,0.047,EGM2008 mean sea level,water_level_Kyoga.txt
Kyoga,Uganda,2024-03-25 23:07:00,2024-03-25,1.484,32.778,1035.18,0.045,EGM2008 mean sea level,water_level_Kyoga.txt
Kyoga,Uganda,2024-04-04 21:05:00,2024-04-04,1.484,32.778,1035.31,0.045,EGM2008 mean sea level,water_level_Kyoga.txt
Kyoga,Uganda,2024-04-14 19:04:00,2024-04-14,1.484,32.778,1034.65,0.178,EGM2008 mean sea level,water_level_Kyoga.txt
Kyoga,Uganda,2024-04-24 17:02:00,2024-04-24,1.484,32.778,1035.41,0.085,EGM2008 mean sea level,water_level_Kyoga.txt
Kyoga,Uganda,2024-05-04 15:01:00,2024-05-04,1.484,32.778,1035.44,0.065,EGM2008 mean sea level,water_level_Kyoga.txt
Kyoga,Uganda,2024-05-14 12:59:00,2024-05-14,1.484,32.778,1035.63,0.045,EGM2008 mean sea level,water_level_Kyoga.txt
Kyoga,Uganda,2024-05-24 10:58:00,2024-05-24,1.484,32.778,1035.81,0.049,EGM2008 mean sea level,water_level_Kyoga.txt
Kyoga,Uganda,2024-06-03 08:56:00,2024-06-03,1.484,32.778,1035.98,0.044,EGM2008 mean sea level,water_level_Kyoga.txt
Kyoga,Uganda,2024-06-13 06:55:00,2024-06-13,1.484,32.778,1035.46,0.106,EGM2008 mean sea level,water_level_Kyoga.txt
Kyoga,Uganda,2024-07-03 02:52:00,2024-07-03,1.484,32.778,1035.71,0.099,EGM2008 mean sea level,water_level_Kyoga.txt
Kyoga,Uganda,2024-07-13 00:50:00,2024-07-13,1.484,32.778,1035.61,0.097,EGM2008 mean sea level,water_level_Kyoga.txt
Kyoga,Uganda,2024-07-22 22:49:00,2024-07-22,1.484,32.778,1036.1,0.044,EGM2008 mean sea level,water_level_Kyoga.txt
Kyoga,Uganda,2024-08-21 16:45:00,2024-08-21,1.484,32.778,1035.48,0.144,EGM2008 mean sea level,water_level_Kyoga.txt
Kyoga,Uganda,2024-08-31 14:43:00,2024-08-31,1.484,32.778,1036.17,0.044,EGM2008 mean sea level,water_level_Kyoga.txt
Kyoga,Uganda,2024-09-10 12:42:00,2024-09-10,1.484,32.778,1036.13,0.044,EGM2008 mean sea level,water_level_Kyoga.txt
Kyoga,Uganda,2024-09-30 08:39:00,2024-09-30,1.484,32.778,1036.14,0.046,EGM2008 mean sea level,water_level_Kyoga.txt
Kyoga,Uganda,2024-10-10 06:37:00,2024-10-10,1.484,32.778,1036.12,0.043,EGM2008 mean sea level,water_level_Kyoga.txt
Kyoga,Uganda,2024-10-20 04:36:00,2024-10-20,1.484,32.778,1035.9,0.061,EGM2008 mean sea level,water_level_Kyoga.txt
Kyoga,Uganda,2024-10-30 02:34:00,2024-10-30,1.484,32.778,1035.7,0.083,EGM2008 mean sea level,water_level_Kyoga.txt
Kyoga,Uganda,2024-11-18 22:31:00,2024-11-18,1.484,32.778,1035.78,0.072,EGM2008 mean sea level,water_level_Kyoga.txt
Kyoga,Uganda,2024-11-28 20:30:00,2024-11-28,1.484,32.778,1035.2,0.145,EGM2008 mean sea level,water_level_Kyoga.txt
Kyoga,Uganda,2024-12-18 16:27:00,2024-12-18,1.484,32.778,1035.9,0.072,EGM2008 mean sea level,water_level_Kyoga.txt
Kyoga,Uganda,2024-12-28 14:25:00,2024-12-28,1.484,32.778,1035.92,0.072,EGM2008 mean sea level,water_level_Kyoga.txt
Kyoga,Uganda,2025-01-07 12:24:00,2025-01-07,1.484,32.778,1036.39,0.046,EGM2008 mean sea level,water_level_Kyoga.txt
Kyoga,Uganda,2025-01-17 10:22:00,2025-01-17,1.484,32.778,1036.07,0.044,EGM2008 mean sea level,water_level_Kyoga.txt
Kyoga,Uganda,2025-01-27 08:21:00,2025-01-27,1.484,32.778,1035.91,0.043,EGM2008 mean sea level,water_level_Kyoga.txt
Kyoga,Uganda,2025-02-06 06:20:00,2025-02-06,1.484,32.778,1034.91,0.154,EGM2008 mean sea level,water_level_Kyoga.txt
Kyoga,Uganda,2025-02-16 04:18:00,2025-02-16,1.484,32.778,1035.63,0.048,EGM2008 mean sea level,water_level_Kyoga.txt
Kyoga,Uganda,2025-02-26 02:17:00,2025-02-26,1.484,32.778,1035.28,0.108,EGM2008 mean sea level,water_level_Kyoga.txt
Kyoga,Uganda,2025-03-08 00:15:00,2025-03-08,1.484,32.778,1035.66,0.044,EGM2008 mean sea level,water_level_Kyoga.txt
Kyoga,Uganda,2025-03-27 20:12:00,2025-03-27,1.484,32.778,1035.48,0.07,EGM2008 mean sea level,water_level_Kyoga.txt
Kyoga,Uganda,2025-04-06 18:11:00,2025-04-06,1.484,32.778,1035.68,0.056,EGM2008 mean sea level,water_level_Kyoga.txt
Kyoga,Uganda,2025-04-16 16:09:00,2025-04-16,1.484,32.778,1035.78,0.043,EGM2008 mean sea level,water_level_Kyoga.txt
Kyoga,Uganda,2025-04-26 14:08:00,2025-04-26,1.484,32.778,1035.99,0.053,EGM2008 mean sea level,water_level_Kyoga.txt
Kyoga,Uganda,2025-05-06 12:06:00,2025-05-06,1.484,32.778,1035.78,0.044,EGM2008 mean sea level,water_level_Kyoga.txt
Kyoga,Uganda,2025-05-16 10:05:00,2025-05-16,1.484,32.778,1035.92,0.043,EGM2008 mean sea level,water_level_Kyoga.txt
Kyoga,Uganda,2025-05-26 08:03:00,2025-05-26,1.484,32.778,1035.85,0.046,EGM2008 mean sea level,water_level_Kyoga.txt
Kyoga,Uganda,2025-06-05 06:02:00,2025-06-05,1.484,32.778,1035.79,0.057,EGM2008 mean sea level,water_level_Kyoga.txt
Kyoga,Uganda,2025-06-15 04:00:00,2025-06-15,1.484,32.778,1035.17,0.115,EGM2008 mean sea level,water_level_Kyoga.txt
Kyoga,Uganda,2025-06-25 01:59:00,2025-06-25,1.484,32.778,1035.5,0.111,EGM2008 mean sea level,water_level_Kyoga.txt
Kyoga,Uganda,2025-07-04 23:57:00,2025-07-04,1.484,32.778,1035.34,0.141,EGM2008 mean sea level,water_level_Kyoga.txt
Kyoga,Uganda,2025-07-14 21:56:00,2025-07-14,1.484,32.778,1035.54,0.059,EGM2008 mean sea level,water_level_Kyoga.txt
Kyoga,Uganda,2025-07-24 19:54:00,2025-07-24,1.484,32.778,1035.64,0.076,EGM2008 mean sea level,water_level_Kyoga.txt
Kyoga,Uganda,2025-08-03 17:53:00,2025-08-03,1.484,32.778,1035.78,0.046,EGM2008 mean sea level,water_level_Kyoga.txt
Kyoga,Uganda,2025-08-13 15:52:00,2025-08-13,1.484,32.778,1035.93,0.044,EGM2008 mean sea level,water_level_Kyoga.txt
Kyoga,Uganda,2025-08-23 13:50:00,2025-08-23,1.484,32.778,1035.58,0.084,EGM2008 mean sea level,water_level_Kyoga.txt
Kyoga,Uganda,2025-09-02 11:49:00,2025-09-02,1.484,32.778,1035.98,0.044,EGM2008 mean sea level,water_level_Kyoga.txt
Kyoga,Uganda,2025-09-12 09:47:00,2025-09-12,1.484,32.778,1036.01,0.044,EGM2008 mean sea level,water_level_Kyoga.txt
Kyoga,Uganda,2025-09-22 07:46:00,2025-09-22,1.484,32.778,1035.85,0.045,EGM2008 mean sea level,water_level_Kyoga.txt
Kyoga,Uganda,2025-10-02 05:44:00,2025-10-02,1.484,32.778,1035.86,0.045,EGM2008 mean sea level,water_level_Kyoga.txt
Kyoga,Uganda,2025-10-12 03:43:00,2025-10-12,1.484,32.778,1035.85,0.046,EGM2008 mean sea level,water_level_Kyoga.txt
Kyoga,Uganda,2025-10-22 01:41:00,2025-10-22,1.484,32.778,1035.85,0.046,EGM2008 mean sea level,water_level_Kyoga.txt
Kyoga,Uganda,2025-10-31 23:40:00,2025-10-31,1.484,32.778,1035.82,0.05,EGM2008 mean sea level,water_level_Kyoga.txt
Kyoga,Uganda,2025-11-10 21:38:00,2025-11-10,1.484,32.778,1035.32,0.123,EGM2008 mean sea level,water_level_Kyoga.txt
Kyoga,Uganda,2025-11-20 19:37:00,2025-11-20,1.484,32.778,1035.7,0.084,EGM2008 mean sea level,water_level_Kyoga.txt
Kyoga,Uganda,2025-11-30 17:35:00,2025-11-30,1.484,32.778,1035.17,0.119,EGM2008 mean sea level,water_level_Kyoga.txt
Kyoga,Uganda,2025-12-10 15:34:00,2025-12-10,1.484,32.778,1035.78,0.046,EGM2008 mean sea level,water_level_Kyoga.txt
Kyoga,Uganda,2025-12-20 13:32:00,2025-12-20,1.484,32.778,1035.48,0.143,EGM2008 mean sea level,water_level_Kyoga.txt
Kyoga,Uganda,2025-12-30 11:31:00,2025-12-30,1.484,32.778,1035.8,0.044,EGM2008 mean sea level,water_level_Kyoga.txt
Kyoga,Uganda,2026-01-09 09:29:00,2026-01-09,1.484,32.778,1035.65,0.063,EGM2008 mean sea level,water_level_Kyoga.txt
Kyoga,Uganda,2026-01-19 07:28:00,2026-01-19,1.484,32.778,1035.57,0.045,EGM2008 mean sea level,water_level_Kyoga.txt
Kyoga,Uganda,2026-01-29 05:27:00,2026-01-29,1.484,32.778,1035.53,0.047,EGM2008 mean sea level,water_level_Kyoga.txt
Kyoga,Uganda,2026-02-08 03:25:00,2026-02-08,1.484,32.778,1035.08,0.13,EGM2008 mean sea level,water_level_Kyoga.txt
Kyoga,Uganda,2026-02-18 01:24:00,2026-02-18,1.484,32.778,1035.35,0.049,EGM2008 mean sea level,water_level_Kyoga.txt
Kyoga,Uganda,2026-02-27 23:22:00,2026-02-27,1.484,32.778,1035.16,0.053,EGM2008 mean sea level,water_level_Kyoga.txt
Kyoga,Uganda,2026-03-09 21:21:00,2026-03-09,1.484,32.778,1035.37,0.048,EGM2008 mean sea level,water_level_Kyoga.txt
Kyoga,Uganda,2026-03-29 17:18:00,2026-03-29,1.484,32.778,1035.61,0.047,EGM2008 mean sea level,water_level_Kyoga.txt
Kyoga,Uganda,2026-04-08 15:16:00,2026-04-08,1.484,32.778,1035.41,0.051,EGM2008 mean sea level,water_level_Kyoga.txt
Kyoga,Uganda,2026-04-18 13:15:00,2026-04-18,1.484,32.778,1035.51,0.043,EGM2008 mean sea level,water_level_Kyoga.txt
Kyoga,Uganda,2026-04-28 11:13:00,2026-04-28,1.484,32.778,1035.44,0.051,EGM2008 mean sea level,water_level_Kyoga.txt
Kyoga,Uganda,2026-05-08 09:12:00,2026-05-08,1.484,32.778,1035.54,0.047,EGM2008 mean sea level,water_level_Kyoga.txt
Kyoga,Uganda,2026-05-18 07:10:00,2026-05-18,1.484,32.778,1035.35,0.052,EGM2008 mean sea level,water_level_Kyoga.txt
Victoria,Uganda,1992-10-07 17:34:00,1992-10-07,-0.507,33.488,1135.57,0.042,EGM2008 mean sea level,water_level_victoria.txt
Victoria,Uganda,1992-10-17 15:33:00,1992-10-17,-0.507,33.488,1135.58,0.042,EGM2008 mean sea level,water_level_victoria.txt
Victoria,Uganda,1992-10-27 13:31:00,1992-10-27,-0.507,33.488,1135.62,0.042,EGM2008 mean sea level,water_level_victoria.txt
Victoria,Uganda,1992-11-06 11:30:00,1992-11-06,-0.507,33.488,1135.62,0.042,EGM2008 mean sea level,water_level_victoria.txt
Victoria,Uganda,1992-11-16 09:28:00,1992-11-16,-0.507,33.488,1135.6,0.042,EGM2008 mean sea level,water_level_victoria.txt
Victoria,Uganda,1992-11-26 07:27:00,1992-11-26,-0.507,33.488,1135.65,0.042,EGM2008 mean sea level,water_level_victoria.txt
Victoria,Uganda,1992-12-06 05:25:00,1992-12-06,-0.507,33.488,1135.62,0.042,EGM2008 mean sea level,water_level_victoria.txt
Victoria,Uganda,1992-12-16 03:24:00,1992-12-16,-0.507,33.488,1135.69,0.043,EGM2008 mean sea level,water_level_victoria.txt
Victoria,Uganda,1992-12-26 01:22:00,1992-12-26,-0.507,33.488,1135.69,0.042,EGM2008 mean sea level,water_level_victoria.txt
Victoria,Uganda,1993-01-04 23:21:00,1993-01-04,-0.507,33.488,1135.7,0.042,EGM2008 mean sea level,water_level_victoria.txt
Victoria,Uganda,1993-01-14 21:19:00,1993-01-14,-0.507,33.488,1135.79,0.042,EGM2008 mean sea level,water_level_victoria.txt
Victoria,Uganda,1993-01-24 19:18:00,1993-01-24,-0.507,33.488,1135.79,0.042,EGM2008 mean sea level,water_level_victoria.txt
Victoria,Uganda,1993-02-03 17:16:00,1993-02-03,-0.507,33.488,1135.79,0.043,EGM2008 mean sea level,water_level_victoria.txt
Victoria,Uganda,1993-02-13 15:15:00,1993-02-13,-0.507,33.488,1135.71,0.042,EGM2008 mean sea level,water_level_victoria.txt
Victoria,Uganda,1993-02-23 13:13:00,1993-02-23,-0.507,33.488,1135.73,0.042,EGM2008 mean sea level,water_level_victoria.txt
Victoria,Uganda,1993-03-05 11:12:00,1993-03-05,-0.507,33.488,1135.71,0.042,EGM2008 mean sea level,water_level_victoria.txt
Victoria,Uganda,1993-03-15 09:11:00,1993-03-15,-0.507,33.488,1135.76,0.042,EGM2008 mean sea level,water_level_victoria.txt
Victoria,Uganda,1993-03-25 07:09:00,1993-03-25,-0.507,33.488,1135.74,0.042,EGM2008 mean sea level,water_level_victoria.txt
Victoria,Uganda,1993-04-04 05:08:00,1993-04-04,-0.507,33.488,1135.69,0.043,EGM2008 mean sea level,water_level_victoria.txt
Victoria,Uganda,1993-04-14 03:06:00,1993-04-14,-0.507,33.488,1135.67,0.042,EGM2008 mean sea level,water_level_victoria.txt
Victoria,Uganda,1993-04-24 01:05:00,1993-04-24,-0.507,33.488,1135.7,0.043,EGM2008 mean sea level,water_level_victoria.txt
Victoria,Uganda,1993-05-03 23:03:00,1993-05-03,-0.507,33.488,1135.69,0.042,EGM2008 mean sea level,water_level_victoria.txt
Victoria,Uganda,1993-05-13 21:02:00,1993-05-13,-0.507,33.488,1135.82,0.042,EGM2008 mean sea level,water_level_victoria.txt
Victoria,Uganda,1993-05-23 19:00:00,1993-05-23,-0.507,33.488,1135.86,0.042,EGM2008 mean sea level,water_level_victoria.txt
Victoria,Uganda,1993-06-02 16:59:00,1993-06-02,-0.507,33.488,1135.84,0.042,EGM2008 mean sea level,water_level_victoria.txt
Victoria,Uganda,1993-06-12 14:57:00,1993-06-12,-0.507,33.488,1135.89,0.042,EGM2008 mean sea level,water_level_victoria.txt
Victoria,Uganda,1993-06-22 12:56:00,1993-06-22,-0.507,33.488,1135.86,0.042,EGM2008 mean sea level,water_level_victoria.txt
Victoria,Uganda,1993-07-02 10:54:00,1993-07-02,-0.507,33.488,1135.83,0.042,EGM2008 mean sea level,water_level_victoria.txt
Victoria,Uganda,1993-07-12 08:53:00,1993-07-12,-0.507,33.488,1135.77,0.042,EGM2008 mean sea level,water_level_victoria.txt
Victoria,Uganda,1993-07-22 06:51:00,1993-07-22,-0.507,33.488,1135.69,0.042,EGM2008 mean sea level,water_level_victoria.txt
Victoria,Uganda,1993-08-01 04:50:00,1993-08-01,-0.507,33.488,1135.6,0.042,EGM2008 mean sea level,water_level_victoria.txt
Victoria,Uganda,1993-08-11 02:48:00,1993-08-11,-0.507,33.488,1135.65,0.043,EGM2008 mean sea level,water_level_victoria.txt
Victoria,Uganda,1993-08-21 00:47:00,1993-08-21,-0.507,33.488,1135.55,0.042,EGM2008 mean sea level,water_level_victoria.txt
Victoria,Uganda,1993-08-30 22:45:00,1993-08-30,-0.507,33.488,1135.47,0.042,EGM2008 mean sea level,water_level_victoria.txt
Victoria,Uganda,1993-09-09 20:44:00,1993-09-09,-0.507,33.488,1135.51,0.042,EGM2008 mean sea level,water_level_victoria.txt
Victoria,Uganda,1993-09-19 18:42:00,1993-09-19,-0.507,33.488,1135.45,0.042,EGM2008 mean sea level,water_level_victoria.txt
Victoria,Uganda,1993-09-29 16:41:00,1993-09-29,-0.507,33.488,1135.4,0.042,EGM2008 mean sea level,water_level_victoria.txt
Victoria,Uganda,1993-10-09 14:40:00,1993-10-09,-0.507,33.488,1135.39,0.042,EGM2008 mean sea level,water_level_victoria.txt
Victoria,Uganda,1993-10-19 12:38:00,1993-10-19,-0.507,33.488,1135.34,0.042,EGM2008 mean sea level,water_level_victoria.txt
Victoria,Uganda,1993-10-29 10:37:00,1993-10-29,-0.507,33.488,1135.29,0.042,EGM2008 mean sea level,water_level_victoria.txt
Victoria,Uganda,1993-11-08 08:35:00,1993-11-08,-0.507,33.488,1135.38,0.042,EGM2008 mean sea level,water_level_victoria.txt
Victoria,Uganda,1993-11-18 06:34:00,1993-11-18,-0.507,33.488,1135.33,0.042,EGM2008 mean sea level,water_level_victoria.txt
Victoria,Uganda,1993-11-28 04:32:00,1993-11-28,-0.507,33.488,1135.28,0.042,EGM2008 mean sea level,water_level_victoria.txt
Victoria,Uganda,1993-12-08 02:31:00,1993-12-08,-0.507,33.488,1135.32,0.042,EGM2008 mean sea level,water_level_victoria.txt
Victoria,Uganda,1993-12-18 00:29:00,1993-12-18,-0.507,33.488,1135.26,0.042,EGM2008 mean sea level,water_level_victoria.txt
Victoria,Uganda,1993-12-27 22:28:00,1993-12-27,-0.507,33.488,1135.29,0.042,EGM2008 mean sea level,water_level_victoria.txt
Victoria,Uganda,1994-01-06 20:26:00,1994-01-06,-0.507,33.488,1135.22,0.042,EGM2008 mean sea level,water_level_victoria.txt
Victoria,Uganda,1994-01-16 18:25:00,1994-01-16,-0.507,33.488,1135.28,0.042,EGM2008 mean sea level,water_level_victoria.txt
Victoria,Uganda,1994-01-26 16:23:00,1994-01-26,-0.507,33.488,1135.23,0.042,EGM2008 mean sea level,water_level_victoria.txt
Victoria,Uganda,1994-02-05 14:22:00,1994-02-05,-0.507,33.488,1135.24,0.042,EGM2008 mean sea level,water_level_victoria.txt
Victoria,Uganda,1994-02-15 12:20:00,1994-02-15,-0.507,33.488,1135.21,0.042,EGM2008 mean sea level,water_level_victoria.txt
Victoria,Uganda,1994-02-25 10:19:00,1994-02-25,-0.507,33.488,1135.19,0.042,EGM2008 mean sea level,water_level_victoria.txt
Victoria,Uganda,1994-03-07 08:17:00,1994-03-07,-0.507,33.488,1135.18,0.042,EGM2008 mean sea level,water_level_victoria.txt
Victoria,Uganda,1994-03-27 04:14:00,1994-03-27,-0.507,33.488,1135.27,0.042,EGM2008 mean sea level,water_level_victoria.txt
Victoria,Uganda,1994-04-06 02:13:00,1994-04-06,-0.507,33.488,1135.23,0.042,EGM2008 mean sea level,water_level_victoria.txt
Victoria,Uganda,1994-04-16 00:11:00,1994-04-16,-0.507,33.488,1135.24,0.042,EGM2008 mean sea level,water_level_victoria.txt
Victoria,Uganda,1994-04-25 22:10:00,1994-04-25,-0.507,33.488,1135.29,0.042,EGM2008 mean sea level,water_level_victoria.txt
Victoria,Uganda,1994-05-05 20:09:00,1994-05-05,-0.507,33.488,1135.36,0.042,EGM2008 mean sea level,water_level_victoria.txt
Victoria,Uganda,1994-05-15 18:07:00,1994-05-15,-0.507,33.488,1135.42,0.043,EGM2008 mean sea level,water_level_victoria.txt
Victoria,Uganda,1994-05-25 16:06:00,1994-05-25,-0.507,33.488,1135.47,0.042,EGM2008 mean sea level,water_level_victoria.txt
Victoria,Uganda,1994-06-04 14:04:00,1994-06-04,-0.507,33.488,1135.51,0.042,EGM2008 mean sea level,water_level_victoria.txt
Victoria,Uganda,1994-06-14 12:03:00,1994-06-14,-0.507,33.488,1135.52,0.042,EGM2008 mean sea level,water_level_victoria.txt
Victoria,Uganda,1994-06-24 10:01:00,1994-06-24,-0.507,33.488,1135.44,0.042,EGM2008 mean sea level,water_level_victoria.txt
Victoria,Uganda,1994-07-04 08:00:00,1994-07-04,-0.507,33.488,1135.43,0.042,EGM2008 mean sea level,water_level_victoria.txt
Victoria,Uganda,1994-07-14 05:58:00,1994-07-14,-0.507,33.488,1135.43,0.042,EGM2008 mean sea level,water_level_victoria.txt
Victoria,Uganda,1994-07-24 03:57:00,1994-07-24,-0.507,33.488,1135.41,0.042,EGM2008 mean sea level,water_level_victoria.txt
Victoria,Uganda,1994-08-03 01:55:00,1994-08-03,-0.507,33.488,1135.39,0.042,EGM2008 mean sea level,water_level_victoria.txt
Victoria,Uganda,1994-08-12 23:54:00,1994-08-12,-0.507,33.488,1135.35,0.042,EGM2008 mean sea level,water_level_victoria.txt
Victoria,Uganda,1994-08-22 21:52:00,1994-08-22,-0.507,33.488,1135.31,0.042,EGM2008 mean sea level,water_level_victoria.txt
Victoria,Uganda,1994-09-01 19:51:00,1994-09-01,-0.507,33.488,1135.28,0.042,EGM2008 mean sea level,water_level_victoria.txt
Victoria,Uganda,1994-09-11 17:49:00,1994-09-11,-0.507,33.488,1135.29,0.042,EGM2008 mean sea level,water_level_victoria.txt
Victoria,Uganda,1994-09-21 15:48:00,1994-09-21,-0.507,33.488,1135.23,0.042,EGM2008 mean sea level,water_level_victoria.txt
Victoria,Uganda,1994-10-01 13:46:00,1994-10-01,-0.507,33.488,1135.24,0.042,EGM2008 mean sea level,water_level_victoria.txt
Victoria,Uganda,1994-10-11 11:45:00,1994-10-11,-0.507,33.488,1135.27,0.042,EGM2008 mean sea level,water_level_victoria.txt
Victoria,Uganda,1994-10-21 09:43:00,1994-10-21,-0.507,33.488,1135.21,0.042,EGM2008 mean sea level,water_level_victoria.txt
Victoria,Uganda,1994-10-31 07:42:00,1994-10-31,-0.507,33.488,1135.19,0.042,EGM2008 mean sea level,water_level_victoria.txt
Victoria,Uganda,1994-11-10 05:40:00,1994-11-10,-0.507,33.488,1135.32,0.043,EGM2008 mean sea level,water_level_victoria.txt
Victoria,Uganda,1994-11-20 03:39:00,1994-11-20,-0.507,33.488,1135.32,0.043,EGM2008 mean sea level,water_level_victoria.txt
Victoria,Uganda,1994-11-30 01:38:00,1994-11-30,-0.507,33.488,1135.39,0.043,EGM2008 mean sea level,water_level_victoria.txt
Victoria,Uganda,1994-12-09 23:36:00,1994-12-09,-0.507,33.488,1135.48,0.043,EGM2008 mean sea level,water_level_victoria.txt
Victoria,Uganda,1994-12-19 21:35:00,1994-12-19,-0.507,33.488,1135.52,0.042,EGM2008 mean sea level,water_level_victoria.txt
Victoria,Uganda,1994-12-29 19:33:00,1994-12-29,-0.507,33.488,1135.49,0.043,EGM2008 mean sea level,water_level_victoria.txt
Victoria,Uganda,1995-01-08 17:32:00,1995-01-08,-0.507,33.488,1135.48,0.042,EGM2008 mean sea level,water_level_victoria.txt
Victoria,Uganda,1995-01-18 15:30:00,1995-01-18,-0.507,33.488,1135.44,0.042,EGM2008 mean sea level,water_level_victoria.txt
Victoria,Uganda,1995-01-28 13:29:00,1995-01-28,-0.507,33.488,1135.45,0.042,EGM2008 mean sea level,water_level_victoria.txt
Victoria,Uganda,1995-02-07 11:27:00,1995-02-07,-0.507,33.488,1135.45,0.042,EGM2008 mean sea level,water_level_victoria.txt
Victoria,Uganda,1995-02-17 09:26:00,1995-02-17,-0.507,33.488,1135.52,0.042,EGM2008 mean sea level,water_level_victoria.txt
Victoria,Uganda,1995-02-27 07:24:00,1995-02-27,-0.507,33.488,1135.46,0.042,EGM2008 mean sea level,water_level_victoria.txt
Victoria,Uganda,1995-03-09 05:23:00,1995-03-09,-0.507,33.488,1135.48,0.042,EGM2008 mean sea level,water_level_victoria.txt
Victoria,Uganda,1995-03-19 03:21:00,1995-03-19,-0.507,33.488,1135.44,0.042,EGM2008 mean sea level,water_level_victoria.txt
Victoria,Uganda,1995-03-29 01:20:00,1995-03-29,-0.507,33.488,1135.45,0.042,EGM2008 mean sea level,water_level_victoria.txt
Victoria,Uganda,1995-04-07 23:18:00,1995-04-07,-0.507,33.488,1135.46,0.042,EGM2008 mean sea level,water_level_victoria.txt
Victoria,Uganda,1995-04-17 21:17:00,1995-04-17,-0.507,33.488,1135.53,0.042,EGM2008 mean sea level,water_level_victoria.txt
Victoria,Uganda,1995-04-27 19:15:00,1995-04-27,-0.507,33.488,1135.56,0.042,EGM2008 mean sea level,water_level_victoria.txt
Victoria,Uganda,1995-05-07 17:14:00,1995-05-07,-0.507,33.488,1135.64,0.042,EGM2008 mean sea level,water_level_victoria.txt
Victoria,Uganda,1995-05-17 15:12:00,1995-05-17,-0.507,33.488,1135.73,0.042,EGM2008 mean sea level,water_level_victoria.txt
Victoria,Uganda,1995-05-27 13:11:00,1995-05-27,-0.507,33.488,1135.7,0.042,EGM2008 mean sea level,water_level_victoria.txt
Victoria,Uganda,1995-06-06 11:09:00,1995-06-06,-0.507,33.488,1135.73,0.043,EGM2008 mean sea level,water_level_victoria.txt
Victoria,Uganda,1995-06-16 09:08:00,1995-06-16,-0.507,33.488,1135.76,0.042,EGM2008 mean sea level,water_level_victoria.txt
Victoria,Uganda,1995-06-26 07:07:00,1995-06-26,-0.507,33.488,1135.71,0.042,EGM2008 mean sea level,water_level_victoria.txt
Victoria,Uganda,1995-07-06 05:05:00,1995-07-06,-0.507,33.488,1135.69,0.042,EGM2008 mean sea level,water_level_victoria.txt
Victoria,Uganda,1995-07-16 03:04:00,1995-07-16,-0.507,33.488,1135.69,0.043,EGM2008 mean sea level,water_level_victoria.txt
Victoria,Uganda,1995-07-26 01:02:00,1995-07-26,-0.507,33.488,1135.64,0.042,EGM2008 mean sea level,water_level_victoria.txt
Victoria,Uganda,1995-08-04 23:01:00,1995-08-04,-0.507,33.488,1135.61,0.042,EGM2008 mean sea level,water_level_victoria.txt
Victoria,Uganda,1995-08-14 20:59:00,1995-08-14,-0.507,33.488,1135.57,0.042,EGM2008 mean sea level,water_level_victoria.txt
Victoria,Uganda,1995-08-24 18:58:00,1995-08-24,-0.507,33.488,1135.55,0.042,EGM2008 mean sea level,water_level_victoria.txt
Victoria,Uganda,1995-09-03 16:56:00,1995-09-03,-0.507,33.488,1135.45,0.042,EGM2008 mean sea level,water_level_victoria.txt
Victoria,Uganda,1995-09-13 14:55:00,1995-09-13,-0.507,33.488,1135.51,0.042,EGM2008 mean sea level,water_level_victoria.txt
Victoria,Uganda,1995-09-23 12:53:00,1995-09-23,-0.507,33.488,1135.46,0.042,EGM2008 mean sea level,water_level_victoria.txt
Victoria,Uganda,1995-10-03 10:52:00,1995-10-03,-0.507,33.488,1135.46,0.042,EGM2008 mean sea level,water_level_victoria.txt
Victoria,Uganda,1995-10-13 08:50:00,1995-10-13,-0.507,33.488,1135.48,0.042,EGM2008 mean sea level,water_level_victoria.txt
Victoria,Uganda,1995-10-23 06:49:00,1995-10-23,-0.507,33.488,1135.43,0.042,EGM2008 mean sea level,water_level_victoria.txt
Victoria,Uganda,1995-11-02 04:47:00,1995-11-02,-0.507,33.488,1135.45,0.042,EGM2008 mean sea level,water_level_victoria.txt
Victoria,Uganda,1995-11-12 02:46:00,1995-11-12,-0.507,33.488,1135.44,0.043,EGM2008 mean sea level,water_level_victoria.txt
Victoria,Uganda,1995-11-22 00:44:00,1995-11-22,-0.507,33.488,1135.45,0.042,EGM2008 mean sea level,water_level_victoria.txt
Victoria,Uganda,1995-12-11 20:41:00,1995-12-11,-0.507,33.488,1135.46,0.042,EGM2008 mean sea level,water_level_victoria.txt
Victoria,Uganda,1995-12-21 18:40:00,1995-12-21,-0.507,33.488,1135.45,0.042,EGM2008 mean sea level,water_level_victoria.txt
Victoria,Uganda,1995-12-31 16:38:00,1995-12-31,-0.507,33.488,1135.46,0.042,EGM2008 mean sea level,water_level_victoria.txt
Victoria,Uganda,1996-01-10 14:37:00,1996-01-10,-0.507,33.488,1135.52,0.042,EGM2008 mean sea level,water_level_victoria.txt
Victoria,Uganda,1996-01-30 10:34:00,1996-01-30,-0.507,33.488,1135.52,0.042,EGM2008 mean sea level,water_level_victoria.txt
Victoria,Uganda,1996-02-09 08:33:00,1996-02-09,-0.507,33.488,1135.56,0.042,EGM2008 mean sea level,water_level_victoria.txt
Victoria,Uganda,1996-02-19 06:31:00,1996-02-19,-0.507,33.488,1135.57,0.042,EGM2008 mean sea level,water_level_victoria.txt
Victoria,Uganda,1996-02-29 04:30:00,1996-02-29,-0.507,33.488,1135.59,0.042,EGM2008 mean sea level,water_level_victoria.txt
Victoria,Uganda,1996-03-10 02:28:00,1996-03-10,-0.507,33.488,1135.56,0.042,EGM2008 mean sea level,water_level_victoria.txt
Victoria,Uganda,1996-03-20 00:27:00,1996-03-20,-0.507,33.488,1135.56,0.042,EGM2008 mean sea level,water_level_victoria.txt
Victoria,Uganda,1996-03-29 22:25:00,1996-03-29,-0.507,33.488,1135.65,0.043,EGM2008 mean sea level,water_level_victoria.txt
Victoria,Uganda,1996-04-08 20:24:00,1996-04-08,-0.507,33.488,1135.79,0.042,EGM2008 mean sea level,water_level_victoria.txt
Victoria,Uganda,1996-04-18 18:22:00,1996-04-18,-0.507,33.488,1135.81,0.042,EGM2008 mean sea level,water_level_victoria.txt
Victoria,Uganda,1996-04-28 16:21:00,1996-04-28,-0.507,33.488,1135.82,0.042,EGM2008 mean sea level,water_level_victoria.txt
Victoria,Uganda,1996-05-08 14:19:00,1996-05-08,-0.507,33.488,1135.86,0.042,EGM2008 mean sea level,water_level_victoria.txt
Victoria,Uganda,1996-05-18 12:18:00,1996-05-18,-0.507,33.488,1135.86,0.042,EGM2008 mean sea level,water_level_victoria.txt
Victoria,Uganda,1996-05-28 10:16:00,1996-05-28,-0.507,33.488,1135.91,0.042,EGM2008 mean sea level,water_level_victoria.txt
Victoria,Uganda,1996-06-07 08:15:00,1996-06-07,-0.507,33.488,1135.9,0.042,EGM2008 mean sea level,water_level_victoria.txt
Victoria,Uganda,1996-06-17 06:13:00,1996-06-17,-0.507,33.488,1135.93,0.043,EGM2008 mean sea level,water_level_victoria.txt
Victoria,Uganda,1996-06-27 04:12:00,1996-06-27,-0.507,33.488,1135.85,0.042,EGM2008 mean sea level,water_level_victoria.txt
Victoria,Uganda,1996-07-07 02:11:00,1996-07-07,-0.507,33.488,1135.84,0.043,EGM2008 mean sea level,water_level_victoria.txt
Victoria,Uganda,1996-07-17 00:09:00,1996-07-17,-0.507,33.488,1135.81,0.042,EGM2008 mean sea level,water_level_victoria.txt
Victoria,Uganda,1996-07-26 22:08:00,1996-07-26,-0.507,33.488,1135.8,0.042,EGM2008 mean sea level,water_level_victoria.txt
Victoria,Uganda,1996-08-05 20:06:00,1996-08-05,-0.507,33.488,1135.72,0.042,EGM2008 mean sea level,water_level_victoria.txt
Victoria,Uganda,1996-08-15 18:05:00,1996-08-15,-0.507,33.488,1135.7,0.042,EGM2008 mean sea level,water_level_victoria.txt
Victoria,Uganda,1996-08-25 16:03:00,1996-08-25,-0.507,33.488,1135.69,0.042,EGM2008 mean sea level,water_level_victoria.txt
Victoria,Uganda,1996-09-04 14:02:00,1996-09-04,-0.507,33.488,1135.7,0.042,EGM2008 mean sea level,water_level_victoria.txt
Victoria,Uganda,1996-09-14 12:00:00,1996-09-14,-0.507,33.488,1135.69,0.042,EGM2008 mean sea level,water_level_victoria.txt
Victoria,Uganda,1996-09-24 09:59:00,1996-09-24,-0.507,33.488,1135.69,0.042,EGM2008 mean sea level,water_level_victoria.txt
Victoria,Uganda,1996-10-04 07:57:00,1996-10-04,-0.507,33.488,1135.69,0.042,EGM2008 mean sea level,water_level_victoria.txt
Victoria,Uganda,1996-10-14 05:56:00,1996-10-14,-0.507,33.488,1135.68,0.042,EGM2008 mean sea level,water_level_victoria.txt
Victoria,Uganda,1996-10-24 03:54:00,1996-10-24,-0.507,33.488,1135.64,0.042,EGM2008 mean sea level,water_level_victoria.txt
Victoria,Uganda,1996-11-03 01:53:00,1996-11-03,-0.507,33.488,1135.66,0.042,EGM2008 mean sea level,water_level_victoria.txt
Victoria,Uganda,1996-11-12 23:51:00,1996-11-12,-0.507,33.488,1135.6,0.042,EGM2008 mean sea level,water_level_victoria.txt
Victoria,Uganda,1996-11-22 21:50:00,1996-11-22,-0.507,33.488,1135.61,0.042,EGM2008 mean sea level,water_level_victoria.txt
Victoria,Uganda,1996-12-02 19:48:00,1996-12-02,-0.507,33.488,1135.62,0.042,EGM2008 mean sea level,water_level_victoria.txt
Victoria,Uganda,1996-12-12 17:47:00,1996-12-12,-0.507,33.488,1135.64,0.042,EGM2008 mean sea level,water_level_victoria.txt
Victoria,Uganda,1996-12-22 15:45:00,1996-12-22,-0.507,33.488,1135.65,0.042,EGM2008 mean sea level,water_level_victoria.txt
Victoria,Uganda,1997-01-01 13:44:00,1997-01-01,-0.507,33.488,1135.65,0.042,EGM2008 mean sea level,water_level_victoria.txt
Victoria,Uganda,1997-01-11 11:42:00,1997-01-11,-0.507,33.488,1135.64,0.042,EGM2008 mean sea level,water_level_victoria.txt
Victoria,Uganda,1997-01-21 09:41:00,1997-01-21,-0.507,33.488,1135.64,0.042,EGM2008 mean sea level,water_level_victoria.txt
Victoria,Uganda,1997-01-31 07:40:00,1997-01-31,-0.507,33.488,1135.59,0.042,EGM2008 mean sea level,water_level_victoria.txt
Victoria,Uganda,1997-02-10 05:38:00,1997-02-10,-0.507,33.488,1135.56,0.042,EGM2008 mean sea level,water_level_victoria.txt
Victoria,Uganda,1997-02-20 03:37:00,1997-02-20,-0.507,33.488,1135.53,0.042,EGM2008 mean sea level,water_level_victoria.txt
Victoria,Uganda,1997-03-02 01:35:00,1997-03-02,-0.507,33.488,1135.46,0.042,EGM2008 mean sea level,water_level_victoria.txt
Victoria,Uganda,1997-03-11 23:34:00,1997-03-11,-0.507,33.488,1135.43,0.042,EGM2008 mean sea level,water_level_victoria.txt
Victoria,Uganda,1997-03-21 21:32:00,1997-03-21,-0.507,33.488,1135.4,0.042,EGM2008 mean sea level,water_level_victoria.txt
Victoria,Uganda,1997-03-31 19:31:00,1997-03-31,-0.507,33.488,1135.43,0.043,EGM2008 mean sea level,water_level_victoria.txt
Victoria,Uganda,1997-04-10 17:29:00,1997-04-10,-0.507,33.488,1135.48,0.042,EGM2008 mean sea level,water_level_victoria.txt
Victoria,Uganda,1997-04-20 15:28:00,1997-04-20,-0.507,33.488,1135.54,0.042,EGM2008 mean sea level,water_level_victoria.txt
Victoria,Uganda,1997-04-30 13:26:00,1997-04-30,-0.507,33.488,1135.65,0.042,EGM2008 mean sea level,water_level_victoria.txt
Victoria,Uganda,1997-05-10 11:25:00,1997-05-10,-0.507,33.488,1135.72,0.042,EGM2008 mean sea level,water_level_victoria.txt
Victoria,Uganda,1997-05-20 09:23:00,1997-05-20,-0.507,33.488,1135.78,0.042,EGM2008 mean sea level,water_level_victoria.txt
Victoria,Uganda,1997-05-30 07:22:00,1997-05-30,-0.507,33.488,1135.69,0.042,EGM2008 mean sea level,water_level_victoria.txt
Victoria,Uganda,1997-06-09 05:20:00,1997-06-09,-0.507,33.488,1135.78,0.043,EGM2008 mean sea level,water_level_victoria.txt
Victoria,Uganda,1997-06-19 03:19:00,1997-06-19,-0.507,33.488,1135.68,0.042,EGM2008 mean sea level,water_level_victoria.txt
Victoria,Uganda,1997-06-29 01:17:00,1997-06-29,-0.507,33.488,1135.61,0.043,EGM2008 mean sea level,water_level_victoria.txt
Victoria,Uganda,1997-07-08 23:16:00,1997-07-08,-0.507,33.488,1135.59,0.042,EGM2008 mean sea level,water_level_victoria.txt
Victoria,Uganda,1997-07-18 21:14:00,1997-07-18,-0.507,33.488,1135.52,0.042,EGM2008 mean sea level,water_level_victoria.txt
Victoria,Uganda,1997-07-28 19:13:00,1997-07-28,-0.507,33.488,1135.49,0.042,EGM2008 mean sea level,water_level_victoria.txt
Victoria,Uganda,1997-08-07 17:12:00,1997-08-07,-0.507,33.488,1135.55,0.043,EGM2008 mean sea level,water_level_victoria.txt
Victoria,Uganda,1997-08-17 15:10:00,1997-08-17,-0.507,33.488,1135.45,0.042,EGM2008 mean sea level,water_level_victoria.txt
Victoria,Uganda,1997-08-27 13:09:00,1997-08-27,-0.507,33.488,1135.44,0.042,EGM2008 mean sea level,water_level_victoria.txt
Victoria,Uganda,1997-09-06 11:07:00,1997-09-06,-0.507,33.488,1135.4,0.042,EGM2008 mean sea level,water_level_victoria.txt
Victoria,Uganda,1997-09-16 09:06:00,1997-09-16,-0.507,33.488,1135.32,0.042,EGM2008 mean sea level,water_level_victoria.txt
Victoria,Uganda,1997-09-26 07:04:00,1997-09-26,-0.507,33.488,1135.28,0.042,EGM2008 mean sea level,water_level_victoria.txt
Victoria,Uganda,1997-10-06 05:03:00,1997-10-06,-0.507,33.488,1135.22,0.042,EGM2008 mean sea level,water_level_victoria.txt
Victoria,Uganda,1997-10-16 03:01:00,1997-10-16,-0.507,33.488,1135.11,0.043,EGM2008 mean sea level,water_level_victoria.txt
Victoria,Uganda,1997-10-26 01:00:00,1997-10-26,-0.507,33.488,1135.26,0.042,EGM2008 mean sea level,water_level_victoria.txt
Victoria,Uganda,1997-11-04 22:58:00,1997-11-04,-0.507,33.488,1135.32,0.042,EGM2008 mean sea level,water_level_victoria.txt
Victoria,Uganda,1997-11-14 20:57:00,1997-11-14,-0.507,33.488,1135.4,0.042,EGM2008 mean sea level,water_level_victoria.txt
Victoria,Uganda,1997-11-24 18:55:00,1997-11-24,-0.507,33.488,1135.52,0.046,EGM2008 mean sea level,water_level_victoria.txt
Victoria,Uganda,1997-12-04 16:54:00,1997-12-04,-0.507,33.488,1135.64,0.042,EGM2008 mean sea level,water_level_victoria.txt
Victoria,Uganda,1997-12-14 14:52:00,1997-12-14,-0.507,33.488,1135.83,0.042,EGM2008 mean sea level,water_level_victoria.txt
Victoria,Uganda,1997-12-24 12:51:00,1997-12-24,-0.507,33.488,1135.97,0.042,EGM2008 mean sea level,water_level_victoria.txt
Victoria,Uganda,1998-01-03 10:49:00,1998-01-03,-0.507,33.488,1136.06,0.042,EGM2008 mean sea level,water_level_victoria.txt
Victoria,Uganda,1998-01-13 08:48:00,1998-01-13,-0.507,33.488,1136.2,0.042,EGM2008 mean sea level,water_level_victoria.txt
Victoria,Uganda,1998-02-02 04:45:00,1998-02-02,-0.507,33.488,1136.28,0.042,EGM2008 mean sea level,water_level_victoria.txt
Victoria,Uganda,1998-02-12 02:44:00,1998-02-12,-0.507,33.488,1136.33,0.042,EGM2008 mean sea level,water_level_victoria.txt
Victoria,Uganda,1998-02-22 00:42:00,1998-02-22,-0.507,33.488,1136.4,0.042,EGM2008 mean sea level,water_level_victoria.txt
Victoria,Uganda,1998-03-03 22:41:00,1998-03-03,-0.507,33.488,1136.41,0.042,EGM2008 mean sea level,water_level_victoria.txt
Victoria,Uganda,1998-03-13 20:39:00,1998-03-13,-0.507,33.488,1136.41,0.043,EGM2008 mean sea level,water_level_victoria.txt
Victoria,Uganda,1998-03-23 18:38:00,1998-03-23,-0.507,33.488,1136.39,0.043,EGM2008 mean sea level,water_level_victoria.txt
Victoria,Uganda,1998-04-02 16:36:00,1998-04-02,-0.507,33.488,1136.44,0.042,EGM2008 mean sea level,water_level_victoria.txt
Victoria,Uganda,1998-04-12 14:35:00,1998-04-12,-0.507,33.488,1136.45,0.042,EGM2008 mean sea level,water_level_victoria.txt
Victoria,Uganda,1998-04-22 12:33:00,1998-04-22,-0.507,33.488,1136.6,0.042,EGM2008 mean sea level,water_level_victoria.txt
Victoria,Uganda,1998-05-02 10:32:00,1998-05-02,-0.507,33.488,1136.67,0.042,EGM2008 mean sea level,water_level_victoria.txt
Victoria,Uganda,1998-05-12 08:30:00,1998-05-12,-0.507,33.488,1136.72,0.042,EGM2008 mean sea level,water_level_victoria.txt
Victoria,Uganda,1998-05-22 06:29:00,1998-05-22,-0.507,33.488,1136.8,0.042,EGM2008 mean sea level,water_level_victoria.txt
Victoria,Uganda,1998-06-01 04:27:00,1998-06-01,-0.507,33.488,1136.78,0.042,EGM2008 mean sea level,water_level_victoria.txt
Victoria,Uganda,1998-06-11 02:26:00,1998-06-11,-0.507,33.488,1136.76,0.042,EGM2008 mean sea level,water_level_victoria.txt
Victoria,Uganda,1998-06-21 00:24:00,1998-06-21,-0.507,33.488,1136.69,0.042,EGM2008 mean sea level,water_level_victoria.txt
Victoria,Uganda,1998-06-30 22:23:00,1998-06-30,-0.507,33.488,1136.67,0.042,EGM2008 mean sea level,water_level_victoria.txt
Victoria,Uganda,1998-07-10 20:21:00,1998-07-10,-0.507,33.488,1136.59,0.042,EGM2008 mean sea level,water_level_victoria.txt
Victoria,Uganda,1998-07-20 18:20:00,1998-07-20,-0.507,33.488,1136.55,0.043,EGM2008 mean sea level,water_level_victoria.txt
Victoria,Uganda,1998-07-30 16:18:00,1998-07-30,-0.507,33.488,1136.58,0.044,EGM2008 mean sea level,water_level_victoria.txt
Victoria,Uganda,1998-08-09 14:17:00,1998-08-09,-0.507,33.488,1136.46,0.042,EGM2008 mean sea level,water_level_victoria.txt
Victoria,Uganda,1998-08-19 12:15:00,1998-08-19,-0.507,33.488,1136.44,0.042,EGM2008 mean sea level,water_level_victoria.txt
Victoria,Uganda,1998-08-29 10:14:00,1998-08-29,-0.507,33.488,1136.4,0.042,EGM2008 mean sea level,water_level_victoria.txt
Victoria,Uganda,1998-09-08 08:13:00,1998-09-08,-0.507,33.488,1136.42,0.042,EGM2008 mean sea level,water_level_victoria.txt
Victoria,Uganda,1998-09-18 06:11:00,1998-09-18,-0.507,33.488,1136.39,0.042,EGM2008 mean sea level,water_level_victoria.txt
Victoria,Uganda,1998-09-28 04:10:00,1998-09-28,-0.507,33.488,1136.29,0.044,EGM2008 mean sea level,water_level_victoria.txt
Victoria,Uganda,1998-10-08 02:08:00,1998-10-08,-0.507,33.488,1136.33,0.042,EGM2008 mean sea level,water_level_victoria.txt
Victoria,Uganda,1998-10-18 00:07:00,1998-10-18,-0.507,33.488,1136.38,0.043,EGM2008 mean sea level,water_level_victoria.txt
Victoria,Uganda,1998-10-27 22:05:00,1998-10-27,-0.507,33.488,1136.34,0.042,EGM2008 mean sea level,water_level_victoria.txt
Victoria,Uganda,1998-11-06 20:04:00,1998-11-06,-0.507,33.488,1136.33,0.042,EGM2008 mean sea level,water_level_victoria.txt
Victoria,Uganda,1998-11-16 18:02:00,1998-11-16,-0.507,33.488,1136.31,0.042,EGM2008 mean sea level,water_level_victoria.txt
Victoria,Uganda,1998-11-26 16:01:00,1998-11-26,-0.507,33.488,1136.31,0.042,EGM2008 mean sea level,water_level_victoria.txt
Victoria,Uganda,1998-12-06 13:59:00,1998-12-06,-0.507,33.488,1136.28,0.042,EGM2008 mean sea level,water_level_victoria.txt
Victoria,Uganda,1998-12-16 11:58:00,1998-12-16,-0.507,33.488,1136.28,0.042,EGM2008 mean sea level,water_level_victoria.txt
Victoria,Uganda,1998-12-26 09:56:00,1998-12-26,-0.507,33.488,1136.26,0.042,EGM2008 mean sea level,water_level_victoria.txt
Victoria,Uganda,1999-01-05 07:55:00,1999-01-05,-0.507,33.488,1136.2,0.042,EGM2008 mean sea level,water_level_victoria.txt
Victoria,Uganda,1999-01-15 05:53:00,1999-01-15,-0.507,33.488,1136.27,0.044,EGM2008 mean sea level,water_level_victoria.txt
Victoria,Uganda,1999-01-25 03:52:00,1999-01-25,-0.507,33.488,1136.24,0.042,EGM2008 mean sea level,water_level_victoria.txt
Victoria,Uganda,1999-02-04 01:50:00,1999-02-04,-0.507,33.488,1136.17,0.042,EGM2008 mean sea level,water_level_victoria.txt
Victoria,Uganda,1999-02-13 23:49:00,1999-02-13,-0.507,33.488,1136.15,0.042,EGM2008 mean sea level,water_level_victoria.txt
Victoria,Uganda,1999-02-23 21:47:00,1999-02-23,-0.507,33.488,1136.07,0.043,EGM2008 mean sea level,water_level_victoria.txt
Victoria,Uganda,1999-03-05 19:46:00,1999-03-05,-0.507,33.488,1136.09,0.042,EGM2008 mean sea level,water_level_victoria.txt
Victoria,Uganda,1999-03-15 17:44:00,1999-03-15,-0.507,33.488,1136.16,0.042,EGM2008 mean sea level,water_level_victoria.txt
Victoria,Uganda,1999-03-25 15:43:00,1999-03-25,-0.507,33.488,1136.19,0.042,EGM2008 mean sea level,water_level_victoria.txt
Victoria,Uganda,1999-04-04 13:42:00,1999-04-04,-0.507,33.488,1136.27,0.042,EGM2008 mean sea level,water_level_victoria.txt
Victoria,Uganda,1999-04-14 11:40:00,1999-04-14,-0.507,33.488,1136.3,0.042,EGM2008 mean sea level,water_level_victoria.txt
Victoria,Uganda,1999-04-24 09:39:00,1999-04-24,-0.507,33.488,1136.35,0.042,EGM2008 mean sea level,water_level_victoria.txt
Victoria,Uganda,1999-05-04 07:37:00,1999-05-04,-0.507,33.488,1136.44,0.042,EGM2008 mean sea level,water_level_victoria.txt
Victoria,Uganda,1999-05-14 05:36:00,1999-05-14,-0.507,33.488,1136.44,0.042,EGM2008 mean sea level,water_level_victoria.txt
Victoria,Uganda,1999-05-24 03:34:00,1999-05-24,-0.507,33.488,1136.42,0.042,EGM2008 mean sea level,water_level_victoria.txt
Victoria,Uganda,1999-06-03 01:33:00,1999-06-03,-0.507,33.488,1136.3,0.042,EGM2008 mean sea level,water_level_victoria.txt
Victoria,Uganda,1999-06-12 23:31:00,1999-06-12,-0.507,33.488,1136.32,0.042,EGM2008 mean sea level,water_level_victoria.txt
Victoria,Uganda,1999-06-22 21:30:00,1999-06-22,-0.507,33.488,1136.28,0.042,EGM2008 mean sea level,water_level_victoria.txt
Victoria,Uganda,1999-07-02 19:28:00,1999-07-02,-0.507,33.488,1136.2,0.042,EGM2008 mean sea level,water_level_victoria.txt
Victoria,Uganda,1999-07-12 17:27:00,1999-07-12,-0.507,33.488,1136.17,0.042,EGM2008 mean sea level,water_level_victoria.txt
Victoria,Uganda,1999-07-22 15:25:00,1999-07-22,-0.507,33.488,1136.07,0.042,EGM2008 mean sea level,water_level_victoria.txt
Victoria,Uganda,1999-08-01 13:24:00,1999-08-01,-0.507,33.488,1136.07,0.042,EGM2008 mean sea level,water_level_victoria.txt
Victoria,Uganda,1999-08-11 11:22:00,1999-08-11,-0.507,33.488,1136.04,0.042,EGM2008 mean sea level,water_level_victoria.txt
Victoria,Uganda,1999-08-21 09:21:00,1999-08-21,-0.507,33.488,1136.01,0.042,EGM2008 mean sea level,water_level_victoria.txt
Victoria,Uganda,1999-09-10 05:18:00,1999-09-10,-0.507,33.488,1136.01,0.042,EGM2008 mean sea level,water_level_victoria.txt
Victoria,Uganda,1999-09-20 03:16:00,1999-09-20,-0.507,33.488,1135.95,0.042,EGM2008 mean sea level,water_level_victoria.txt
Victoria,Uganda,1999-09-30 01:15:00,1999-09-30,-0.507,33.488,1135.9,0.042,EGM2008 mean sea level,water_level_victoria.txt
Victoria,Uganda,1999-10-09 23:13:00,1999-10-09,-0.507,33.488,1135.93,0.042,EGM2008 mean sea level,water_level_victoria.txt
Victoria,Uganda,1999-10-19 21:12:00,1999-10-19,-0.507,33.488,1135.97,0.042,EGM2008 mean sea level,water_level_victoria.txt
Victoria,Uganda,1999-10-29 19:11:00,1999-10-29,-0.507,33.488,1135.94,0.042,EGM2008 mean sea level,water_level_victoria.txt
Victoria,Uganda,1999-11-08 17:09:00,1999-11-08,-0.507,33.488,1135.95,0.042,EGM2008 mean sea level,water_level_victoria.txt
Victoria,Uganda,1999-11-18 15:08:00,1999-11-18,-0.507,33.488,1135.94,0.042,EGM2008 mean sea level,water_level_victoria.txt
Victoria,Uganda,1999-12-08 11:05:00,1999-12-08,-0.507,33.488,1136.07,0.043,EGM2008 mean sea level,water_level_victoria.txt
Victoria,Uganda,1999-12-18 09:03:00,1999-12-18,-0.507,33.488,1136.08,0.042,EGM2008 mean sea level,water_level_victoria.txt
Victoria,Uganda,1999-12-28 07:02:00,1999-12-28,-0.507,33.488,1136.02,0.042,EGM2008 mean sea level,water_level_victoria.txt
Victoria,Uganda,2000-01-07 05:00:00,2000-01-07,-0.507,33.488,1136.04,0.042,EGM2008 mean sea level,water_level_victoria.txt
Victoria,Uganda,2000-01-17 02:59:00,2000-01-17,-0.507,33.488,1136.06,0.042,EGM2008 mean sea level,water_level_victoria.txt
Victoria,Uganda,2000-01-27 00:57:00,2000-01-27,-0.507,33.488,1136.02,0.042,EGM2008 mean sea level,water_level_victoria.txt
Victoria,Uganda,2000-02-05 22:56:00,2000-02-05,-0.507,33.488,1136.04,0.042,EGM2008 mean sea level,water_level_victoria.txt
Victoria,Uganda,2000-02-15 20:54:00,2000-02-15,-0.507,33.488,1135.96,0.042,EGM2008 mean sea level,water_level_victoria.txt
Victoria,Uganda,2000-02-25 18:53:00,2000-02-25,-0.507,33.488,1135.88,0.042,EGM2008 mean sea level,water_level_victoria.txt
Victoria,Uganda,2000-03-06 16:51:00,2000-03-06,-0.507,33.488,1135.91,0.042,EGM2008 mean sea level,water_level_victoria.txt
Victoria,Uganda,2000-03-16 14:50:00,2000-03-16,-0.507,33.488,1135.89,0.042,EGM2008 mean sea level,water_level_victoria.txt
Victoria,Uganda,2000-03-26 12:48:00,2000-03-26,-0.507,33.488,1135.86,0.042,EGM2008 mean sea level,water_level_victoria.txt
Victoria,Uganda,2000-04-05 10:47:00,2000-04-05,-0.507,33.488,1135.86,0.042,EGM2008 mean sea level,water_level_victoria.txt
Victoria,Uganda,2000-04-15 08:45:00,2000-04-15,-0.507,33.488,1135.8,0.046,EGM2008 mean sea level,water_level_victoria.txt
Victoria,Uganda,2000-04-25 06:44:00,2000-04-25,-0.507,33.488,1135.92,0.042,EGM2008 mean sea level,water_level_victoria.txt
Victoria,Uganda,2000-05-05 04:43:00,2000-05-05,-0.507,33.488,1135.91,0.042,EGM2008 mean sea level,water_level_victoria.txt
Victoria,Uganda,2000-05-15 02:41:00,2000-05-15,-0.507,33.488,1135.94,0.042,EGM2008 mean sea level,water_level_victoria.txt
Victoria,Uganda,2000-06-03 22:38:00,2000-06-03,-0.507,33.488,1135.86,0.042,EGM2008 mean sea level,water_level_victoria.txt
Victoria,Uganda,2000-06-13 20:37:00,2000-06-13,-0.507,33.488,1135.77,0.042,EGM2008 mean sea level,water_level_victoria.txt
Victoria,Uganda,2000-06-23 18:35:00,2000-06-23,-0.507,33.488,1135.73,0.042,EGM2008 mean sea level,water_level_victoria.txt
Victoria,Uganda,2000-07-03 16:34:00,2000-07-03,-0.507,33.488,1135.7,0.043,EGM2008 mean sea level,water_level_victoria.txt
Victoria,Uganda,2000-07-13 14:32:00,2000-07-13,-0.507,33.488,1135.68,0.042,EGM2008 mean sea level,water_level_victoria.txt
Victoria,Uganda,2000-07-23 12:31:00,2000-07-23,-0.507,33.488,1135.59,0.042,EGM2008 mean sea level,water_level_victoria.txt
Victoria,Uganda,2000-08-02 10:29:00,2000-08-02,-0.507,33.488,1135.61,0.042,EGM2008 mean sea level,water_level_victoria.txt
Victoria,Uganda,2000-08-12 08:28:00,2000-08-12,-0.507,33.488,1135.56,0.042,EGM2008 mean sea level,water_level_victoria.txt
Victoria,Uganda,2000-08-22 06:26:00,2000-08-22,-0.507,33.488,1135.53,0.042,EGM2008 mean sea level,water_level_victoria.txt
Victoria,Uganda,2000-09-01 04:25:00,2000-09-01,-0.507,33.488,1135.47,0.042,EGM2008 mean sea level,water_level_victoria.txt
Victoria,Uganda,2000-09-11 02:23:00,2000-09-11,-0.507,33.488,1135.44,0.042,EGM2008 mean sea level,water_level_victoria.txt
Victoria,Uganda,2000-09-21 00:22:00,2000-09-21,-0.507,33.488,1135.39,0.042,EGM2008 mean sea level,water_level_victoria.txt
Victoria,Uganda,2000-09-30 22:20:00,2000-09-30,-0.507,33.488,1135.4,0.042,EGM2008 mean sea level,water_level_victoria.txt
Victoria,Uganda,2000-10-10 20:19:00,2000-10-10,-0.507,33.488,1135.38,0.042,EGM2008 mean sea level,water_level_victoria.txt
Victoria,Uganda,2000-10-20 18:17:00,2000-10-20,-0.507,33.488,1135.32,0.042,EGM2008 mean sea level,water_level_victoria.txt
Victoria,Uganda,2000-10-30 16:16:00,2000-10-30,-0.507,33.488,1135.43,0.043,EGM2008 mean sea level,water_level_victoria.txt
Victoria,Uganda,2000-11-09 14:14:00,2000-11-09,-0.507,33.488,1135.39,0.043,EGM2008 mean sea level,water_level_victoria.txt
Victoria,Uganda,2000-11-19 12:13:00,2000-11-19,-0.507,33.488,1135.43,0.042,EGM2008 mean sea level,water_level_victoria.txt
Victoria,Uganda,2000-11-29 10:11:00,2000-11-29,-0.507,33.488,1135.54,0.042,EGM2008 mean sea level,water_level_victoria.txt
Victoria,Uganda,2000-12-09 08:10:00,2000-12-09,-0.507,33.488,1135.53,0.042,EGM2008 mean sea level,water_level_victoria.txt
Victoria,Uganda,2000-12-19 06:09:00,2000-12-19,-0.507,33.488,1135.54,0.042,EGM2008 mean sea level,water_level_victoria.txt
Victoria,Uganda,2000-12-29 04:07:00,2000-12-29,-0.507,33.488,1135.54,0.043,EGM2008 mean sea level,water_level_victoria.txt
Victoria,Uganda,2001-01-08 02:06:00,2001-01-08,-0.507,33.488,1135.6,0.042,EGM2008 mean sea level,water_level_victoria.txt
Victoria,Uganda,2001-01-18 00:04:00,2001-01-18,-0.507,33.488,1135.67,0.042,EGM2008 mean sea level,water_level_victoria.txt
Victoria,Uganda,2001-01-27 22:03:00,2001-01-27,-0.507,33.488,1135.69,0.042,EGM2008 mean sea level,water_level_victoria.txt
Victoria,Uganda,2001-02-06 20:01:00,2001-02-06,-0.507,33.488,1135.62,0.042,EGM2008 mean sea level,water_level_victoria.txt
Victoria,Uganda,2001-02-16 18:00:00,2001-02-16,-0.507,33.488,1135.68,0.042,EGM2008 mean sea level,water_level_victoria.txt
Victoria,Uganda,2001-02-26 15:58:00,2001-02-26,-0.507,33.488,1135.68,0.042,EGM2008 mean sea level,water_level_victoria.txt
Victoria,Uganda,2001-03-08 13:57:00,2001-03-08,-0.507,33.488,1135.59,0.042,EGM2008 mean sea level,water_level_victoria.txt
Victoria,Uganda,2001-03-18 11:55:00,2001-03-18,-0.507,33.488,1135.62,0.042,EGM2008 mean sea level,water_level_victoria.txt
Victoria,Uganda,2001-03-28 09:54:00,2001-03-28,-0.507,33.488,1135.57,0.042,EGM2008 mean sea level,water_level_victoria.txt
Victoria,Uganda,2001-04-07 07:52:00,2001-04-07,-0.507,33.488,1135.68,0.042,EGM2008 mean sea level,water_level_victoria.txt
Victoria,Uganda,2001-04-17 05:51:00,2001-04-17,-0.507,33.488,1135.69,0.042,EGM2008 mean sea level,water_level_victoria.txt
Victoria,Uganda,2001-04-27 03:49:00,2001-04-27,-0.507,33.488,1135.7,0.044,EGM2008 mean sea level,water_level_victoria.txt
Victoria,Uganda,2001-05-07 01:48:00,2001-05-07,-0.507,33.488,1135.77,0.042,EGM2008 mean sea level,water_level_victoria.txt
Victoria,Uganda,2001-05-16 23:46:00,2001-05-16,-0.507,33.488,1135.76,0.042,EGM2008 mean sea level,water_level_victoria.txt
Victoria,Uganda,2001-05-26 21:45:00,2001-05-26,-0.507,33.488,1135.78,0.042,EGM2008 mean sea level,water_level_victoria.txt
Victoria,Uganda,2001-06-05 19:43:00,2001-06-05,-0.507,33.488,1135.81,0.042,EGM2008 mean sea level,water_level_victoria.txt
Victoria,Uganda,2001-06-15 17:42:00,2001-06-15,-0.507,33.488,1135.65,0.043,EGM2008 mean sea level,water_level_victoria.txt
Victoria,Uganda,2001-06-25 15:40:00,2001-06-25,-0.507,33.488,1135.7,0.042,EGM2008 mean sea level,water_level_victoria.txt
Victoria,Uganda,2001-07-05 13:39:00,2001-07-05,-0.507,33.488,1135.69,0.042,EGM2008 mean sea level,water_level_victoria.txt
Victoria,Uganda,2001-07-15 11:38:00,2001-07-15,-0.507,33.488,1135.67,0.042,EGM2008 mean sea level,water_level_victoria.txt
Victoria,Uganda,2001-07-25 09:36:00,2001-07-25,-0.507,33.488,1135.68,0.043,EGM2008 mean sea level,water_level_victoria.txt
Victoria,Uganda,2001-08-04 07:35:00,2001-08-04,-0.507,33.488,1135.64,0.042,EGM2008 mean sea level,water_level_victoria.txt
Victoria,Uganda,2001-08-14 05:33:00,2001-08-14,-0.507,33.488,1135.62,0.042,EGM2008 mean sea level,water_level_victoria.txt
Victoria,Uganda,2001-08-24 03:32:00,2001-08-24,-0.507,33.488,1135.57,0.042,EGM2008 mean sea level,water_level_victoria.txt
Victoria,Uganda,2001-09-03 01:30:00,2001-09-03,-0.507,33.488,1135.53,0.042,EGM2008 mean sea level,water_level_victoria.txt
Victoria,Uganda,2001-09-12 23:29:00,2001-09-12,-0.507,33.488,1135.53,0.043,EGM2008 mean sea level,water_level_victoria.txt
Victoria,Uganda,2001-09-22 21:27:00,2001-09-22,-0.507,33.488,1135.56,0.042,EGM2008 mean sea level,water_level_victoria.txt
Victoria,Uganda,2001-10-02 19:26:00,2001-10-02,-0.507,33.488,1135.47,0.042,EGM2008 mean sea level,water_level_victoria.txt
Victoria,Uganda,2001-10-12 17:24:00,2001-10-12,-0.507,33.488,1135.57,0.042,EGM2008 mean sea level,water_level_victoria.txt
Victoria,Uganda,2001-10-22 15:23:00,2001-10-22,-0.507,33.488,1135.49,0.042,EGM2008 mean sea level,water_level_victoria.txt
Victoria,Uganda,2001-11-01 13:21:00,2001-11-01,-0.507,33.488,1135.57,0.042,EGM2008 mean sea level,water_level_victoria.txt
Victoria,Uganda,2001-11-11 11:20:00,2001-11-11,-0.507,33.488,1135.58,0.042,EGM2008 mean sea level,water_level_victoria.txt
Victoria,Uganda,2001-11-21 09:18:00,2001-11-21,-0.507,33.488,1135.67,0.042,EGM2008 mean sea level,water_level_victoria.txt
Victoria,Uganda,2001-12-01 07:17:00,2001-12-01,-0.507,33.488,1135.65,0.042,EGM2008 mean sea level,water_level_victoria.txt
Victoria,Uganda,2001-12-11 05:15:00,2001-12-11,-0.507,33.488,1135.67,0.042,EGM2008 mean sea level,water_level_victoria.txt
Victoria,Uganda,2001-12-21 03:14:00,2001-12-21,-0.507,33.488,1135.61,0.042,EGM2008 mean sea level,water_level_victoria.txt
Victoria,Uganda,2001-12-31 01:12:00,2001-12-31,-0.507,33.488,1135.6,0.042,EGM2008 mean sea level,water_level_victoria.txt
Victoria,Uganda,2002-01-09 23:11:00,2002-01-09,-0.507,33.488,1135.68,0.042,EGM2008 mean sea level,water_level_victoria.txt
Victoria,Uganda,2002-01-19 21:08:00,2002-01-19,-0.507,33.488,1135.7,0.042,EGM2008 mean sea level,water_level_victoria.txt
Victoria,Uganda,2002-01-19 21:09:00,2002-01-19,-0.507,33.488,1135.67,0.042,EGM2008 mean sea level,water_level_victoria.txt
Victoria,Uganda,2002-01-29 19:07:00,2002-01-29,-0.507,33.488,1135.67,0.042,EGM2008 mean sea level,water_level_victoria.txt
Victoria,Uganda,2002-01-29 19:08:00,2002-01-29,-0.507,33.488,1135.64,0.043,EGM2008 mean sea level,water_level_victoria.txt
Victoria,Uganda,2002-02-08 17:05:00,2002-02-08,-0.507,33.488,1135.62,0.042,EGM2008 mean sea level,water_level_victoria.txt
Victoria,Uganda,2002-02-08 17:06:00,2002-02-08,-0.507,33.488,1135.6,0.042,EGM2008 mean sea level,water_level_victoria.txt
Victoria,Uganda,2002-02-18 15:04:00,2002-02-18,-0.507,33.488,1135.63,0.042,EGM2008 mean sea level,water_level_victoria.txt
Victoria,Uganda,2002-02-18 15:05:00,2002-02-18,-0.507,33.488,1135.66,0.042,EGM2008 mean sea level,water_level_victoria.txt
Victoria,Uganda,2002-02-28 13:02:00,2002-02-28,-0.507,33.488,1135.56,0.042,EGM2008 mean sea level,water_level_victoria.txt
Victoria,Uganda,2002-02-28 13:04:00,2002-02-28,-0.507,33.488,1135.56,0.042,EGM2008 mean sea level,water_level_victoria.txt
Victoria,Uganda,2002-03-10 11:01:00,2002-03-10,-0.507,33.488,1135.6,0.042,EGM2008 mean sea level,water_level_victoria.txt
Victoria,Uganda,2002-03-10 11:02:00,2002-03-10,-0.507,33.488,1135.6,0.042,EGM2008 mean sea level,water_level_victoria.txt
Victoria,Uganda,2002-03-20 08:59:00,2002-03-20,-0.507,33.488,1135.7,0.042,EGM2008 mean sea level,water_level_victoria.txt
Victoria,Uganda,2002-03-20 09:01:00,2002-03-20,-0.507,33.488,1135.69,0.042,EGM2008 mean sea level,water_level_victoria.txt
Victoria,Uganda,2002-03-30 06:58:00,2002-03-30,-0.507,33.488,1135.76,0.042,EGM2008 mean sea level,water_level_victoria.txt
Victoria,Uganda,2002-03-30 06:59:00,2002-03-30,-0.507,33.488,1135.76,0.042,EGM2008 mean sea level,water_level_victoria.txt
Victoria,Uganda,2002-04-09 04:56:00,2002-04-09,-0.507,33.488,1135.75,0.042,EGM2008 mean sea level,water_level_victoria.txt
Victoria,Uganda,2002-04-09 04:58:00,2002-04-09,-0.507,33.488,1135.74,0.042,EGM2008 mean sea level,water_level_victoria.txt
Victoria,Uganda,2002-04-19 02:55:00,2002-04-19,-0.507,33.488,1135.79,0.042,EGM2008 mean sea level,water_level_victoria.txt
Victoria,Uganda,2002-04-19 02:56:00,2002-04-19,-0.507,33.488,1135.76,0.043,EGM2008 mean sea level,water_level_victoria.txt
Victoria,Uganda,2002-04-28 00:54:00,2002-04-28,-0.507,33.488,1135.82,0.042,EGM2008 mean sea level,water_level_victoria.txt
Victoria,Uganda,2002-04-29 00:55:00,2002-04-29,-0.507,33.488,1135.84,0.042,EGM2008 mean sea level,water_level_victoria.txt
Victoria,Uganda,2002-05-08 22:52:00,2002-05-08,-0.507,33.488,1135.96,0.042,EGM2008 mean sea level,water_level_victoria.txt
Victoria,Uganda,2002-05-08 22:53:00,2002-05-08,-0.507,33.488,1135.98,0.042,EGM2008 mean sea level,water_level_victoria.txt
Victoria,Uganda,2002-05-18 20:51:00,2002-05-18,-0.507,33.488,1136.0,0.042,EGM2008 mean sea level,water_level_victoria.txt
Victoria,Uganda,2002-05-18 20:52:00,2002-05-18,-0.507,33.488,1136.01,0.043,EGM2008 mean sea level,water_level_victoria.txt
Victoria,Uganda,2002-05-28 18:49:00,2002-05-28,-0.507,33.488,1136.04,0.042,EGM2008 mean sea level,water_level_victoria.txt
Victoria,Uganda,2002-05-28 18:50:00,2002-05-28,-0.507,33.488,1136.01,0.042,EGM2008 mean sea level,water_level_victoria.txt
Victoria,Uganda,2002-06-07 16:48:00,2002-06-07,-0.507,33.488,1136.01,0.042,EGM2008 mean sea level,water_level_victoria.txt
Victoria,Uganda,2002-06-07 16:49:00,2002-06-07,-0.507,33.488,1135.99,0.042,EGM2008 mean sea level,water_level_victoria.txt
Victoria,Uganda,2002-06-17 14:46:00,2002-06-17,-0.507,33.488,1135.95,0.042,EGM2008 mean sea level,water_level_victoria.txt
Victoria,Uganda,2002-06-17 14:47:00,2002-06-17,-0.507,33.488,1135.95,0.042,EGM2008 mean sea level,water_level_victoria.txt
Victoria,Uganda,2002-06-27 12:45:00,2002-06-27,-0.507,33.488,1135.88,0.042,EGM2008 mean sea level,water_level_victoria.txt
Victoria,Uganda,2002-06-27 12:46:00,2002-06-27,-0.507,33.488,1135.86,0.043,EGM2008 mean sea level,water_level_victoria.txt
Victoria,Uganda,2002-07-07 10:43:00,2002-07-07,-0.507,33.488,1135.83,0.042,EGM2008 mean sea level,water_level_victoria.txt
Victoria,Uganda,2002-07-07 10:44:00,2002-07-07,-0.507,33.488,1135.82,0.042,EGM2008 mean sea level,water_level_victoria.txt
Victoria,Uganda,2002-07-17 08:42:00,2002-07-17,-0.507,33.488,1135.8,0.042,EGM2008 mean sea level,water_level_victoria.txt
Victoria,Uganda,2002-07-17 08:43:00,2002-07-17,-0.507,33.488,1135.82,0.042,EGM2008 mean sea level,water_level_victoria.txt
Victoria,Uganda,2002-07-27 06:40:00,2002-07-27,-0.507,33.488,1135.75,0.042,EGM2008 mean sea level,water_level_victoria.txt
Victoria,Uganda,2002-07-27 06:41:00,2002-07-27,-0.507,33.488,1135.77,0.042,EGM2008 mean sea level,water_level_victoria.txt
Victoria,Uganda,2002-08-06 04:39:00,2002-08-06,-0.507,33.488,1135.74,0.042,EGM2008 mean sea level,water_level_victoria.txt
Victoria,Uganda,2002-08-06 04:40:00,2002-08-06,-0.507,33.488,1135.7,0.042,EGM2008 mean sea level,water_level_victoria.txt
Victoria,Uganda,2002-08-16 02:37:00,2002-08-16,-0.507,33.488,1135.68,0.042,EGM2008 mean sea level,water_level_victoria.txt
Victoria,Uganda,2002-08-25 00:36:00,2002-08-25,-0.507,33.488,1135.63,0.042,EGM2008 mean sea level,water_level_victoria.txt
Victoria,Uganda,2002-09-04 22:34:00,2002-09-04,-0.507,33.488,1135.6,0.042,EGM2008 mean sea level,water_level_victoria.txt
Victoria,Uganda,2002-09-14 20:33:00,2002-09-14,-0.507,33.488,1135.59,0.042,EGM2008 mean sea level,water_level_victoria.txt
Victoria,Uganda,2002-09-24 18:31:00,2002-09-24,-0.507,33.488,1135.51,0.042,EGM2008 mean sea level,water_level_victoria.txt
Victoria,Uganda,2002-10-04 16:30:00,2002-10-04,-0.507,33.488,1135.49,0.042,EGM2008 mean sea level,water_level_victoria.txt
Victoria,Uganda,2002-10-14 14:28:00,2002-10-14,-0.507,33.488,1135.54,0.042,EGM2008 mean sea level,water_level_victoria.txt
Victoria,Uganda,2002-10-24 12:27:00,2002-10-24,-0.507,33.488,1135.53,0.042,EGM2008 mean sea level,water_level_victoria.txt
Victoria,Uganda,2002-11-03 10:26:00,2002-11-03,-0.507,33.488,1135.47,0.042,EGM2008 mean sea level,water_level_victoria.txt
Victoria,Uganda,2002-11-13 08:24:00,2002-11-13,-0.507,33.488,1135.53,0.042,EGM2008 mean sea level,water_level_victoria.txt
Victoria,Uganda,2002-11-23 06:23:00,2002-11-23,-0.507,33.488,1135.59,0.042,EGM2008 mean sea level,water_level_victoria.txt
Victoria,Uganda,2002-12-03 04:21:00,2002-12-03,-0.507,33.488,1135.6,0.042,EGM2008 mean sea level,water_level_victoria.txt
Victoria,Uganda,2002-12-13 02:20:00,2002-12-13,-0.507,33.488,1135.58,0.042,EGM2008 mean sea level,water_level_victoria.txt
Victoria,Uganda,2002-12-22 00:18:00,2002-12-22,-0.507,33.488,1135.64,0.043,EGM2008 mean sea level,water_level_victoria.txt
Victoria,Uganda,2003-01-01 22:17:00,2003-01-01,-0.507,33.488,1135.66,0.042,EGM2008 mean sea level,water_level_victoria.txt
Victoria,Uganda,2003-01-11 20:15:00,2003-01-11,-0.507,33.488,1135.76,0.042,EGM2008 mean sea level,water_level_victoria.txt
Victoria,Uganda,2003-01-21 18:14:00,2003-01-21,-0.507,33.488,1135.73,0.042,EGM2008 mean sea level,water_level_victoria.txt
Victoria,Uganda,2003-01-31 16:12:00,2003-01-31,-0.507,33.488,1135.69,0.042,EGM2008 mean sea level,water_level_victoria.txt
Victoria,Uganda,2003-02-10 14:11:00,2003-02-10,-0.507,33.488,1135.66,0.042,EGM2008 mean sea level,water_level_victoria.txt
Victoria,Uganda,2003-02-20 12:09:00,2003-02-20,-0.507,33.488,1135.66,0.042,EGM2008 mean sea level,water_level_victoria.txt
Victoria,Uganda,2003-03-02 10:08:00,2003-03-02,-0.507,33.488,1135.6,0.042,EGM2008 mean sea level,water_level_victoria.txt
Victoria,Uganda,2003-03-12 08:06:00,2003-03-12,-0.507,33.488,1135.53,0.042,EGM2008 mean sea level,water_level_victoria.txt
Victoria,Uganda,2003-03-22 06:05:00,2003-03-22,-0.507,33.488,1135.48,0.043,EGM2008 mean sea level,water_level_victoria.txt
Victoria,Uganda,2003-04-20 00:00:00,2003-04-20,-0.507,33.488,1135.61,0.042,EGM2008 mean sea level,water_level_victoria.txt
Victoria,Uganda,2003-04-30 21:59:00,2003-04-30,-0.507,33.488,1135.67,0.042,EGM2008 mean sea level,water_level_victoria.txt
Victoria,Uganda,2003-05-10 19:58:00,2003-05-10,-0.507,33.488,1135.76,0.042,EGM2008 mean sea level,water_level_victoria.txt
Victoria,Uganda,2003-05-20 17:56:00,2003-05-20,-0.507,33.488,1135.77,0.042,EGM2008 mean sea level,water_level_victoria.txt
Victoria,Uganda,2003-05-30 15:55:00,2003-05-30,-0.507,33.488,1135.8,0.042,EGM2008 mean sea level,water_level_victoria.txt
Victoria,Uganda,2003-06-09 13:53:00,2003-06-09,-0.507,33.488,1135.84,0.042,EGM2008 mean sea level,water_level_victoria.txt
Victoria,Uganda,2003-06-19 11:52:00,2003-06-19,-0.507,33.488,1135.79,0.042,EGM2008 mean sea level,water_level_victoria.txt
Victoria,Uganda,2003-06-29 09:50:00,2003-06-29,-0.507,33.488,1135.77,0.042,EGM2008 mean sea level,water_level_victoria.txt
Victoria,Uganda,2003-07-09 07:49:00,2003-07-09,-0.507,33.488,1135.73,0.042,EGM2008 mean sea level,water_level_victoria.txt
Victoria,Uganda,2003-07-19 05:47:00,2003-07-19,-0.507,33.488,1135.68,0.042,EGM2008 mean sea level,water_level_victoria.txt
Victoria,Uganda,2003-07-29 03:46:00,2003-07-29,-0.507,33.488,1135.66,0.042,EGM2008 mean sea level,water_level_victoria.txt
Victoria,Uganda,2003-08-08 01:44:00,2003-08-08,-0.507,33.488,1135.61,0.042,EGM2008 mean sea level,water_level_victoria.txt
Victoria,Uganda,2003-08-17 23:43:00,2003-08-17,-0.507,33.488,1135.58,0.042,EGM2008 mean sea level,water_level_victoria.txt
Victoria,Uganda,2003-08-27 21:41:00,2003-08-27,-0.507,33.488,1135.61,0.042,EGM2008 mean sea level,water_level_victoria.txt
Victoria,Uganda,2003-09-06 19:40:00,2003-09-06,-0.507,33.488,1135.59,0.042,EGM2008 mean sea level,water_level_victoria.txt
Victoria,Uganda,2003-09-16 17:38:00,2003-09-16,-0.507,33.488,1135.54,0.042,EGM2008 mean sea level,water_level_victoria.txt
Victoria,Uganda,2003-09-26 15:37:00,2003-09-26,-0.507,33.488,1135.53,0.042,EGM2008 mean sea level,water_level_victoria.txt
Victoria,Uganda,2003-10-06 13:35:00,2003-10-06,-0.507,33.488,1135.56,0.042,EGM2008 mean sea level,water_level_victoria.txt
Victoria,Uganda,2003-10-16 11:34:00,2003-10-16,-0.507,33.488,1135.53,0.042,EGM2008 mean sea level,water_level_victoria.txt
Victoria,Uganda,2003-10-26 09:32:00,2003-10-26,-0.507,33.488,1135.52,0.042,EGM2008 mean sea level,water_level_victoria.txt
Victoria,Uganda,2003-11-05 07:31:00,2003-11-05,-0.507,33.488,1135.47,0.042,EGM2008 mean sea level,water_level_victoria.txt
Victoria,Uganda,2003-11-15 05:30:00,2003-11-15,-0.507,33.488,1135.4,0.043,EGM2008 mean sea level,water_level_victoria.txt
Victoria,Uganda,2003-12-05 01:27:00,2003-12-05,-0.507,33.488,1135.42,0.042,EGM2008 mean sea level,water_level_victoria.txt
Victoria,Uganda,2003-12-14 23:25:00,2003-12-14,-0.507,33.488,1135.53,0.042,EGM2008 mean sea level,water_level_victoria.txt
Victoria,Uganda,2003-12-24 21:24:00,2003-12-24,-0.507,33.488,1135.51,0.042,EGM2008 mean sea level,water_level_victoria.txt
Victoria,Uganda,2004-01-03 19:22:00,2004-01-03,-0.507,33.488,1135.47,0.042,EGM2008 mean sea level,water_level_victoria.txt
Victoria,Uganda,2004-01-13 17:21:00,2004-01-13,-0.507,33.488,1135.43,0.042,EGM2008 mean sea level,water_level_victoria.txt
Victoria,Uganda,2004-01-23 15:19:00,2004-01-23,-0.507,33.488,1135.41,0.042,EGM2008 mean sea level,water_level_victoria.txt
Victoria,Uganda,2004-02-02 13:18:00,2004-02-02,-0.507,33.488,1135.43,0.042,EGM2008 mean sea level,water_level_victoria.txt
Victoria,Uganda,2004-02-12 11:16:00,2004-02-12,-0.507,33.488,1135.39,0.042,EGM2008 mean sea level,water_level_victoria.txt
Victoria,Uganda,2004-02-22 09:15:00,2004-02-22,-0.507,33.488,1135.4,0.042,EGM2008 mean sea level,water_level_victoria.txt
Victoria,Uganda,2004-03-03 07:13:00,2004-03-03,-0.507,33.488,1135.41,0.042,EGM2008 mean sea level,water_level_victoria.txt
Victoria,Uganda,2004-03-13 05:12:00,2004-03-13,-0.507,33.488,1135.38,0.042,EGM2008 mean sea level,water_level_victoria.txt
Victoria,Uganda,2004-03-23 03:10:00,2004-03-23,-0.507,33.488,1135.34,0.042,EGM2008 mean sea level,water_level_victoria.txt
Victoria,Uganda,2004-04-02 01:09:00,2004-04-02,-0.507,33.488,1135.33,0.042,EGM2008 mean sea level,water_level_victoria.txt
Victoria,Uganda,2004-04-11 23:07:00,2004-04-11,-0.507,33.488,1135.39,0.042,EGM2008 mean sea level,water_level_victoria.txt
Victoria,Uganda,2004-04-21 21:06:00,2004-04-21,-0.507,33.488,1135.49,0.042,EGM2008 mean sea level,water_level_victoria.txt
Victoria,Uganda,2004-05-01 19:05:00,2004-05-01,-0.507,33.488,1135.55,0.042,EGM2008 mean sea level,water_level_victoria.txt
Victoria,Uganda,2004-05-11 17:03:00,2004-05-11,-0.507,33.488,1135.59,0.042,EGM2008 mean sea level,water_level_victoria.txt
Victoria,Uganda,2004-05-21 15:02:00,2004-05-21,-0.507,33.488,1135.55,0.042,EGM2008 mean sea level,water_level_victoria.txt
Victoria,Uganda,2004-05-31 13:00:00,2004-05-31,-0.507,33.488,1135.52,0.042,EGM2008 mean sea level,water_level_victoria.txt
Victoria,Uganda,2004-06-10 10:59:00,2004-06-10,-0.507,33.488,1135.49,0.042,EGM2008 mean sea level,water_level_victoria.txt
Victoria,Uganda,2004-06-20 08:57:00,2004-06-20,-0.507,33.488,1135.44,0.042,EGM2008 mean sea level,water_level_victoria.txt
Victoria,Uganda,2004-06-30 06:56:00,2004-06-30,-0.507,33.488,1135.37,0.042,EGM2008 mean sea level,water_level_victoria.txt
Victoria,Uganda,2004-07-10 04:54:00,2004-07-10,-0.507,33.488,1135.26,0.042,EGM2008 mean sea level,water_level_victoria.txt
Victoria,Uganda,2004-07-20 02:53:00,2004-07-20,-0.507,33.488,1135.2,0.042,EGM2008 mean sea level,water_level_victoria.txt
Victoria,Uganda,2004-07-29 00:51:00,2004-07-29,-0.507,33.488,1135.14,0.042,EGM2008 mean sea level,water_level_victoria.txt
Victoria,Uganda,2004-08-08 22:50:00,2004-08-08,-0.507,33.488,1135.12,0.042,EGM2008 mean sea level,water_level_victoria.txt
Victoria,Uganda,2004-08-18 20:48:00,2004-08-18,-0.507,33.488,1135.12,0.042,EGM2008 mean sea level,water_level_victoria.txt
Victoria,Uganda,2004-08-28 18:47:00,2004-08-28,-0.507,33.488,1135.08,0.042,EGM2008 mean sea level,water_level_victoria.txt
Victoria,Uganda,2004-09-07 16:45:00,2004-09-07,-0.507,33.488,1135.05,0.042,EGM2008 mean sea level,water_level_victoria.txt
Victoria,Uganda,2004-09-17 14:44:00,2004-09-17,-0.507,33.488,1135.02,0.042,EGM2008 mean sea level,water_level_victoria.txt
Victoria,Uganda,2004-09-27 12:42:00,2004-09-27,-0.507,33.488,1134.99,0.042,EGM2008 mean sea level,water_level_victoria.txt
Victoria,Uganda,2004-10-07 10:41:00,2004-10-07,-0.507,33.488,1134.96,0.042,EGM2008 mean sea level,water_level_victoria.txt
Victoria,Uganda,2004-10-17 08:39:00,2004-10-17,-0.507,33.488,1134.95,0.042,EGM2008 mean sea level,water_level_victoria.txt
Victoria,Uganda,2004-10-27 06:38:00,2004-10-27,-0.507,33.488,1134.94,0.042,EGM2008 mean sea level,water_level_victoria.txt
Victoria,Uganda,2004-11-06 04:37:00,2004-11-06,-0.507,33.488,1134.94,0.042,EGM2008 mean sea level,water_level_victoria.txt
Victoria,Uganda,2004-11-16 02:35:00,2004-11-16,-0.507,33.488,1134.92,0.042,EGM2008 mean sea level,water_level_victoria.txt
Victoria,Uganda,2004-11-25 00:34:00,2004-11-25,-0.507,33.488,1134.94,0.042,EGM2008 mean sea level,water_level_victoria.txt
Victoria,Uganda,2004-12-05 22:32:00,2004-12-05,-0.507,33.488,1134.99,0.042,EGM2008 mean sea level,water_level_victoria.txt
Victoria,Uganda,2004-12-15 20:31:00,2004-12-15,-0.507,33.488,1134.98,0.042,EGM2008 mean sea level,water_level_victoria.txt
Victoria,Uganda,2004-12-25 18:29:00,2004-12-25,-0.507,33.488,1135.06,0.042,EGM2008 mean sea level,water_level_victoria.txt
Victoria,Uganda,2005-01-04 16:28:00,2005-01-04,-0.507,33.488,1135.01,0.042,EGM2008 mean sea level,water_level_victoria.txt
Victoria,Uganda,2005-01-14 14:26:00,2005-01-14,-0.507,33.488,1135.02,0.042,EGM2008 mean sea level,water_level_victoria.txt
Victoria,Uganda,2005-01-24 12:25:00,2005-01-24,-0.507,33.488,1134.95,0.042,EGM2008 mean sea level,water_level_victoria.txt
Victoria,Uganda,2005-02-03 10:23:00,2005-02-03,-0.507,33.488,1134.99,0.042,EGM2008 mean sea level,water_level_victoria.txt
Victoria,Uganda,2005-02-13 08:22:00,2005-02-13,-0.507,33.488,1134.98,0.042,EGM2008 mean sea level,water_level_victoria.txt
Victoria,Uganda,2005-02-23 06:20:00,2005-02-23,-0.507,33.488,1134.95,0.042,EGM2008 mean sea level,water_level_victoria.txt
Victoria,Uganda,2005-03-05 04:19:00,2005-03-05,-0.507,33.488,1134.9,0.042,EGM2008 mean sea level,water_level_victoria.txt
Victoria,Uganda,2005-03-15 02:17:00,2005-03-15,-0.507,33.488,1134.87,0.042,EGM2008 mean sea level,water_level_victoria.txt
Victoria,Uganda,2005-03-24 00:16:00,2005-03-24,-0.507,33.488,1134.89,0.043,EGM2008 mean sea level,water_level_victoria.txt
Victoria,Uganda,2005-04-03 22:15:00,2005-04-03,-0.507,33.488,1134.91,0.042,EGM2008 mean sea level,water_level_victoria.txt
Victoria,Uganda,2005-04-13 20:13:00,2005-04-13,-0.507,33.488,1134.94,0.042,EGM2008 mean sea level,water_level_victoria.txt
Victoria,Uganda,2005-04-23 18:12:00,2005-04-23,-0.507,33.488,1134.98,0.042,EGM2008 mean sea level,water_level_victoria.txt
Victoria,Uganda,2005-05-03 16:10:00,2005-05-03,-0.507,33.488,1135.01,0.042,EGM2008 mean sea level,water_level_victoria.txt
Victoria,Uganda,2005-05-13 14:09:00,2005-05-13,-0.507,33.488,1135.02,0.042,EGM2008 mean sea level,water_level_victoria.txt
Victoria,Uganda,2005-05-23 12:07:00,2005-05-23,-0.507,33.488,1135.03,0.042,EGM2008 mean sea level,water_level_victoria.txt
Victoria,Uganda,2005-06-02 10:06:00,2005-06-02,-0.507,33.488,1135.06,0.042,EGM2008 mean sea level,water_level_victoria.txt
Victoria,Uganda,2005-07-02 04:01:00,2005-07-02,-0.507,33.488,1135.03,0.042,EGM2008 mean sea level,water_level_victoria.txt
Victoria,Uganda,2005-07-12 02:00:00,2005-07-12,-0.507,33.488,1134.93,0.042,EGM2008 mean sea level,water_level_victoria.txt
Victoria,Uganda,2005-07-21 23:58:00,2005-07-21,-0.507,33.488,1134.87,0.042,EGM2008 mean sea level,water_level_victoria.txt
Victoria,Uganda,2005-07-31 21:57:00,2005-07-31,-0.507,33.488,1134.83,0.042,EGM2008 mean sea level,water_level_victoria.txt
Victoria,Uganda,2005-08-10 19:55:00,2005-08-10,-0.507,33.488,1134.82,0.042,EGM2008 mean sea level,water_level_victoria.txt
Victoria,Uganda,2005-08-20 17:54:00,2005-08-20,-0.507,33.488,1134.82,0.042,EGM2008 mean sea level,water_level_victoria.txt
Victoria,Uganda,2005-08-30 15:53:00,2005-08-30,-0.507,33.488,1134.79,0.042,EGM2008 mean sea level,water_level_victoria.txt
Victoria,Uganda,2005-09-09 13:51:00,2005-09-09,-0.507,33.488,1134.78,0.042,EGM2008 mean sea level,water_level_victoria.txt
Victoria,Uganda,2005-09-19 11:50:00,2005-09-19,-0.507,33.488,1134.74,0.043,EGM2008 mean sea level,water_level_victoria.txt
Victoria,Uganda,2005-09-29 09:48:00,2005-09-29,-0.507,33.488,1134.72,0.042,EGM2008 mean sea level,water_level_victoria.txt
Victoria,Uganda,2005-10-09 07:47:00,2005-10-09,-0.507,33.488,1134.69,0.042,EGM2008 mean sea level,water_level_victoria.txt
Victoria,Uganda,2005-10-19 05:45:00,2005-10-19,-0.507,33.488,1134.66,0.042,EGM2008 mean sea level,water_level_victoria.txt
Victoria,Uganda,2005-10-29 03:44:00,2005-10-29,-0.507,33.488,1134.68,0.042,EGM2008 mean sea level,water_level_victoria.txt
Victoria,Uganda,2005-11-08 01:42:00,2005-11-08,-0.507,33.488,1134.72,0.042,EGM2008 mean sea level,water_level_victoria.txt
Victoria,Uganda,2005-11-17 23:41:00,2005-11-17,-0.507,33.488,1134.69,0.042,EGM2008 mean sea level,water_level_victoria.txt
Victoria,Uganda,2005-11-27 21:39:00,2005-11-27,-0.507,33.488,1134.66,0.042,EGM2008 mean sea level,water_level_victoria.txt
Victoria,Uganda,2005-12-07 19:38:00,2005-12-07,-0.507,33.488,1134.61,0.042,EGM2008 mean sea level,water_level_victoria.txt
Victoria,Uganda,2005-12-17 17:36:00,2005-12-17,-0.507,33.488,1134.6,0.042,EGM2008 mean sea level,water_level_victoria.txt
Victoria,Uganda,2005-12-27 15:35:00,2005-12-27,-0.507,33.488,1134.56,0.042,EGM2008 mean sea level,water_level_victoria.txt
Victoria,Uganda,2006-01-06 13:33:00,2006-01-06,-0.507,33.488,1134.5,0.042,EGM2008 mean sea level,water_level_victoria.txt
Victoria,Uganda,2006-01-16 11:32:00,2006-01-16,-0.507,33.488,1134.49,0.042,EGM2008 mean sea level,water_level_victoria.txt
Victoria,Uganda,2006-01-26 09:30:00,2006-01-26,-0.507,33.488,1134.45,0.042,EGM2008 mean sea level,water_level_victoria.txt
Victoria,Uganda,2006-02-05 07:29:00,2006-02-05,-0.507,33.488,1134.42,0.042,EGM2008 mean sea level,water_level_victoria.txt
Victoria,Uganda,2006-02-15 05:28:00,2006-02-15,-0.507,33.488,1134.41,0.042,EGM2008 mean sea level,water_level_victoria.txt
Victoria,Uganda,2006-03-07 01:25:00,2006-03-07,-0.507,33.488,1134.43,0.042,EGM2008 mean sea level,water_level_victoria.txt
Victoria,Uganda,2006-03-16 23:23:00,2006-03-16,-0.507,33.488,1134.46,0.042,EGM2008 mean sea level,water_level_victoria.txt
Victoria,Uganda,2006-03-26 21:22:00,2006-03-26,-0.507,33.488,1134.5,0.042,EGM2008 mean sea level,water_level_victoria.txt
Victoria,Uganda,2006-04-05 19:20:00,2006-04-05,-0.507,33.488,1134.56,0.042,EGM2008 mean sea level,water_level_victoria.txt
Victoria,Uganda,2006-04-15 17:19:00,2006-04-15,-0.507,33.488,1134.57,0.042,EGM2008 mean sea level,water_level_victoria.txt
Victoria,Uganda,2006-04-25 15:17:00,2006-04-25,-0.507,33.488,1134.69,0.042,EGM2008 mean sea level,water_level_victoria.txt
Victoria,Uganda,2006-05-05 13:16:00,2006-05-05,-0.507,33.488,1134.71,0.042,EGM2008 mean sea level,water_level_victoria.txt
Victoria,Uganda,2006-05-15 11:14:00,2006-05-15,-0.507,33.488,1134.79,0.042,EGM2008 mean sea level,water_level_victoria.txt
Victoria,Uganda,2006-05-25 09:13:00,2006-05-25,-0.507,33.488,1134.78,0.042,EGM2008 mean sea level,water_level_victoria.txt
Victoria,Uganda,2006-06-04 07:11:00,2006-06-04,-0.507,33.488,1134.75,0.042,EGM2008 mean sea level,water_level_victoria.txt
Victoria,Uganda,2006-06-14 05:10:00,2006-06-14,-0.507,33.488,1134.67,0.043,EGM2008 mean sea level,water_level_victoria.txt
Victoria,Uganda,2006-06-24 03:08:00,2006-06-24,-0.507,33.488,1134.7,0.042,EGM2008 mean sea level,water_level_victoria.txt
Victoria,Uganda,2006-07-04 01:07:00,2006-07-04,-0.507,33.488,1134.69,0.042,EGM2008 mean sea level,water_level_victoria.txt
Victoria,Uganda,2006-07-13 23:05:00,2006-07-13,-0.507,33.488,1134.62,0.042,EGM2008 mean sea level,water_level_victoria.txt
Victoria,Uganda,2006-07-23 21:04:00,2006-07-23,-0.507,33.488,1134.54,0.043,EGM2008 mean sea level,water_level_victoria.txt
Victoria,Uganda,2006-08-02 19:02:00,2006-08-02,-0.507,33.488,1134.53,0.042,EGM2008 mean sea level,water_level_victoria.txt
Victoria,Uganda,2006-08-12 17:01:00,2006-08-12,-0.507,33.488,1134.53,0.042,EGM2008 mean sea level,water_level_victoria.txt
Victoria,Uganda,2006-08-22 15:00:00,2006-08-22,-0.507,33.488,1134.5,0.042,EGM2008 mean sea level,water_level_victoria.txt
Victoria,Uganda,2006-09-01 12:58:00,2006-09-01,-0.507,33.488,1134.49,0.042,EGM2008 mean sea level,water_level_victoria.txt
Victoria,Uganda,2006-09-11 10:57:00,2006-09-11,-0.507,33.488,1134.47,0.042,EGM2008 mean sea level,water_level_victoria.txt
Victoria,Uganda,2006-09-21 08:55:00,2006-09-21,-0.507,33.488,1134.43,0.042,EGM2008 mean sea level,water_level_victoria.txt
Victoria,Uganda,2006-10-01 06:54:00,2006-10-01,-0.507,33.488,1134.37,0.042,EGM2008 mean sea level,water_level_victoria.txt
Victoria,Uganda,2006-10-11 04:52:00,2006-10-11,-0.507,33.488,1134.33,0.042,EGM2008 mean sea level,water_level_victoria.txt
Victoria,Uganda,2006-10-21 02:51:00,2006-10-21,-0.507,33.488,1134.28,0.042,EGM2008 mean sea level,water_level_victoria.txt
Victoria,Uganda,2006-11-19 20:46:00,2006-11-19,-0.507,33.488,1134.44,0.042,EGM2008 mean sea level,water_level_victoria.txt
Victoria,Uganda,2006-11-29 18:45:00,2006-11-29,-0.507,33.488,1134.57,0.042,EGM2008 mean sea level,water_level_victoria.txt
Victoria,Uganda,2006-12-09 16:43:00,2006-12-09,-0.507,33.488,1134.67,0.042,EGM2008 mean sea level,water_level_victoria.txt
Victoria,Uganda,2006-12-19 14:42:00,2006-12-19,-0.507,33.488,1134.8,0.042,EGM2008 mean sea level,water_level_victoria.txt
Victoria,Uganda,2006-12-29 12:40:00,2006-12-29,-0.507,33.488,1134.89,0.042,EGM2008 mean sea level,water_level_victoria.txt
Victoria,Uganda,2007-01-08 10:39:00,2007-01-08,-0.507,33.488,1134.96,0.042,EGM2008 mean sea level,water_level_victoria.txt
Victoria,Uganda,2007-01-18 08:37:00,2007-01-18,-0.507,33.488,1134.97,0.042,EGM2008 mean sea level,water_level_victoria.txt
Victoria,Uganda,2007-01-28 06:36:00,2007-01-28,-0.507,33.488,1134.99,0.042,EGM2008 mean sea level,water_level_victoria.txt
Victoria,Uganda,2007-02-07 04:35:00,2007-02-07,-0.507,33.488,1135.03,0.042,EGM2008 mean sea level,water_level_victoria.txt
Victoria,Uganda,2007-02-17 02:33:00,2007-02-17,-0.507,33.488,1135.04,0.042,EGM2008 mean sea level,water_level_victoria.txt
Victoria,Uganda,2007-02-26 00:32:00,2007-02-26,-0.507,33.488,1135.03,0.042,EGM2008 mean sea level,water_level_victoria.txt
Victoria,Uganda,2007-03-08 22:30:00,2007-03-08,-0.507,33.488,1135.05,0.042,EGM2008 mean sea level,water_level_victoria.txt
Victoria,Uganda,2007-03-18 20:29:00,2007-03-18,-0.507,33.488,1135.07,0.042,EGM2008 mean sea level,water_level_victoria.txt
Victoria,Uganda,2007-03-28 18:27:00,2007-03-28,-0.507,33.488,1135.05,0.042,EGM2008 mean sea level,water_level_victoria.txt
Victoria,Uganda,2007-04-07 16:26:00,2007-04-07,-0.507,33.488,1135.01,0.042,EGM2008 mean sea level,water_level_victoria.txt
Victoria,Uganda,2007-04-17 14:24:00,2007-04-17,-0.507,33.488,1135.04,0.042,EGM2008 mean sea level,water_level_victoria.txt
Victoria,Uganda,2007-04-27 12:23:00,2007-04-27,-0.507,33.488,1135.12,0.042,EGM2008 mean sea level,water_level_victoria.txt
Victoria,Uganda,2007-05-07 10:21:00,2007-05-07,-0.507,33.488,1135.14,0.042,EGM2008 mean sea level,water_level_victoria.txt
Victoria,Uganda,2007-05-17 08:20:00,2007-05-17,-0.507,33.488,1135.17,0.042,EGM2008 mean sea level,water_level_victoria.txt
Victoria,Uganda,2007-05-27 06:18:00,2007-05-27,-0.507,33.488,1135.15,0.042,EGM2008 mean sea level,water_level_victoria.txt
Victoria,Uganda,2007-06-06 04:17:00,2007-06-06,-0.507,33.488,1135.14,0.042,EGM2008 mean sea level,water_level_victoria.txt
Victoria,Uganda,2007-06-16 02:15:00,2007-06-16,-0.507,33.488,1135.18,0.042,EGM2008 mean sea level,water_level_victoria.txt
Victoria,Uganda,2007-06-25 00:14:00,2007-06-25,-0.507,33.488,1135.16,0.042,EGM2008 mean sea level,water_level_victoria.txt
Victoria,Uganda,2007-07-05 22:13:00,2007-07-05,-0.507,33.488,1135.19,0.042,EGM2008 mean sea level,water_level_victoria.txt
Victoria,Uganda,2007-07-15 20:11:00,2007-07-15,-0.507,33.488,1135.16,0.042,EGM2008 mean sea level,water_level_victoria.txt
Victoria,Uganda,2007-07-25 18:10:00,2007-07-25,-0.507,33.488,1135.1,0.042,EGM2008 mean sea level,water_level_victoria.txt
Victoria,Uganda,2007-08-04 16:08:00,2007-08-04,-0.507,33.488,1135.08,0.042,EGM2008 mean sea level,water_level_victoria.txt
Victoria,Uganda,2007-08-14 14:07:00,2007-08-14,-0.507,33.488,1135.08,0.042,EGM2008 mean sea level,water_level_victoria.txt
Victoria,Uganda,2007-08-24 12:05:00,2007-08-24,-0.507,33.488,1135.12,0.042,EGM2008 mean sea level,water_level_victoria.txt
Victoria,Uganda,2007-09-03 10:04:00,2007-09-03,-0.507,33.488,1135.13,0.042,EGM2008 mean sea level,water_level_victoria.txt
Victoria,Uganda,2007-09-13 08:02:00,2007-09-13,-0.507,33.488,1135.1,0.042,EGM2008 mean sea level,water_level_victoria.txt
Victoria,Uganda,2007-09-23 06:01:00,2007-09-23,-0.507,33.488,1135.12,0.042,EGM2008 mean sea level,water_level_victoria.txt
Victoria,Uganda,2007-10-03 03:59:00,2007-10-03,-0.507,33.488,1135.07,0.042,EGM2008 mean sea level,water_level_victoria.txt
Victoria,Uganda,2007-10-13 01:58:00,2007-10-13,-0.507,33.488,1135.06,0.042,EGM2008 mean sea level,water_level_victoria.txt
Victoria,Uganda,2007-10-22 23:56:00,2007-10-22,-0.507,33.488,1135.01,0.042,EGM2008 mean sea level,water_level_victoria.txt
Victoria,Uganda,2007-11-01 21:55:00,2007-11-01,-0.507,33.488,1135.05,0.042,EGM2008 mean sea level,water_level_victoria.txt
Victoria,Uganda,2007-11-11 19:53:00,2007-11-11,-0.507,33.488,1135.1,0.042,EGM2008 mean sea level,water_level_victoria.txt
Victoria,Uganda,2007-11-21 17:52:00,2007-11-21,-0.507,33.488,1135.09,0.042,EGM2008 mean sea level,water_level_victoria.txt
Victoria,Uganda,2007-12-01 15:50:00,2007-12-01,-0.507,33.488,1135.06,0.042,EGM2008 mean sea level,water_level_victoria.txt
Victoria,Uganda,2007-12-11 13:49:00,2007-12-11,-0.507,33.488,1135.07,0.042,EGM2008 mean sea level,water_level_victoria.txt
Victoria,Uganda,2007-12-21 11:47:00,2007-12-21,-0.507,33.488,1135.05,0.042,EGM2008 mean sea level,water_level_victoria.txt
Victoria,Uganda,2007-12-31 09:46:00,2007-12-31,-0.507,33.488,1135.1,0.042,EGM2008 mean sea level,water_level_victoria.txt
Victoria,Uganda,2008-01-10 07:45:00,2008-01-10,-0.507,33.488,1135.07,0.042,EGM2008 mean sea level,water_level_victoria.txt
Victoria,Uganda,2008-01-20 05:43:00,2008-01-20,-0.507,33.488,1135.06,0.042,EGM2008 mean sea level,water_level_victoria.txt
Victoria,Uganda,2008-01-30 03:42:00,2008-01-30,-0.507,33.488,1135.12,0.042,EGM2008 mean sea level,water_level_victoria.txt
Victoria,Uganda,2008-02-09 01:40:00,2008-02-09,-0.507,33.488,1135.07,0.042,EGM2008 mean sea level,water_level_victoria.txt
Victoria,Uganda,2008-02-18 23:39:00,2008-02-18,-0.507,33.488,1135.09,0.042,EGM2008 mean sea level,water_level_victoria.txt
Victoria,Uganda,2008-02-28 21:37:00,2008-02-28,-0.507,33.488,1135.11,0.042,EGM2008 mean sea level,water_level_victoria.txt
Victoria,Uganda,2008-03-09 19:36:00,2008-03-09,-0.507,33.488,1135.1,0.042,EGM2008 mean sea level,water_level_victoria.txt
Victoria,Uganda,2008-03-19 17:34:00,2008-03-19,-0.507,33.488,1135.08,0.042,EGM2008 mean sea level,water_level_victoria.txt
Victoria,Uganda,2008-03-29 15:33:00,2008-03-29,-0.507,33.488,1135.13,0.042,EGM2008 mean sea level,water_level_victoria.txt
Victoria,Uganda,2008-04-08 13:31:00,2008-04-08,-0.507,33.488,1135.12,0.042,EGM2008 mean sea level,water_level_victoria.txt
Victoria,Uganda,2008-04-18 11:30:00,2008-04-18,-0.507,33.488,1135.24,0.042,EGM2008 mean sea level,water_level_victoria.txt
Victoria,Uganda,2008-04-28 09:28:00,2008-04-28,-0.507,33.488,1135.28,0.042,EGM2008 mean sea level,water_level_victoria.txt
Victoria,Uganda,2008-05-18 05:25:00,2008-05-18,-0.507,33.488,1135.25,0.042,EGM2008 mean sea level,water_level_victoria.txt
Victoria,Uganda,2008-05-28 03:24:00,2008-05-28,-0.507,33.488,1135.26,0.042,EGM2008 mean sea level,water_level_victoria.txt
Victoria,Uganda,2008-06-07 01:22:00,2008-06-07,-0.507,33.488,1135.24,0.043,EGM2008 mean sea level,water_level_victoria.txt
Victoria,Uganda,2008-06-16 23:21:00,2008-06-16,-0.507,33.488,1135.23,0.042,EGM2008 mean sea level,water_level_victoria.txt
Victoria,Uganda,2008-06-26 21:20:00,2008-06-26,-0.507,33.488,1135.18,0.042,EGM2008 mean sea level,water_level_victoria.txt
Victoria,Uganda,2008-07-06 19:18:00,2008-07-06,-0.507,33.488,1135.13,0.042,EGM2008 mean sea level,water_level_victoria.txt
Victoria,Uganda,2008-07-16 17:17:00,2008-07-16,-0.507,33.488,1135.12,0.042,EGM2008 mean sea level,water_level_victoria.txt
Victoria,Uganda,2008-07-16 17:17:00,2008-07-16,-0.507,33.488,1135.12,0.042,EGM2008 mean sea level,water_level_victoria.txt
Victoria,Uganda,2008-07-26 15:15:00,2008-07-26,-0.507,33.488,1135.11,0.042,EGM2008 mean sea level,water_level_victoria.txt
Victoria,Uganda,2008-07-26 15:16:00,2008-07-26,-0.507,33.488,1135.09,0.042,EGM2008 mean sea level,water_level_victoria.txt
Victoria,Uganda,2008-08-05 13:14:00,2008-08-05,-0.507,33.488,1135.08,0.042,EGM2008 mean sea level,water_level_victoria.txt
Victoria,Uganda,2008-08-05 13:15:00,2008-08-05,-0.507,33.488,1135.09,0.042,EGM2008 mean sea level,water_level_victoria.txt
Victoria,Uganda,2008-08-15 11:13:00,2008-08-15,-0.507,33.488,1135.07,0.042,EGM2008 mean sea level,water_level_victoria.txt
Victoria,Uganda,2008-08-25 09:11:00,2008-08-25,-0.507,33.488,1135.04,0.042,EGM2008 mean sea level,water_level_victoria.txt
Victoria,Uganda,2008-08-25 09:12:00,2008-08-25,-0.507,33.488,1135.05,0.042,EGM2008 mean sea level,water_level_victoria.txt
Victoria,Uganda,2008-09-04 07:09:00,2008-09-04,-0.507,33.488,1135.03,0.042,EGM2008 mean sea level,water_level_victoria.txt
Victoria,Uganda,2008-09-04 07:10:00,2008-09-04,-0.507,33.488,1135.04,0.042,EGM2008 mean sea level,water_level_victoria.txt
Victoria,Uganda,2008-09-14 05:08:00,2008-09-14,-0.507,33.488,1134.99,0.044,EGM2008 mean sea level,water_level_victoria.txt
Victoria,Uganda,2008-09-14 05:09:00,2008-09-14,-0.507,33.488,1134.99,0.042,EGM2008 mean sea level,water_level_victoria.txt
Victoria,Uganda,2008-09-24 03:06:00,2008-09-24,-0.507,33.488,1135.04,0.042,EGM2008 mean sea level,water_level_victoria.txt
Victoria,Uganda,2008-09-24 03:07:00,2008-09-24,-0.507,33.488,1135.05,0.042,EGM2008 mean sea level,water_level_victoria.txt
Victoria,Uganda,2008-10-04 01:05:00,2008-10-04,-0.507,33.488,1135.01,0.042,EGM2008 mean sea level,water_level_victoria.txt
Victoria,Uganda,2008-10-04 01:06:00,2008-10-04,-0.507,33.488,1135.01,0.042,EGM2008 mean sea level,water_level_victoria.txt
Victoria,Uganda,2008-10-13 23:03:00,2008-10-13,-0.507,33.488,1135.0,0.042,EGM2008 mean sea level,water_level_victoria.txt
Victoria,Uganda,2008-10-13 23:04:00,2008-10-13,-0.507,33.488,1135.02,0.042,EGM2008 mean sea level,water_level_victoria.txt
Victoria,Uganda,2008-10-23 21:02:00,2008-10-23,-0.507,33.488,1135.04,0.042,EGM2008 mean sea level,water_level_victoria.txt
Victoria,Uganda,2008-10-23 21:03:00,2008-10-23,-0.507,33.488,1135.04,0.042,EGM2008 mean sea level,water_level_victoria.txt
Victoria,Uganda,2008-11-02 19:00:00,2008-11-02,-0.507,33.488,1135.09,0.042,EGM2008 mean sea level,water_level_victoria.txt
Victoria,Uganda,2008-11-02 19:01:00,2008-11-02,-0.507,33.488,1135.08,0.042,EGM2008 mean sea level,water_level_victoria.txt
Victoria,Uganda,2008-11-12 16:59:00,2008-11-12,-0.507,33.488,1135.17,0.042,EGM2008 mean sea level,water_level_victoria.txt
Victoria,Uganda,2008-11-12 17:00:00,2008-11-12,-0.507,33.488,1135.17,0.042,EGM2008 mean sea level,water_level_victoria.txt
Victoria,Uganda,2008-11-22 14:57:00,2008-11-22,-0.507,33.488,1135.18,0.042,EGM2008 mean sea level,water_level_victoria.txt
Victoria,Uganda,2008-11-22 14:58:00,2008-11-22,-0.507,33.488,1135.15,0.042,EGM2008 mean sea level,water_level_victoria.txt
Victoria,Uganda,2008-12-02 12:56:00,2008-12-02,-0.507,33.488,1135.15,0.042,EGM2008 mean sea level,water_level_victoria.txt
Victoria,Uganda,2008-12-02 12:57:00,2008-12-02,-0.507,33.488,1135.14,0.042,EGM2008 mean sea level,water_level_victoria.txt
Victoria,Uganda,2008-12-12 10:54:00,2008-12-12,-0.507,33.488,1135.14,0.042,EGM2008 mean sea level,water_level_victoria.txt
Victoria,Uganda,2008-12-12 10:55:00,2008-12-12,-0.507,33.488,1135.13,0.042,EGM2008 mean sea level,water_level_victoria.txt
Victoria,Uganda,2008-12-22 08:53:00,2008-12-22,-0.507,33.488,1135.12,0.042,EGM2008 mean sea level,water_level_victoria.txt
Victoria,Uganda,2008-12-22 08:54:00,2008-12-22,-0.507,33.488,1135.12,0.042,EGM2008 mean sea level,water_level_victoria.txt
Victoria,Uganda,2009-01-01 06:52:00,2009-01-01,-0.507,33.488,1135.1,0.042,EGM2008 mean sea level,water_level_victoria.txt
Victoria,Uganda,2009-01-01 06:52:00,2009-01-01,-0.507,33.488,1135.1,0.042,EGM2008 mean sea level,water_level_victoria.txt
Victoria,Uganda,2009-01-11 04:50:00,2009-01-11,-0.507,33.488,1135.09,0.042,EGM2008 mean sea level,water_level_victoria.txt
Victoria,Uganda,2009-01-11 04:51:00,2009-01-11,-0.507,33.488,1135.09,0.042,EGM2008 mean sea level,water_level_victoria.txt
Victoria,Uganda,2009-01-21 02:49:00,2009-01-21,-0.507,33.488,1135.01,0.043,EGM2008 mean sea level,water_level_victoria.txt
Victoria,Uganda,2009-01-21 02:50:00,2009-01-21,-0.507,33.488,1135.05,0.042,EGM2008 mean sea level,water_level_victoria.txt
Victoria,Uganda,2009-01-30 00:48:00,2009-01-30,-0.507,33.488,1135.13,0.042,EGM2008 mean sea level,water_level_victoria.txt
Victoria,Uganda,2009-02-09 22:47:00,2009-02-09,-0.507,33.488,1135.17,0.042,EGM2008 mean sea level,water_level_victoria.txt
Victoria,Uganda,2009-02-19 20:45:00,2009-02-19,-0.507,33.488,1135.15,0.042,EGM2008 mean sea level,water_level_victoria.txt
Victoria,Uganda,2009-03-01 18:44:00,2009-03-01,-0.507,33.488,1135.11,0.042,EGM2008 mean sea level,water_level_victoria.txt
Victoria,Uganda,2009-03-11 16:42:00,2009-03-11,-0.507,33.488,1135.13,0.042,EGM2008 mean sea level,water_level_victoria.txt
Victoria,Uganda,2009-03-21 14:41:00,2009-03-21,-0.507,33.488,1135.17,0.042,EGM2008 mean sea level,water_level_victoria.txt
Victoria,Uganda,2009-03-31 12:39:00,2009-03-31,-0.507,33.488,1135.15,0.042,EGM2008 mean sea level,water_level_victoria.txt
Victoria,Uganda,2009-04-10 10:38:00,2009-04-10,-0.507,33.488,1135.2,0.042,EGM2008 mean sea level,water_level_victoria.txt
Victoria,Uganda,2009-04-20 08:36:00,2009-04-20,-0.507,33.488,1135.31,0.042,EGM2008 mean sea level,water_level_victoria.txt
Victoria,Uganda,2009-04-30 06:35:00,2009-04-30,-0.507,33.488,1135.31,0.042,EGM2008 mean sea level,water_level_victoria.txt
Victoria,Uganda,2009-05-10 04:33:00,2009-05-10,-0.507,33.488,1135.32,0.042,EGM2008 mean sea level,water_level_victoria.txt
Victoria,Uganda,2009-05-20 02:32:00,2009-05-20,-0.507,33.488,1135.42,0.042,EGM2008 mean sea level,water_level_victoria.txt
Victoria,Uganda,2009-05-29 00:30:00,2009-05-29,-0.507,33.488,1135.4,0.042,EGM2008 mean sea level,water_level_victoria.txt
Victoria,Uganda,2009-06-08 22:29:00,2009-06-08,-0.507,33.488,1135.4,0.042,EGM2008 mean sea level,water_level_victoria.txt
Victoria,Uganda,2009-06-18 20:27:00,2009-06-18,-0.507,33.488,1135.34,0.042,EGM2008 mean sea level,water_level_victoria.txt
Victoria,Uganda,2009-06-28 18:26:00,2009-06-28,-0.507,33.488,1135.28,0.042,EGM2008 mean sea level,water_level_victoria.txt
Victoria,Uganda,2009-07-08 16:24:00,2009-07-08,-0.507,33.488,1135.26,0.042,EGM2008 mean sea level,water_level_victoria.txt
Victoria,Uganda,2009-07-18 14:23:00,2009-07-18,-0.507,33.488,1135.2,0.042,EGM2008 mean sea level,water_level_victoria.txt
Victoria,Uganda,2009-07-28 12:22:00,2009-07-28,-0.507,33.488,1135.14,0.042,EGM2008 mean sea level,water_level_victoria.txt
Victoria,Uganda,2009-08-07 10:20:00,2009-08-07,-0.507,33.488,1135.13,0.042,EGM2008 mean sea level,water_level_victoria.txt
Victoria,Uganda,2009-08-17 08:19:00,2009-08-17,-0.507,33.488,1135.05,0.042,EGM2008 mean sea level,water_level_victoria.txt
Victoria,Uganda,2009-08-27 06:17:00,2009-08-27,-0.507,33.488,1135.02,0.042,EGM2008 mean sea level,water_level_victoria.txt
Victoria,Uganda,2009-09-06 04:16:00,2009-09-06,-0.507,33.488,1134.97,0.042,EGM2008 mean sea level,water_level_victoria.txt
Victoria,Uganda,2009-09-16 02:14:00,2009-09-16,-0.507,33.488,1134.94,0.042,EGM2008 mean sea level,water_level_victoria.txt
Victoria,Uganda,2009-09-25 00:13:00,2009-09-25,-0.507,33.488,1134.97,0.042,EGM2008 mean sea level,water_level_victoria.txt
Victoria,Uganda,2009-10-05 22:11:00,2009-10-05,-0.507,33.488,1134.96,0.042,EGM2008 mean sea level,water_level_victoria.txt
Victoria,Uganda,2009-10-15 20:10:00,2009-10-15,-0.507,33.488,1134.95,0.042,EGM2008 mean sea level,water_level_victoria.txt
Victoria,Uganda,2009-10-25 18:08:00,2009-10-25,-0.507,33.488,1134.92,0.042,EGM2008 mean sea level,water_level_victoria.txt
Victoria,Uganda,2009-11-04 16:07:00,2009-11-04,-0.507,33.488,1134.94,0.042,EGM2008 mean sea level,water_level_victoria.txt
Victoria,Uganda,2009-11-14 14:05:00,2009-11-14,-0.507,33.488,1134.95,0.042,EGM2008 mean sea level,water_level_victoria.txt
Victoria,Uganda,2009-11-24 12:04:00,2009-11-24,-0.507,33.488,1134.98,0.042,EGM2008 mean sea level,water_level_victoria.txt
Victoria,Uganda,2009-12-04 10:02:00,2009-12-04,-0.507,33.488,1134.96,0.042,EGM2008 mean sea level,water_level_victoria.txt
Victoria,Uganda,2009-12-14 08:01:00,2009-12-14,-0.507,33.488,1135.0,0.042,EGM2008 mean sea level,water_level_victoria.txt
Victoria,Uganda,2009-12-24 05:59:00,2009-12-24,-0.507,33.488,1135.03,0.042,EGM2008 mean sea level,water_level_victoria.txt
Victoria,Uganda,2010-01-03 03:58:00,2010-01-03,-0.507,33.488,1135.09,0.042,EGM2008 mean sea level,water_level_victoria.txt
Victoria,Uganda,2010-01-13 01:56:00,2010-01-13,-0.507,33.488,1135.13,0.042,EGM2008 mean sea level,water_level_victoria.txt
Victoria,Uganda,2010-01-22 23:55:00,2010-01-22,-0.507,33.488,1135.11,0.042,EGM2008 mean sea level,water_level_victoria.txt
Victoria,Uganda,2010-02-01 21:54:00,2010-02-01,-0.507,33.488,1135.11,0.042,EGM2008 mean sea level,water_level_victoria.txt
Victoria,Uganda,2010-02-11 19:52:00,2010-02-11,-0.507,33.488,1135.13,0.042,EGM2008 mean sea level,water_level_victoria.txt
Victoria,Uganda,2010-02-21 17:51:00,2010-02-21,-0.507,33.488,1135.09,0.042,EGM2008 mean sea level,water_level_victoria.txt
Victoria,Uganda,2010-03-03 15:49:00,2010-03-03,-0.507,33.488,1135.2,0.042,EGM2008 mean sea level,water_level_victoria.txt
Victoria,Uganda,2010-03-13 13:48:00,2010-03-13,-0.507,33.488,1135.23,0.042,EGM2008 mean sea level,water_level_victoria.txt
Victoria,Uganda,2010-03-23 11:46:00,2010-03-23,-0.507,33.488,1135.27,0.042,EGM2008 mean sea level,water_level_victoria.txt
Victoria,Uganda,2010-04-02 09:45:00,2010-04-02,-0.507,33.488,1135.39,0.042,EGM2008 mean sea level,water_level_victoria.txt
Victoria,Uganda,2010-04-12 07:43:00,2010-04-12,-0.507,33.488,1135.38,0.042,EGM2008 mean sea level,water_level_victoria.txt
Victoria,Uganda,2010-04-22 05:42:00,2010-04-22,-0.507,33.488,1135.37,0.042,EGM2008 mean sea level,water_level_victoria.txt
Victoria,Uganda,2010-05-02 03:40:00,2010-05-02,-0.507,33.488,1135.42,0.042,EGM2008 mean sea level,water_level_victoria.txt
Victoria,Uganda,2010-05-12 01:39:00,2010-05-12,-0.507,33.488,1135.48,0.042,EGM2008 mean sea level,water_level_victoria.txt
Victoria,Uganda,2010-05-21 23:37:00,2010-05-21,-0.507,33.488,1135.58,0.042,EGM2008 mean sea level,water_level_victoria.txt
Victoria,Uganda,2010-05-31 21:36:00,2010-05-31,-0.507,33.488,1135.54,0.042,EGM2008 mean sea level,water_level_victoria.txt
Victoria,Uganda,2010-06-10 19:34:00,2010-06-10,-0.507,33.488,1135.54,0.042,EGM2008 mean sea level,water_level_victoria.txt
Victoria,Uganda,2010-06-20 17:33:00,2010-06-20,-0.507,33.488,1135.52,0.042,EGM2008 mean sea level,water_level_victoria.txt
Victoria,Uganda,2010-06-30 15:31:00,2010-06-30,-0.507,33.488,1135.48,0.042,EGM2008 mean sea level,water_level_victoria.txt
Victoria,Uganda,2010-07-10 13:30:00,2010-07-10,-0.507,33.488,1135.4,0.042,EGM2008 mean sea level,water_level_victoria.txt
Victoria,Uganda,2010-07-20 11:28:00,2010-07-20,-0.507,33.488,1135.36,0.042,EGM2008 mean sea level,water_level_victoria.txt
Victoria,Uganda,2010-07-30 09:27:00,2010-07-30,-0.507,33.488,1135.36,0.042,EGM2008 mean sea level,water_level_victoria.txt
Victoria,Uganda,2010-08-09 07:25:00,2010-08-09,-0.507,33.488,1135.31,0.042,EGM2008 mean sea level,water_level_victoria.txt
Victoria,Uganda,2010-08-19 05:24:00,2010-08-19,-0.507,33.488,1135.26,0.042,EGM2008 mean sea level,water_level_victoria.txt
Victoria,Uganda,2010-08-29 03:23:00,2010-08-29,-0.507,33.488,1135.21,0.042,EGM2008 mean sea level,water_level_victoria.txt
Victoria,Uganda,2010-09-08 01:21:00,2010-09-08,-0.507,33.488,1135.19,0.042,EGM2008 mean sea level,water_level_victoria.txt
Victoria,Uganda,2010-09-17 23:20:00,2010-09-17,-0.507,33.488,1135.21,0.042,EGM2008 mean sea level,water_level_victoria.txt
Victoria,Uganda,2010-09-27 21:18:00,2010-09-27,-0.507,33.488,1135.2,0.042,EGM2008 mean sea level,water_level_victoria.txt
Victoria,Uganda,2010-10-07 19:17:00,2010-10-07,-0.507,33.488,1135.18,0.042,EGM2008 mean sea level,water_level_victoria.txt
Victoria,Uganda,2010-10-17 17:15:00,2010-10-17,-0.507,33.488,1135.15,0.042,EGM2008 mean sea level,water_level_victoria.txt
Victoria,Uganda,2010-10-27 15:14:00,2010-10-27,-0.507,33.488,1135.18,0.042,EGM2008 mean sea level,water_level_victoria.txt
Victoria,Uganda,2010-11-06 13:12:00,2010-11-06,-0.507,33.488,1135.15,0.042,EGM2008 mean sea level,water_level_victoria.txt
Victoria,Uganda,2010-11-16 11:11:00,2010-11-16,-0.507,33.488,1135.16,0.042,EGM2008 mean sea level,water_level_victoria.txt
Victoria,Uganda,2010-11-26 09:09:00,2010-11-26,-0.507,33.488,1135.1,0.042,EGM2008 mean sea level,water_level_victoria.txt
Victoria,Uganda,2010-12-06 07:08:00,2010-12-06,-0.507,33.488,1135.09,0.042,EGM2008 mean sea level,water_level_victoria.txt
Victoria,Uganda,2010-12-16 05:06:00,2010-12-16,-0.507,33.488,1135.15,0.042,EGM2008 mean sea level,water_level_victoria.txt
Victoria,Uganda,2010-12-26 03:05:00,2010-12-26,-0.507,33.488,1135.1,0.042,EGM2008 mean sea level,water_level_victoria.txt
Victoria,Uganda,2011-01-05 01:03:00,2011-01-05,-0.507,33.488,1135.11,0.042,EGM2008 mean sea level,water_level_victoria.txt
Victoria,Uganda,2011-01-14 23:02:00,2011-01-14,-0.507,33.488,1135.13,0.042,EGM2008 mean sea level,water_level_victoria.txt
Victoria,Uganda,2011-01-24 21:00:00,2011-01-24,-0.507,33.488,1135.11,0.042,EGM2008 mean sea level,water_level_victoria.txt
Victoria,Uganda,2011-02-03 18:59:00,2011-02-03,-0.507,33.488,1135.09,0.042,EGM2008 mean sea level,water_level_victoria.txt
Victoria,Uganda,2011-02-13 16:57:00,2011-02-13,-0.507,33.488,1135.07,0.042,EGM2008 mean sea level,water_level_victoria.txt
Victoria,Uganda,2011-02-23 14:56:00,2011-02-23,-0.507,33.488,1135.07,0.042,EGM2008 mean sea level,water_level_victoria.txt
Victoria,Uganda,2011-03-05 12:54:00,2011-03-05,-0.507,33.488,1135.06,0.042,EGM2008 mean sea level,water_level_victoria.txt
Victoria,Uganda,2011-03-15 10:53:00,2011-03-15,-0.507,33.488,1135.0,0.042,EGM2008 mean sea level,water_level_victoria.txt
Victoria,Uganda,2011-03-25 08:52:00,2011-03-25,-0.507,33.488,1135.06,0.042,EGM2008 mean sea level,water_level_victoria.txt
Victoria,Uganda,2011-04-04 06:50:00,2011-04-04,-0.507,33.488,1135.13,0.042,EGM2008 mean sea level,water_level_victoria.txt
Victoria,Uganda,2011-04-14 04:49:00,2011-04-14,-0.507,33.488,1135.1,0.042,EGM2008 mean sea level,water_level_victoria.txt
Victoria,Uganda,2011-04-24 02:47:00,2011-04-24,-0.507,33.488,1135.09,0.042,EGM2008 mean sea level,water_level_victoria.txt
Victoria,Uganda,2011-05-03 00:46:00,2011-05-03,-0.507,33.488,1135.11,0.042,EGM2008 mean sea level,water_level_victoria.txt
Victoria,Uganda,2011-05-13 22:44:00,2011-05-13,-0.507,33.488,1135.15,0.042,EGM2008 mean sea level,water_level_victoria.txt
Victoria,Uganda,2011-05-23 20:43:00,2011-05-23,-0.507,33.488,1135.17,0.042,EGM2008 mean sea level,water_level_victoria.txt
Victoria,Uganda,2011-06-02 18:41:00,2011-06-02,-0.507,33.488,1135.17,0.042,EGM2008 mean sea level,water_level_victoria.txt
Victoria,Uganda,2011-06-12 16:40:00,2011-06-12,-0.507,33.488,1135.13,0.042,EGM2008 mean sea level,water_level_victoria.txt
Victoria,Uganda,2011-06-22 14:38:00,2011-06-22,-0.507,33.488,1135.14,0.042,EGM2008 mean sea level,water_level_victoria.txt
Victoria,Uganda,2011-07-02 12:37:00,2011-07-02,-0.507,33.488,1135.11,0.042,EGM2008 mean sea level,water_level_victoria.txt
Victoria,Uganda,2011-07-12 10:35:00,2011-07-12,-0.507,33.488,1135.08,0.042,EGM2008 mean sea level,water_level_victoria.txt
Victoria,Uganda,2011-07-22 08:34:00,2011-07-22,-0.507,33.488,1135.04,0.042,EGM2008 mean sea level,water_level_victoria.txt
Victoria,Uganda,2011-08-01 06:32:00,2011-08-01,-0.507,33.488,1135.01,0.042,EGM2008 mean sea level,water_level_victoria.txt
Victoria,Uganda,2011-08-11 04:31:00,2011-08-11,-0.507,33.488,1134.98,0.042,EGM2008 mean sea level,water_level_victoria.txt
Victoria,Uganda,2011-08-21 02:29:00,2011-08-21,-0.507,33.488,1134.98,0.042,EGM2008 mean sea level,water_level_victoria.txt
Victoria,Uganda,2011-08-30 00:28:00,2011-08-30,-0.507,33.488,1134.98,0.042,EGM2008 mean sea level,water_level_victoria.txt
Victoria,Uganda,2011-09-09 22:26:00,2011-09-09,-0.507,33.488,1135.02,0.042,EGM2008 mean sea level,water_level_victoria.txt
Victoria,Uganda,2011-09-19 20:25:00,2011-09-19,-0.507,33.488,1135.05,0.042,EGM2008 mean sea level,water_level_victoria.txt
Victoria,Uganda,2011-09-29 18:24:00,2011-09-29,-0.507,33.488,1135.07,0.042,EGM2008 mean sea level,water_level_victoria.txt
Victoria,Uganda,2011-10-09 16:22:00,2011-10-09,-0.507,33.488,1135.04,0.042,EGM2008 mean sea level,water_level_victoria.txt
Victoria,Uganda,2011-10-19 14:21:00,2011-10-19,-0.507,33.488,1135.07,0.042,EGM2008 mean sea level,water_level_victoria.txt
Victoria,Uganda,2011-10-29 12:19:00,2011-10-29,-0.507,33.488,1135.11,0.042,EGM2008 mean sea level,water_level_victoria.txt
Victoria,Uganda,2011-11-08 10:18:00,2011-11-08,-0.507,33.488,1135.12,0.042,EGM2008 mean sea level,water_level_victoria.txt
Victoria,Uganda,2011-11-18 08:16:00,2011-11-18,-0.507,33.488,1135.18,0.042,EGM2008 mean sea level,water_level_victoria.txt
Victoria,Uganda,2011-11-28 06:15:00,2011-11-28,-0.507,33.488,1135.24,0.042,EGM2008 mean sea level,water_level_victoria.txt
Victoria,Uganda,2011-12-08 04:13:00,2011-12-08,-0.507,33.488,1135.28,0.042,EGM2008 mean sea level,water_level_victoria.txt
Victoria,Uganda,2011-12-18 02:12:00,2011-12-18,-0.507,33.488,1135.4,0.042,EGM2008 mean sea level,water_level_victoria.txt
Victoria,Uganda,2011-12-27 00:10:00,2011-12-27,-0.507,33.488,1135.4,0.042,EGM2008 mean sea level,water_level_victoria.txt
Victoria,Uganda,2012-01-06 22:09:00,2012-01-06,-0.507,33.488,1135.38,0.042,EGM2008 mean sea level,water_level_victoria.txt
Victoria,Uganda,2012-01-16 20:07:00,2012-01-16,-0.507,33.488,1135.4,0.042,EGM2008 mean sea level,water_level_victoria.txt
Victoria,Uganda,2012-01-26 18:06:00,2012-01-26,-0.507,33.488,1135.35,0.042,EGM2008 mean sea level,water_level_victoria.txt
Victoria,Uganda,2012-02-05 16:04:00,2012-02-05,-0.507,33.488,1135.31,0.042,EGM2008 mean sea level,water_level_victoria.txt
Victoria,Uganda,2012-02-15 14:03:00,2012-02-15,-0.507,33.488,1135.25,0.042,EGM2008 mean sea level,water_level_victoria.txt
Victoria,Uganda,2012-02-25 12:01:00,2012-02-25,-0.507,33.488,1135.22,0.042,EGM2008 mean sea level,water_level_victoria.txt
Victoria,Uganda,2012-03-06 10:00:00,2012-03-06,-0.507,33.488,1135.18,0.042,EGM2008 mean sea level,water_level_victoria.txt
Victoria,Uganda,2012-03-16 07:58:00,2012-03-16,-0.507,33.488,1135.2,0.042,EGM2008 mean sea level,water_level_victoria.txt
Victoria,Uganda,2012-03-26 05:57:00,2012-03-26,-0.507,33.488,1135.2,0.042,EGM2008 mean sea level,water_level_victoria.txt
Victoria,Uganda,2012-04-05 03:56:00,2012-04-05,-0.507,33.488,1135.2,0.042,EGM2008 mean sea level,water_level_victoria.txt
Victoria,Uganda,2012-04-15 01:54:00,2012-04-15,-0.507,33.488,1135.18,0.042,EGM2008 mean sea level,water_level_victoria.txt
Victoria,Uganda,2012-04-24 23:53:00,2012-04-24,-0.507,33.488,1135.28,0.042,EGM2008 mean sea level,water_level_victoria.txt
Victoria,Uganda,2012-05-04 21:51:00,2012-05-04,-0.507,33.488,1135.33,0.042,EGM2008 mean sea level,water_level_victoria.txt
Victoria,Uganda,2012-05-14 19:50:00,2012-05-14,-0.507,33.488,1135.41,0.042,EGM2008 mean sea level,water_level_victoria.txt
Victoria,Uganda,2012-05-24 17:48:00,2012-05-24,-0.507,33.488,1135.5,0.042,EGM2008 mean sea level,water_level_victoria.txt
Victoria,Uganda,2012-06-03 15:47:00,2012-06-03,-0.507,33.488,1135.52,0.042,EGM2008 mean sea level,water_level_victoria.txt
Victoria,Uganda,2012-06-13 13:45:00,2012-06-13,-0.507,33.488,1135.51,0.042,EGM2008 mean sea level,water_level_victoria.txt
Victoria,Uganda,2012-06-23 11:44:00,2012-06-23,-0.507,33.488,1135.47,0.042,EGM2008 mean sea level,water_level_victoria.txt
Victoria,Uganda,2012-07-03 09:42:00,2012-07-03,-0.507,33.488,1135.47,0.042,EGM2008 mean sea level,water_level_victoria.txt
Victoria,Uganda,2012-07-13 07:41:00,2012-07-13,-0.507,33.488,1135.44,0.042,EGM2008 mean sea level,water_level_victoria.txt
Victoria,Uganda,2012-07-23 05:39:00,2012-07-23,-0.507,33.488,1135.4,0.042,EGM2008 mean sea level,water_level_victoria.txt
Victoria,Uganda,2012-08-02 03:38:00,2012-08-02,-0.507,33.488,1135.4,0.042,EGM2008 mean sea level,water_level_victoria.txt
Victoria,Uganda,2012-08-12 01:36:00,2012-08-12,-0.507,33.488,1135.38,0.042,EGM2008 mean sea level,water_level_victoria.txt
Victoria,Uganda,2012-08-21 23:35:00,2012-08-21,-0.507,33.488,1135.36,0.042,EGM2008 mean sea level,water_level_victoria.txt
Victoria,Uganda,2012-08-31 21:33:00,2012-08-31,-0.507,33.488,1135.39,0.042,EGM2008 mean sea level,water_level_victoria.txt
Victoria,Uganda,2012-09-10 19:32:00,2012-09-10,-0.507,33.488,1135.36,0.042,EGM2008 mean sea level,water_level_victoria.txt
Victoria,Uganda,2012-09-20 17:30:00,2012-09-20,-0.507,33.488,1135.39,0.042,EGM2008 mean sea level,water_level_victoria.txt
Victoria,Uganda,2012-09-30 15:29:00,2012-09-30,-0.507,33.488,1135.37,0.042,EGM2008 mean sea level,water_level_victoria.txt
Victoria,Uganda,2012-10-10 13:27:00,2012-10-10,-0.507,33.488,1135.39,0.042,EGM2008 mean sea level,water_level_victoria.txt
Victoria,Uganda,2012-10-20 11:26:00,2012-10-20,-0.507,33.488,1135.39,0.042,EGM2008 mean sea level,water_level_victoria.txt
Victoria,Uganda,2012-10-30 09:25:00,2012-10-30,-0.507,33.488,1135.4,0.042,EGM2008 mean sea level,water_level_victoria.txt
Victoria,Uganda,2012-11-09 07:23:00,2012-11-09,-0.507,33.488,1135.5,0.042,EGM2008 mean sea level,water_level_victoria.txt
Victoria,Uganda,2012-11-19 05:22:00,2012-11-19,-0.507,33.488,1135.49,0.042,EGM2008 mean sea level,water_level_victoria.txt
Victoria,Uganda,2012-11-29 03:20:00,2012-11-29,-0.507,33.488,1135.48,0.042,EGM2008 mean sea level,water_level_victoria.txt
Victoria,Uganda,2012-12-09 01:19:00,2012-12-09,-0.507,33.488,1135.51,0.042,EGM2008 mean sea level,water_level_victoria.txt
Victoria,Uganda,2012-12-18 23:17:00,2012-12-18,-0.507,33.488,1135.56,0.042,EGM2008 mean sea level,water_level_victoria.txt
Victoria,Uganda,2012-12-28 21:16:00,2012-12-28,-0.507,33.488,1135.61,0.042,EGM2008 mean sea level,water_level_victoria.txt
Victoria,Uganda,2013-01-07 19:14:00,2013-01-07,-0.507,33.488,1135.65,0.042,EGM2008 mean sea level,water_level_victoria.txt
Victoria,Uganda,2013-01-17 17:13:00,2013-01-17,-0.507,33.488,1135.66,0.042,EGM2008 mean sea level,water_level_victoria.txt
Victoria,Uganda,2013-01-27 15:11:00,2013-01-27,-0.507,33.488,1135.66,0.042,EGM2008 mean sea level,water_level_victoria.txt
Victoria,Uganda,2013-02-06 13:10:00,2013-02-06,-0.507,33.488,1135.67,0.042,EGM2008 mean sea level,water_level_victoria.txt
Victoria,Uganda,2013-02-16 11:08:00,2013-02-16,-0.507,33.488,1135.63,0.042,EGM2008 mean sea level,water_level_victoria.txt
Victoria,Uganda,2013-02-26 09:07:00,2013-02-26,-0.507,33.488,1135.64,0.042,EGM2008 mean sea level,water_level_victoria.txt
Victoria,Uganda,2013-03-08 07:05:00,2013-03-08,-0.507,33.488,1135.62,0.042,EGM2008 mean sea level,water_level_victoria.txt
Victoria,Uganda,2013-03-18 05:04:00,2013-03-18,-0.507,33.488,1135.64,0.042,EGM2008 mean sea level,water_level_victoria.txt
Victoria,Uganda,2013-04-07 01:01:00,2013-04-07,-0.507,33.488,1135.75,0.042,EGM2008 mean sea level,water_level_victoria.txt
Victoria,Uganda,2013-04-16 22:59:00,2013-04-16,-0.507,33.488,1135.84,0.042,EGM2008 mean sea level,water_level_victoria.txt
Victoria,Uganda,2013-04-26 20:58:00,2013-04-26,-0.507,33.488,1135.91,0.042,EGM2008 mean sea level,water_level_victoria.txt
Victoria,Uganda,2013-05-06 18:57:00,2013-05-06,-0.507,33.488,1136.0,0.042,EGM2008 mean sea level,water_level_victoria.txt
Victoria,Uganda,2013-05-16 16:55:00,2013-05-16,-0.507,33.488,1136.05,0.042,EGM2008 mean sea level,water_level_victoria.txt
Victoria,Uganda,2013-05-26 14:54:00,2013-05-26,-0.507,33.488,1136.06,0.042,EGM2008 mean sea level,water_level_victoria.txt
Victoria,Uganda,2013-06-05 12:52:00,2013-06-05,-0.507,33.488,1136.03,0.042,EGM2008 mean sea level,water_level_victoria.txt
Victoria,Uganda,2013-06-15 10:51:00,2013-06-15,-0.507,33.488,1135.95,0.042,EGM2008 mean sea level,water_level_victoria.txt
Victoria,Uganda,2013-06-25 08:49:00,2013-06-25,-0.507,33.488,1135.92,0.042,EGM2008 mean sea level,water_level_victoria.txt
Victoria,Uganda,2013-07-05 06:48:00,2013-07-05,-0.507,33.488,1135.86,0.042,EGM2008 mean sea level,water_level_victoria.txt
Victoria,Uganda,2013-07-15 04:46:00,2013-07-15,-0.507,33.488,1135.79,0.042,EGM2008 mean sea level,water_level_victoria.txt
Victoria,Uganda,2013-07-25 02:45:00,2013-07-25,-0.507,33.488,1135.74,0.042,EGM2008 mean sea level,water_level_victoria.txt
Victoria,Uganda,2013-08-03 00:43:00,2013-08-03,-0.507,33.488,1135.73,0.042,EGM2008 mean sea level,water_level_victoria.txt
Victoria,Uganda,2013-08-13 22:42:00,2013-08-13,-0.507,33.488,1135.7,0.042,EGM2008 mean sea level,water_level_victoria.txt
Victoria,Uganda,2013-08-23 20:40:00,2013-08-23,-0.507,33.488,1135.71,0.042,EGM2008 mean sea level,water_level_victoria.txt
Victoria,Uganda,2013-09-02 18:39:00,2013-09-02,-0.507,33.488,1135.65,0.042,EGM2008 mean sea level,water_level_victoria.txt
Victoria,Uganda,2013-09-12 16:37:00,2013-09-12,-0.507,33.488,1135.66,0.042,EGM2008 mean sea level,water_level_victoria.txt
Victoria,Uganda,2013-09-22 14:36:00,2013-09-22,-0.507,33.488,1135.69,0.042,EGM2008 mean sea level,water_level_victoria.txt
Victoria,Uganda,2013-10-02 12:34:00,2013-10-02,-0.507,33.488,1135.74,0.042,EGM2008 mean sea level,water_level_victoria.txt
Victoria,Uganda,2013-10-12 10:33:00,2013-10-12,-0.507,33.488,1135.72,0.042,EGM2008 mean sea level,water_level_victoria.txt
Victoria,Uganda,2013-10-22 08:31:00,2013-10-22,-0.507,33.488,1135.69,0.042,EGM2008 mean sea level,water_level_victoria.txt
Victoria,Uganda,2013-11-01 06:30:00,2013-11-01,-0.507,33.488,1135.68,0.042,EGM2008 mean sea level,water_level_victoria.txt
Victoria,Uganda,2013-11-11 04:29:00,2013-11-11,-0.507,33.488,1135.69,0.042,EGM2008 mean sea level,water_level_victoria.txt
Victoria,Uganda,2013-11-21 02:27:00,2013-11-21,-0.507,33.488,1135.72,0.042,EGM2008 mean sea level,water_level_victoria.txt
Victoria,Uganda,2013-11-30 00:26:00,2013-11-30,-0.507,33.488,1135.73,0.042,EGM2008 mean sea level,water_level_victoria.txt
Victoria,Uganda,2013-12-10 22:24:00,2013-12-10,-0.507,33.488,1135.73,0.042,EGM2008 mean sea level,water_level_victoria.txt
Victoria,Uganda,2013-12-20 20:23:00,2013-12-20,-0.507,33.488,1135.78,0.042,EGM2008 mean sea level,water_level_victoria.txt
Victoria,Uganda,2013-12-30 18:21:00,2013-12-30,-0.507,33.488,1135.81,0.042,EGM2008 mean sea level,water_level_victoria.txt
Victoria,Uganda,2014-01-09 16:20:00,2014-01-09,-0.507,33.488,1135.8,0.042,EGM2008 mean sea level,water_level_victoria.txt
Victoria,Uganda,2014-01-19 14:18:00,2014-01-19,-0.507,33.488,1135.8,0.042,EGM2008 mean sea level,water_level_victoria.txt
Victoria,Uganda,2014-01-29 12:17:00,2014-01-29,-0.507,33.488,1135.79,0.042,EGM2008 mean sea level,water_level_victoria.txt
Victoria,Uganda,2014-02-08 10:15:00,2014-02-08,-0.507,33.488,1135.79,0.042,EGM2008 mean sea level,water_level_victoria.txt
Victoria,Uganda,2014-02-18 08:14:00,2014-02-18,-0.507,33.488,1135.75,0.042,EGM2008 mean sea level,water_level_victoria.txt
Victoria,Uganda,2014-02-28 06:12:00,2014-02-28,-0.507,33.488,1135.74,0.042,EGM2008 mean sea level,water_level_victoria.txt
Victoria,Uganda,2014-03-10 04:11:00,2014-03-10,-0.507,33.488,1135.7,0.042,EGM2008 mean sea level,water_level_victoria.txt
Victoria,Uganda,2014-03-20 02:09:00,2014-03-20,-0.507,33.488,1135.73,0.042,EGM2008 mean sea level,water_level_victoria.txt
Victoria,Uganda,2014-03-29 00:08:00,2014-03-29,-0.507,33.488,1135.73,0.042,EGM2008 mean sea level,water_level_victoria.txt
Victoria,Uganda,2014-04-08 22:06:00,2014-04-08,-0.507,33.488,1135.78,0.042,EGM2008 mean sea level,water_level_victoria.txt
Victoria,Uganda,2014-04-18 20:05:00,2014-04-18,-0.507,33.488,1135.87,0.042,EGM2008 mean sea level,water_level_victoria.txt
Victoria,Uganda,2014-04-28 18:03:00,2014-04-28,-0.507,33.488,1135.85,0.042,EGM2008 mean sea level,water_level_victoria.txt
Victoria,Uganda,2014-05-08 16:02:00,2014-05-08,-0.507,33.488,1135.85,0.042,EGM2008 mean sea level,water_level_victoria.txt
Victoria,Uganda,2014-05-18 14:01:00,2014-05-18,-0.507,33.488,1135.91,0.042,EGM2008 mean sea level,water_level_victoria.txt
Victoria,Uganda,2014-05-28 11:59:00,2014-05-28,-0.507,33.488,1135.9,0.042,EGM2008 mean sea level,water_level_victoria.txt
Victoria,Uganda,2014-06-07 09:58:00,2014-06-07,-0.507,33.488,1135.91,0.042,EGM2008 mean sea level,water_level_victoria.txt
Victoria,Uganda,2014-06-17 07:56:00,2014-06-17,-0.507,33.488,1135.93,0.042,EGM2008 mean sea level,water_level_victoria.txt
Victoria,Uganda,2014-06-27 05:55:00,2014-06-27,-0.507,33.488,1135.91,0.042,EGM2008 mean sea level,water_level_victoria.txt
Victoria,Uganda,2014-07-07 03:53:00,2014-07-07,-0.507,33.488,1135.84,0.042,EGM2008 mean sea level,water_level_victoria.txt
Victoria,Uganda,2014-07-17 01:52:00,2014-07-17,-0.507,33.488,1135.81,0.042,EGM2008 mean sea level,water_level_victoria.txt
Victoria,Uganda,2014-07-26 23:50:00,2014-07-26,-0.507,33.488,1135.79,0.042,EGM2008 mean sea level,water_level_victoria.txt
Victoria,Uganda,2014-08-05 21:49:00,2014-08-05,-0.507,33.488,1135.74,0.042,EGM2008 mean sea level,water_level_victoria.txt
Victoria,Uganda,2014-08-15 19:47:00,2014-08-15,-0.507,33.488,1135.73,0.042,EGM2008 mean sea level,water_level_victoria.txt
Victoria,Uganda,2014-08-25 17:46:00,2014-08-25,-0.507,33.488,1135.75,0.042,EGM2008 mean sea level,water_level_victoria.txt
Victoria,Uganda,2014-09-04 15:44:00,2014-09-04,-0.507,33.488,1135.81,0.042,EGM2008 mean sea level,water_level_victoria.txt
Victoria,Uganda,2014-09-14 13:43:00,2014-09-14,-0.507,33.488,1135.79,0.042,EGM2008 mean sea level,water_level_victoria.txt
Victoria,Uganda,2014-09-24 11:41:00,2014-09-24,-0.507,33.488,1135.79,0.042,EGM2008 mean sea level,water_level_victoria.txt
Victoria,Uganda,2014-10-04 09:40:00,2014-10-04,-0.507,33.488,1135.79,0.042,EGM2008 mean sea level,water_level_victoria.txt
Victoria,Uganda,2014-10-14 07:38:00,2014-10-14,-0.507,33.488,1135.77,0.042,EGM2008 mean sea level,water_level_victoria.txt
Victoria,Uganda,2014-10-24 05:37:00,2014-10-24,-0.507,33.488,1135.82,0.042,EGM2008 mean sea level,water_level_victoria.txt
Victoria,Uganda,2014-11-03 03:36:00,2014-11-03,-0.507,33.488,1135.85,0.042,EGM2008 mean sea level,water_level_victoria.txt
Victoria,Uganda,2014-11-13 01:34:00,2014-11-13,-0.507,33.488,1135.83,0.042,EGM2008 mean sea level,water_level_victoria.txt
Victoria,Uganda,2014-11-22 23:33:00,2014-11-22,-0.507,33.488,1135.83,0.042,EGM2008 mean sea level,water_level_victoria.txt
Victoria,Uganda,2014-12-02 21:31:00,2014-12-02,-0.507,33.488,1135.92,0.042,EGM2008 mean sea level,water_level_victoria.txt
Victoria,Uganda,2014-12-12 19:30:00,2014-12-12,-0.507,33.488,1135.91,0.042,EGM2008 mean sea level,water_level_victoria.txt
Victoria,Uganda,2014-12-22 17:28:00,2014-12-22,-0.507,33.488,1135.93,0.042,EGM2008 mean sea level,water_level_victoria.txt
Victoria,Uganda,2015-01-01 15:27:00,2015-01-01,-0.507,33.488,1135.95,0.042,EGM2008 mean sea level,water_level_victoria.txt
Victoria,Uganda,2015-01-11 13:25:00,2015-01-11,-0.507,33.488,1135.97,0.042,EGM2008 mean sea level,water_level_victoria.txt
Victoria,Uganda,2015-01-21 11:24:00,2015-01-21,-0.507,33.488,1135.88,0.042,EGM2008 mean sea level,water_level_victoria.txt
Victoria,Uganda,2015-01-31 09:22:00,2015-01-31,-0.507,33.488,1135.84,0.042,EGM2008 mean sea level,water_level_victoria.txt
Victoria,Uganda,2015-02-10 07:21:00,2015-02-10,-0.507,33.488,1135.82,0.042,EGM2008 mean sea level,water_level_victoria.txt
Victoria,Uganda,2015-02-20 05:19:00,2015-02-20,-0.507,33.488,1135.79,0.042,EGM2008 mean sea level,water_level_victoria.txt
Victoria,Uganda,2015-03-02 03:18:00,2015-03-02,-0.507,33.488,1135.75,0.042,EGM2008 mean sea level,water_level_victoria.txt
Victoria,Uganda,2015-03-12 01:16:00,2015-03-12,-0.507,33.488,1135.71,0.042,EGM2008 mean sea level,water_level_victoria.txt
Victoria,Uganda,2015-03-21 23:15:00,2015-03-21,-0.507,33.488,1135.68,0.042,EGM2008 mean sea level,water_level_victoria.txt
Victoria,Uganda,2015-03-31 21:13:00,2015-03-31,-0.507,33.488,1135.75,0.042,EGM2008 mean sea level,water_level_victoria.txt
Victoria,Uganda,2015-04-10 19:12:00,2015-04-10,-0.507,33.488,1135.81,0.042,EGM2008 mean sea level,water_level_victoria.txt
Victoria,Uganda,2015-04-20 17:10:00,2015-04-20,-0.507,33.488,1135.91,0.042,EGM2008 mean sea level,water_level_victoria.txt
Victoria,Uganda,2015-04-30 15:09:00,2015-04-30,-0.507,33.488,1136.02,0.042,EGM2008 mean sea level,water_level_victoria.txt
Victoria,Uganda,2015-05-10 13:08:00,2015-05-10,-0.507,33.488,1136.12,0.042,EGM2008 mean sea level,water_level_victoria.txt
Victoria,Uganda,2015-05-20 11:06:00,2015-05-20,-0.507,33.488,1136.13,0.042,EGM2008 mean sea level,water_level_victoria.txt
Victoria,Uganda,2015-05-30 09:05:00,2015-05-30,-0.507,33.488,1136.18,0.042,EGM2008 mean sea level,water_level_victoria.txt
Victoria,Uganda,2015-06-09 07:03:00,2015-06-09,-0.507,33.488,1136.18,0.042,EGM2008 mean sea level,water_level_victoria.txt
Victoria,Uganda,2015-06-19 05:02:00,2015-06-19,-0.507,33.488,1136.15,0.042,EGM2008 mean sea level,water_level_victoria.txt
Victoria,Uganda,2015-06-29 03:00:00,2015-06-29,-0.507,33.488,1136.14,0.042,EGM2008 mean sea level,water_level_victoria.txt
Victoria,Uganda,2015-07-09 00:59:00,2015-07-09,-0.507,33.488,1136.13,0.042,EGM2008 mean sea level,water_level_victoria.txt
Victoria,Uganda,2015-07-18 22:57:00,2015-07-18,-0.507,33.488,1136.06,0.042,EGM2008 mean sea level,water_level_victoria.txt
Victoria,Uganda,2015-07-28 20:56:00,2015-07-28,-0.507,33.488,1136.03,0.042,EGM2008 mean sea level,water_level_victoria.txt
Victoria,Uganda,2015-08-07 18:54:00,2015-08-07,-0.507,33.488,1136.0,0.042,EGM2008 mean sea level,water_level_victoria.txt
Victoria,Uganda,2015-08-17 16:53:00,2015-08-17,-0.507,33.488,1135.95,0.042,EGM2008 mean sea level,water_level_victoria.txt
Victoria,Uganda,2015-08-27 14:51:00,2015-08-27,-0.507,33.488,1135.91,0.042,EGM2008 mean sea level,water_level_victoria.txt
Victoria,Uganda,2015-09-06 12:50:00,2015-09-06,-0.507,33.488,1135.9,0.042,EGM2008 mean sea level,water_level_victoria.txt
Victoria,Uganda,2015-09-16 10:48:00,2015-09-16,-0.507,33.488,1135.9,0.042,EGM2008 mean sea level,water_level_victoria.txt
Victoria,Uganda,2015-09-26 08:47:00,2015-09-26,-0.507,33.488,1135.82,0.042,EGM2008 mean sea level,water_level_victoria.txt
Victoria,Uganda,2015-10-06 06:45:00,2015-10-06,-0.507,33.488,1135.82,0.042,EGM2008 mean sea level,water_level_victoria.txt
Victoria,Uganda,2015-10-16 04:44:00,2015-10-16,-0.507,33.488,1135.78,0.042,EGM2008 mean sea level,water_level_victoria.txt
Victoria,Uganda,2015-10-26 02:43:00,2015-10-26,-0.507,33.488,1135.85,0.042,EGM2008 mean sea level,water_level_victoria.txt
Victoria,Uganda,2015-11-04 00:41:00,2015-11-04,-0.507,33.488,1135.92,0.042,EGM2008 mean sea level,water_level_victoria.txt
Victoria,Uganda,2015-11-14 22:40:00,2015-11-14,-0.507,33.488,1135.99,0.042,EGM2008 mean sea level,water_level_victoria.txt
Victoria,Uganda,2015-11-24 20:38:00,2015-11-24,-0.507,33.488,1136.12,0.042,EGM2008 mean sea level,water_level_victoria.txt
Victoria,Uganda,2015-12-04 18:37:00,2015-12-04,-0.507,33.488,1136.16,0.042,EGM2008 mean sea level,water_level_victoria.txt
Victoria,Uganda,2015-12-14 16:35:00,2015-12-14,-0.507,33.488,1136.26,0.042,EGM2008 mean sea level,water_level_victoria.txt
Victoria,Uganda,2015-12-24 14:34:00,2015-12-24,-0.507,33.488,1136.34,0.042,EGM2008 mean sea level,water_level_victoria.txt
Victoria,Uganda,2016-01-03 12:32:00,2016-01-03,-0.507,33.488,1136.33,0.042,EGM2008 mean sea level,water_level_victoria.txt
Victoria,Uganda,2016-01-13 10:31:00,2016-01-13,-0.507,33.488,1136.32,0.042,EGM2008 mean sea level,water_level_victoria.txt
Victoria,Uganda,2016-01-23 08:29:00,2016-01-23,-0.507,33.488,1136.38,0.042,EGM2008 mean sea level,water_level_victoria.txt
Victoria,Uganda,2016-02-02 06:28:00,2016-02-02,-0.507,33.488,1136.34,0.042,EGM2008 mean sea level,water_level_victoria.txt
Victoria,Uganda,2016-02-12 04:26:00,2016-02-12,-0.507,33.488,1136.32,0.042,EGM2008 mean sea level,water_level_victoria.txt
Victoria,Uganda,2016-02-22 02:25:00,2016-02-22,-0.507,33.488,1136.29,0.042,EGM2008 mean sea level,water_level_victoria.txt
Victoria,Uganda,2016-02-22 02:26:00,2016-02-22,-0.507,33.488,1136.3,0.05,EGM2008 mean sea level,water_level_victoria.txt
Victoria,Uganda,2016-03-02 00:23:00,2016-03-02,-0.507,33.488,1136.27,0.042,EGM2008 mean sea level,water_level_victoria.txt
Victoria,Uganda,2016-03-02 00:25:00,2016-03-02,-0.507,33.488,1136.26,0.05,EGM2008 mean sea level,water_level_victoria.txt
Victoria,Uganda,2016-03-12 22:22:00,2016-03-12,-0.507,33.488,1136.29,0.042,EGM2008 mean sea level,water_level_victoria.txt
Victoria,Uganda,2016-03-12 22:23:00,2016-03-12,-0.507,33.488,1136.3,0.05,EGM2008 mean sea level,water_level_victoria.txt
Victoria,Uganda,2016-03-22 20:20:00,2016-03-22,-0.507,33.488,1136.25,0.042,EGM2008 mean sea level,water_level_victoria.txt
Victoria,Uganda,2016-03-22 20:22:00,2016-03-22,-0.507,33.488,1136.26,0.05,EGM2008 mean sea level,water_level_victoria.txt
Victoria,Uganda,2016-04-01 18:19:00,2016-04-01,-0.507,33.488,1136.29,0.042,EGM2008 mean sea level,water_level_victoria.txt
Victoria,Uganda,2016-04-01 18:20:00,2016-04-01,-0.507,33.488,1136.3,0.05,EGM2008 mean sea level,water_level_victoria.txt
Victoria,Uganda,2016-04-11 16:17:00,2016-04-11,-0.507,33.488,1136.31,0.042,EGM2008 mean sea level,water_level_victoria.txt
Victoria,Uganda,2016-04-11 16:19:00,2016-04-11,-0.507,33.488,1136.31,0.05,EGM2008 mean sea level,water_level_victoria.txt
Victoria,Uganda,2016-04-21 14:16:00,2016-04-21,-0.507,33.488,1136.37,0.042,EGM2008 mean sea level,water_level_victoria.txt
Victoria,Uganda,2016-04-21 14:17:00,2016-04-21,-0.507,33.488,1136.39,0.05,EGM2008 mean sea level,water_level_victoria.txt
Victoria,Uganda,2016-05-01 12:15:00,2016-05-01,-0.507,33.488,1136.49,0.042,EGM2008 mean sea level,water_level_victoria.txt
Victoria,Uganda,2016-05-01 12:16:00,2016-05-01,-0.507,33.488,1136.48,0.05,EGM2008 mean sea level,water_level_victoria.txt
Victoria,Uganda,2016-05-11 10:13:00,2016-05-11,-0.507,33.488,1136.51,0.042,EGM2008 mean sea level,water_level_victoria.txt
Victoria,Uganda,2016-05-11 10:14:00,2016-05-11,-0.507,33.488,1136.52,0.05,EGM2008 mean sea level,water_level_victoria.txt
Victoria,Uganda,2016-05-21 08:12:00,2016-05-21,-0.507,33.488,1136.53,0.042,EGM2008 mean sea level,water_level_victoria.txt
Victoria,Uganda,2016-05-21 08:13:00,2016-05-21,-0.507,33.488,1136.53,0.05,EGM2008 mean sea level,water_level_victoria.txt
Victoria,Uganda,2016-05-31 06:10:00,2016-05-31,-0.507,33.488,1136.52,0.042,EGM2008 mean sea level,water_level_victoria.txt
Victoria,Uganda,2016-05-31 06:11:00,2016-05-31,-0.507,33.488,1136.51,0.05,EGM2008 mean sea level,water_level_victoria.txt
Victoria,Uganda,2016-06-10 04:09:00,2016-06-10,-0.507,33.488,1136.47,0.042,EGM2008 mean sea level,water_level_victoria.txt
Victoria,Uganda,2016-06-10 04:10:00,2016-06-10,-0.507,33.488,1136.44,0.05,EGM2008 mean sea level,water_level_victoria.txt
Victoria,Uganda,2016-06-20 02:07:00,2016-06-20,-0.507,33.488,1136.42,0.042,EGM2008 mean sea level,water_level_victoria.txt
Victoria,Uganda,2016-06-20 02:09:00,2016-06-20,-0.507,33.488,1136.41,0.05,EGM2008 mean sea level,water_level_victoria.txt
Victoria,Uganda,2016-06-29 00:06:00,2016-06-29,-0.507,33.488,1136.4,0.042,EGM2008 mean sea level,water_level_victoria.txt
Victoria,Uganda,2016-06-29 00:07:00,2016-06-29,-0.507,33.488,1136.41,0.05,EGM2008 mean sea level,water_level_victoria.txt
Victoria,Uganda,2016-07-09 22:04:00,2016-07-09,-0.507,33.488,1136.34,0.042,EGM2008 mean sea level,water_level_victoria.txt
Victoria,Uganda,2016-07-09 22:06:00,2016-07-09,-0.507,33.488,1136.36,0.05,EGM2008 mean sea level,water_level_victoria.txt
Victoria,Uganda,2016-07-19 20:03:00,2016-07-19,-0.507,33.488,1136.29,0.042,EGM2008 mean sea level,water_level_victoria.txt
Victoria,Uganda,2016-07-19 20:04:00,2016-07-19,-0.507,33.488,1136.3,0.05,EGM2008 mean sea level,water_level_victoria.txt
Victoria,Uganda,2016-07-29 18:01:00,2016-07-29,-0.507,33.488,1136.24,0.042,EGM2008 mean sea level,water_level_victoria.txt
Victoria,Uganda,2016-07-29 18:03:00,2016-07-29,-0.507,33.488,1136.25,0.05,EGM2008 mean sea level,water_level_victoria.txt
Victoria,Uganda,2016-08-08 16:00:00,2016-08-08,-0.507,33.488,1136.23,0.042,EGM2008 mean sea level,water_level_victoria.txt
Victoria,Uganda,2016-08-08 16:01:00,2016-08-08,-0.507,33.488,1136.22,0.05,EGM2008 mean sea level,water_level_victoria.txt
Victoria,Uganda,2016-08-18 13:58:00,2016-08-18,-0.507,33.488,1136.2,0.042,EGM2008 mean sea level,water_level_victoria.txt
Victoria,Uganda,2016-08-28 11:57:00,2016-08-28,-0.507,33.488,1136.14,0.042,EGM2008 mean sea level,water_level_victoria.txt
Victoria,Uganda,2016-08-28 11:58:00,2016-08-28,-0.507,33.488,1136.12,0.05,EGM2008 mean sea level,water_level_victoria.txt
Victoria,Uganda,2016-09-07 09:55:00,2016-09-07,-0.507,33.488,1136.1,0.042,EGM2008 mean sea level,water_level_victoria.txt
Victoria,Uganda,2016-09-07 09:57:00,2016-09-07,-0.507,33.488,1136.09,0.05,EGM2008 mean sea level,water_level_victoria.txt
Victoria,Uganda,2016-09-17 07:54:00,2016-09-17,-0.507,33.488,1136.05,0.042,EGM2008 mean sea level,water_level_victoria.txt
Victoria,Uganda,2016-09-17 07:55:00,2016-09-17,-0.507,33.488,1136.03,0.05,EGM2008 mean sea level,water_level_victoria.txt
Victoria,Uganda,2016-09-27 05:52:00,2016-09-27,-0.507,33.488,1136.03,0.042,EGM2008 mean sea level,water_level_victoria.txt
Victoria,Uganda,2016-09-27 05:54:00,2016-09-27,-0.507,33.488,1136.01,0.05,EGM2008 mean sea level,water_level_victoria.txt
Victoria,Uganda,2016-10-07 03:52:00,2016-10-07,-0.507,33.488,1136.06,0.05,EGM2008 mean sea level,water_level_victoria.txt
Victoria,Uganda,2016-10-17 01:51:00,2016-10-17,-0.507,33.488,1136.02,0.05,EGM2008 mean sea level,water_level_victoria.txt
Victoria,Uganda,2016-10-26 23:49:00,2016-10-26,-0.507,33.488,1135.99,0.05,EGM2008 mean sea level,water_level_victoria.txt
Victoria,Uganda,2016-11-05 21:48:00,2016-11-05,-0.507,33.488,1135.98,0.05,EGM2008 mean sea level,water_level_victoria.txt
Victoria,Uganda,2016-11-15 19:46:00,2016-11-15,-0.507,33.488,1135.97,0.05,EGM2008 mean sea level,water_level_victoria.txt
Victoria,Uganda,2016-11-25 17:45:00,2016-11-25,-0.507,33.488,1135.97,0.05,EGM2008 mean sea level,water_level_victoria.txt
Victoria,Uganda,2016-12-05 15:43:00,2016-12-05,-0.507,33.488,1135.97,0.05,EGM2008 mean sea level,water_level_victoria.txt
Victoria,Uganda,2016-12-15 13:42:00,2016-12-15,-0.507,33.488,1135.94,0.05,EGM2008 mean sea level,water_level_victoria.txt
Victoria,Uganda,2016-12-25 11:41:00,2016-12-25,-0.507,33.488,1135.89,0.05,EGM2008 mean sea level,water_level_victoria.txt
Victoria,Uganda,2017-01-04 09:39:00,2017-01-04,-0.507,33.488,1135.88,0.05,EGM2008 mean sea level,water_level_victoria.txt
Victoria,Uganda,2017-01-14 07:38:00,2017-01-14,-0.507,33.488,1135.83,0.05,EGM2008 mean sea level,water_level_victoria.txt
Victoria,Uganda,2017-01-24 05:36:00,2017-01-24,-0.507,33.488,1135.77,0.05,EGM2008 mean sea level,water_level_victoria.txt
Victoria,Uganda,2017-02-03 03:35:00,2017-02-03,-0.507,33.488,1135.75,0.05,EGM2008 mean sea level,water_level_victoria.txt
Victoria,Uganda,2017-02-13 01:33:00,2017-02-13,-0.507,33.488,1135.72,0.05,EGM2008 mean sea level,water_level_victoria.txt
Victoria,Uganda,2017-02-22 23:32:00,2017-02-22,-0.507,33.488,1135.72,0.05,EGM2008 mean sea level,water_level_victoria.txt
Victoria,Uganda,2017-03-04 21:30:00,2017-03-04,-0.507,33.488,1135.74,0.05,EGM2008 mean sea level,water_level_victoria.txt
Victoria,Uganda,2017-03-14 19:29:00,2017-03-14,-0.507,33.488,1135.77,0.05,EGM2008 mean sea level,water_level_victoria.txt
Victoria,Uganda,2017-03-24 17:27:00,2017-03-24,-0.507,33.488,1135.83,0.05,EGM2008 mean sea level,water_level_victoria.txt
Victoria,Uganda,2017-04-03 15:26:00,2017-04-03,-0.507,33.488,1135.79,0.05,EGM2008 mean sea level,water_level_victoria.txt
Victoria,Uganda,2017-04-13 13:24:00,2017-04-13,-0.507,33.488,1135.79,0.05,EGM2008 mean sea level,water_level_victoria.txt
Victoria,Uganda,2017-04-23 11:23:00,2017-04-23,-0.507,33.488,1135.84,0.05,EGM2008 mean sea level,water_level_victoria.txt
Victoria,Uganda,2017-05-03 09:21:00,2017-05-03,-0.507,33.488,1135.9,0.05,EGM2008 mean sea level,water_level_victoria.txt
Victoria,Uganda,2017-05-13 07:20:00,2017-05-13,-0.507,33.488,1135.99,0.05,EGM2008 mean sea level,water_level_victoria.txt
Victoria,Uganda,2017-05-23 05:18:00,2017-05-23,-0.507,33.488,1136.0,0.05,EGM2008 mean sea level,water_level_victoria.txt
Victoria,Uganda,2017-06-02 03:17:00,2017-06-02,-0.507,33.488,1135.93,0.05,EGM2008 mean sea level,water_level_victoria.txt
Victoria,Uganda,2017-06-12 01:16:00,2017-06-12,-0.507,33.488,1135.92,0.05,EGM2008 mean sea level,water_level_victoria.txt
Victoria,Uganda,2017-06-21 23:14:00,2017-06-21,-0.507,33.488,1135.83,0.05,EGM2008 mean sea level,water_level_victoria.txt
Victoria,Uganda,2017-07-01 21:13:00,2017-07-01,-0.507,33.488,1135.8,0.05,EGM2008 mean sea level,water_level_victoria.txt
Victoria,Uganda,2017-07-11 19:11:00,2017-07-11,-0.507,33.488,1135.76,0.05,EGM2008 mean sea level,water_level_victoria.txt
Victoria,Uganda,2017-07-21 17:10:00,2017-07-21,-0.507,33.488,1135.74,0.05,EGM2008 mean sea level,water_level_victoria.txt
Victoria,Uganda,2017-07-31 15:08:00,2017-07-31,-0.507,33.488,1135.72,0.05,EGM2008 mean sea level,water_level_victoria.txt
Victoria,Uganda,2017-08-10 13:07:00,2017-08-10,-0.507,33.488,1135.68,0.05,EGM2008 mean sea level,water_level_victoria.txt
Victoria,Uganda,2017-08-20 11:05:00,2017-08-20,-0.507,33.488,1135.66,0.05,EGM2008 mean sea level,water_level_victoria.txt
Victoria,Uganda,2017-08-30 09:04:00,2017-08-30,-0.507,33.488,1135.66,0.05,EGM2008 mean sea level,water_level_victoria.txt
Victoria,Uganda,2017-09-09 07:02:00,2017-09-09,-0.507,33.488,1135.67,0.05,EGM2008 mean sea level,water_level_victoria.txt
Victoria,Uganda,2017-09-19 05:01:00,2017-09-19,-0.507,33.488,1135.66,0.05,EGM2008 mean sea level,water_level_victoria.txt
Victoria,Uganda,2017-09-29 02:59:00,2017-09-29,-0.507,33.488,1135.65,0.05,EGM2008 mean sea level,water_level_victoria.txt
Victoria,Uganda,2017-10-09 00:58:00,2017-10-09,-0.507,33.488,1135.63,0.05,EGM2008 mean sea level,water_level_victoria.txt
Victoria,Uganda,2017-10-18 22:56:00,2017-10-18,-0.507,33.488,1135.63,0.05,EGM2008 mean sea level,water_level_victoria.txt
Victoria,Uganda,2017-10-28 20:55:00,2017-10-28,-0.507,33.488,1135.67,0.05,EGM2008 mean sea level,water_level_victoria.txt
Victoria,Uganda,2017-11-07 18:53:00,2017-11-07,-0.507,33.488,1135.75,0.05,EGM2008 mean sea level,water_level_victoria.txt
Victoria,Uganda,2017-11-17 16:52:00,2017-11-17,-0.507,33.488,1135.75,0.05,EGM2008 mean sea level,water_level_victoria.txt
Victoria,Uganda,2017-12-07 12:49:00,2017-12-07,-0.507,33.488,1135.77,0.05,EGM2008 mean sea level,water_level_victoria.txt
Victoria,Uganda,2017-12-17 10:47:00,2017-12-17,-0.507,33.488,1135.78,0.05,EGM2008 mean sea level,water_level_victoria.txt
Victoria,Uganda,2017-12-27 08:46:00,2017-12-27,-0.507,33.488,1135.71,0.05,EGM2008 mean sea level,water_level_victoria.txt
Victoria,Uganda,2018-01-06 06:45:00,2018-01-06,-0.507,33.488,1135.72,0.05,EGM2008 mean sea level,water_level_victoria.txt
Victoria,Uganda,2018-01-16 04:43:00,2018-01-16,-0.507,33.488,1135.7,0.05,EGM2008 mean sea level,water_level_victoria.txt
Victoria,Uganda,2018-01-26 02:42:00,2018-01-26,-0.507,33.488,1135.67,0.05,EGM2008 mean sea level,water_level_victoria.txt
Victoria,Uganda,2018-02-04 00:40:00,2018-02-04,-0.507,33.488,1135.65,0.05,EGM2008 mean sea level,water_level_victoria.txt
Victoria,Uganda,2018-02-14 22:39:00,2018-02-14,-0.507,33.488,1135.59,0.05,EGM2008 mean sea level,water_level_victoria.txt
Victoria,Uganda,2018-02-24 20:37:00,2018-02-24,-0.507,33.488,1135.6,0.05,EGM2008 mean sea level,water_level_victoria.txt
Victoria,Uganda,2018-03-06 18:36:00,2018-03-06,-0.507,33.488,1135.65,0.05,EGM2008 mean sea level,water_level_victoria.txt
Victoria,Uganda,2018-03-16 16:34:00,2018-03-16,-0.507,33.488,1135.68,0.05,EGM2008 mean sea level,water_level_victoria.txt
Victoria,Uganda,2018-03-26 14:33:00,2018-03-26,-0.507,33.488,1135.74,0.05,EGM2008 mean sea level,water_level_victoria.txt
Victoria,Uganda,2018-04-05 12:31:00,2018-04-05,-0.507,33.488,1135.8,0.05,EGM2008 mean sea level,water_level_victoria.txt
Victoria,Uganda,2018-04-15 10:30:00,2018-04-15,-0.507,33.488,1135.93,0.05,EGM2008 mean sea level,water_level_victoria.txt
Victoria,Uganda,2018-04-25 08:28:00,2018-04-25,-0.507,33.488,1136.03,0.05,EGM2008 mean sea level,water_level_victoria.txt
Victoria,Uganda,2018-05-15 04:25:00,2018-05-15,-0.507,33.488,1136.23,0.05,EGM2008 mean sea level,water_level_victoria.txt
Victoria,Uganda,2018-05-25 02:24:00,2018-05-25,-0.507,33.488,1136.24,0.05,EGM2008 mean sea level,water_level_victoria.txt
Victoria,Uganda,2018-06-03 00:22:00,2018-06-03,-0.507,33.488,1136.28,0.05,EGM2008 mean sea level,water_level_victoria.txt
Victoria,Uganda,2018-06-13 22:21:00,2018-06-13,-0.507,33.488,1136.27,0.05,EGM2008 mean sea level,water_level_victoria.txt
Victoria,Uganda,2018-06-23 20:20:00,2018-06-23,-0.507,33.488,1136.25,0.05,EGM2008 mean sea level,water_level_victoria.txt
Victoria,Uganda,2018-07-03 18:18:00,2018-07-03,-0.507,33.488,1136.23,0.05,EGM2008 mean sea level,water_level_victoria.txt
Victoria,Uganda,2018-07-13 16:17:00,2018-07-13,-0.507,33.488,1136.19,0.05,EGM2008 mean sea level,water_level_victoria.txt
Victoria,Uganda,2018-07-23 14:15:00,2018-07-23,-0.507,33.488,1136.11,0.05,EGM2008 mean sea level,water_level_victoria.txt
Victoria,Uganda,2018-08-02 12:14:00,2018-08-02,-0.507,33.488,1136.06,0.05,EGM2008 mean sea level,water_level_victoria.txt
Victoria,Uganda,2018-08-12 10:12:00,2018-08-12,-0.507,33.488,1136.03,0.05,EGM2008 mean sea level,water_level_victoria.txt
Victoria,Uganda,2018-08-22 08:11:00,2018-08-22,-0.507,33.488,1136.0,0.05,EGM2008 mean sea level,water_level_victoria.txt
Victoria,Uganda,2018-09-01 06:09:00,2018-09-01,-0.507,33.488,1136.03,0.05,EGM2008 mean sea level,water_level_victoria.txt
Victoria,Uganda,2018-09-11 04:08:00,2018-09-11,-0.507,33.488,1135.99,0.05,EGM2008 mean sea level,water_level_victoria.txt
Victoria,Uganda,2018-09-21 02:06:00,2018-09-21,-0.507,33.488,1135.98,0.05,EGM2008 mean sea level,water_level_victoria.txt
Victoria,Uganda,2018-09-30 00:05:00,2018-09-30,-0.507,33.488,1135.95,0.05,EGM2008 mean sea level,water_level_victoria.txt
Victoria,Uganda,2018-10-10 22:03:00,2018-10-10,-0.507,33.488,1135.9,0.05,EGM2008 mean sea level,water_level_victoria.txt
Victoria,Uganda,2018-10-20 20:02:00,2018-10-20,-0.507,33.488,1135.94,0.05,EGM2008 mean sea level,water_level_victoria.txt
Victoria,Uganda,2018-10-30 18:00:00,2018-10-30,-0.507,33.488,1135.92,0.05,EGM2008 mean sea level,water_level_victoria.txt
Victoria,Uganda,2018-11-09 15:59:00,2018-11-09,-0.507,33.488,1135.93,0.05,EGM2008 mean sea level,water_level_victoria.txt
Victoria,Uganda,2018-11-19 13:57:00,2018-11-19,-0.507,33.488,1135.92,0.05,EGM2008 mean sea level,water_level_victoria.txt
Victoria,Uganda,2018-11-29 11:56:00,2018-11-29,-0.507,33.488,1135.93,0.05,EGM2008 mean sea level,water_level_victoria.txt
Victoria,Uganda,2018-12-09 09:54:00,2018-12-09,-0.507,33.488,1135.96,0.05,EGM2008 mean sea level,water_level_victoria.txt
Victoria,Uganda,2018-12-19 07:53:00,2018-12-19,-0.507,33.488,1135.98,0.05,EGM2008 mean sea level,water_level_victoria.txt
Victoria,Uganda,2018-12-29 05:51:00,2018-12-29,-0.507,33.488,1135.99,0.05,EGM2008 mean sea level,water_level_victoria.txt
Victoria,Uganda,2019-01-08 03:50:00,2019-01-08,-0.507,33.488,1135.96,0.05,EGM2008 mean sea level,water_level_victoria.txt
Victoria,Uganda,2019-01-18 01:49:00,2019-01-18,-0.507,33.488,1135.94,0.05,EGM2008 mean sea level,water_level_victoria.txt
Victoria,Uganda,2019-01-27 23:47:00,2019-01-27,-0.507,33.488,1135.99,0.05,EGM2008 mean sea level,water_level_victoria.txt
Victoria,Uganda,2019-02-06 21:46:00,2019-02-06,-0.507,33.488,1135.96,0.05,EGM2008 mean sea level,water_level_victoria.txt
Victoria,Uganda,2019-02-16 19:44:00,2019-02-16,-0.507,33.488,1135.93,0.05,EGM2008 mean sea level,water_level_victoria.txt
Victoria,Uganda,2019-03-08 15:41:00,2019-03-08,-0.507,33.488,1135.92,0.05,EGM2008 mean sea level,water_level_victoria.txt
Victoria,Uganda,2019-03-18 13:40:00,2019-03-18,-0.507,33.488,1135.94,0.05,EGM2008 mean sea level,water_level_victoria.txt
Victoria,Uganda,2019-03-28 11:38:00,2019-03-28,-0.507,33.488,1135.89,0.05,EGM2008 mean sea level,water_level_victoria.txt
Victoria,Uganda,2019-04-17 07:35:00,2019-04-17,-0.507,33.488,1135.88,0.05,EGM2008 mean sea level,water_level_victoria.txt
Victoria,Uganda,2019-04-27 05:34:00,2019-04-27,-0.507,33.488,1135.92,0.05,EGM2008 mean sea level,water_level_victoria.txt
Victoria,Uganda,2019-05-07 03:32:00,2019-05-07,-0.507,33.488,1135.94,0.05,EGM2008 mean sea level,water_level_victoria.txt
Victoria,Uganda,2019-05-17 01:31:00,2019-05-17,-0.507,33.488,1135.92,0.05,EGM2008 mean sea level,water_level_victoria.txt
Victoria,Uganda,2019-05-26 23:29:00,2019-05-26,-0.507,33.488,1135.97,0.05,EGM2008 mean sea level,water_level_victoria.txt
Victoria,Uganda,2019-06-05 21:28:00,2019-06-05,-0.507,33.488,1136.01,0.05,EGM2008 mean sea level,water_level_victoria.txt
Victoria,Uganda,2019-06-15 19:26:00,2019-06-15,-0.507,33.488,1136.02,0.05,EGM2008 mean sea level,water_level_victoria.txt
Victoria,Uganda,2019-06-25 17:25:00,2019-06-25,-0.507,33.488,1136.03,0.05,EGM2008 mean sea level,water_level_victoria.txt
Victoria,Uganda,2019-07-05 15:23:00,2019-07-05,-0.507,33.488,1136.02,0.05,EGM2008 mean sea level,water_level_victoria.txt
Victoria,Uganda,2019-07-15 13:22:00,2019-07-15,-0.507,33.488,1136.04,0.05,EGM2008 mean sea level,water_level_victoria.txt
Victoria,Uganda,2019-08-04 09:19:00,2019-08-04,-0.507,33.488,1135.99,0.05,EGM2008 mean sea level,water_level_victoria.txt
Victoria,Uganda,2019-08-24 05:16:00,2019-08-24,-0.507,33.488,1135.91,0.05,EGM2008 mean sea level,water_level_victoria.txt
Victoria,Uganda,2019-09-03 03:15:00,2019-09-03,-0.507,33.488,1135.93,0.05,EGM2008 mean sea level,water_level_victoria.txt
Victoria,Uganda,2019-09-13 01:13:00,2019-09-13,-0.507,33.488,1135.88,0.05,EGM2008 mean sea level,water_level_victoria.txt
Victoria,Uganda,2019-09-22 23:12:00,2019-09-22,-0.507,33.488,1135.88,0.05,EGM2008 mean sea level,water_level_victoria.txt
Victoria,Uganda,2019-10-02 21:10:00,2019-10-02,-0.507,33.488,1135.92,0.05,EGM2008 mean sea level,water_level_victoria.txt
Victoria,Uganda,2019-10-12 19:09:00,2019-10-12,-0.507,33.488,1135.95,0.05,EGM2008 mean sea level,water_level_victoria.txt
Victoria,Uganda,2019-10-22 17:07:00,2019-10-22,-0.507,33.488,1136.01,0.05,EGM2008 mean sea level,water_level_victoria.txt
Victoria,Uganda,2019-11-01 15:06:00,2019-11-01,-0.507,33.488,1136.07,0.05,EGM2008 mean sea level,water_level_victoria.txt
Victoria,Uganda,2019-11-11 13:04:00,2019-11-11,-0.507,33.488,1136.09,0.05,EGM2008 mean sea level,water_level_victoria.txt
Victoria,Uganda,2019-11-21 11:03:00,2019-11-21,-0.507,33.488,1136.11,0.05,EGM2008 mean sea level,water_level_victoria.txt
Victoria,Uganda,2019-12-11 07:00:00,2019-12-11,-0.507,33.488,1136.37,0.05,EGM2008 mean sea level,water_level_victoria.txt
Victoria,Uganda,2019-12-21 04:58:00,2019-12-21,-0.507,33.488,1136.45,0.05,EGM2008 mean sea level,water_level_victoria.txt
Victoria,Uganda,2019-12-31 02:57:00,2019-12-31,-0.507,33.488,1136.51,0.05,EGM2008 mean sea level,water_level_victoria.txt
Victoria,Uganda,2020-01-09 00:55:00,2020-01-09,-0.507,33.488,1136.51,0.05,EGM2008 mean sea level,water_level_victoria.txt
Victoria,Uganda,2020-01-19 22:54:00,2020-01-19,-0.507,33.488,1136.58,0.05,EGM2008 mean sea level,water_level_victoria.txt
Victoria,Uganda,2020-01-29 20:52:00,2020-01-29,-0.507,33.488,1136.6,0.05,EGM2008 mean sea level,water_level_victoria.txt
Victoria,Uganda,2020-02-18 16:50:00,2020-02-18,-0.507,33.488,1136.75,0.05,EGM2008 mean sea level,water_level_victoria.txt
Victoria,Uganda,2020-02-28 14:48:00,2020-02-28,-0.507,33.488,1136.8,0.05,EGM2008 mean sea level,water_level_victoria.txt
Victoria,Uganda,2020-03-09 12:47:00,2020-03-09,-0.507,33.488,1136.81,0.05,EGM2008 mean sea level,water_level_victoria.txt
Victoria,Uganda,2020-03-19 10:45:00,2020-03-19,-0.507,33.488,1136.9,0.05,EGM2008 mean sea level,water_level_victoria.txt
Victoria,Uganda,2020-03-29 08:44:00,2020-03-29,-0.507,33.488,1137.01,0.05,EGM2008 mean sea level,water_level_victoria.txt
Victoria,Uganda,2020-04-08 06:42:00,2020-04-08,-0.507,33.488,1137.01,0.05,EGM2008 mean sea level,water_level_victoria.txt
Victoria,Uganda,2020-04-18 04:41:00,2020-04-18,-0.507,33.488,1137.04,0.05,EGM2008 mean sea level,water_level_victoria.txt
Victoria,Uganda,2020-04-28 02:39:00,2020-04-28,-0.507,33.488,1137.14,0.05,EGM2008 mean sea level,water_level_victoria.txt
Victoria,Uganda,2020-05-07 00:38:00,2020-05-07,-0.507,33.488,1137.23,0.05,EGM2008 mean sea level,water_level_victoria.txt
Victoria,Uganda,2020-05-17 22:36:00,2020-05-17,-0.507,33.488,1137.28,0.05,EGM2008 mean sea level,water_level_victoria.txt
Victoria,Uganda,2020-05-27 20:35:00,2020-05-27,-0.507,33.488,1137.27,0.05,EGM2008 mean sea level,water_level_victoria.txt
Victoria,Uganda,2020-06-06 18:33:00,2020-06-06,-0.507,33.488,1137.21,0.05,EGM2008 mean sea level,water_level_victoria.txt
Victoria,Uganda,2020-06-26 14:30:00,2020-06-26,-0.507,33.488,1137.19,0.042,EGM2008 mean sea level,water_level_victoria.txt
Victoria,Uganda,2020-07-06 12:29:00,2020-07-06,-0.507,33.488,1137.12,0.042,EGM2008 mean sea level,water_level_victoria.txt
Victoria,Uganda,2020-07-16 10:27:00,2020-07-16,-0.507,33.488,1137.11,0.042,EGM2008 mean sea level,water_level_victoria.txt
Victoria,Uganda,2020-07-26 08:26:00,2020-07-26,-0.507,33.488,1137.06,0.042,EGM2008 mean sea level,water_level_victoria.txt
Victoria,Uganda,2020-08-05 06:24:00,2020-08-05,-0.507,33.488,1136.99,0.042,EGM2008 mean sea level,water_level_victoria.txt
Victoria,Uganda,2020-08-15 04:23:00,2020-08-15,-0.507,33.488,1136.95,0.042,EGM2008 mean sea level,water_level_victoria.txt
Victoria,Uganda,2020-08-25 02:22:00,2020-08-25,-0.507,33.488,1136.93,0.042,EGM2008 mean sea level,water_level_victoria.txt
Victoria,Uganda,2020-09-03 00:20:00,2020-09-03,-0.507,33.488,1136.88,0.042,EGM2008 mean sea level,water_level_victoria.txt
Victoria,Uganda,2020-09-13 22:19:00,2020-09-13,-0.507,33.488,1136.89,0.042,EGM2008 mean sea level,water_level_victoria.txt
Victoria,Uganda,2020-09-23 20:17:00,2020-09-23,-0.507,33.488,1136.89,0.042,EGM2008 mean sea level,water_level_victoria.txt
Victoria,Uganda,2020-10-03 18:16:00,2020-10-03,-0.507,33.488,1136.91,0.042,EGM2008 mean sea level,water_level_victoria.txt
Victoria,Uganda,2020-10-13 16:14:00,2020-10-13,-0.507,33.488,1136.89,0.042,EGM2008 mean sea level,water_level_victoria.txt
Victoria,Uganda,2020-10-23 14:13:00,2020-10-23,-0.507,33.488,1136.89,0.042,EGM2008 mean sea level,water_level_victoria.txt
Victoria,Uganda,2020-11-02 12:11:00,2020-11-02,-0.507,33.488,1136.89,0.042,EGM2008 mean sea level,water_level_victoria.txt
Victoria,Uganda,2020-11-12 10:10:00,2020-11-12,-0.507,33.488,1136.94,0.042,EGM2008 mean sea level,water_level_victoria.txt
Victoria,Uganda,2020-11-22 08:08:00,2020-11-22,-0.507,33.488,1137.03,0.042,EGM2008 mean sea level,water_level_victoria.txt
Victoria,Uganda,2020-12-02 06:07:00,2020-12-02,-0.507,33.488,1137.07,0.042,EGM2008 mean sea level,water_level_victoria.txt
Victoria,Uganda,2020-12-12 04:05:00,2020-12-12,-0.507,33.488,1137.08,0.042,EGM2008 mean sea level,water_level_victoria.txt
Victoria,Uganda,2020-12-22 02:04:00,2020-12-22,-0.507,33.488,1137.06,0.042,EGM2008 mean sea level,water_level_victoria.txt
Victoria,Uganda,2020-12-22 02:04:00,2020-12-22,-0.507,33.488,1137.06,0.042,EGM2008 mean sea level,water_level_victoria.txt
Victoria,Uganda,2020-12-31 00:02:00,2020-12-31,-0.507,33.488,1137.06,0.042,EGM2008 mean sea level,water_level_victoria.txt
Victoria,Uganda,2021-01-01 00:03:00,2021-01-01,-0.507,33.488,1137.09,0.042,EGM2008 mean sea level,water_level_victoria.txt
Victoria,Uganda,2021-01-10 22:01:00,2021-01-10,-0.507,33.488,1137.1,0.042,EGM2008 mean sea level,water_level_victoria.txt
Victoria,Uganda,2021-01-10 22:01:00,2021-01-10,-0.507,33.488,1137.08,0.042,EGM2008 mean sea level,water_level_victoria.txt
Victoria,Uganda,2021-01-20 19:59:00,2021-01-20,-0.507,33.488,1137.11,0.042,EGM2008 mean sea level,water_level_victoria.txt
Victoria,Uganda,2021-01-20 20:00:00,2021-01-20,-0.507,33.488,1137.14,0.042,EGM2008 mean sea level,water_level_victoria.txt
Victoria,Uganda,2021-01-30 17:58:00,2021-01-30,-0.507,33.488,1137.13,0.042,EGM2008 mean sea level,water_level_victoria.txt
Victoria,Uganda,2021-01-30 17:58:00,2021-01-30,-0.507,33.488,1137.13,0.042,EGM2008 mean sea level,water_level_victoria.txt
Victoria,Uganda,2021-02-09 15:56:00,2021-02-09,-0.507,33.488,1137.11,0.042,EGM2008 mean sea level,water_level_victoria.txt
Victoria,Uganda,2021-02-09 15:57:00,2021-02-09,-0.507,33.488,1137.09,0.042,EGM2008 mean sea level,water_level_victoria.txt
Victoria,Uganda,2021-02-19 13:55:00,2021-02-19,-0.507,33.488,1137.11,0.042,EGM2008 mean sea level,water_level_victoria.txt
Victoria,Uganda,2021-02-19 13:55:00,2021-02-19,-0.507,33.488,1137.14,0.042,EGM2008 mean sea level,water_level_victoria.txt
Victoria,Uganda,2021-03-01 11:53:00,2021-03-01,-0.507,33.488,1137.12,0.042,EGM2008 mean sea level,water_level_victoria.txt
Victoria,Uganda,2021-03-01 11:54:00,2021-03-01,-0.507,33.488,1137.1,0.042,EGM2008 mean sea level,water_level_victoria.txt
Victoria,Uganda,2021-03-11 09:52:00,2021-03-11,-0.507,33.488,1137.1,0.042,EGM2008 mean sea level,water_level_victoria.txt
Victoria,Uganda,2021-03-11 09:52:00,2021-03-11,-0.507,33.488,1137.07,0.042,EGM2008 mean sea level,water_level_victoria.txt
Victoria,Uganda,2021-03-21 07:51:00,2021-03-21,-0.507,33.488,1137.06,0.042,EGM2008 mean sea level,water_level_victoria.txt
Victoria,Uganda,2021-03-21 07:51:00,2021-03-21,-0.507,33.488,1137.04,0.042,EGM2008 mean sea level,water_level_victoria.txt
Victoria,Uganda,2021-03-31 05:49:00,2021-03-31,-0.507,33.488,1137.07,0.042,EGM2008 mean sea level,water_level_victoria.txt
Victoria,Uganda,2021-03-31 05:50:00,2021-03-31,-0.507,33.488,1137.04,0.042,EGM2008 mean sea level,water_level_victoria.txt
Victoria,Uganda,2021-04-10 03:48:00,2021-04-10,-0.507,33.488,1137.1,0.042,EGM2008 mean sea level,water_level_victoria.txt
Victoria,Uganda,2021-04-10 03:48:00,2021-04-10,-0.507,33.488,1137.09,0.042,EGM2008 mean sea level,water_level_victoria.txt
Victoria,Uganda,2021-04-20 01:46:00,2021-04-20,-0.507,33.488,1137.09,0.042,EGM2008 mean sea level,water_level_victoria.txt
Victoria,Uganda,2021-04-29 23:45:00,2021-04-29,-0.507,33.488,1137.17,0.042,EGM2008 mean sea level,water_level_victoria.txt
Victoria,Uganda,2021-04-29 23:45:00,2021-04-29,-0.507,33.488,1137.16,0.042,EGM2008 mean sea level,water_level_victoria.txt
Victoria,Uganda,2021-05-09 21:43:00,2021-05-09,-0.507,33.488,1137.25,0.042,EGM2008 mean sea level,water_level_victoria.txt
Victoria,Uganda,2021-05-09 21:44:00,2021-05-09,-0.507,33.488,1137.23,0.042,EGM2008 mean sea level,water_level_victoria.txt
Victoria,Uganda,2021-05-19 19:42:00,2021-05-19,-0.507,33.488,1137.31,0.042,EGM2008 mean sea level,water_level_victoria.txt
Victoria,Uganda,2021-05-19 19:42:00,2021-05-19,-0.507,33.488,1137.3,0.042,EGM2008 mean sea level,water_level_victoria.txt
Victoria,Uganda,2021-05-29 17:40:00,2021-05-29,-0.507,33.488,1137.27,0.042,EGM2008 mean sea level,water_level_victoria.txt
Victoria,Uganda,2021-05-29 17:41:00,2021-05-29,-0.507,33.488,1137.29,0.042,EGM2008 mean sea level,water_level_victoria.txt
Victoria,Uganda,2021-06-08 15:39:00,2021-06-08,-0.507,33.488,1137.23,0.042,EGM2008 mean sea level,water_level_victoria.txt
Victoria,Uganda,2021-06-08 15:39:00,2021-06-08,-0.507,33.488,1137.25,0.042,EGM2008 mean sea level,water_level_victoria.txt
Victoria,Uganda,2021-06-18 13:37:00,2021-06-18,-0.507,33.488,1137.17,0.042,EGM2008 mean sea level,water_level_victoria.txt
Victoria,Uganda,2021-06-18 13:38:00,2021-06-18,-0.507,33.488,1137.19,0.042,EGM2008 mean sea level,water_level_victoria.txt
Victoria,Uganda,2021-06-28 11:36:00,2021-06-28,-0.507,33.488,1137.11,0.042,EGM2008 mean sea level,water_level_victoria.txt
Victoria,Uganda,2021-06-28 11:36:00,2021-06-28,-0.507,33.488,1137.13,0.042,EGM2008 mean sea level,water_level_victoria.txt
Victoria,Uganda,2021-07-08 09:34:00,2021-07-08,-0.507,33.488,1137.04,0.042,EGM2008 mean sea level,water_level_victoria.txt
Victoria,Uganda,2021-07-08 09:35:00,2021-07-08,-0.507,33.488,1137.06,0.042,EGM2008 mean sea level,water_level_victoria.txt
Victoria,Uganda,2021-07-18 07:33:00,2021-07-18,-0.507,33.488,1136.99,0.042,EGM2008 mean sea level,water_level_victoria.txt
Victoria,Uganda,2021-07-18 07:33:00,2021-07-18,-0.507,33.488,1137.01,0.042,EGM2008 mean sea level,water_level_victoria.txt
Victoria,Uganda,2021-07-28 05:31:00,2021-07-28,-0.507,33.488,1136.92,0.042,EGM2008 mean sea level,water_level_victoria.txt
Victoria,Uganda,2021-07-28 05:32:00,2021-07-28,-0.507,33.488,1136.91,0.042,EGM2008 mean sea level,water_level_victoria.txt
Victoria,Uganda,2021-08-07 03:30:00,2021-08-07,-0.507,33.488,1136.83,0.042,EGM2008 mean sea level,water_level_victoria.txt
Victoria,Uganda,2021-08-07 03:30:00,2021-08-07,-0.507,33.488,1136.8,0.042,EGM2008 mean sea level,water_level_victoria.txt
Victoria,Uganda,2021-08-17 01:28:00,2021-08-17,-0.507,33.488,1136.81,0.042,EGM2008 mean sea level,water_level_victoria.txt
Victoria,Uganda,2021-08-17 01:29:00,2021-08-17,-0.507,33.488,1136.8,0.042,EGM2008 mean sea level,water_level_victoria.txt
Victoria,Uganda,2021-08-26 23:27:00,2021-08-26,-0.507,33.488,1136.74,0.042,EGM2008 mean sea level,water_level_victoria.txt
Victoria,Uganda,2021-08-26 23:27:00,2021-08-26,-0.507,33.488,1136.76,0.042,EGM2008 mean sea level,water_level_victoria.txt
Victoria,Uganda,2021-09-05 21:25:00,2021-09-05,-0.507,33.488,1136.73,0.042,EGM2008 mean sea level,water_level_victoria.txt
Victoria,Uganda,2021-09-05 21:26:00,2021-09-05,-0.507,33.488,1136.73,0.042,EGM2008 mean sea level,water_level_victoria.txt
Victoria,Uganda,2021-09-15 19:24:00,2021-09-15,-0.507,33.488,1136.7,0.042,EGM2008 mean sea level,water_level_victoria.txt
Victoria,Uganda,2021-09-15 19:24:00,2021-09-15,-0.507,33.488,1136.72,0.042,EGM2008 mean sea level,water_level_victoria.txt
Victoria,Uganda,2021-09-25 17:23:00,2021-09-25,-0.507,33.488,1136.69,0.042,EGM2008 mean sea level,water_level_victoria.txt
Victoria,Uganda,2021-09-25 17:23:00,2021-09-25,-0.507,33.488,1136.69,0.042,EGM2008 mean sea level,water_level_victoria.txt
Victoria,Uganda,2021-10-05 15:21:00,2021-10-05,-0.507,33.488,1136.72,0.042,EGM2008 mean sea level,water_level_victoria.txt
Victoria,Uganda,2021-10-05 15:22:00,2021-10-05,-0.507,33.488,1136.71,0.042,EGM2008 mean sea level,water_level_victoria.txt
Victoria,Uganda,2021-10-15 13:20:00,2021-10-15,-0.507,33.488,1136.69,0.042,EGM2008 mean sea level,water_level_victoria.txt
Victoria,Uganda,2021-10-15 13:20:00,2021-10-15,-0.507,33.488,1136.7,0.042,EGM2008 mean sea level,water_level_victoria.txt
Victoria,Uganda,2021-10-25 11:18:00,2021-10-25,-0.507,33.488,1136.72,0.042,EGM2008 mean sea level,water_level_victoria.txt
Victoria,Uganda,2021-10-25 11:19:00,2021-10-25,-0.507,33.488,1136.73,0.042,EGM2008 mean sea level,water_level_victoria.txt
Victoria,Uganda,2021-11-04 09:17:00,2021-11-04,-0.507,33.488,1136.71,0.042,EGM2008 mean sea level,water_level_victoria.txt
Victoria,Uganda,2021-11-04 09:17:00,2021-11-04,-0.507,33.488,1136.73,0.042,EGM2008 mean sea level,water_level_victoria.txt
Victoria,Uganda,2021-11-14 07:15:00,2021-11-14,-0.507,33.488,1136.68,0.042,EGM2008 mean sea level,water_level_victoria.txt
Victoria,Uganda,2021-11-14 07:16:00,2021-11-14,-0.507,33.488,1136.68,0.042,EGM2008 mean sea level,water_level_victoria.txt
Victoria,Uganda,2021-11-24 05:14:00,2021-11-24,-0.507,33.488,1136.66,0.042,EGM2008 mean sea level,water_level_victoria.txt
Victoria,Uganda,2021-11-24 05:14:00,2021-11-24,-0.507,33.488,1136.65,0.042,EGM2008 mean sea level,water_level_victoria.txt
Victoria,Uganda,2021-12-04 03:12:00,2021-12-04,-0.507,33.488,1136.68,0.042,EGM2008 mean sea level,water_level_victoria.txt
Victoria,Uganda,2021-12-04 03:13:00,2021-12-04,-0.507,33.488,1136.66,0.042,EGM2008 mean sea level,water_level_victoria.txt
Victoria,Uganda,2021-12-14 01:11:00,2021-12-14,-0.507,33.488,1136.65,0.042,EGM2008 mean sea level,water_level_victoria.txt
Victoria,Uganda,2021-12-14 01:11:00,2021-12-14,-0.507,33.488,1136.64,0.042,EGM2008 mean sea level,water_level_victoria.txt
Victoria,Uganda,2021-12-23 23:09:00,2021-12-23,-0.507,33.488,1136.66,0.042,EGM2008 mean sea level,water_level_victoria.txt
Victoria,Uganda,2021-12-23 23:10:00,2021-12-23,-0.507,33.488,1136.66,0.042,EGM2008 mean sea level,water_level_victoria.txt
Victoria,Uganda,2022-01-02 21:08:00,2022-01-02,-0.507,33.488,1136.69,0.042,EGM2008 mean sea level,water_level_victoria.txt
Victoria,Uganda,2022-01-02 21:08:00,2022-01-02,-0.507,33.488,1136.67,0.042,EGM2008 mean sea level,water_level_victoria.txt
Victoria,Uganda,2022-01-12 19:06:00,2022-01-12,-0.507,33.488,1136.67,0.042,EGM2008 mean sea level,water_level_victoria.txt
Victoria,Uganda,2022-01-12 19:07:00,2022-01-12,-0.507,33.488,1136.66,0.042,EGM2008 mean sea level,water_level_victoria.txt
Victoria,Uganda,2022-01-22 17:05:00,2022-01-22,-0.507,33.488,1136.62,0.042,EGM2008 mean sea level,water_level_victoria.txt
Victoria,Uganda,2022-01-22 17:05:00,2022-01-22,-0.507,33.488,1136.64,0.042,EGM2008 mean sea level,water_level_victoria.txt
Victoria,Uganda,2022-02-01 15:03:00,2022-02-01,-0.507,33.488,1136.65,0.042,EGM2008 mean sea level,water_level_victoria.txt
Victoria,Uganda,2022-02-01 15:04:00,2022-02-01,-0.507,33.488,1136.66,0.042,EGM2008 mean sea level,water_level_victoria.txt
Victoria,Uganda,2022-02-11 13:02:00,2022-02-11,-0.507,33.488,1136.7,0.042,EGM2008 mean sea level,water_level_victoria.txt
Victoria,Uganda,2022-02-11 13:02:00,2022-02-11,-0.507,33.488,1136.7,0.042,EGM2008 mean sea level,water_level_victoria.txt
Victoria,Uganda,2022-02-21 11:00:00,2022-02-21,-0.507,33.488,1136.73,0.042,EGM2008 mean sea level,water_level_victoria.txt
Victoria,Uganda,2022-02-21 11:01:00,2022-02-21,-0.507,33.488,1136.72,0.042,EGM2008 mean sea level,water_level_victoria.txt
Victoria,Uganda,2022-03-03 08:59:00,2022-03-03,-0.507,33.488,1136.74,0.042,EGM2008 mean sea level,water_level_victoria.txt
Victoria,Uganda,2022-03-03 08:59:00,2022-03-03,-0.507,33.488,1136.73,0.042,EGM2008 mean sea level,water_level_victoria.txt
Victoria,Uganda,2022-03-13 06:57:00,2022-03-13,-0.507,33.488,1136.69,0.042,EGM2008 mean sea level,water_level_victoria.txt
Victoria,Uganda,2022-03-13 06:58:00,2022-03-13,-0.507,33.488,1136.7,0.042,EGM2008 mean sea level,water_level_victoria.txt
Victoria,Uganda,2022-03-23 04:56:00,2022-03-23,-0.507,33.488,1136.64,0.042,EGM2008 mean sea level,water_level_victoria.txt
Victoria,Uganda,2022-03-23 04:56:00,2022-03-23,-0.507,33.488,1136.65,0.042,EGM2008 mean sea level,water_level_victoria.txt
Victoria,Uganda,2022-04-02 02:55:00,2022-04-02,-0.507,33.488,1136.72,0.042,EGM2008 mean sea level,water_level_victoria.txt
Victoria,Uganda,2022-04-02 02:55:00,2022-04-02,-0.507,33.488,1136.72,0.042,EGM2008 mean sea level,water_level_victoria.txt
Victoria,Uganda,2022-04-12 00:53:00,2022-04-12,-0.507,33.488,1136.67,0.042,EGM2008 mean sea level,water_level_victoria.txt
Victoria,Uganda,2022-04-21 22:52:00,2022-04-21,-0.507,33.488,1136.65,0.042,EGM2008 mean sea level,water_level_victoria.txt
Victoria,Uganda,2022-05-01 20:51:00,2022-05-01,-0.507,33.488,1136.82,0.042,EGM2008 mean sea level,water_level_victoria.txt
Victoria,Uganda,2022-05-11 18:49:00,2022-05-11,-0.507,33.488,1136.81,0.042,EGM2008 mean sea level,water_level_victoria.txt
Victoria,Uganda,2022-05-21 16:48:00,2022-05-21,-0.507,33.488,1136.83,0.042,EGM2008 mean sea level,water_level_victoria.txt
Victoria,Uganda,2022-05-31 14:46:00,2022-05-31,-0.507,33.488,1136.84,0.042,EGM2008 mean sea level,water_level_victoria.txt
Victoria,Uganda,2022-06-10 12:45:00,2022-06-10,-0.507,33.488,1136.78,0.042,EGM2008 mean sea level,water_level_victoria.txt
Victoria,Uganda,2022-06-20 10:43:00,2022-06-20,-0.507,33.488,1136.75,0.042,EGM2008 mean sea level,water_level_victoria.txt
Victoria,Uganda,2022-06-30 08:42:00,2022-06-30,-0.507,33.488,1136.71,0.042,EGM2008 mean sea level,water_level_victoria.txt
Victoria,Uganda,2022-07-10 06:40:00,2022-07-10,-0.507,33.488,1136.65,0.042,EGM2008 mean sea level,water_level_victoria.txt
Victoria,Uganda,2022-07-20 04:39:00,2022-07-20,-0.507,33.488,1136.53,0.042,EGM2008 mean sea level,water_level_victoria.txt
Victoria,Uganda,2022-07-30 02:37:00,2022-07-30,-0.507,33.488,1136.45,0.042,EGM2008 mean sea level,water_level_victoria.txt
Victoria,Uganda,2022-08-09 00:36:00,2022-08-09,-0.507,33.488,1136.49,0.042,EGM2008 mean sea level,water_level_victoria.txt
Victoria,Uganda,2022-08-18 22:34:00,2022-08-18,-0.507,33.488,1136.47,0.042,EGM2008 mean sea level,water_level_victoria.txt
Victoria,Uganda,2022-08-28 20:33:00,2022-08-28,-0.507,33.488,1136.39,0.042,EGM2008 mean sea level,water_level_victoria.txt
Victoria,Uganda,2022-09-07 18:31:00,2022-09-07,-0.507,33.488,1136.44,0.042,EGM2008 mean sea level,water_level_victoria.txt
Victoria,Uganda,2022-09-17 16:30:00,2022-09-17,-0.507,33.488,1136.46,0.042,EGM2008 mean sea level,water_level_victoria.txt
Victoria,Uganda,2022-09-27 14:28:00,2022-09-27,-0.507,33.488,1136.46,0.042,EGM2008 mean sea level,water_level_victoria.txt
Victoria,Uganda,2022-10-07 12:27:00,2022-10-07,-0.507,33.488,1136.42,0.042,EGM2008 mean sea level,water_level_victoria.txt
Victoria,Uganda,2022-10-17 10:25:00,2022-10-17,-0.507,33.488,1136.39,0.042,EGM2008 mean sea level,water_level_victoria.txt
Victoria,Uganda,2022-10-27 08:24:00,2022-10-27,-0.507,33.488,1136.38,0.042,EGM2008 mean sea level,water_level_victoria.txt
Victoria,Uganda,2022-11-06 06:23:00,2022-11-06,-0.507,33.488,1136.37,0.042,EGM2008 mean sea level,water_level_victoria.txt
Victoria,Uganda,2022-11-16 04:21:00,2022-11-16,-0.507,33.488,1136.39,0.042,EGM2008 mean sea level,water_level_victoria.txt
Victoria,Uganda,2022-11-26 02:20:00,2022-11-26,-0.507,33.488,1136.46,0.042,EGM2008 mean sea level,water_level_victoria.txt
Victoria,Uganda,2022-12-06 00:18:00,2022-12-06,-0.507,33.488,1136.44,0.042,EGM2008 mean sea level,water_level_victoria.txt
Victoria,Uganda,2022-12-15 22:17:00,2022-12-15,-0.507,33.488,1136.52,0.042,EGM2008 mean sea level,water_level_victoria.txt
Victoria,Uganda,2022-12-25 20:15:00,2022-12-25,-0.507,33.488,1136.5,0.042,EGM2008 mean sea level,water_level_victoria.txt
Victoria,Uganda,2023-01-04 18:14:00,2023-01-04,-0.507,33.488,1136.52,0.042,EGM2008 mean sea level,water_level_victoria.txt
Victoria,Uganda,2023-01-14 16:12:00,2023-01-14,-0.507,33.488,1136.55,0.042,EGM2008 mean sea level,water_level_victoria.txt
Victoria,Uganda,2023-01-24 14:11:00,2023-01-24,-0.507,33.488,1136.54,0.042,EGM2008 mean sea level,water_level_victoria.txt
Victoria,Uganda,2023-02-03 12:09:00,2023-02-03,-0.507,33.488,1136.55,0.042,EGM2008 mean sea level,water_level_victoria.txt
Victoria,Uganda,2023-02-13 10:08:00,2023-02-13,-0.507,33.488,1136.48,0.042,EGM2008 mean sea level,water_level_victoria.txt
Victoria,Uganda,2023-02-23 08:06:00,2023-02-23,-0.507,33.488,1136.47,0.042,EGM2008 mean sea level,water_level_victoria.txt
Victoria,Uganda,2023-03-05 06:05:00,2023-03-05,-0.507,33.488,1136.46,0.042,EGM2008 mean sea level,water_level_victoria.txt
Victoria,Uganda,2023-03-15 04:03:00,2023-03-15,-0.507,33.488,1136.48,0.042,EGM2008 mean sea level,water_level_victoria.txt
Victoria,Uganda,2023-03-25 02:02:00,2023-03-25,-0.507,33.488,1136.49,0.042,EGM2008 mean sea level,water_level_victoria.txt
Victoria,Uganda,2023-04-04 00:00:00,2023-04-04,-0.507,33.488,1136.63,0.042,EGM2008 mean sea level,water_level_victoria.txt
Victoria,Uganda,2023-04-13 21:59:00,2023-04-13,-0.507,33.488,1136.64,0.042,EGM2008 mean sea level,water_level_victoria.txt
Victoria,Uganda,2023-04-23 19:58:00,2023-04-23,-0.507,33.488,1136.69,0.042,EGM2008 mean sea level,water_level_victoria.txt
Victoria,Uganda,2023-05-03 17:56:00,2023-05-03,-0.507,33.488,1136.84,0.042,EGM2008 mean sea level,water_level_victoria.txt
Victoria,Uganda,2023-05-13 15:55:00,2023-05-13,-0.507,33.488,1136.89,0.042,EGM2008 mean sea level,water_level_victoria.txt
Victoria,Uganda,2023-05-23 13:53:00,2023-05-23,-0.507,33.488,1136.9,0.042,EGM2008 mean sea level,water_level_victoria.txt
Victoria,Uganda,2023-06-02 11:52:00,2023-06-02,-0.507,33.488,1136.82,0.042,EGM2008 mean sea level,water_level_victoria.txt
Victoria,Uganda,2023-06-12 09:50:00,2023-06-12,-0.507,33.488,1136.82,0.042,EGM2008 mean sea level,water_level_victoria.txt
Victoria,Uganda,2023-06-22 07:49:00,2023-06-22,-0.507,33.488,1136.79,0.042,EGM2008 mean sea level,water_level_victoria.txt
Victoria,Uganda,2023-07-02 05:47:00,2023-07-02,-0.507,33.488,1136.79,0.042,EGM2008 mean sea level,water_level_victoria.txt
Victoria,Uganda,2023-07-12 03:46:00,2023-07-12,-0.507,33.488,1136.72,0.042,EGM2008 mean sea level,water_level_victoria.txt
Victoria,Uganda,2023-07-22 01:44:00,2023-07-22,-0.507,33.488,1136.63,0.042,EGM2008 mean sea level,water_level_victoria.txt
Victoria,Uganda,2023-07-31 23:43:00,2023-07-31,-0.507,33.488,1136.58,0.042,EGM2008 mean sea level,water_level_victoria.txt
Victoria,Uganda,2023-08-10 21:41:00,2023-08-10,-0.507,33.488,1136.53,0.042,EGM2008 mean sea level,water_level_victoria.txt
Victoria,Uganda,2023-08-20 19:40:00,2023-08-20,-0.507,33.488,1136.48,0.042,EGM2008 mean sea level,water_level_victoria.txt
Victoria,Uganda,2023-08-30 17:38:00,2023-08-30,-0.507,33.488,1136.47,0.042,EGM2008 mean sea level,water_level_victoria.txt
Victoria,Uganda,2023-09-09 15:37:00,2023-09-09,-0.507,33.488,1136.46,0.042,EGM2008 mean sea level,water_level_victoria.txt
Victoria,Uganda,2023-09-19 13:35:00,2023-09-19,-0.507,33.488,1136.48,0.042,EGM2008 mean sea level,water_level_victoria.txt
Victoria,Uganda,2023-09-29 11:34:00,2023-09-29,-0.507,33.488,1136.44,0.042,EGM2008 mean sea level,water_level_victoria.txt
Victoria,Uganda,2023-10-09 09:32:00,2023-10-09,-0.507,33.488,1136.43,0.042,EGM2008 mean sea level,water_level_victoria.txt
Victoria,Uganda,2023-10-19 07:31:00,2023-10-19,-0.507,33.488,1136.42,0.042,EGM2008 mean sea level,water_level_victoria.txt
Victoria,Uganda,2023-10-29 05:30:00,2023-10-29,-0.507,33.488,1136.47,0.042,EGM2008 mean sea level,water_level_victoria.txt
Victoria,Uganda,2023-11-08 03:28:00,2023-11-08,-0.507,33.488,1136.51,0.042,EGM2008 mean sea level,water_level_victoria.txt
Victoria,Uganda,2023-11-18 01:27:00,2023-11-18,-0.507,33.488,1136.57,0.042,EGM2008 mean sea level,water_level_victoria.txt
Victoria,Uganda,2023-11-27 23:25:00,2023-11-27,-0.507,33.488,1136.73,0.042,EGM2008 mean sea level,water_level_victoria.txt
Victoria,Uganda,2023-12-07 21:24:00,2023-12-07,-0.507,33.488,1136.77,0.042,EGM2008 mean sea level,water_level_victoria.txt
Victoria,Uganda,2023-12-17 19:22:00,2023-12-17,-0.507,33.488,1136.86,0.042,EGM2008 mean sea level,water_level_victoria.txt
Victoria,Uganda,2023-12-27 17:21:00,2023-12-27,-0.507,33.488,1136.88,0.042,EGM2008 mean sea level,water_level_victoria.txt
Victoria,Uganda,2024-01-06 15:19:00,2024-01-06,-0.507,33.488,1136.93,0.042,EGM2008 mean sea level,water_level_victoria.txt
Victoria,Uganda,2024-01-16 13:18:00,2024-01-16,-0.507,33.488,1137.01,0.042,EGM2008 mean sea level,water_level_victoria.txt
Victoria,Uganda,2024-01-26 11:16:00,2024-01-26,-0.507,33.488,1137.03,0.042,EGM2008 mean sea level,water_level_victoria.txt
Victoria,Uganda,2024-02-05 09:15:00,2024-02-05,-0.507,33.488,1137.03,0.042,EGM2008 mean sea level,water_level_victoria.txt
Victoria,Uganda,2024-02-15 07:13:00,2024-02-15,-0.507,33.488,1137.09,0.042,EGM2008 mean sea level,water_level_victoria.txt
Victoria,Uganda,2024-02-25 05:12:00,2024-02-25,-0.507,33.488,1137.06,0.042,EGM2008 mean sea level,water_level_victoria.txt
Victoria,Uganda,2024-03-06 03:10:00,2024-03-06,-0.507,33.488,1137.13,0.042,EGM2008 mean sea level,water_level_victoria.txt
Victoria,Uganda,2024-03-25 23:07:00,2024-03-25,-0.507,33.488,1137.03,0.042,EGM2008 mean sea level,water_level_victoria.txt
Victoria,Uganda,2024-04-04 21:06:00,2024-04-04,-0.507,33.488,1137.13,0.042,EGM2008 mean sea level,water_level_victoria.txt
Victoria,Uganda,2024-04-14 19:04:00,2024-04-14,-0.507,33.488,1137.29,0.042,EGM2008 mean sea level,water_level_victoria.txt
Victoria,Uganda,2024-04-24 17:03:00,2024-04-24,-0.507,33.488,1137.33,0.042,EGM2008 mean sea level,water_level_victoria.txt
Victoria,Uganda,2024-05-04 15:02:00,2024-05-04,-0.507,33.488,1137.44,0.042,EGM2008 mean sea level,water_level_victoria.txt
Victoria,Uganda,2024-05-14 13:00:00,2024-05-14,-0.507,33.488,1137.5,0.042,EGM2008 mean sea level,water_level_victoria.txt
Victoria,Uganda,2024-05-24 10:59:00,2024-05-24,-0.507,33.488,1137.48,0.042,EGM2008 mean sea level,water_level_victoria.txt
Victoria,Uganda,2024-06-03 08:57:00,2024-06-03,-0.507,33.488,1137.42,0.042,EGM2008 mean sea level,water_level_victoria.txt
Victoria,Uganda,2024-06-13 06:56:00,2024-06-13,-0.507,33.488,1137.37,0.042,EGM2008 mean sea level,water_level_victoria.txt
Victoria,Uganda,2024-07-03 02:53:00,2024-07-03,-0.507,33.488,1137.19,0.042,EGM2008 mean sea level,water_level_victoria.txt
Victoria,Uganda,2024-07-13 00:51:00,2024-07-13,-0.507,33.488,1137.14,0.042,EGM2008 mean sea level,water_level_victoria.txt
Victoria,Uganda,2024-07-22 22:50:00,2024-07-22,-0.507,33.488,1137.11,0.042,EGM2008 mean sea level,water_level_victoria.txt
Victoria,Uganda,2024-08-01 20:48:00,2024-08-01,-0.507,33.488,1137.11,0.042,EGM2008 mean sea level,water_level_victoria.txt
Victoria,Uganda,2024-08-11 18:47:00,2024-08-11,-0.507,33.488,1137.07,0.042,EGM2008 mean sea level,water_level_victoria.txt
Victoria,Uganda,2024-08-21 16:45:00,2024-08-21,-0.507,33.488,1137.04,0.042,EGM2008 mean sea level,water_level_victoria.txt
Victoria,Uganda,2024-08-31 14:44:00,2024-08-31,-0.507,33.488,1137.02,0.042,EGM2008 mean sea level,water_level_victoria.txt
Victoria,Uganda,2024-09-10 12:42:00,2024-09-10,-0.507,33.488,1136.93,0.042,EGM2008 mean sea level,water_level_victoria.txt
Victoria,Uganda,2024-09-30 08:39:00,2024-09-30,-0.507,33.488,1136.91,0.042,EGM2008 mean sea level,water_level_victoria.txt
Victoria,Uganda,2024-10-10 06:38:00,2024-10-10,-0.507,33.488,1136.88,0.042,EGM2008 mean sea level,water_level_victoria.txt
Victoria,Uganda,2024-10-20 04:36:00,2024-10-20,-0.507,33.488,1136.84,0.042,EGM2008 mean sea level,water_level_victoria.txt
Victoria,Uganda,2024-10-30 02:35:00,2024-10-30,-0.507,33.488,1136.87,0.042,EGM2008 mean sea level,water_level_victoria.txt
Victoria,Uganda,2024-11-09 00:34:00,2024-11-09,-0.507,33.488,1136.88,0.042,EGM2008 mean sea level,water_level_victoria.txt
Victoria,Uganda,2024-11-18 22:32:00,2024-11-18,-0.507,33.488,1136.91,0.042,EGM2008 mean sea level,water_level_victoria.txt
Victoria,Uganda,2024-11-28 20:31:00,2024-11-28,-0.507,33.488,1136.98,0.042,EGM2008 mean sea level,water_level_victoria.txt
Victoria,Uganda,2024-12-08 18:29:00,2024-12-08,-0.507,33.488,1137.04,0.042,EGM2008 mean sea level,water_level_victoria.txt
Victoria,Uganda,2024-12-18 16:28:00,2024-12-18,-0.507,33.488,1137.06,0.042,EGM2008 mean sea level,water_level_victoria.txt
Victoria,Uganda,2024-12-28 14:26:00,2024-12-28,-0.507,33.488,1137.1,0.042,EGM2008 mean sea level,water_level_victoria.txt
Victoria,Uganda,2025-01-07 12:25:00,2025-01-07,-0.507,33.488,1137.11,0.042,EGM2008 mean sea level,water_level_victoria.txt
Victoria,Uganda,2025-01-17 10:23:00,2025-01-17,-0.507,33.488,1137.05,0.042,EGM2008 mean sea level,water_level_victoria.txt
Victoria,Uganda,2025-01-27 08:22:00,2025-01-27,-0.507,33.488,1137.01,0.042,EGM2008 mean sea level,water_level_victoria.txt
Victoria,Uganda,2025-02-06 06:20:00,2025-02-06,-0.507,33.488,1137.01,0.042,EGM2008 mean sea level,water_level_victoria.txt
Victoria,Uganda,2025-02-16 04:19:00,2025-02-16,-0.507,33.488,1136.95,0.042,EGM2008 mean sea level,water_level_victoria.txt
Victoria,Uganda,2025-02-26 02:17:00,2025-02-26,-0.507,33.488,1136.87,0.042,EGM2008 mean sea level,water_level_victoria.txt
Victoria,Uganda,2025-03-08 00:16:00,2025-03-08,-0.507,33.488,1136.84,0.042,EGM2008 mean sea level,water_level_victoria.txt
Victoria,Uganda,2025-03-27 20:13:00,2025-03-27,-0.507,33.488,1136.88,0.042,EGM2008 mean sea level,water_level_victoria.txt
Victoria,Uganda,2025-04-06 18:11:00,2025-04-06,-0.507,33.488,1136.95,0.042,EGM2008 mean sea level,water_level_victoria.txt
Victoria,Uganda,2025-04-16 16:10:00,2025-04-16,-0.507,33.488,1136.98,0.042,EGM2008 mean sea level,water_level_victoria.txt
Victoria,Uganda,2025-04-26 14:09:00,2025-04-26,-0.507,33.488,1137.0,0.042,EGM2008 mean sea level,water_level_victoria.txt
Victoria,Uganda,2025-05-06 12:07:00,2025-05-06,-0.507,33.488,1137.04,0.042,EGM2008 mean sea level,water_level_victoria.txt
Victoria,Uganda,2025-05-16 10:06:00,2025-05-16,-0.507,33.488,1137.14,0.042,EGM2008 mean sea level,water_level_victoria.txt
Victoria,Uganda,2025-05-26 08:04:00,2025-05-26,-0.507,33.488,1137.13,0.042,EGM2008 mean sea level,water_level_victoria.txt
Victoria,Uganda,2025-06-05 06:03:00,2025-06-05,-0.507,33.488,1137.1,0.042,EGM2008 mean sea level,water_level_victoria.txt
Victoria,Uganda,2025-06-15 04:01:00,2025-06-15,-0.507,33.488,1137.06,0.042,EGM2008 mean sea level,water_level_victoria.txt
Victoria,Uganda,2025-06-25 02:00:00,2025-06-25,-0.507,33.488,1136.99,0.042,EGM2008 mean sea level,water_level_victoria.txt
Victoria,Uganda,2025-07-04 23:58:00,2025-07-04,-0.507,33.488,1136.95,0.042,EGM2008 mean sea level,water_level_victoria.txt
Victoria,Uganda,2025-07-14 21:57:00,2025-07-14,-0.507,33.488,1136.98,0.042,EGM2008 mean sea level,water_level_victoria.txt
Victoria,Uganda,2025-07-24 19:55:00,2025-07-24,-0.507,33.488,1136.95,0.042,EGM2008 mean sea level,water_level_victoria.txt
Victoria,Uganda,2025-08-03 17:54:00,2025-08-03,-0.507,33.488,1136.85,0.042,EGM2008 mean sea level,water_level_victoria.txt
Victoria,Uganda,2025-08-13 15:52:00,2025-08-13,-0.507,33.488,1136.79,0.042,EGM2008 mean sea level,water_level_victoria.txt
Victoria,Uganda,2025-08-23 13:51:00,2025-08-23,-0.507,33.488,1136.86,0.042,EGM2008 mean sea level,water_level_victoria.txt
Victoria,Uganda,2025-09-02 11:49:00,2025-09-02,-0.507,33.488,1136.77,0.042,EGM2008 mean sea level,water_level_victoria.txt
Victoria,Uganda,2025-09-12 09:48:00,2025-09-12,-0.507,33.488,1136.76,0.042,EGM2008 mean sea level,water_level_victoria.txt
Victoria,Uganda,2025-09-22 07:46:00,2025-09-22,-0.507,33.488,1136.74,0.042,EGM2008 mean sea level,water_level_victoria.txt
Victoria,Uganda,2025-10-02 05:45:00,2025-10-02,-0.507,33.488,1136.72,0.042,EGM2008 mean sea level,water_level_victoria.txt
Victoria,Uganda,2025-10-12 03:43:00,2025-10-12,-0.507,33.488,1136.69,0.042,EGM2008 mean sea level,water_level_victoria.txt
Victoria,Uganda,2025-10-22 01:42:00,2025-10-22,-0.507,33.488,1136.67,0.042,EGM2008 mean sea level,water_level_victoria.txt
Victoria,Uganda,2025-10-31 23:41:00,2025-10-31,-0.507,33.488,1136.68,0.042,EGM2008 mean sea level,water_level_victoria.txt
Victoria,Uganda,2025-11-10 21:39:00,2025-11-10,-0.507,33.488,1136.74,0.042,EGM2008 mean sea level,water_level_victoria.txt
Victoria,Uganda,2025-11-20 19:38:00,2025-11-20,-0.507,33.488,1136.76,0.042,EGM2008 mean sea level,water_level_victoria.txt
Victoria,Uganda,2025-11-30 17:36:00,2025-11-30,-0.507,33.488,1136.69,0.042,EGM2008 mean sea level,water_level_victoria.txt
Victoria,Uganda,2025-12-10 15:35:00,2025-12-10,-0.507,33.488,1136.65,0.042,EGM2008 mean sea level,water_level_victoria.txt
Victoria,Uganda,2025-12-20 13:33:00,2025-12-20,-0.507,33.488,1136.66,0.042,EGM2008 mean sea level,water_level_victoria.txt
Victoria,Uganda,2025-12-30 11:32:00,2025-12-30,-0.507,33.488,1136.74,0.042,EGM2008 mean sea level,water_level_victoria.txt
Victoria,Uganda,2026-01-09 09:30:00,2026-01-09,-0.507,33.488,1136.72,0.042,EGM2008 mean sea level,water_level_victoria.txt
Victoria,Uganda,2026-01-19 07:29:00,2026-01-19,-0.507,33.488,1136.69,0.042,EGM2008 mean sea level,water_level_victoria.txt
Victoria,Uganda,2026-01-29 05:27:00,2026-01-29,-0.507,33.488,1136.66,0.042,EGM2008 mean sea level,water_level_victoria.txt
Victoria,Uganda,2026-02-08 03:26:00,2026-02-08,-0.507,33.488,1136.66,0.042,EGM2008 mean sea level,water_level_victoria.txt
Victoria,Uganda,2026-02-18 01:24:00,2026-02-18,-0.507,33.488,1136.64,0.042,EGM2008 mean sea level,water_level_victoria.txt
Victoria,Uganda,2026-02-27 23:23:00,2026-02-27,-0.507,33.488,1136.65,0.042,EGM2008 mean sea level,water_level_victoria.txt
Victoria,Uganda,2026-03-09 21:21:00,2026-03-09,-0.507,33.488,1136.81,0.042,EGM2008 mean sea level,water_level_victoria.txt
Victoria,Uganda,2026-03-29 17:18:00,2026-03-29,-0.507,33.488,1136.93,0.042,EGM2008 mean sea level,water_level_victoria.txt
Victoria,Uganda,2026-04-08 15:17:00,2026-04-08,-0.507,33.488,1136.96,0.042,EGM2008 mean sea level,water_level_victoria.txt
Victoria,Uganda,2026-04-18 13:15:00,2026-04-18,-0.507,33.488,1136.98,0.042,EGM2008 mean sea level,water_level_victoria.txt
Victoria,Uganda,2026-04-28 11:14:00,2026-04-28,-0.507,33.488,1137.01,0.042,EGM2008 mean sea level,water_level_victoria.txt
Victoria,Uganda,2026-05-08 09:13:00,2026-05-08,-0.507,33.488,1137.03,0.042,EGM2008 mean sea level,water_level_victoria.txt
Victoria,Uganda,2026-05-18 07:11:00,2026-05-18,-0.507,33.488,1137.07,0.042,EGM2008 mean sea level,water_level_victoria.txt
