A00,A01,A02,A03,A04,A05,A06,A07,A08,A09,A10,A11,A12,A13,A14,A15,A16,A17,A18,A19,A20,A21,A22,A23,A24,A25,A26,A27,A28,A29,A30,A31,A32,A33,A34,A35,A36,A37,A38,A39,A40,A41,A42,A43,A44,A45,A46,A47,A48,A49,A50,A51,A52,A53,A54,A55,A56,A57,A58,A59,A60,A61,A62,A63,id
0.05643427786941332,-0.14197645877945325,0.11095094605446836,-0.09837961581679273,-0.07681385870732975,-0.04118417248940814,-0.1817242905461179,0.09434933873415889,-0.1629989988456148,-0.06570590278911802,0.06343717121186065,0.042609767985001955,-0.31916448287427834,0.1288090868464114,-0.05579833078726961,0.09746147651076997,-0.08237150071740791,-0.048382891334845655,-0.17041295401497267,0.025718794224097997,-0.20386745832431874,0.12715648935513899,0.1122628127256861,0.212861477563957,-0.017397381675559646,0.036714696047613314,0.05558481121133574,-0.07077010144228928,-0.15310492290581845,0.21997490961357297,-0.13100642386251282,0.02239341954016633,-0.15227186357823314,-0.017169379971580905,0.147859937483852,-0.0690519832218171,-0.14150772382436083,0.13318139404247484,0.2661609234052365,-0.09193948239611613,0.02232226508362419,-0.08517555917294967,-0.1413542947935137,0.1944777461358093,-0.1107684938327625,-0.03340479337756541,-0.05553103814604767,0.0017803833493889663,-0.18235364675661883,0.039693163220305985,0.1211592687297487,0.14560957281814912,-0.031879770015795894,-0.0609891366031817,0.06465476244363318,0.12572576216912235,0.03051994845063077,-0.1306005215563327,-0.20169373123142417,-0.12060307730623651,-0.037346127525944836,0.12528203956645698,0.09567850712555437,0.12430132736105813,S001
-0.019051584882960777,-0.04119147282057764,0.22344757961849698,-0.03159883195040289,-0.13537359108563785,0.048819241533719686,-0.09455097865969785,0.09204744737176392,-0.14182748393135916,-0.07178723788476597,-0.03535778193235593,-0.01033674540917648,-0.1930824406702614,0.01970827881928936,0.03008566081584214,0.1510293667238275,-0.07793730905884835,0.026972780921551386,-0.12917610296378987,0.10276765886507765,-0.1473960924063367,0.15993841195252947,0.16863553144789345,0.15771199215443313,0.015710942499358404,0.010846024425214734,0.16416028850360143,-0.05645662981873526,-0.16201979703686703,0.1001250371402859,-0.04324990060403072,0.030598968332791895,-0.12705589994999578,-0.06057026149979427,0.03373300260425966,0.044183873138382866,-0.23075158490228959,0.14025277954779158,0.19909859796333684,-0.15655331390843036,0.10914404498093881,-0.0572246731479346,-0.196552783421324,0.11513589671390234,-0.06674845188151843,0.16408105589341848,-0.03468174522350256,0.02245781397419762,-0.2143134901213011,-0.14419732812796712,0.17744981005838592,0.20750144536881956,-0.05624582284214892,-0.08202320674918759,0.15884112697529956,0.0656673601215557,0.06603909065354258,0.07696324466640136,-0.2300041268058291,-0.1440531305828154,-0.09989998039293309,0.10502417387085865,0.1420819110275119,0.08607592695390566,S002
-0.045545047495239244,-0.07045881338361436,0.23442285285764522,-0.01536007197247557,-0.17231134865871894,0.02340229944461093,-0.06890742897679966,0.08871598189089978,-0.0959665777328653,-0.09447948505811378,-0.11428483165351097,0.022100591519785086,-0.17631603963472584,0.02234119445598135,0.012923770711440883,0.17432267281497474,-0.06512029382706779,0.032549688155653546,-0.11382227491043079,0.10361290616875884,-0.11087033373577981,0.1274828656838007,0.1960198477443863,0.1613896680791592,0.03416183593434851,-0.03579199038586915,0.1742505561255487,-0.0620034652462877,-0.18823481810347312,0.12873704971979183,-0.055978116332693395,0.015999894658822452,-0.16764265531969233,-0.09858652558728792,0.025988462220185318,0.0142707384759122,-0.16376623986242347,0.12083713422077894,0.2001476360940635,-0.11069116048287529,0.14661873466886902,-0.08352971638937953,-0.17600695246350276,0.14995951653292447,-0.10504576738365837,0.1786833665504681,-0.012550941555730008,0.0003494936180673386,-0.16482268555059043,-0.20612834919114822,0.16720686271748142,0.18070083226544414,-0.026841000893939582,-0.03802897724759662,0.1246179413096545,0.07191391280963473,0.05386838627600046,0.06207408774999389,-0.20473126223049842,-0.19256546276657469,-0.10991294670552686,0.1252904219296718,0.1396790525263169,0.1081826373538843,S003
0.03009925591141802,-0.00532158439176811,0.07365618794480175,-0.0017965238985824066,-0.04851634105229979,0.03852633362806094,0.015426329306483503,0.0883987696049794,-0.05249024737534182,-0.03662991549643319,0.019408793498533403,0.0061962556604520215,-0.2512790535956315,0.025548107520778154,0.135165573955699,0.12311876604873741,-0.12127053047144075,0.18870490087454211,-0.18922954830438318,0.05921710067673064,-0.2193708207004992,0.06129207666526474,0.14838674505056854,0.12418246919462544,0.12643267892705815,-0.05704325008844432,0.2229404180166343,-0.08531433875826695,-0.11245235613441128,0.12593772072387113,-0.08853350926346495,0.02293751382441223,-0.21237748515319102,-0.10256250490219693,0.181739324301287,0.04429597363388303,-0.1418861510887525,0.20958584905730387,0.23418332154433263,-0.10603460900474947,0.028406052864576137,-0.10723077390495722,-0.18351451996622126,0.16082524888365665,-0.06938583517361391,0.19403177705463087,-0.1557692426267953,0.019245555089500425,-0.07656501136286056,0.0017721557475889815,0.17974246415489828,0.1979561351655588,-0.042613965401300226,-0.10043658629878367,0.16582841372980806,0.09087428738081639,0.02249627999097687,0.009359974385238825,-0.16521532233186204,-0.197768544333918,-0.051210160146798356,0.08367748780633998,0.013331657039928418,0.11715579923164163,S004
-0.04070547284293782,-0.08964905371819107,0.20789620861739883,-0.01789837400445802,-0.13636804864492136,0.011479732847588369,-0.08780452007229225,0.08594228001194949,-0.12090708697033953,-0.10660141688819923,-0.0750791107209026,0.026812329392520106,-0.1914631070073031,0.017892639697908014,-0.010404452980119001,0.15412304382582706,-0.03495547982584221,0.04668443283042561,-0.11125275605159379,0.07837400072789043,-0.1756949115072459,0.17346113732129056,0.19804114875633294,0.17548722533028863,0.011787961726352231,-0.005835784081018535,0.13556966541390778,-0.0488257837106882,-0.19701368895799976,0.13413019007447244,-0.042991988108570724,0.012201268015423037,-0.1338760906839832,-0.08148831080782468,0.017943637535372783,-0.002799686600262262,-0.19464406829571848,0.11240318088939925,0.20616046185799924,-0.14072757025555505,0.14337346849442154,-0.0976607947230599,-0.19279893891998753,0.173158957433323,-0.07221592735044878,0.1512044130911775,-0.0025301063725326626,0.005596013132356856,-0.19955345776457034,-0.19166067066015222,0.1539716085430111,0.1766204499612389,-0.023799826719526764,-0.042518719278929355,0.11666656103720241,0.09047828956931683,0.03567447039175429,0.04662259140788107,-0.2175046254769342,-0.18696142787352796,-0.08495846691857606,0.09768798452705679,0.1541674994863234,0.10123706995748516,S005
0.07746871020794663,-0.0321767423157178,0.09537987482964495,-0.04907272771473818,-0.01539918360611539,0.016423636323800825,-0.1441143027835408,0.05982952135881996,-0.09422443031155928,-0.029243141964226466,0.08136707545295672,-0.009017300656077651,-0.3450886756814472,0.11323995064649629,0.06228878686079901,0.07743265522606388,-0.13180927039001772,0.05564274299766976,-0.20155915696105098,0.0023454908394496586,-0.17445737435073136,0.07671645590529239,0.056671468486092266,0.22110890896982072,0.03631796300921028,0.04079220607327707,0.1145235029811577,-0.12749011198724738,-0.053171997221007544,0.19783430113227524,-0.1252657872125793,0.04875155232407501,-0.22026577943646553,-0.028654455655419932,0.19894097112657363,-0.00333422908724968,-0.10713558279160382,0.2091245706663484,0.26843305300846954,-0.03846140254217851,-0.040195348022224235,-0.07581002933887385,-0.16816872456783907,0.1586653015627996,-0.10008903952179238,-0.01356102071854527,-0.12112977951766246,-0.0017217716304448406,-0.14140472985898073,0.12738884022677735,0.15030273508349373,0.17040414326703954,-0.05534374890776301,-0.10958120653168561,0.10961826340463784,0.13018695718451748,0.033254296351465734,-0.1415143196072345,-0.17085080114860518,-0.1318822256311621,-0.06186972955025606,0.16272387060860538,0.03920715382965084,0.12415060278126772,S006
0.07406379979969446,-0.05641947991491429,0.06224080946976473,-0.062477456612659146,-0.0018184705119571672,0.019386913799615522,-0.14641786504436907,0.07709114877879371,-0.06653086243590348,0.007748794986379805,0.0997347723096419,0.009356129173465236,-0.3397749695801531,0.08741895700461436,0.054720470229258605,0.07310359851648897,-0.14858998147234764,0.06181612710455827,-0.177462274059318,-0.017691413466546964,-0.1947880486413468,0.0650176074658219,0.04463631095078735,0.21627684929280747,0.04425693287183868,-0.007688398902962037,0.11373332954021204,-0.1344798555062097,-0.04706938102713591,0.18627341391494062,-0.1143577048077634,0.04595689281406731,-0.20493633797183453,-0.01011100852442637,0.2149662644775916,0.013779865193797584,-0.09882195682709194,0.22154087217654467,0.26221471952951325,-0.028772680292537642,-0.05438412356241286,-0.09408163271634135,-0.1564797333644386,0.19897629985212564,-0.11652561677292503,0.024524046627953294,-0.1322737958916415,0.02331636702151328,-0.13366722857810212,0.142614374519047,0.1458910238279593,0.19325100018439798,-0.06937549719335107,-0.10599011778823417,0.09994863673772109,0.12713301905014668,0.039115348612108254,-0.1438935725177647,-0.11224905276153424,-0.18357073429601228,-0.05985926477993378,0.15279161151060677,0.027740210443190888,0.11401614345123358,S007
-0.014093769773833656,-0.10358875615064053,0.2007369096070187,0.009185833980883214,-0.11558518360354914,0.017990267847866993,-0.0862524822745743,0.14531823326074034,-0.11917960981043214,-0.10671977334074739,-0.007132921003030129,0.01375525799135063,-0.25419771087458076,0.061195846710885356,0.029030875373702077,0.18139039875531734,-0.10072168690348078,0.11104068498265984,-0.1010238438106417,0.07225252788201957,-0.17239239757472383,0.14014297500722808,0.171097932076106,0.13784749650333866,0.034005866027425766,-0.03203100461285182,0.1793702662640642,-0.09509958131065385,-0.20866265971136894,0.08841364685256084,-0.05068894812440198,0.04066203973177619,-0.1837295520753065,-0.08663028470853862,0.09989522420717507,-0.011536184416141829,-0.12987701752008374,0.13437630464646685,0.2281809318846849,-0.08080450774887829,0.12621683967704703,-0.08180585278935024,-0.17101528185238574,0.1162881297470064,-0.06722439697153573,0.14374053686137792,-0.04576223365549954,0.017088092459399358,-0.16066705275914708,-0.10294426282714805,0.18960967772652623,0.19991977152078294,-0.053474957991859806,-0.0539896228437618,0.128910429469386,0.08151730607546417,0.08185100036843444,-0.02197661746370823,-0.21285677507263903,-0.20987148396118346,-0.04684477078142232,0.1331246251062593,0.1196610624758082,0.1294540377159486,S008
0.042037353491888176,-0.12051148621782845,0.14954807685027247,-0.03976883561223643,-0.13009266912968345,-0.0641517734457158,-0.12551338929630612,0.10538250746909748,-0.15660700124448532,-0.03055751431275749,0.033673616038212756,0.07503784794265042,-0.22021516838114313,0.04069665097619921,-0.09854769518531217,0.11459498553214552,0.0027541029643254507,-0.00188850913291341,-0.16863428257366653,0.14404163964344593,-0.2128630250012466,0.15303537079114238,0.23723472500662401,0.16171861164989967,0.04643033481945436,-0.010885382388394498,0.053395261342543965,0.004093700164263062,-0.05797035494821021,0.1530961035863089,-0.10270300817320654,0.02464674220621151,-0.14573119302422788,-0.06341542032381549,0.045064151011882755,-0.11523606596015051,-0.19422078795183037,0.07860595449124394,0.294564093216013,-0.1665481380020967,0.06550942016484847,-0.06466730820064782,-0.1262384347293834,0.2162921823663088,0.01338115665248263,0.04436325843387378,-0.07467218826310855,0.02352892896755137,-0.19132526035159794,-0.09402913460820268,0.06022586681949138,0.10930721671505458,-0.009356991734254803,-0.04795302288914464,0.06455792039173845,0.10934774730601342,0.06419214644388523,-0.05329343961220491,-0.2698662730746123,-0.20598881452005297,-0.057875556115795375,0.1121181646441798,0.1177346184064061,0.15213444530616113,S009
-0.020229779630181285,-0.09358310462273155,0.19195844173413118,0.041849472086300125,-0.09647088518009163,-0.008483222123570859,-0.05146938586672248,0.08979289416799197,-0.09142256250358861,-0.09799567120171111,0.008780863411513838,0.021563413545478947,-0.22878937845287475,0.01924427413276005,0.011269411188459257,0.1487581563631231,-0.015726513515622972,0.049531246172408075,-0.14812052793907834,0.04879918333123467,-0.17652142116748729,0.20465828758476637,0.2004182274759734,0.1472101445897229,0.03800400329901873,-0.008512944289233795,0.1807286067185874,-0.050844904985739965,-0.1778740486926219,0.1633751967140531,-0.05909378609217792,0.04864044977962514,-0.1683750647310477,-0.08356026280917446,0.03173437001267942,0.01658201799205902,-0.17732770392225944,0.13275974781352298,0.2221275424320613,-0.13067158368165624,0.10923417624534147,-0.11132597971527734,-0.1862508055204422,0.18066670105689125,-0.054496826565333154,0.11764205419082405,-0.032094590109574904,0.03773168917658875,-0.1774626710328407,-0.18637026527254064,0.12617929258167668,0.17284474134038413,-0.018533645060227633,-0.03482126155694432,0.11854559803834011,0.11466883116081138,0.009499363421197112,0.011015430014406571,-0.20328393911768503,-0.21555215806192468,-0.04358618929289001,0.11442802738715868,0.14661159562106266,0.12591632869177907,S010
-0.026290314356508256,-0.08119957391185613,0.26917824052664424,0.004050350151417965,-0.15765666199836945,-0.010291320338794019,-0.10982168932782417,0.11307203936528362,-0.09709697500602978,-0.10655123483911755,0.05112880113432679,0.05028551740882731,-0.26199217391310836,0.03840273776087501,0.01115936127857756,0.16173396225133901,-0.05204528095143752,0.006449299904392207,-0.11937047937032523,0.07661594407442876,-0.06822604095822046,0.21180219985908594,0.18527756402078668,0.1771499380360791,-0.012385922192835179,-0.04750635160965279,0.13334628064769014,-0.08373917071132866,-0.14925540318828326,0.12841923956315907,-0.03193634842173132,0.024780834626541907,-0.10751445663712263,-0.11111503155507636,0.022020489346103952,0.07265034215125948,-0.11083596779285665,0.14512512579611614,0.26679088415243374,-0.11465979285233091,0.06911354329767667,-0.07843319805576754,-0.12439814364576936,0.13131586836460216,-0.09565182593850124,0.05589856971152875,-0.07044334844850482,0.057081463896598676,-0.12981627643441374,-0.1765726866462107,0.20391957923751775,0.21312886789501925,-0.03387927367378931,-0.038585399680871414,0.1423940184699196,0.07057861339752239,0.0195587978378734,0.004016868599444998,-0.232271498491078,-0.17242436311049406,-0.02308696297791324,0.1791430305361514,0.11100748782683992,0.10512411780599001,S011
0.04406261954252411,-0.1304689747004054,0.13457466037830504,-0.04346561265038573,-0.14112272923864824,-0.06289270960065799,-0.11839736315255772,0.10059865267861319,-0.13237981107191235,-0.07187674141583529,0.055858411237705394,0.03517501204258589,-0.20026567188650002,0.003043826006206894,-0.05066821346875947,0.14392434426989067,-0.01998972564339617,-0.022429411050752354,-0.19113818089319895,0.12790289560255205,-0.1730472963894352,0.14424756873676944,0.22663680504518657,0.11235260717364391,0.032306290398200106,-0.019873271866173416,0.11256766853384631,0.009143422829860009,-0.1077628367677019,0.19058706057462943,-0.09010188034984573,0.015553877510716808,-0.16452691105365752,-0.08689711980691538,0.03999041208239995,-0.05751951094775517,-0.22192002939523056,0.10799331599927421,0.2623062255765093,-0.1783329604815425,0.09586520243649696,-0.08916056503275423,-0.12205333633769806,0.2513558524023041,-0.019748992047273085,0.09806396828775137,-0.06499431651343293,0.049865262134801074,-0.14590149407830436,-0.16937938598325875,0.0908682994935473,0.13205593764265788,0.027605168458071493,-0.03521652828557168,0.05909479907314004,0.12996000603326247,0.0031968098050570485,-0.032320539378274095,-0.19848816448260415,-0.22352499033579118,-0.04783326606007465,0.10441548612491679,0.11324024782650531,0.15125164074186964,S012
0.017182021001802723,-0.10306785952099233,0.1341059169153587,-0.03437100990005202,-0.11311874048508058,-0.047664067857510886,-0.09977024412681984,0.1284367443375788,-0.1120419136410014,-0.09354590850129524,0.006362135475008069,0.03862800021969575,-0.22369526953932486,0.001839588766986015,-0.06410116824992651,0.12604779837886915,-0.05043773720578024,-0.0548190957304549,-0.18234267512788557,0.13350254304316667,-0.17194337489461325,0.1733840431694486,0.23223196945425367,0.12691100209987546,0.052391453662592374,0.017736993364091833,0.09933220703963953,-0.007834712869263604,-0.1664837607431016,0.21385703002133358,-0.10108446023819781,-0.012685773675269837,-0.17545494914864382,-0.07091074796125484,0.08382707502038461,-0.060469423043940804,-0.2038657874274394,0.09231626329087117,0.22536741583233638,-0.23143602011313272,0.09480516971630266,-0.0913982068070142,-0.12968607741383978,0.25397846895007914,-0.04061464550134172,0.07495534945228476,-0.06902110507708463,0.055657502736553566,-0.14954810806617347,-0.16592996834893065,0.05171544492974173,0.10716825090424813,0.04104470204908642,-0.025295617054059708,0.07530975928704722,0.11981816213229095,0.013322811950947444,-0.03934752598116495,-0.19521722523108628,-0.19193746255896513,-0.07199922400255084,0.06720137965001571,0.12237684530960197,0.12884752861599186,S013
4.816586505334205e-05,-0.07948639597924996,0.20633715390831872,-0.020149661291420966,-0.12917666237318343,0.011155034199927279,-0.045963173394611145,0.10301995615197196,-0.09195439467740185,-0.0896502389580502,-0.06687783158222889,0.0268375269354626,-0.2226675581177922,0.04476363285877743,0.046917627534831315,0.1916711986276429,-0.09259837100330783,0.10868760553866909,-0.12021091236371173,0.10006456188613526,-0.15177164286113065,0.12896278672539885,0.20326594998643444,0.13677308167164692,0.052320258440210266,-0.03541655719563523,0.17793805227616608,-0.06508737337116818,-0.19821209210196022,0.1102221306315296,-0.04438245461734547,0.024883401034741074,-0.1855509134588029,-0.11870706202344504,0.0812171077932179,-0.011008002956916094,-0.14374217084607588,0.13838168791789165,0.21454651654667742,-0.1081032048934764,0.12451934557840567,-0.10390691879104802,-0.18669747717942797,0.17153961051024186,-0.067826248324147,0.18341553391352827,-0.04092802223160828,0.018498190059188617,-0.1506083077466229,-0.14583258586487613,0.17620192956591046,0.18216925502674625,-0.01889400004921642,-0.052214884703526296,0.12818500723707005,0.09734088177482544,0.03364594489915461,0.00264438262411432,-0.1795858468737418,-0.21719587975341278,-0.06915369770068593,0.12112580908004841,0.10926410066060953,0.12763191272409588,S014
0.08748629908506958,-0.0578487367027676,0.0822686138519855,-0.058898924487259766,-0.057517061424965536,-0.024748581732130428,-0.140817609991556,0.07103657560789936,-0.06835010607982377,-0.02542744464498064,0.0781588920863984,-0.019675162947379896,-0.3276726803516647,0.10925212221383415,0.04851183339911444,0.04654940140153963,-0.12508225988556224,0.06204145154155311,-0.17226451630538162,-0.0009395903015408922,-0.17186577449766896,0.08711126125355147,0.042843608578862505,0.21348263486698876,0.03673181230662199,0.019908162215486587,0.10913452226186063,-0.1287738695612004,-0.034989172492222206,0.18772100148890625,-0.13787805698719602,0.05315758384095398,-0.2166954961610732,-0.0331227003158764,0.16744713915722764,0.007010135823899383,-0.13186944753764104,0.17917786012109624,0.2935554043572132,-0.02813807375389732,-0.04876547384662951,-0.08052182182251216,-0.16473170603520246,0.16356912941312626,-0.10027031204881987,-0.01622430762850818,-0.11042637343248544,-0.008229781832781752,-0.16079109261579608,0.1369658727220933,0.1877744772668143,0.1866380472286187,-0.07211014800934823,-0.08233368792903996,0.08521764081708078,0.1446025532219263,0.030794588911411843,-0.1375557128849404,-0.16525516634499926,-0.15338436221182478,-0.03166870021454385,0.20225905582783238,0.041819862758296855,0.15114685672901135,S015
0.07433205058170092,-0.04169234246199058,0.09501111723763508,-0.077412637352016,-0.030733456211564005,0.02112703427788509,-0.16811490918101343,0.06436808129369022,-0.09111484430190807,-0.03456549508229662,0.07515711424965063,-0.01203285821576596,-0.30672626161989786,0.12021075379190697,0.02159007212626894,0.11670946239768222,-0.153531706296276,0.015609859673960483,-0.16341385549728654,-0.005096175415919213,-0.2281665191289215,0.10499707955381817,0.026143954496393017,0.22603690854026856,-0.004306459984950637,0.044557722340405885,0.10034477295500642,-0.11218349815796812,-0.07496725787112604,0.17699982090912028,-0.12959526859148568,0.06093078613122708,-0.20064707249484912,-0.016215967303658183,0.1986997861716949,-0.021417202822755894,-0.15598615726033815,0.18537168762418613,0.2484219371564535,0.01368043429930242,-0.03991317641453923,-0.036746750939272405,-0.18188871157084907,0.13598863609902728,-0.10905996666993571,-0.014757642105782828,-0.11963737005129296,-0.00825326757326267,-0.19552087390621214,0.15338416677755398,0.1523383780503105,0.18478694298278897,-0.08765557193045533,-0.11233958603584758,0.10010555036147643,0.14199980123742129,0.060944231891220516,-0.12307042130882052,-0.1886816552742979,-0.0883894751021229,-0.04852949259936706,0.1208722394716085,0.06216009865442542,0.13057336594403274,S016
-0.004656083030515125,-0.0970084683299398,0.2104309618488788,0.009518960720842006,-0.11278148377150223,0.024022398234826582,-0.04304201847293161,0.08615240027227475,-0.08308207223512144,-0.09088260873131467,-0.02195135005005366,0.004942946742894772,-0.23638039418747037,0.03268332863238937,0.04747943530938722,0.18289681000471328,-0.07334463009328956,0.12710695122450832,-0.1191253620456593,0.06291107573194525,-0.1562679020669947,0.13921371730342127,0.19967066963839733,0.14587554288857574,0.040342068324407614,-0.03366896724716498,0.17511269501187068,-0.0562857837381726,-0.21812992084025146,0.10051595915412474,-0.02869199408295402,0.04554073882798739,-0.18573909285349977,-0.11208016756208085,0.06371126504035357,0.007488125333144392,-0.15783615455327132,0.10947365298248,0.2282105277531357,-0.08840358756963014,0.16849953681089674,-0.10678729259519261,-0.20396290415121227,0.15707711816298034,-0.05996098782148391,0.1601970493705033,-0.03882539461733147,0.02543867297498719,-0.163309183804724,-0.15340652473670113,0.16145622798796824,0.17457618987811588,-0.041736159459104874,-0.04669978886493427,0.12246813987020627,0.09789918397967624,0.029395553578321094,0.027019589189726943,-0.18618887656233038,-0.20519588996690577,-0.052834656286159194,0.13504250806737958,0.13408296417834675,0.11632550927078185,S017
0.04698707603451752,-0.09681472551306146,0.16097592791569504,0.005382133169270566,-0.12898266541367884,-0.06870685572647613,-0.08245233652667178,0.14473350372990873,-0.12303821196422891,-0.06880349692311392,0.06305522643014173,0.04491759136763102,-0.22541892214625917,0.02663852703208322,-0.04824347714332073,0.14815674744581447,-0.004695638012285729,-0.006949083071884296,-0.17387312725133747,0.10844225558648653,-0.17956562772606033,0.12258430687024122,0.3019269135747391,0.08326899025873764,0.08825231224041423,0.013125808031629866,0.13907616161344658,0.033803931767189654,-0.14641225696258117,0.22288709182231245,-0.0894024088455501,0.035691245462405846,-0.18495379497694153,-0.10238246709769246,0.06226104637445083,-0.10646826684343055,-0.18112336831341969,0.11301078836216842,0.25972532854277197,-0.19205854359377625,0.09122304805181608,-0.10455351265012937,-0.15108181699386303,0.2514839849711788,-0.0124234318306209,0.1088619926527212,-0.05687431477775035,0.02346923428812024,-0.10516283570644058,-0.13404883114267888,0.015481249548839782,0.13517876574554968,0.011499750891990753,-0.04076463984564666,0.08490357518421227,0.08769210968559102,-0.02161644509629916,-0.021805594972558445,-0.17089268100010901,-0.20243046785663849,-0.017737254948687293,0.04500069190743787,0.09012374055755602,0.15250568039093457,S018
0.03852441395827272,0.026010105189497718,0.09068853805380779,-0.018802610581874983,-0.08962689075630254,0.03174818313672602,0.0049928706026104485,0.0693395748616563,-0.047747576125584675,-0.03519397816739865,-0.01702194800941438,0.02294799273376742,-0.22394106784325987,-0.01639361499138511,0.12864436049898018,0.16033462262174303,-0.10791427689933361,0.16402758564573286,-0.18841056682174168,0.07218972922502345,-0.24189097423525244,0.0642128401300003,0.1429376100767103,0.16999534380685208,0.09251834628792202,-0.08592610276742012,0.2207713782583966,-0.05906657960206613,-0.09369446048087592,0.10301480084650642,-0.1048782382572973,0.018370850988664672,-0.2063440030865888,-0.11545242441687363,0.16537854345805167,0.06325674659115649,-0.1694434231305688,0.17086282402576142,0.19686051830560336,-0.12936453663527842,0.04555378958167642,-0.06564559418538651,-0.19724792214634604,0.15291391358770548,-0.0722533102517213,0.2095133015588218,-0.17747558495681034,0.013184478361666654,-0.10330525811874008,-0.015406275838827437,0.1461046426994905,0.16384755937717582,-0.03173042901014196,-0.10211595133332896,0.15713415719228813,0.08100267879604034,0.04091163092203723,0.024555849703715868,-0.18624141711877137,-0.17700577677694157,-0.06419829627324185,0.04155279688249062,0.034552959213218055,0.11029408604884668,S019
0.023454087827221415,0.019877396475017,0.11013257910162644,-0.018132480492057648,-0.06144804844525192,0.008710393367927609,0.021737444078061195,0.07736226750114984,-0.08057235846210564,-0.06701673063715072,0.001243196893763325,0.014551947786056924,-0.22988544324089757,0.034764010552037226,0.0820196351390359,0.09915460487200514,-0.07746524116055323,0.11289850024456793,-0.201925580263732,0.1036122058447504,-0.2085804356079754,0.07897043909747128,0.18203086461891002,0.13465987036068022,0.14460989636227772,-0.03788559691673878,0.1659014072001697,-0.07003373825955239,-0.09892348486461362,0.16426584182757997,-0.08883108041850978,0.026569016893707526,-0.23281975222061507,-0.0731961973010464,0.14122599444493525,-0.015314108385161136,-0.17466781796117656,0.23256534929284586,0.23725648494667795,-0.1432709904359895,0.052358205346782004,-0.12418025051100788,-0.18875287099205112,0.21229045295405422,-0.0462234857911969,0.16817170694214764,-0.13330688362778192,0.01190108722743695,-0.07655653866205125,-0.0401590086758594,0.13044217830869914,0.16078366816765574,-0.0055997231936938995,-0.09158863506685452,0.14444893257615413,0.11576545701776757,-0.020522793800510985,0.01037590329717173,-0.19791056246286826,-0.22114207409557543,-0.09529846804530381,0.06016696454578628,0.023614807055106626,0.14476130285581837,S020
-0.00792696427250344,-0.05126200970493549,0.22144949209562179,-0.018397092819338056,-0.12487927309084566,0.03636400761821919,-0.028844755991112563,0.08894969997061804,-0.08742034612865059,-0.047343601448350335,-0.1040643606131573,0.04407522090634188,-0.20303640346515409,0.04132641688263422,0.0644888566888072,0.20259256687400207,-0.09902956737573153,0.08505206664240449,-0.12822588531528906,0.10062479604929093,-0.12170380910587374,0.08388111785924231,0.16265647679173525,0.13643341928120267,0.04399945278700959,-0.03546143540915122,0.20745765346841152,-0.07413529692432808,-0.19450234220964555,0.0980877055640082,-0.04380797960978655,0.009090400923106964,-0.19291473518443406,-0.10374219335315521,0.0704575371451586,0.013663155719901085,-0.14433096880544033,0.15801737548643477,0.20168567150204264,-0.10321426544268258,0.13004199703492075,-0.08824380727602509,-0.1874834459954986,0.1624864914798288,-0.1026941473091663,0.2143201356540094,-0.04063921343699908,0.0005501829284720611,-0.15783972406927574,-0.17313088024945508,0.18525999680337185,0.18447292037944907,-0.014317994539004661,-0.05740878777396363,0.14577328307629348,0.08473000672956237,0.054418645648662126,0.04548563572168938,-0.1775333450418993,-0.2089110087741628,-0.11520109658918859,0.12384368365465605,0.10241130814499314,0.11688416885324661,S021
0.04479186182532083,-0.09280317749905237,0.15478944689660654,-0.019559962720696204,-0.09377898655227161,-0.057227638892054025,-0.09837183435683859,0.12424847998820336,-0.07560942160118757,-0.0850503916369486,0.04187168562913497,0.03622705277205408,-0.2661595559387672,0.0006189939848894477,-0.04116682377110156,0.11409108793417605,-0.029266277724323535,-0.042467570697861265,-0.19364243348324048,0.12316796152666547,-0.17963212588187394,0.1802261270686133,0.24173294877214282,0.12675643956269714,0.08499387354816866,-0.0043706985291444775,0.10997544389155935,-0.008185948384118074,-0.1507186108974329,0.23832445396459256,-0.12124917097347028,0.024986468762392973,-0.19488182961271716,-0.07422676735225743,0.09398087527158258,-0.09343887335494044,-0.19182267625461577,0.10889051142230026,0.23270759112459427,-0.199292180354927,0.05149822048434254,-0.07422325102597832,-0.1507276425611158,0.2659815842118363,-0.033117166564377506,0.0750355674706068,-0.04620553577418385,0.0208834264728742,-0.12715217262430392,-0.13092364733970838,0.042596282902351665,0.10518817284063287,0.03469465244227154,-0.055717883160447144,0.08347682775262814,0.09046912483261728,-0.024588151268853723,-0.05517059562161599,-0.18315947523296897,-0.19051402343164392,-0.08219894807945352,0.02957277701467382,0.1281829905970785,0.11153823885694315,S022
0.07340507662760097,-0.03930191575540889,0.09526761031209861,-0.03378931365574549,-0.05209783750101363,0.0015812812052925747,-0.1057900687508116,0.04308352153497574,-0.08211952046613863,-0.031197954672064824,0.07342764393339042,-0.011824237320200414,-0.31304792777677626,0.10583822962736253,0.06242788782179567,0.06857161437559775,-0.11567866089790976,0.07259262800980983,-0.19514625567002353,0.018438649424911652,-0.21835960146586025,0.08468559755056711,0.06306694409790096,0.21020412685771545,0.04935467433160643,0.0477169789484422,0.13813622180898502,-0.10813529551254006,-0.03769914447260376,0.1598682168946007,-0.12676816151297107,0.05997393619757289,-0.23182005100515357,-0.024126375495731968,0.17205298786181084,-0.00951471928640739,-0.1520346989558345,0.1789973353175688,0.29161150734803687,-0.028478514499481578,-0.024238319510810753,-0.05685373931707792,-0.20427119595114618,0.14670047485224988,-0.08218884939596746,0.004860820689931749,-0.12366296627583492,-0.01074802578983663,-0.17064537961153908,0.1263639382768353,0.17658935251660535,0.1721163334614884,-0.06368144316550156,-0.10148100253173131,0.11893711515107072,0.1523368323364199,0.040928625807621515,-0.08477211908728614,-0.21588507952200667,-0.1318996650947957,-0.037405519397301364,0.15405456409143187,0.04214198043051654,0.1303978312457881,S023
0.03222278748185397,-0.10347917310152642,0.12139055118461893,-0.03278511892347845,-0.114140275229374,-0.07334934103536407,-0.11372549535516673,0.13712676295820658,-0.10619897572130771,-0.11733324720370401,0.05916304062489822,0.0523794618116005,-0.25376005541187013,-0.0015569190348292603,-0.0600186521423114,0.1145912387798215,-0.0188011243039193,-0.0814020730589826,-0.20344392607142534,0.12151766895915496,-0.1622030259318129,0.14472382688550048,0.23658804208624445,0.13426909645355578,0.0748346578920342,0.011076427236276764,0.08812093354769876,-0.01928932724308337,-0.15747992308368897,0.24689242472466943,-0.1379490114632708,0.009145471008748551,-0.17671189266418072,-0.07392596369588621,0.10459454310828284,-0.1008855677662359,-0.17390084531465483,0.09767197953020192,0.25174511682237144,-0.20196089007504442,0.04972372692815634,-0.10963003149548962,-0.12080794289502358,0.25032891166164933,-0.04800797910096603,0.04232259595950899,-0.036712582217122015,0.02922925230202439,-0.10910742232192529,-0.1477375932960951,0.05261342268494918,0.11615827451615715,0.036182066604283754,-0.0008443761082409944,0.060115442620930784,0.10490634485574359,0.004241777788856239,-0.08222960012643013,-0.19158008938487786,-0.19399778282730348,-0.057637044081908714,0.05214951145092684,0.13223788446895463,0.13608811131646262,S024
-0.02908509013048156,-0.06253523635548898,0.22906970112517752,-0.031478414615716474,-0.15846773522134117,0.021133020515398084,-0.048243269155044566,0.08938272874960228,-0.10762463817890536,-0.07155096355837745,-0.11008755534819827,0.040315894732909696,-0.20052120223537867,0.04530989101479389,0.030790497862429284,0.18789943233441786,-0.06767859698296155,0.07068779245158224,-0.11371030918511835,0.11337729803624522,-0.1218017615866788,0.1140519742003893,0.20321002783853126,0.1542647520082172,0.03452655573727603,-0.03225171264072172,0.1624418758430973,-0.0665550923444216,-0.18849678287221927,0.10492491551611047,-0.02600937986021739,0.008619205916438458,-0.15325286358908863,-0.1059470631817158,0.04909973400350384,-0.0017905302988355013,-0.13759593119673158,0.13890333483508904,0.22954553740760897,-0.10403381784660004,0.14810184811890245,-0.09495518903196173,-0.17664994295189035,0.16734656309565188,-0.0849915949912427,0.18001548452813065,-0.018236428357993734,0.002991811263328328,-0.1727910447560338,-0.1793708902579295,0.18173645739618666,0.18051632623236324,-0.016993087520152564,-0.05562571846139751,0.15423706082893246,0.0752894354692818,0.054144263419875154,0.058674207234521505,-0.2103911510934816,-0.20386944638362883,-0.07909883046874845,0.13265271699171843,0.12659072859581635,0.09234295144808938,S025
-0.008641268122147421,-0.09523354863310972,0.20581134059703127,-0.006398854062785399,-0.1351097731736427,0.013789027200408168,-0.0776161636220094,0.10079700071346931,-0.09176439319158466,-0.08946163658219346,-0.04135184828162717,0.025044706353419568,-0.19001579758430054,0.0283866137082211,0.0224819675396526,0.18640940257078445,-0.07402696362272697,0.07511496235138847,-0.11534831819236555,0.09979248960768473,-0.1539927972155359,0.12134848205044967,0.21180543960785553,0.13904275596167415,0.024873076752960847,-0.01846970261652799,0.1683210679025933,-0.056560223006724225,-0.21509016001746958,0.12783508553530698,-0.053310328497557215,0.012563996818811353,-0.18179108013035922,-0.1198212808470372,0.07097429062596741,0.009037005226504363,-0.13384204087443602,0.10489012828138733,0.21080949054382828,-0.11424196356807338,0.1582952814049395,-0.11281131152761886,-0.17304740158540238,0.16231570011209104,-0.07845415484643099,0.17008404769129812,-0.027012685668180735,0.03142928005894826,-0.1665840460500092,-0.18046574234057344,0.15812773763051632,0.17078989444351503,-0.01354252995460808,-0.04089772761459823,0.1302888281984531,0.09167711104593324,0.0396046811703068,0.014974215092872726,-0.18967259686061824,-0.22601197477045823,-0.05893548001636969,0.13564383925921206,0.12863100347239,0.12545933959100622,S026
0.03771147145668668,-0.05459712981954586,0.17597746072888978,-0.04783428748456524,-0.1666568353881751,-0.015017371044133043,-0.0759928652496346,0.060251732003898384,-0.12668358421309933,-0.061823369241534455,-0.027848913738400982,0.026894007620286122,-0.20574690081752323,0.034445160329370415,-0.010435053133438687,0.16098968930868604,-0.026258558517466245,0.05937744902439014,-0.15203587355037185,0.15665210774199917,-0.1773906188605435,0.1295646854789377,0.22266667985464447,0.17244441793294857,0.046173654572013244,-0.004304721950474301,0.1255668403240779,-0.03875792735310093,-0.1344585752680956,0.14899928480293548,-0.04266922846868508,0.0104654307531986,-0.17002300431337306,-0.1137357677378564,0.057903210900949534,-0.035550780233415256,-0.20546182471202956,0.12883197171695066,0.24836650779049743,-0.14695378087726393,0.12649324793988725,-0.07935641013314765,-0.16913122320465468,0.20998332557726443,-0.0611871941899924,0.11851590694645293,-0.06569867327618865,0.029962264864187172,-0.1532818650463014,-0.14630399062761668,0.11814454215780633,0.13993646613617414,0.018172604426735954,-0.06386467632698277,0.11392829920627133,0.11324732026943442,0.03424820919405171,0.002148449309791814,-0.22544589077461122,-0.20130048712196139,-0.08257897078694437,0.1320998458839729,0.07992502587014022,0.14741370544629848,S027
0.048781727734786104,-0.08677499056881563,0.15526918354535157,0.0014264610113770494,-0.11216665813977952,-0.029031304474260364,-0.10182724679204555,0.10347177916223482,-0.10042931544562972,-0.06917224748950142,0.04350470402972534,0.04018772140436146,-0.22090455960856817,0.02975692704979022,-0.008728907069275925,0.1414063149150779,-0.031197271887058137,0.0162612017928828,-0.20343818271978453,0.11111590270964165,-0.20136158182627828,0.09524689364293568,0.2486329213401285,0.10840468313910655,0.08126242560706495,-0.008359556298301464,0.16501548179939135,-0.028952478142958708,-0.10820899273108196,0.21835846585337484,-0.10994500193606568,0.02846421101207954,-0.22029876292753428,-0.1002002694699611,0.06719137877271494,-0.08149697543308473,-0.1768407510519855,0.14207458745672513,0.26091094519765595,-0.15147482217102126,0.06795053480935707,-0.09642967585616904,-0.14086574113861083,0.22785725246433314,-0.03904095719485542,0.12001576377477514,-0.09722950712584162,0.007294632304251826,-0.11991515362899198,-0.1131796611048752,0.04712710207970934,0.1278990038036963,0.011098381355536098,-0.04775920638442588,0.07674949502474708,0.11262537759947845,0.00749320263397177,-0.048682586294831846,-0.1914379476482099,-0.23109223270915832,-0.052633199963061525,0.10156883808932053,0.11972435963020783,0.16510498065406803,S028
0.06784864821531189,-0.04559767168407634,0.12182483318272563,-0.044883808582334525,-0.06980675473144833,0.05842799356001586,-0.038855657248789484,-0.054565352862497446,-0.07215024675289061,0.07597364202903092,0.029688570119844625,0.022909583674286957,-0.2789374798429654,0.04332538335722457,0.0762971555834393,0.16627862356944334,-0.1493824279820373,0.12023540972685426,-0.22646913438261296,0.006574303538145519,-0.25847189283905564,0.10783026378463295,0.05642308470131548,0.19772448531887946,0.029318203981743327,0.040167640996439415,0.11776505557699643,-0.03864909685221434,-0.06273968674191625,0.02350724232024405,-0.05988824761821222,0.05075111075560064,-0.1741178540304323,-0.09982580335531814,0.1551125183542245,0.07476212688776776,-0.1518592790744696,0.1058531830506467,0.3014766094571743,-0.043785079315657484,0.03272058514642028,0.0006079318647277798,-0.24272923303734834,0.1043047399734163,-0.05343879055621328,0.07090805557941349,-0.15960598230411746,0.044682010171071,-0.22160379924513093,0.05467233588663431,0.16487833066092758,0.143933818998494,-0.022638268468963427,-0.12744803282154707,0.16041627451622004,0.11666812952998669,0.1055716781797351,-0.026796868191891778,-0.280515107009307,-0.16296355657282827,0.0023109221170885636,0.08872550309767302,0.07040931079532647,0.09790874984902029,S029
-0.011645747170592264,-0.08101192572533383,0.23366574070696544,-0.02770641211949193,-0.13226034300548073,0.017019143977853785,-0.056716358145429774,0.07187307075292865,-0.08713445121832818,-0.06632145400265425,-0.07626983156901772,0.03619808231341525,-0.18057469975011145,0.02668473450997446,0.02980825534810718,0.16778516797697324,-0.0799659075472499,0.07041961662703858,-0.1404965236395844,0.11217328513909923,-0.11524606454091006,0.16118199629928248,0.16913135002245414,0.14080880171948815,0.028941023248364117,-0.04354114789903852,0.17553917575714229,-0.06315535924609908,-0.16020260060154506,0.0979506373131321,-0.029113778495631907,0.028785494767756593,-0.18214449604029798,-0.10007134395417398,0.046050875107915876,0.03383165939611094,-0.17863336590947754,0.1295082340303351,0.2186337880730713,-0.11434557835628316,0.12485991301283228,-0.09398012872447818,-0.15587785328269096,0.16586479143684543,-0.06800145598358619,0.16542380235468032,-0.03542353929813988,0.033783244261318554,-0.17759987205341576,-0.20199329382230183,0.19074430945875265,0.16660599856203637,-0.029550158856997386,-0.04992932304940389,0.12433396787555104,0.08476617224395788,0.046318567728274536,0.016731495222622038,-0.20726059307680106,-0.22496996437075487,-0.09729918132802234,0.16063493783568247,0.1320375771511324,0.1349128804241903,S030
-0.0023737043207503264,-0.08961769879580976,0.19188807072574848,-0.04133495962413052,-0.11607424196500174,0.026020314259811914,-0.11393590662118133,0.08246759359275055,-0.16229739667350873,-0.08654165057937958,-0.02273325833843585,0.032472850287536915,-0.2188977903628168,0.021803328661408834,0.006425500434983974,0.13179318224505937,-0.0663665823821661,0.049757944949948216,-0.144502351354485,0.07428747293640285,-0.19818530520414385,0.18158533409006286,0.16349773598134465,0.19904090015575293,0.002523915981304174,0.0028752935209426468,0.1334633530584829,-0.04736870407325376,-0.16721254543938083,0.12501595221482406,-0.06869135910960869,0.009902046357153369,-0.12331802759351125,-0.02719433673251433,0.024840009574393748,0.026821355780269063,-0.19882748773196077,0.11800557294813334,0.22671423594371148,-0.1775391421153305,0.12278456190028623,-0.06104814984333131,-0.2091073646209877,0.13377972574650734,-0.05110294005764981,0.1204231355868416,-0.04656999783694663,0.004068708345114859,-0.22357875162652868,-0.11473302019912279,0.15266778982713844,0.15843017371557688,-0.05567146430588704,-0.09694333925291224,0.12695143734569586,0.0820509029561959,0.02599060814352369,0.05014288494385903,-0.2587431809906238,-0.14061737047275905,-0.06447636758891413,0.12695516078133004,0.12928148948274526,0.11366548776857614,S031
-0.0037199397185846378,-0.07952510663021597,0.20783674599554072,-0.003373730004624732,-0.0931514817920685,-0.005834655043311411,-0.07663918124365074,0.076825544701434,-0.10199928558492802,-0.10727584369941447,0.03518485626624013,0.05955595100513849,-0.26070226744241537,0.02978188084217489,-0.005361411530141089,0.16098087845719158,-0.008895937239291484,0.017125462222521922,-0.17730828371652643,0.06889025745513444,-0.15744350277350555,0.17035016186739846,0.22856294925896942,0.15640186559675243,0.03058189590679166,0.0006257081886454106,0.10826727363465656,-0.04724846931921727,-0.2018019116087414,0.2015067890598198,-0.06785544022888083,0.014130370372814604,-0.13152912699809616,-0.0817490530544423,0.061170370056694096,-0.012929356232433338,-0.15195326066203788,0.14516902691046096,0.24411921886975133,-0.16220716052503614,0.08803843085016204,-0.12126143080324979,-0.1589811664216712,0.2122030911163567,-0.04320086237394142,0.08586574757567894,-0.024952326595376592,0.054163715536570615,-0.1407714586266559,-0.16631438283245034,0.11381528272569236,0.1501298983372947,0.0013756029177788916,-0.03366084555497721,0.12565673790085524,0.09787281250612213,-0.013836581288250348,-0.021659314908990767,-0.19902882609446346,-0.21131168730282548,-0.06567094914108901,0.0886728828714884,0.13662292553912253,0.1346332413728376,S032
0.09387498689623497,0.06645191762495364,0.0701712463053486,-0.0018471018133711956,-0.07418656533540549,0.03649396114776088,0.046207284540541085,-0.004080455827937569,-0.06661558497037157,-7.440361765621193e-05,0.024771122217950334,-0.0025902103857761948,-0.22079479673738214,-0.045645718950858095,0.11607388719709552,0.1101311407157872,-0.08636946337963883,0.1832122915687692,-0.2452773315377941,0.08199668367952351,-0.2464179141518615,0.0631078037412013,0.14008415865014553,0.17768417872111325,0.13400539068205322,-0.09915897168840884,0.2295379666076079,-0.016931338984395507,0.050292232467908586,0.045983484577563835,-0.09611468170904239,0.0685403462377449,-0.19739815116557308,-0.13425800116221692,0.13446694155754743,0.08275195634293428,-0.15650203944080635,0.19104153917195005,0.25446979705946554,-0.16254175635880058,0.022985280793508367,-0.04672971174429598,-0.1458449379461291,0.12330389817510128,-0.03176724513092564,0.18591199938702133,-0.2829491329816861,0.05179699138914838,-0.05322994018716198,0.07875282698894116,0.09962098528106438,0.10310053533880219,-0.015170926390406108,-0.11009268474274181,0.14056901083357515,0.10328098364012733,0.030536889420498224,0.0009139320312971463,-0.20785163649579874,-0.17744590976065983,-0.03714983641483697,0.07226860649851806,0.019963948203343296,0.10459365635385075,S033
-0.003415072234113935,-0.07959685056055527,0.22375990611005622,-0.003416200046130683,-0.1318751165651605,0.02781219497890275,-0.05188883592955192,0.09106034595369407,-0.08335309053636619,-0.09997614055689186,-0.041894309455717774,0.00677555370578939,-0.21678401483633747,0.030426543443313116,0.05315546908635476,0.18822650195313548,-0.057378116507526986,0.08674617612669967,-0.1295343251108162,0.07935820477907295,-0.137948782613539,0.13683768887891654,0.2178738974673024,0.14927437765115256,0.029308829706872007,-0.023820609196318617,0.18564657587231143,-0.05260497054625919,-0.19352452978434276,0.1236338072016938,-0.025670959048883495,0.04024753482076417,-0.16858320928874565,-0.1251218952715641,0.0572186831260291,0.005160877543837068,-0.16234143421506078,0.12099040064170359,0.2088664471369199,-0.13280959309530793,0.15783414947787272,-0.11197694976607857,-0.18881584470201948,0.1780114050396659,-0.06502930324633296,0.17328164542678814,-0.02718472773980775,0.025923931999262705,-0.17621450350469006,-0.19102120820757593,0.1452074636726803,0.17079832151249377,-0.016369448942262138,-0.035730019565824576,0.11984855519662736,0.08825695755196496,0.019129138828507263,0.023234072157579472,-0.16008099326989583,-0.1977194609948723,-0.07513991198046399,0.13052410074088686,0.14787130200250792,0.09565643193181425,S034
0.08223330379655502,0.019121910445420533,0.2161963748215678,-0.04939908626155671,-0.03104534853132596,0.07013957617074647,-0.06395069153372519,0.0300032328642551,-0.11190253427521103,0.11795186605246154,0.09600563433097603,0.09166103829293949,-0.09743063563591334,-0.06050843528102285,0.07312566907441781,0.08118527232188483,-0.13206082506976233,-0.14364369988915515,-0.2731663228706721,-0.05065892316951904,-0.3068537193881724,-0.08882008961147993,-0.007481482326674751,0.17222546108462264,-0.014474161030829321,0.19801641264451092,0.11277299337042623,-0.008759792433074624,-0.06074314708777158,0.21976670021129743,-0.16076196027201722,0.04691839166864099,-0.2373009167361531,0.035502676447624844,0.07595593015066543,0.0908988626329598,-0.09955425679340747,0.038000979960699365,0.16455433265631927,-0.01896330583878732,0.09845144207216394,0.07853760516368366,-0.22415941064836875,0.10406285195227961,0.03653016699942063,0.0434215915499104,-0.2540205387144665,-0.029713274317849585,-0.1833221218446152,0.07914115276973296,0.02694457493819555,0.06918420187097725,0.009097028364536172,-0.11322604422708209,0.01799649798258501,0.07327556764509112,0.07833910743473851,-0.02192743516846189,-0.2665583826861449,-0.11529245234367501,-0.1372430425360004,-0.03173271640768102,0.007902188454842607,0.09756224586009661,S035
0.046872899171538994,-0.09669809680777666,0.12709224637640118,-0.03727793418272844,-0.12527180485124426,-0.08304826700613906,-0.1159053244984381,0.14289128010880076,-0.1074146450975626,-0.09248024024408402,0.0335102806753985,0.03901692977563607,-0.2474721386589967,-0.0039364153244741415,-0.06393658442557935,0.11566669433898989,-0.02542898609270979,-0.05219393117305462,-0.1704827099616519,0.11640820458475949,-0.20892089432661604,0.15066547459887616,0.26538007000161423,0.14312230261853276,0.07341626426100127,0.022892612831796263,0.08974982034364712,0.002908214376609524,-0.14321408136116417,0.21791132042190864,-0.10682138684919129,0.00958878560557107,-0.15692648345742635,-0.08120962824777765,0.10569153306559685,-0.1076877322536156,-0.2055498933828387,0.08787769739503788,0.25900734367013367,-0.2250820313396471,0.08430351672348159,-0.07830596087231144,-0.15135151859645943,0.26258799632684177,-0.03128172571179172,0.0523924591275778,-0.07232476684235138,0.029780861389357687,-0.12138292512312956,-0.12348865514121818,0.032495022612115516,0.11576945461052822,0.03382319969175282,-0.02695834788708912,0.06404896853143813,0.08656338606315624,0.007677359542973179,-0.060314664042044004,-0.19953201662744255,-0.16709685634938454,-0.05955535447995594,0.06659767450151736,0.0942034049335367,0.1461044361639184,S036
0.04405105900394997,-0.07869772995066009,0.06505955468931904,-0.04269085256088538,0.0025340285455110246,-0.011913926325633052,-0.17400179227251295,0.15571757589977447,-0.1518537295615896,-0.05177342007018608,0.033293534041944094,0.019922106752414813,-0.2401789624163817,0.09750033003793125,-0.03431186830448393,0.04187999888311119,-0.11857419767848679,-0.008532854175737552,-0.14591740552308285,0.033586039461974575,-0.2567246047650452,0.08542789604492107,0.06379342001768276,0.18417694056115846,0.026809025675727086,0.0403212196917325,0.12702862634568293,-0.08715205333846635,-0.13493099116692917,0.23751290424276955,-0.181803110153641,0.08700763947209335,-0.23282825723368802,0.013787209420105249,0.14950793620109826,-0.06491929635865264,-0.16912136869207078,0.1716271185388988,0.26565384511662965,-0.051952929066613404,0.04307201140944933,-0.10069228440149781,-0.17120847422719226,0.18814773330371296,-0.08758630627431406,0.00037900089381792825,-0.08642902612780093,-0.036071248372524796,-0.15903228821378423,0.061899189052089014,0.12564190749753198,0.17069868141996328,-0.05334724712294575,-0.07160026806696448,0.05541451322072898,0.15280284071613542,0.030246140826798464,-0.10712309864245795,-0.16679299770686565,-0.14901902307885803,-0.08447887107764784,0.11885218163408504,0.11114638052492165,0.10764837188389764,S037
0.03379859202468922,-0.12144635159713525,0.17889918167480745,0.014871198364642952,-0.12003356093922611,-0.024645305160792143,-0.12374865750122337,0.09076951084968701,-0.12079149856364746,-0.07785866566778843,0.10576304434275031,0.06842620558968146,-0.2556279182152876,0.039908079782181784,-0.027843364112402746,0.1556593968807173,-0.011612675005344818,0.009409409457066632,-0.2072519311448223,0.08618787099149021,-0.2013195693835,0.1388875724032749,0.25268022801817114,0.12369412760437345,0.04115391037275205,-0.002428401509251423,0.11319764413131031,-0.0220993028933497,-0.09874050729792921,0.21636552059105013,-0.098349533824282,0.010940789958306356,-0.1628695378219928,-0.08263818006516746,0.03253011393444934,-0.07083077682054442,-0.15745403137121808,0.12720075019367869,0.28093808553883537,-0.14738412192612002,0.04764111688641489,-0.08459593818799756,-0.1255753219649644,0.20113071868635995,-0.016029139272902865,0.07538012410692277,-0.08083751177552338,0.01574048700961221,-0.152341117695845,-0.09163058081023774,0.05018006642882716,0.12203155144294417,-0.005692480130614579,-0.045468262315185845,0.0865284825068738,0.09434533847290018,0.0045646398556299225,-0.036681482224787364,-0.23108180532683756,-0.2215821097041583,-0.01611716079706115,0.10028941571168697,0.14632725325729432,0.15448487265523708,S038
-0.01818409840635023,-0.07485232666760497,0.23771345123887078,0.030286535544720248,-0.14107616995825636,0.04072582190628509,-0.07258739540214144,0.0853886956801515,-0.11313820875838404,-0.08007338790410376,-0.04200289699358114,0.014519389609887356,-0.19040199658778298,0.019376384269916322,0.02801205542355392,0.1965943257838385,-0.05224628854519756,0.07919810628354675,-0.12125146287776026,0.10112903451205275,-0.11785540305769174,0.11592417691832103,0.2081539530767641,0.1477027930714377,0.03338473270733054,-0.019572745987438554,0.19447406707587692,-0.05570070531209758,-0.1862578961274726,0.13107592567134727,-0.04583722865330544,0.019847339098071085,-0.17487555775684546,-0.11428430597980728,-0.0034776754806033518,0.014995451713577886,-0.1583637689905984,0.10226992316824612,0.22149505700876523,-0.10107873307500649,0.187764514244418,-0.08593017846810767,-0.16206868600400617,0.12954603313267107,-0.08045743184151481,0.17063237485116617,-0.021713687292606636,0.011753865718465137,-0.1844389390516613,-0.20652243989215016,0.13774182589460693,0.15704206306415475,-0.03107309226819465,-0.03976004904804477,0.1374154217513277,0.08744711296747487,0.05101682882225895,0.05837696265031917,-0.18416364557966858,-0.18673476638209086,-0.07832836309679525,0.16923693002745402,0.1727552107589368,0.11211877240357374,S039
0.02885161035767355,-0.08223887651592114,0.05086221691069341,-0.01440647473682762,0.015266542104932822,0.020606600775198117,-0.19009000431132184,0.15298411060204947,-0.09797815669188176,-0.05612793708257052,0.11186632077782065,-0.011606566003336066,-0.32872231036536304,0.13423068966318952,0.01697011069569967,0.04194599892665697,-0.15460216188675222,0.04361589365674492,-0.1163112403911282,-0.050471939794155374,-0.17626403839792498,0.12195521352123594,-0.020399434786296453,0.23860939139352805,-0.010776775822532903,0.002959025537875558,0.08094862602758715,-0.14024524487627887,-0.09698345332829887,0.18260066620242552,-0.11999175742229995,0.04532719366077296,-0.17780790607429076,0.00475316335915904,0.183935167796697,0.04465373117265679,-0.09656871012831733,0.1868302335603918,0.24425817320526086,0.01870353052612773,-0.004660162245760666,-0.09049781256831925,-0.15256552569248746,0.1499369820759517,-0.11627458107925051,-0.052691765106469585,-0.09460435959387463,-0.0017484398022968928,-0.16990526131609907,0.1329345544436838,0.19799488406750598,0.20743517744835138,-0.12693925413643403,-0.08825580798236711,0.10842511705660489,0.1298809254439226,0.04789146172376247,-0.10234702692620001,-0.14623448974606826,-0.12510928926460468,-0.011757016054888986,0.2072925678875603,0.07908563576082135,0.0648073619923083,S040
0.0012825119732425747,-0.08651684096513566,0.25379149046930777,-0.0065025564800660985,-0.14762073495743638,0.025703576545991008,-0.07837012030458808,0.09411832429494106,-0.1091129274342882,-0.08757774244145396,-0.0166973306499544,0.03890039983897238,-0.21593214979216482,0.035931100035580206,0.01366259175629936,0.1858198343301675,-0.05822325473662415,0.07382544532072688,-0.13504283943070966,0.1013380971020505,-0.12156470492212268,0.1481141748229614,0.2095348447913101,0.14810035942270064,0.020991600962734978,-0.024724736490069062,0.14973495676331544,-0.06298094294579748,-0.17681681004255334,0.12702451266887757,-0.03528724012751483,0.017752506747230428,-0.1704657633542722,-0.12006711445115426,0.04475829303895177,0.022252872299432614,-0.14458877592586328,0.1263308301615884,0.2331597113898197,-0.09767762126876792,0.12100197043025897,-0.0817924358524916,-0.1529209006654345,0.15059926812551688,-0.06878365791352863,0.14052753005589652,-0.0447701281596609,0.03396949130462623,-0.17758137767954987,-0.1830033657680914,0.16041184617654822,0.17641985872975013,-0.02431691637667676,-0.053044014923948266,0.131143310074962,0.07478043811188079,0.04463876708975301,0.018932615314175633,-0.20320421966823446,-0.1876985966748011,-0.061058408194467804,0.15322086483681516,0.14003831168297465,0.11755076488822082,S041
-0.019415810650198876,-0.09196080114825707,0.23461360530620373,0.01705840767921566,-0.14368803586927184,-0.004515759315038461,-0.06724991741510472,0.08041790150244127,-0.09076050349883046,-0.10458703333564154,-0.034458983010350004,0.030238697436735903,-0.20648363452326265,0.029869735984578972,-0.006884950929456686,0.1637317326911413,-0.026503088670849443,0.04437874654919629,-0.14171500543286217,0.0813694935690141,-0.12425463872222413,0.16891006883003232,0.20808063964311055,0.14658994225467603,0.02197559545000879,-0.024910165569314326,0.15625094962256167,-0.047803454774496115,-0.17954564723109734,0.1499393277036555,-0.04144675831189357,0.018256053534217755,-0.18082033223947816,-0.11792938604885736,0.011709770299926155,0.032411544078672756,-0.17501020621437746,0.11031992347706021,0.21017268595175778,-0.10946177234323826,0.14146153605009087,-0.10416831808512571,-0.14613854484372854,0.18961772446549127,-0.08269917418153207,0.1398068634792799,-0.04062473835132116,0.028127640910832145,-0.15840850929017997,-0.22680033935299956,0.13307681788259454,0.16413424722824257,-0.002464870828586334,-0.015124425227335205,0.09893577759896564,0.09650134956548015,0.007059525498904643,0.027381192484733013,-0.1950598174103641,-0.19986744482850513,-0.06399020738331092,0.1521278412315991,0.13358494136561322,0.1273229773187197,S042
0.006835081902061366,-0.06815628854471406,0.050738021293111925,-0.08575543997169571,-0.019537559339800014,0.06053118858012436,-0.08005163681944438,0.0511457742593164,-0.05046368741772467,-0.00276371867775902,-0.044795581476593745,0.07280242316001233,-0.2391211521527115,0.0939088818068475,0.027959775102711408,0.11537770055537272,-0.14891163349644035,0.08999636440292497,-0.18213884020352203,0.04954181043426806,-0.2597800795060218,0.14941375217562394,0.03164633426982418,0.19125536705026722,0.0036003158361413014,-0.01659087935355141,0.13341832929264724,-0.1261396421788842,-0.09294233472477359,0.13623279225039361,-0.10093638320616562,0.02933087292685784,-0.2236362421869794,-0.06887821976700183,0.17634908850397338,-0.003786759959148717,-0.19879543775590494,0.1712243180044933,0.26914609760698277,-0.04030056661994008,0.009181141790380787,-0.06987631579882946,-0.16877148474000053,0.16195996096654663,-0.11402430503674076,0.08696206870393444,-0.12083535169735972,-0.011184927809013602,-0.1717778737052978,0.012005510025466529,0.17276845712060604,0.15926782559093855,-0.048483513571373045,-0.08205092847884107,0.09107817135560681,0.16434135286176824,0.1041757304287368,-0.11803807735728145,-0.24833411857016685,-0.2086801861419691,-0.08508297454168329,0.08902885872801541,0.08130584472844525,0.06949072892721705,S043
0.022785955823817018,-0.10730775915959793,0.004604658643885505,0.025941130105611426,-0.007187938788096263,0.11780098168060289,0.012599641692196002,0.03257508758886971,-0.015239978617074273,0.08337761459706552,0.21589262658391473,-0.08318991776819983,-0.20112399247263518,-0.09768141364478435,0.11014313710929709,0.07572377029652273,-0.03815649155930831,-0.12540866519166907,-0.1524661992857406,-0.06837693695640902,0.027877671439088064,0.17254399690017164,0.03473857608931378,0.21513287739617165,-0.1260950444378314,-0.10533325071726637,0.187403505138368,-0.22143955795371542,0.046608026513687804,0.049486385004871715,-0.1985510065331099,0.3048803885044752,-0.07148499784742343,-0.015489853140598423,0.0020266412672388036,0.11016211766297596,0.08213564728155416,-0.0460957894418857,0.11874993680099333,0.05778676351964926,-0.09859773207712623,-0.10833087205449084,0.039519036594365196,0.11855322135841878,-0.15900717720770094,0.07382015426855723,-0.30668848961131934,0.20264960310035016,-0.26418545835220075,-0.03940938814704072,0.08649104519141469,0.168289978465502,-0.12391406048150116,-0.047359374696355615,0.06429984157172347,0.08159171139205829,0.006808029822013058,0.06369604401994643,-0.029563546051393375,-0.11097130009301026,-0.015781444072034516,-0.03777646201768791,0.11499946254204456,0.23753030173902218,S044
0.03268061574738698,-0.07734254446942054,0.20953468369707248,0.01893622829392446,-0.12042043007877809,-0.010082000883081489,-0.09543342283595108,0.10104904314352704,-0.08635917693631939,-0.0921023959556814,0.11792583911450236,0.028237857843647428,-0.2499025267949282,0.025632141758884217,-0.011252380794314303,0.16170993917246596,0.016375330840354904,0.019640995163400784,-0.20604846203703903,0.05879763640194973,-0.17016566694925334,0.1524255451833027,0.28854813794117185,0.11166365674931064,0.06422907189669759,-0.022581847208110854,0.15997142046636614,-0.010547837045900966,-0.11873382547029726,0.22589092739697908,-0.0879574136896258,0.05866540413721509,-0.17210085495814564,-0.1084304115917834,0.026757970026020598,-0.08150087717344888,-0.17182871549735385,0.1365232819027433,0.265224336297679,-0.1170648349700049,0.05875467693242902,-0.10385471848364938,-0.13848511446575923,0.20492388313954393,-0.01563256028011361,0.10644115680025917,-0.0453009945618,0.007724655367229804,-0.13284005625832393,-0.14735743959427888,0.04471327526898765,0.14879073735110776,0.003632901013596139,-0.05332728740239378,0.08883967553093257,0.05791340871244241,-0.020137578166878316,-0.02348864532611849,-0.1731393286213425,-0.22075358170992762,-0.03541014723387297,0.08830748576344936,0.13785138078615336,0.1294556888219886,S045
-0.007599797547113258,-0.10123610282610773,0.18072521297455268,0.0035471270021097305,-0.159787207917133,-0.026518094250467316,-0.0783451090483944,0.12097540401239529,-0.14902067948992026,-0.08803547860947329,-0.04292860738728083,0.03255838987699789,-0.1666962453646155,0.021157372834331323,-0.0448502695466754,0.15430428516016761,-0.036453907242737185,0.025857802093372767,-0.14030015189387027,0.1378180845977859,-0.17588984945463126,0.10107730396164666,0.2439625535608269,0.12102479679263717,0.08981472557867298,0.017196666061866504,0.13565285940309918,-0.014621795346876616,-0.17510749689153957,0.1806477242934151,-0.08719594065402238,0.007268637008801295,-0.2040471079555798,-0.09760843536168193,0.024049310062336418,-0.0644971673521589,-0.1735053361654186,0.08902346376594572,0.23475142476645935,-0.14631011617624093,0.16080635972767632,-0.10226122593708774,-0.17428874628181024,0.18218319303067476,-0.061870311198068136,0.1469402770082258,-0.05869498383524905,0.013855902888094886,-0.14112798629560486,-0.16651499449724005,0.06227438328780683,0.15432704071502942,0.0069491241923299195,-0.0283646809667007,0.09094744592950438,0.10888004387301281,0.02810093281106667,0.023250514740760283,-0.2088270363853484,-0.2006939929278626,-0.045767007808914496,0.11251057394070745,0.11132542691633819,0.17378958979710915,S046
-0.019869146073546742,-0.08274563603083535,0.20764586534942486,-0.006703923602696534,-0.16026584754257928,-0.013435755554550042,-0.12006623232448496,0.1247990554547528,-0.12144445898512425,-0.13175293999207546,0.009509004861723212,0.012208935726412212,-0.193894154498807,0.003991767725411134,-0.06331693461698418,0.15185525082056903,-0.0052881898466996214,0.01553132858683791,-0.12060846391453701,0.0987960753064134,-0.17648408653989497,0.18267445282830502,0.25036867427386894,0.1457072121408418,0.03985221139829158,-0.0035917073998822987,0.10151867174449411,-0.006276201563967408,-0.1902754353121245,0.18316471903536719,-0.066132329595457,0.0017208414064260912,-0.15212153905552833,-0.09336210246908172,0.008979898098966639,-0.05647242472457163,-0.1962870160086111,0.09713649718751635,0.24448068150013896,-0.11467043764913572,0.13007295125710497,-0.07958625652841644,-0.16595410638772023,0.15947499823526531,-0.06971269661984489,0.10169248504711881,-0.030823863156288947,0.0020526903571886257,-0.15513481900599996,-0.1817370990524287,0.08435849100045048,0.18111917515829518,-0.009053992418871452,-0.019233236726571144,0.08751357415870929,0.0858161246821189,0.03938225335852106,0.03467322273824696,-0.2200758356781707,-0.1646062159497542,-0.06415193989140267,0.07480814886827104,0.1366633708243021,0.12144575829586758,S047
0.048880645215669316,-0.10508201658412555,0.14605841697845254,0.017806993540036162,-0.11277920408507672,-0.0633392492974425,-0.12002907721540684,0.13903966385551414,-0.12879952725428362,-0.09372346201658409,0.04992811038409952,0.024778121792863223,-0.24062976186595686,0.027542360852310113,-0.05602915031174989,0.13212337141616162,-0.03271503818501016,-0.04343638297660201,-0.18964828438023676,0.12922752206631397,-0.19139744515674734,0.1250958071472834,0.2718244362497104,0.10930440513035167,0.06872691718119994,0.03386464030915846,0.13066557927723002,-0.014937989743886314,-0.1487587075831847,0.24022343784205683,-0.12499925653075362,0.008410451093297,-0.19548974064971614,-0.07427804377892082,0.08453341782251099,-0.1122557073829765,-0.17030713254441726,0.11128405852205417,0.23305438605813053,-0.20698503526583395,0.08457939694039603,-0.09224232730892429,-0.12914491018486826,0.25001124744216197,-0.048401005234678475,0.08679750112181259,-0.06891145887590888,0.02703016751270057,-0.10253852359933766,-0.13053401616325233,0.023431924669067367,0.10541851353720309,0.04489536482900483,-0.02960397650069168,0.05619894151154545,0.10932630366673106,-0.01114876643719608,-0.05092114426332581,-0.17854227767675157,-0.17910782863524938,-0.07033377271799811,0.06612700824389713,0.11856116600487808,0.137237801591975,S048
0.053746055795563505,-0.15129883178858364,0.17608414476128065,-0.04576659994546613,-0.13002223660860837,-0.04367340725206043,-0.1870309753634211,0.10792105448746359,-0.18926610091768453,-0.11368633983353128,0.1043003622921108,0.03135294756801274,-0.2970966235432555,0.0819137225219203,-0.09798980581519817,0.13749848850860247,0.018239996234406666,0.002183912509970538,-0.15239443745166364,0.042037786689104226,-0.22623668433224006,0.13903105249525224,0.2108564151963146,0.19419116496039568,-0.012818042326959026,-0.01466647416208236,0.049767164242809775,-0.01728143011081525,-0.12599816606071568,0.17371119914106292,-0.0958127799211109,0.04351432664182214,-0.10799281254830878,-0.038330589845096096,0.05945867916722339,-0.11053511724525798,-0.14733512935668872,0.09156866970015735,0.26950507201372265,-0.11668233786146984,0.10034964335736214,-0.06922350562222816,-0.1272048112279676,0.20284637094192595,-0.02157550810864625,0.015298509394862866,-0.05562958478050322,0.00679380202403892,-0.18440264755010563,-0.04941379916626121,0.057647566355312145,0.11367774320928406,-0.025547288799883956,-0.041132770855954286,0.04113428749308446,0.09503228920450085,0.031336365849275065,-0.07468937646606012,-0.2279981240282017,-0.16481311943116497,-0.011602981448602948,0.12562911678961688,0.1339654216484131,0.1446938305043171,S049
0.03449365309612082,-0.0634767562240274,0.09987802525173005,-0.07494194142502565,-0.04033957466303059,0.06378428824700312,-0.05383614698854325,0.010967718620110771,-0.04297177314854526,0.014388837407076291,0.024590187663305434,0.009278455370585019,-0.2870214687133387,0.0869128188459233,0.06376390545706277,0.1327121948015622,-0.1486519678559906,0.13447955118274346,-0.1852359818459568,0.023981095589409324,-0.21631113189196194,0.1390764935761285,0.07149330532635484,0.1878317159674033,0.03098835469538869,-0.06107897181911637,0.13487544679881222,-0.09824623459923273,-0.04626248733863009,0.0810948606346505,-0.038059844672834686,0.032398712345327645,-0.17632645442800335,-0.06467832877971846,0.16705126368458162,0.03372581791295244,-0.20058671081083734,0.1594017078602272,0.28724011639510977,-0.005862575146031326,-0.012453695439213075,-0.03496256686722689,-0.2282318451838241,0.1453245820931648,-0.07038985970923223,0.0666392954916042,-0.1415044906413441,0.031269698268592896,-0.20048919677371052,0.08016262009259147,0.20059524835342973,0.17708025667647107,-0.09987390398029175,-0.1320407149228131,0.139688783207012,0.15135379172717484,0.10104293604982782,-0.04362360092056821,-0.22784648122117734,-0.1680119436169385,-0.04510457746723202,0.10207352164484719,0.05010778299902759,0.1214836353611029,S050
-0.042591064190430565,-0.10799811585637238,0.20886596546945918,0.002177145641855692,-0.09801846682690447,0.010848824757692069,-0.0333754268842441,0.09912210465243344,-0.09723302007689373,-0.11614762310455777,-0.0745988377675542,0.04225289268154169,-0.22242165544187478,0.040254863461433685,-0.004983869586529359,0.102614174456422,-0.04025932171677796,0.06908096790116222,-0.10660885268897903,0.07213006380355377,-0.1723772190468312,0.19365550587629202,0.1989849231011526,0.14659803106278246,0.017039243428204124,-0.029467138140336118,0.13928203621487448,-0.06914708267140847,-0.20035040782078736,0.11760265191807259,-0.05092819877895138,0.03278328142029312,-0.1509143937839478,-0.05577954291107272,0.0544389535106174,0.00496858848332563,-0.17356704003571052,0.08059114125700191,0.2042951623894628,-0.15122858540643142,0.11355727250103333,-0.1197754734160284,-0.22136043484007029,0.16200449643231135,-0.05622677743009608,0.12242246900153231,-0.0004985872570814393,0.025367165592120756,-0.2235926709656652,-0.17835336617943845,0.1472610861883379,0.13958649416989308,-0.0630674650301949,-0.05713701623652867,0.1267589288927511,0.1006912910820858,0.033611780115803125,0.027331539355218804,-0.23514409635025021,-0.23107083478384632,-0.07050944807829797,0.07335061205907932,0.16389516374007942,0.08547998446927038,S051
-0.011429577486451917,-0.07829363422703232,0.2336663674918311,-0.014515627511460415,-0.16740176513559754,0.030087718788284035,-0.06857969331523471,0.08009256925026086,-0.10466139166560984,-0.10707558095201211,-0.06524953928200022,0.024032088367874554,-0.19364781396320196,0.023990040460628647,0.0010778023831023136,0.19818746584955882,-0.027112345429214344,0.05110005992305155,-0.1310333294481392,0.10640573666562327,-0.1438815244340814,0.12618452724989176,0.2560758655455134,0.14294904212489246,0.021984551889095212,-0.008405188618845566,0.15937908340890605,-0.031771074781634635,-0.20526146101367834,0.15559539349621754,-0.048696777366505566,0.0047608946385964065,-0.15914138217852702,-0.12211589800334752,0.021181209793003166,-0.013319367775556827,-0.1600093385588172,0.1089616397204007,0.20035759449229892,-0.14303118761812678,0.16725300625177378,-0.10019973745195843,-0.17994286312174584,0.18004166385982714,-0.06675924404778348,0.17074547980999394,-0.025235588901821003,0.025436632440236057,-0.16639495759020131,-0.19488389808834242,0.11195523649535641,0.14334232240086883,0.005638391764982604,-0.033946032068555676,0.11759032225440536,0.096174385498044,0.033500823269468225,0.05226523593961279,-0.19828318553538077,-0.1944600718136148,-0.06163196817214487,0.08922625327011137,0.13640861214274685,0.09627702454207981,S052
-0.050087307749879295,-0.09724602730639788,0.22935917977387907,0.02023364654896775,-0.12510873354322943,0.03988612424872943,-0.06533787601787942,0.10470868098393826,-0.10662362453862798,-0.07610549678925656,-0.05810589009533655,0.0032146142776890334,-0.18959744123537886,0.009137339597551062,0.0131201497979146,0.13978197010774707,-0.07293065348779956,0.09237916119742137,-0.0820508146544317,0.07114649577014859,-0.13399516689762592,0.17282817670750647,0.1699572721396769,0.1550269071975299,0.03394472167225363,-0.017046497899408965,0.18381550676679828,-0.06489135240047737,-0.20840583912807242,0.11536900276653912,-0.028237396923428238,0.03618273867919065,-0.15999780548475315,-0.05255822935450548,-0.012215723534871607,0.039518274871160934,-0.19100423729609747,0.10613189792283399,0.21323552274690175,-0.11376195773226043,0.1588111023722572,-0.10063457808107548,-0.1966478185401245,0.13690783617289745,-0.08258671213014164,0.16308443459137453,0.0021158952723764005,0.004892848105879725,-0.19225125864627093,-0.18155962052332736,0.18350580932995747,0.17862507284271834,-0.07058226278303947,-0.04568089315848019,0.12653651316367576,0.07159961649977825,0.032652633531236534,0.07053771368941304,-0.1817362610928849,-0.19514283420192452,-0.09032294436710511,0.14852385198013596,0.1653926261615126,0.08970408889702304,S053
0.04638542899774832,-0.11768977269741367,0.18776291650016688,-0.051338025570642105,-0.14629502265817643,0.0019719769895978822,-0.08068074967418062,0.06568890156400684,-0.11807061327413437,-0.02964917221865609,0.06040401382471935,0.04279735907113326,-0.32082363082488985,0.10857851469601282,0.03460826258928358,0.14117549307969415,-0.09213109842252203,0.11597387532607602,-0.15652344294795179,0.008619146084078612,-0.21771828555196754,0.13235557865562528,0.14143764895602862,0.15889135313782546,0.014429352328598828,-0.020344062088661765,0.07847115362650467,-0.07681495413685951,-0.03729728514704976,0.06744447874186149,-0.053551878248305915,0.04454271546301301,-0.11841497572328065,-0.07969017338791272,0.13051242646054823,-0.022209702395730873,-0.1110735399881835,0.10424555076816651,0.28289548441114454,-0.09006802630184373,0.002563329039911383,-0.06290773542278631,-0.19582827935524658,0.12169964541182288,0.004867380031955793,0.061155570589149465,-0.124532158641553,0.019002682086444168,-0.20843672606679436,0.07956756728068927,0.18115389244256186,0.1856292612226354,-0.06924191494748969,-0.1031710679648722,0.10593515559676639,0.09967684156592661,0.0955767689124689,-0.05447954305970678,-0.28223790981271446,-0.21074902333171833,0.04125637290805426,0.10726095882438515,0.04479798437197403,0.165781483740108,S054
-0.009474546368398772,-0.07692387084706544,0.22205445694487125,0.0048396835224747865,-0.12152812611531393,0.025760731893172212,-0.06625737454008493,0.08909549227335291,-0.09056126181258185,-0.09093565269051421,-0.026920652151671866,0.007747115404863368,-0.2115019564101773,0.0344433929041573,0.03161955756020781,0.17532863620954872,-0.07166475570809111,0.08540845512760604,-0.1479064308363545,0.08679233335082862,-0.13836840597796915,0.13116024706570614,0.19761820821558343,0.15113804571444178,0.04396806154146138,-0.04765517888197171,0.19884495184429782,-0.07223577818515918,-0.1776966336818965,0.13929251786990227,-0.05324378666857299,0.03922690162052554,-0.1953383735064728,-0.11797579666503927,0.04946026330175952,0.010505761617828574,-0.1600059804702857,0.13783749876380488,0.22896555169598,-0.10201496617159303,0.15234181571090305,-0.0937169636775225,-0.1591906625281559,0.1574511817595813,-0.08444070048689796,0.15387538883877022,-0.054551550849884105,0.01867778355735479,-0.14567407955495218,-0.1806682197493381,0.15038518973948892,0.16055554813889442,-0.029091217702820558,-0.04810402951389459,0.11058031687402842,0.09055803993378156,0.03353945378818416,0.002024884177663288,-0.18237716094322917,-0.21109743776850853,-0.07821562750339826,0.17001088244292314,0.1390513705911561,0.12590746731303057,S055
-0.05465267796174916,-0.10343448237878242,0.24278730730180434,0.005421388875943774,-0.13498256064329098,0.009448551294273091,-0.08899103919314613,0.07566118434149231,-0.11466975656755751,-0.09943003745023961,0.029829318486259294,0.003400744361847632,-0.24463508924870803,0.02338206873348905,0.011221720521264023,0.14191876786305702,-0.05334503633194097,0.05103989664195939,-0.1200735464557483,0.035049103272143424,-0.1117574298264556,0.23595832439848782,0.16236625462596416,0.18149682579730134,0.0008617877661677206,-0.04497281638456711,0.15558210391912106,-0.06816133965749668,-0.17609843654184804,0.11603817783185832,-0.0014831947473068377,0.0274244222625282,-0.1012826780133937,-0.07200144616400746,-0.0038836707424956844,0.07171709802162331,-0.153574091264718,0.13713484191808065,0.23847436818312534,-0.12651480255874492,0.1266215966258712,-0.09019388445823298,-0.16845555321882122,0.13397013298586732,-0.0858587177805844,0.09963203598072526,-0.05794365177754781,0.04432765833866008,-0.14807618745684886,-0.1623764601616065,0.18407484881448086,0.19725571261181798,-0.058878783218021,-0.04631456381852318,0.12654718682304192,0.09477158262496561,0.026493665475637664,0.03489710969606962,-0.23117581236238396,-0.1838259493098817,-0.03054037358357459,0.18436299866809513,0.13466789484401326,0.0955261401065345,S056
0.005646171364519954,-0.08974607581802894,0.17324312848794965,-0.004440002540206353,-0.13664014301071684,-0.025619115821514233,-0.05810222874639626,0.09518717452546896,-0.07063779168628202,-0.0917211227302708,-0.029640096288434923,0.06017549209093049,-0.17604585049435,0.00027251054032112986,-0.015775822952198728,0.16677784156762165,-0.04773759139593146,-0.017548808906821884,-0.17245306764385276,0.14399460193269667,-0.14728070170265695,0.1753891340808908,0.24186124436586665,0.1348678034273136,0.06032484071636558,-0.003133480788123631,0.13066264566288233,0.0031591772976804133,-0.15078417578867814,0.18321471736838793,-0.08134638962529188,-0.016940336621807925,-0.19188865691780746,-0.12488176012468537,0.050122670290466756,-0.019253053390608503,-0.1998410525992641,0.10371455753453179,0.2242696860282303,-0.17924196096637648,0.10340935102180755,-0.08363761238198346,-0.14405010743447422,0.23186320577987654,-0.050329994401663455,0.13800170826098634,-0.051965500668159935,0.05577836641210587,-0.1614276556230384,-0.2048960252989262,0.08614390269033106,0.15031027614807235,0.05105217976052708,-0.04087739009671043,0.10382401334290198,0.119918395362297,0.004021315039943278,0.008054253374441087,-0.20511924135756895,-0.20465282812725535,-0.07276085815024998,0.08310255582948371,0.11560683903860615,0.11331845012083883,S057
0.03821219828224977,-0.0921536461116995,0.12270301958318303,-0.060706061424654935,-0.12610791577474714,-0.07238173062281551,-0.10099170906797465,0.12472847174690231,-0.08650506667313375,-0.08492074558369299,0.012612721312954336,0.04120231438641158,-0.2582867148047565,0.004902425378945402,-0.04218261544495582,0.1263767907298729,-0.04115953173562099,-0.09113647910569016,-0.1962961548595328,0.11593061704776957,-0.17575640975344337,0.17051877190906856,0.25099152395021285,0.12287191219752461,0.06122697913729631,0.026131127028521235,0.10346538235020655,-0.016102471410429888,-0.1389508173356766,0.213214072659027,-0.0962669179377037,0.0037724263459734193,-0.13855119937797664,-0.08309838628601413,0.125656965375064,-0.09759462790293909,-0.2049661849630779,0.09652731538248088,0.22562988573750548,-0.24841462166735845,0.056298704389658526,-0.09282897472714557,-0.14356609864045744,0.2754227924936204,-0.044767352862544,0.041077734820267144,-0.0873997676483375,0.05452616670129568,-0.1331274628177386,-0.13389842170634453,0.036118948861269304,0.10406586061977612,0.04875583914917305,-0.01450249200775294,0.06325253890708309,0.10273369315470826,0.01851379295458102,-0.0774634173846094,-0.1938451821098523,-0.18250783454031771,-0.06602125117936147,0.04785174492511551,0.10242792399193769,0.12831177499435342,S058
0.041045661229245065,-0.11964359373988882,0.16471007783777084,-0.038748132195845164,-0.14516105945316998,-0.024218025090589113,-0.11360350302516829,0.08147609636783584,-0.1462260511680059,-0.07097738636861795,0.042337511106559755,0.03850967837147498,-0.23658027649843094,0.052116839535747694,-0.02879748854271529,0.12920900855603248,-0.04404850284884895,0.03056439080624022,-0.18555964935199257,0.08627564860548319,-0.2271047676394322,0.08819209034206826,0.2068370990550972,0.15297261468570852,0.053890178291603384,-0.018903756775488917,0.1301338677703846,-0.04530974685814983,-0.11434750558797327,0.17523178235764486,-0.08727969912082029,0.03387172047607381,-0.18232324904693856,-0.07501738588569119,0.0720156947240326,-0.06392505097202682,-0.181136171081933,0.1292855248525394,0.27969951130917126,-0.1498027007657623,0.1013926649218075,-0.08600264905547048,-0.16758243573165607,0.19099629993518835,-0.06474758557245103,0.08314978551424153,-0.10505360264201116,-0.007473561856664414,-0.1583128967958743,-0.07836129382915824,0.06442355220677168,0.12131525467556237,-0.009471295754054216,-0.07408949438515226,0.06211169178537693,0.1136559003666278,0.028910223662517418,-0.062351932018290965,-0.20803538991888745,-0.24599118242703333,-0.010954864405881934,0.132212245950519,0.11354137016376396,0.1810486901947172,S059
0.037601291455384135,-0.11417718638745603,0.19115574681193837,-0.002952314940711794,-0.11953551924615688,-0.04440643808707236,-0.14180050288754284,0.09581896162235558,-0.13565335916525825,-0.09855081790767742,0.08135476373115694,0.041037598048173335,-0.2597380878315946,0.0542258002633059,-0.04194030227316329,0.14447130223961527,4.443548484707089e-05,0.030448011770315395,-0.17725281039466056,0.07060524687920629,-0.18346753229327573,0.14075393846879314,0.22215677516754018,0.16496404988647967,0.014066126800126064,-0.031089887946309142,0.10502224649468432,-0.039757308701132504,-0.14310941959764767,0.19283413813587266,-0.09578162825076718,0.028492401779854994,-0.14963254454671746,-0.07599498899228668,0.0630724611907639,-0.0318668749590179,-0.16136439143760198,0.13603286733605804,0.2757577390164789,-0.09804544297219979,0.07919822521944737,-0.09726819966136269,-0.12473055876927222,0.2089982954074755,-0.04930151451671197,0.06450403037273736,-0.0634025742640931,0.05118675089311351,-0.13478881355931946,-0.11041000487108657,0.11400379772325828,0.1517330951928162,-0.013595064928057758,-0.044583125031838394,0.0721648112382234,0.10109662992818554,0.004888781140722153,-0.04212997535101519,-0.22577079335575378,-0.19389504658011872,-0.04598759488610202,0.1489744852842368,0.11591617894331628,0.16969680181997074,S060
-0.05998608336001035,-0.0915345463280299,0.22144135140028837,0.015396056380401472,-0.12221279934601896,0.029041215732685463,-0.04028427030933408,0.10164986263692542,-0.08581114203388757,-0.08239336958475534,-0.06800987469454972,0.01944178198707944,-0.1953572796921413,0.021983548882118245,0.028139762158692665,0.1361489072474684,-0.08241304804825073,0.09813337553054025,-0.10145510103679888,0.06650371278511158,-0.134307356769809,0.1631561530210136,0.16840492501804938,0.15452156633878392,0.05064097786872217,-0.03212024380689957,0.19883802181354426,-0.07045460320770541,-0.1974734083081272,0.09657100820020283,-0.03571255564778733,0.04355675108882444,-0.17103900698619195,-0.043468572166859905,0.007381472350556128,0.036367031291154144,-0.18114635488216096,0.1273847725346483,0.2295463918942567,-0.12238681398598346,0.15189677470224797,-0.10714502106567055,-0.19583736246183284,0.13162264032377363,-0.08168578927719518,0.15287056642309294,-0.020656727816190976,-0.004347324392298117,-0.18038073170844313,-0.162010649164702,0.19029373530948437,0.18635244019316782,-0.07642891157436464,-0.03326096249124255,0.13202787460350474,0.08929110815212424,0.0337300265586405,0.05600722860515379,-0.19610894132079054,-0.21861564169095837,-0.08977634510228269,0.14961811792112895,0.1518675812460896,0.12011728311062547,S061
-0.013116288812927738,-0.07354398944040344,0.21406455528128837,-0.04508842447880305,-0.15246596264568282,0.024544195679558692,-0.13196665140369482,0.08516306465015484,-0.14242619557897976,-0.08455235228298356,-0.01948048466567361,-0.0017365962945169915,-0.18751785451218594,0.010373521890045605,-0.002547661619424423,0.15981745144805143,-0.021488288904914773,0.018820259181596032,-0.09738164953407255,0.08494112264432338,-0.12575641547214542,0.16042656420487506,0.1660667913750212,0.18587224574546515,-0.0417501114028869,-0.009347718497470452,0.1205337158738327,-0.030731235905923807,-0.15244240809873294,0.10880521289758036,-0.023486398995915217,0.05034830919058687,-0.11257786707083504,-0.08384244835459997,-0.0001971331388730772,0.04019515896710547,-0.25176429337693973,0.11025608008112268,0.2237458226204231,-0.14358717770016302,0.17650168062754945,-0.05462710804800099,-0.1671704054306197,0.15923744986497385,-0.07257795163173479,0.10211658235037008,-0.0190413111297552,0.040413917471895766,-0.23133183619887107,-0.20064198255413807,0.16617063866421625,0.168652721137898,-0.0492919972011969,-0.058938019449034144,0.1265710068781479,0.07051635419313856,0.0679377308172078,0.05737901405270719,-0.21354063925682032,-0.12510349745912755,-0.07426045063289302,0.13847987174821785,0.15063407868481105,0.05085485933341817,S062
0.005599223297461963,-0.027684537074001793,0.16314126789126332,-0.009894488413729488,-0.15554908389234434,-0.027177767941727476,-0.014585482175382948,0.10635088949098576,-0.07210211735646127,-0.09565540440265018,-0.03961601690722358,0.05282452465316073,-0.16897579075203015,-0.022226498282860083,-0.003486069610829105,0.16875535485461354,-0.002928662362253386,0.012237052225274962,-0.16879346795771796,0.14174704928482265,-0.12386673437434635,0.14611220142800416,0.2719903461760713,0.14586938685678122,0.11599824961382689,-0.007435585842354185,0.13645486572683924,0.016525467191560367,-0.14782823714916302,0.21099024771397,-0.07281959335253967,-0.007858687452986762,-0.18005469350587588,-0.1224359037427942,0.022756696206854735,-0.055736094151849117,-0.2059839015921392,0.10720334302707811,0.2267329116050588,-0.18391753382842327,0.12112388382046442,-0.1252414069973434,-0.17467506568638547,0.22579380816910163,-0.026683862482968085,0.15619500611088813,-0.017868107967049678,0.020618411215351445,-0.11130568555201133,-0.20388881448521698,0.05604607617216991,0.14286029131438588,0.023274463942541252,0.003690707139879981,0.09612696044785458,0.09656078268951018,-0.023960406057243144,0.03749440592420389,-0.18160461552832163,-0.22173454648774377,-0.1025040539841341,0.0786156752870145,0.09281111993592153,0.16836981040230756,S063
0.059230533136131386,-0.1314275104802928,0.13580701544611154,-0.022090024573016943,-0.0543984429744704,-0.03030460454214011,-0.18041644758337175,0.07917566311297448,-0.1307192954331734,-0.050343291760442305,0.10949098522524413,0.06002055720351242,-0.3046864963686375,0.08274593012072498,-0.06348283730896553,0.10713276769395828,-0.02153192756594671,-0.035759355886208676,-0.18631396946462805,0.05018584397893069,-0.20994039672000503,0.12764860759784563,0.1640676030947725,0.1780403803547343,0.0036639088630416967,0.04693893828460196,0.0819571583380624,-0.04112969920062388,-0.17004556707347662,0.22838415141159465,-0.13304860342037875,0.04679514772152392,-0.1759195930582346,-0.029281497207371592,0.09865505344547411,-0.045632332577561364,-0.17002066822504835,0.15257755998996145,0.2846369496473251,-0.08594208771379654,0.06560280412423942,-0.08256839774489667,-0.14020750191286926,0.22698968051748086,-0.08686336857915695,-0.024438791012179495,-0.05715575665806993,0.027129915388965396,-0.1729967228585076,-0.04847219442419015,0.08195502825307047,0.1312618032969544,-0.014802210083276196,-0.03249280013053459,0.08298998916690473,0.1128793603341665,0.0019818513838145316,-0.10016878671741326,-0.17721919492354102,-0.159586253099092,-0.03779727621659454,0.12561361053889267,0.14546559706321166,0.13177434694617693,S064
0.048026897323603504,-0.13720834700420326,0.15425801214263857,-0.041719348360924474,-0.1554157433008431,-0.05112497383256397,-0.10059478193672267,0.09395809578428649,-0.15198288995958326,-0.010271471533199183,-0.017807685005915348,0.0650469044878949,-0.19767398096416086,0.05288479752004206,-0.06148247267249992,0.16073585685256417,-0.023650119513564827,0.026365646952998912,-0.16153429217145385,0.1429534207343813,-0.21701071351238344,0.13873573429816813,0.241945408999829,0.13617513501353912,0.033220046715752495,0.009120103937831778,0.09194769380552947,-0.01574308979030377,-0.09849817167115492,0.13537290019681075,-0.06486726171587416,0.023450855033653552,-0.13074677424523207,-0.11350009224768388,0.06721603899600424,-0.08167213071383363,-0.18210694143722517,0.0687254247330391,0.27449784352285334,-0.15534277256853835,0.09884992107487414,-0.06079699221954345,-0.15517606824623112,0.24512212135089148,-0.0039000409392911895,0.08449985279451953,-0.07520060242522937,0.05794696299011015,-0.2000001053910908,-0.11041675044276263,0.07948787190685529,0.1206832255170956,0.025472991998818095,-0.04770959698927734,0.06969310947425748,0.10753805917144862,0.09002975097026665,-0.05629222478649056,-0.24429590233952192,-0.20670809877635052,-0.03941547093666936,0.13058839609003628,0.08233421867945596,0.14440352845308463,S065
0.06998408673919819,-0.1080322454711777,0.136286788109035,-0.0576297862600117,-0.10263619942059478,-0.0551141897870115,-0.12644910184694813,0.09389199818681689,-0.09214527693546788,-0.0455818925383742,0.04669625273771882,0.03583145826079631,-0.27882392492930375,0.03489868709516104,-0.026067140909864544,0.1136746263687843,-0.06273309333437835,-0.04401576323597067,-0.20873481863352897,0.09352601534279117,-0.22566353795983632,0.13832039522069603,0.20413893962998358,0.12787455901663258,0.03991817707135356,0.0005396544592964705,0.11842670734489755,-0.033741709948993594,-0.1203654321096383,0.20632173486986086,-0.10250043279268767,0.036966138003789284,-0.16942638988430833,-0.07176417444813452,0.12951547021999577,-0.07429256122438209,-0.19040363706511418,0.135890365365374,0.25834179557378356,-0.16887690810538675,0.04159442606782973,-0.04964196841766639,-0.1516013973702592,0.26706005629369883,-0.039537569592568225,0.05295374196764702,-0.11089364931623619,0.04323691499201343,-0.14885167734842586,-0.07999668254567652,0.0506049054749102,0.10522453523868905,0.03291663046186105,-0.058560519762781475,0.06148400925989484,0.097094844303841,0.01922661316007546,-0.09636829625465108,-0.20207689005021548,-0.2072445471485252,-0.05484811005206214,0.057350639495454686,0.11643115799094836,0.12961251146745964,S066
-0.0211582059840396,-0.05060455226572091,0.23946244852507986,-0.021830011075970136,-0.1723613090027871,0.031428199847461986,-0.06912596990302133,0.08047657883029347,-0.09947617764400295,-0.07521956612887144,-0.08773636911914554,0.030422654604247885,-0.18021739866840594,0.023439763061234364,0.02911896943148322,0.218650631765991,-0.058021374100369186,0.01738599751109782,-0.12752758824548974,0.10985864964463267,-0.11286252949560564,0.1004479134112867,0.19274192089535544,0.15095492018032097,0.002794608731512939,-0.0007481278382552599,0.16762410648949366,-0.05305463679364646,-0.20171415157099734,0.12439952995904499,-0.035013700164330856,-0.00467862728857037,-0.1564314984854002,-0.13126417047314468,0.036332656825974856,0.02613030685365222,-0.15844661340600696,0.13917361059288447,0.1922732410269065,-0.11626256970267411,0.16193045975761805,-0.08652224509143658,-0.15985106882751143,0.1530266038012147,-0.11155841168125742,0.18576738996118936,-0.012915926778570048,0.022824327155677053,-0.1760679126385088,-0.2300170050031944,0.15854047928060314,0.18310998065877254,0.010970961600440182,-0.044437335948049966,0.13437779327737917,0.08521115133817163,0.058585046988593355,0.06209066692245662,-0.18826410652907058,-0.18320124905739565,-0.0947258034173349,0.11582718371849351,0.13614944483949054,0.09050724870676218,S067
-0.019951475930999083,-0.06756648128975976,0.2379887058694478,-0.015413852357493627,-0.15241096038176138,0.020713114335904302,-0.0725849817341501,0.08801823715792509,-0.10418837909002365,-0.07381897759866203,-0.06756168718912257,0.009721033271301088,-0.19252202913576497,0.02611933177226816,0.015538683341688496,0.17714708810883598,-0.062178979336869375,0.04055315304876861,-0.11645721792188073,0.11134547897120761,-0.09587506858967249,0.13587801711610745,0.19512647948160083,0.15896256605741324,0.013204964388545001,-0.006940554134941977,0.16477575280438198,-0.062093313459858655,-0.19643339545505717,0.12937781964278589,-0.018141262356079647,0.011858232598622249,-0.1567799450531592,-0.11668121103585832,0.03155449709556928,0.023631444064681054,-0.1526249965592052,0.13310224152334388,0.20872899633292172,-0.1221456100159231,0.16098643731387688,-0.10359174103782333,-0.15411359761362092,0.17261749971045112,-0.1025895489677068,0.17225995231209223,-0.014259059200046085,0.02876118434539066,-0.17173630052427957,-0.22138888053473096,0.17648228609028693,0.18724940285730887,0.007433033694587482,-0.040245726532876426,0.13033939064369898,0.08627446533878728,0.035297401288774476,0.06947412719228642,-0.18997352460498854,-0.18889658610187604,-0.09645421015378809,0.15675463191982078,0.12950293531229184,0.07446974110670379,S068
-0.009255094989803881,-0.11296486895532588,0.2288817997424769,0.008645926808499012,-0.13642463649951994,0.025545253613025107,-0.07637691839931696,0.10625251735526801,-0.11147621074694453,-0.10084294107866977,-0.0011423782251353915,-0.003994161345932062,-0.21087725753682063,0.0289054627178695,0.002502130950358951,0.16578556919245965,-0.04648516943897161,0.09592191827258222,-0.1088084977167985,0.08148007071819817,-0.15417839691903468,0.17937069818806126,0.20570351778129242,0.15156719130695287,0.028791700672633685,-0.021451451391086476,0.1547254817696711,-0.05827129775230517,-0.18593341520822917,0.12795255113873033,-0.03567822834013213,0.036265119402357285,-0.18017152821284577,-0.10285616931947858,0.012974234111510342,0.004634527131863221,-0.18179065075585057,0.06844773081088008,0.23220911431998198,-0.07804507735221725,0.17633014405670433,-0.07581840991262231,-0.16704439941561977,0.15312430848893452,-0.051903697064101174,0.13624229473602328,-0.01869639286495167,0.02967000545279905,-0.20440422943366984,-0.1789159667588055,0.1439481805069045,0.16918369157915275,-0.026132308736380387,-0.043586815698335495,0.0945338067958868,0.08449805209556777,0.04722098739825764,0.03144559304156107,-0.19975176820030277,-0.17611525808781903,-0.05370522472093973,0.18326497933449018,0.17456494050871998,0.08445527383267945,S069
-0.01278341207540334,-0.06463402092089644,0.21644268672974556,-0.022042876618225484,-0.13243785725538182,0.015108658485319582,-0.05784384530549632,0.10655112948962522,-0.08950068305270854,-0.11005592976904387,-0.04995414696304104,0.008916708890263162,-0.20143813804877228,0.033614218720087956,0.020766672877975276,0.17140468204048603,-0.0766272037194714,0.08150268055485599,-0.12053898480572924,0.10034573305963214,-0.14521098734898455,0.13020483728698437,0.2104357315737043,0.13227823038149372,0.03882633812415075,-0.042292307215269796,0.18033291849130031,-0.05641944531338809,-0.19988885037410492,0.12497487632122216,-0.04830916851326267,0.02815242305565047,-0.18025223044145086,-0.10479779922752348,0.060879667314310215,0.002879097874968529,-0.17257226373198026,0.1256659504893479,0.2124156526479453,-0.12465292941556667,0.14487326329301833,-0.10186594676005788,-0.16671581781337955,0.16472792178580484,-0.0796054583278107,0.16976155192126108,-0.04939469689228694,0.02091860315830233,-0.16239382472653796,-0.17642775454214935,0.15731066225665416,0.173764520338505,-0.02079058040818557,-0.034903085122218805,0.12257826745540058,0.09329989157473904,0.03319383210117667,0.009865108255398452,-0.17202680151058505,-0.22263570319007886,-0.0779142445364,0.12478219774443312,0.134587873480568,0.12845837828713313,S070
0.0688952573525176,0.06021421851723041,0.06691359814804666,0.028682351585030037,-0.07535254585978667,0.061769307829643835,0.017043562813651245,-0.020386570624376637,-0.0701461586813377,0.032092125739184546,0.022521464611019896,-0.04371398817575942,-0.20747707102206656,-0.09210296623127555,0.0977485680110822,0.12709741023497262,-0.12435182398304256,0.20207425579769456,-0.23259112307232474,0.08113556487228152,-0.28088176857768166,0.10760569608622894,0.10295546727042305,0.20266729429123348,0.10225820132943014,-0.10340389064848866,0.24037115395177555,-0.0025037007201815635,0.06184699983115988,-0.01905092262031902,-0.10018885749409875,0.09095825821977305,-0.15839972226121116,-0.10503109277601114,0.1228242438297029,0.11764842636158811,-0.1530926124601371,0.17201075858084675,0.21783389674436743,-0.17017756703262255,0.018516322646221436,-0.009882639359302193,-0.14569201019550895,0.09959031521589518,-0.012295178831639173,0.20073025067688613,-0.2996845326753315,0.057800391790703405,-0.06487613677279214,0.1272788523204001,0.10719179314427268,0.09374101210564113,-0.007289556655390314,-0.11404904340821254,0.13723803746625737,0.08626562595989748,0.041165921938855474,0.008980510141602041,-0.20655592103701903,-0.15062610866665702,-0.03640537006862779,0.04211592583777646,0.04760372045211216,0.0720745793742336,S071
0.03387539008798631,-0.10150067332689079,0.06382141646126983,-0.0942794019025656,-0.044902250078298095,0.0011701567052712742,-0.11573011909752998,0.09002118970209803,-0.08883448648533321,-0.009204069691101482,0.05615464252710682,0.04362071542767056,-0.31530500276356405,0.1245282781392823,0.04918834521492412,0.08666843692633212,-0.1536161230944503,0.057269192613213254,-0.14094115224174752,-0.015840350842873042,-0.20438958200652835,0.11239006566980192,0.009210756141904374,0.21159644865609045,0.03182235572762932,0.029682061002744387,0.071701370372344,-0.1374037585263959,-0.10276692349270981,0.16748019959587335,-0.08869432789598673,0.013214157846481018,-0.16723436072442804,-0.014216217942109744,0.19222661330745275,0.018824425483434326,-0.11957283928097272,0.16744238678942405,0.2719033814949033,-0.013387112222624491,-0.014723312698972058,-0.09971154488983452,-0.17785370171764045,0.1769789077961438,-0.13558445434411387,-0.005306498795574753,-0.09104591610240623,-0.00036420377611923416,-0.1693191917216743,0.11656361791336266,0.20530362910287284,0.20280897539170886,-0.07554647444456794,-0.07763533803702086,0.09521002387055429,0.14306047572631667,0.05804436878010932,-0.13041859571505185,-0.19506058639907642,-0.19303670572776244,-0.019678118907776557,0.18725560581744463,0.031847610986791654,0.11204494936555882,S072
0.0019342458134703438,-0.05629371460721886,0.1389504570354926,-0.0035649953951134203,-0.08515861930091441,0.027788376137430477,-0.040302745475992795,0.1097134789432271,-0.11633737462433467,-0.062128054828438736,-0.03527687574898075,0.011784553871106452,-0.19692719758131894,0.047383376171355435,0.07327376943910095,0.14025039903221598,-0.12705338793787355,0.11530022699383255,-0.14930015084728995,0.11765835242538066,-0.1719236885298409,0.08300830601252462,0.13267137654112077,0.13182129969540474,0.07583980841600399,-0.021451570680370968,0.20116177065885563,-0.0920942887781774,-0.16709103987484794,0.12556584970861862,-0.07795982956053098,0.0249597211971009,-0.22407192734348252,-0.09170004679887593,0.10067079383095867,0.026420319519812326,-0.15353205818580012,0.18518083004218447,0.1984440800879158,-0.13923648660341034,0.11434701977622765,-0.12072899259134247,-0.1776014496609839,0.1662205031025239,-0.08537048698967449,0.19785478583222296,-0.07467457517038024,0.009823342122721167,-0.1235277788911005,-0.1099702835305054,0.19431287434889835,0.18311126977572414,-0.020950878627325496,-0.07815927358231947,0.145828802278534,0.09447246581625858,0.03835630482831501,0.013763456778103403,-0.19213961271315358,-0.24099577716110876,-0.0715009179643962,0.10606925535493553,0.060300596373023645,0.12162905095928718,S073
0.04300360504645845,-0.12867029760428708,0.16508778945696695,-0.004231559507045273,-0.1450153868253412,-0.05959244493713495,-0.11005462764445949,0.12766028985752123,-0.14118557961916986,-0.0754364583749731,0.08726940263671693,0.026789093407405897,-0.22805629681195266,0.013336361732688592,-0.05988982768727262,0.15820400860193226,0.0033904211798808552,0.01149812603232886,-0.17085823841080705,0.10092866399760185,-0.19160361464460474,0.14719031921853287,0.26953298463679054,0.0838796271109285,0.061846292293457776,-0.008210398519155513,0.1369782110160069,0.024762518458286358,-0.15244702196924692,0.22158282154954992,-0.09236807179846819,0.03365780538924006,-0.17164652735054678,-0.09104183600191032,0.03020237735036771,-0.09591112463084757,-0.17837701410765014,0.10211043848254374,0.2488621413681301,-0.1387074931299042,0.08490082438977832,-0.09183907960059133,-0.13561864766016976,0.24474327991629055,-0.01904532567561579,0.11888148444975666,-0.05968904063926691,0.014845063059063603,-0.11541332424217675,-0.12862079944326382,0.040008557625007,0.14752456220915056,0.010064144000795585,-0.034403487117088405,0.05989873684710024,0.0868703418250927,-0.005436284503359303,-0.01910134537629878,-0.1687221476361743,-0.18884732111508779,-0.011601094318688165,0.06455208884806983,0.11037086381909354,0.16424125460989955,S074
0.06692762154170208,-0.05802896103853692,0.048300531916407055,-0.049538139970823875,-0.01808588061673301,0.001563137715719155,-0.13382061350953564,0.0860383476026343,-0.027524611783236636,0.047468390654525155,0.10210126063930493,-0.03231328612601236,-0.3308930064424818,0.07218799550562173,0.05905467986829556,0.06436202474747138,-0.1798774953405208,0.06724180700405538,-0.1584431689785059,-0.015365830329460445,-0.15205442503202538,0.05529789966004117,0.030791756890867092,0.22088882170852994,0.052495580487455805,-0.02697144360761683,0.10430339765143964,-0.1304065035630718,-0.033666696818776584,0.1529355658406652,-0.10603786613657777,0.006742699527294046,-0.1862223421219221,-0.02178782235230052,0.23861074860601617,0.04419113182934858,-0.049628261693586376,0.19949461710897415,0.2354469552132606,0.002220677646402965,-0.09694916794845465,-0.09193684638704161,-0.15110015099463783,0.19117968564341803,-0.1276699156493614,0.02469774240770704,-0.1395116706843861,0.05075079983761568,-0.13375205165276838,0.1933106095665922,0.1685941526107621,0.22411434088968427,-0.07678481724425909,-0.10908181162204011,0.11980371899851364,0.14560101893346258,0.04294330320122484,-0.14046309776834734,-0.09727030451310549,-0.181270900222572,-0.035692098102419564,0.1748806297595091,0.0017288787085225387,0.12371062120900636,S075
0.04590854856517511,-0.08024156357507153,0.19942275970438278,-5.7321619285156754e-05,-0.11854896535346891,-0.02883127090627066,-0.10314254602222575,0.10528402661759326,-0.11881097705167784,-0.1009784574088318,0.14061100339703875,0.013990159695808142,-0.25739160566887676,0.03636825063534999,-0.04482271822027911,0.13616504480784267,0.02693448172975165,0.01122336896977296,-0.19380089687714547,0.0691400966489392,-0.18301119822583442,0.11859051194885602,0.269533338463894,0.11934867671641315,0.0527583262456712,-0.005369078295222614,0.14305364108021018,-0.0002742704002413859,-0.13730840075007344,0.22489880757854544,-0.0885674357146369,0.053462392463546914,-0.18040594134222948,-0.0641982874406057,0.02953092968332191,-0.07195540439267147,-0.19151745080569826,0.128115301054253,0.2682928716563424,-0.15057545176792567,0.09284746492380666,-0.10466395282528748,-0.1259350797790544,0.21873549502858625,-0.023539223271200962,0.08915874102718906,-0.05219375450188045,0.025087825163650584,-0.1276721866062072,-0.11774312274581315,0.04173120850697769,0.13069548973895348,-0.0017410906212590453,-0.05268654166288526,0.08964741778702229,0.07131298337125098,-0.020376577701058756,-0.030357117613506523,-0.16383073319821922,-0.22018229943007867,-0.0382930659630181,0.09523418935602873,0.12368653992474293,0.15268080768841943,S076
0.06417581223828246,-0.09698287715640733,0.130476547802781,-0.05612809609961327,-0.09715103250890923,-0.063460086057547,-0.13508806902921866,0.10030139604455057,-0.08722566603453005,-0.06368604800592043,0.041225182036716025,0.029919792682359687,-0.2844424511885269,0.006441234491145215,-0.028218013616181408,0.10892776519303923,-0.04436334578075325,-0.08926629154033278,-0.21396278963680515,0.10456390071458802,-0.18396278076988665,0.14064143764955503,0.22633735450768303,0.14531658651839327,0.0470504623997355,0.03222303115010346,0.09463944471298268,-0.026591828250698897,-0.14051006159215765,0.23995334329832133,-0.0982364519468485,0.015780729944979695,-0.13082665910077343,-0.06519305710561019,0.1358547425485521,-0.09206833645810633,-0.1895185204243959,0.11740889463750485,0.22468438004357918,-0.21708882479636193,0.05266759183610211,-0.07693020515136047,-0.13853331485617137,0.3124428411562461,-0.04075951081643187,0.003027010509971128,-0.10053871634461575,0.05987291138607337,-0.11172320089382287,-0.1145671172314446,0.0447233874829882,0.08217440385240854,0.054062938924103916,-0.0275764287282303,0.06073356961256903,0.10042658577917803,0.00030952269351520594,-0.09571630896824247,-0.18853620129267465,-0.1636792318941844,-0.10287169329920098,0.04148593926489572,0.09724963263357789,0.1293911761986349,S077
-0.03382718873641752,-0.07147052767188335,0.19974892843262743,-0.01802935662726153,-0.12080897886083437,0.016918210879437588,-0.06942543787024058,0.11403944956203531,-0.15018392196189942,-0.07747986097135255,-0.05770283098054832,0.029375344914047075,-0.18042248316884457,0.04651187363800529,0.023405146897586555,0.1357921175260128,-0.09849414416888437,0.05471855511956009,-0.14245721178081175,0.11142120255264273,-0.13662699488741056,0.11992371274164852,0.17121836521751177,0.14784745864235818,0.054332670416474,-0.02006353240746757,0.18257540092113703,-0.04908721125055218,-0.15802213877011193,0.12688184199204672,-0.06650713362757751,0.021820957734120683,-0.19011749294917454,-0.060233474626042574,0.05498410252830328,0.024235262151553538,-0.17281296572949378,0.16389948653682818,0.20480516567732776,-0.14861769183236634,0.13262843840461466,-0.10389242078297362,-0.17461097308279316,0.16834057305024713,-0.07708464347038538,0.17416902814826682,-0.04439326995519826,0.013984355227185939,-0.16078515666513885,-0.16563625238602703,0.18008102672652157,0.18371459711934673,-0.026846174040561863,-0.0872557257180662,0.1309526543180611,0.08934630172531281,0.021018084424255876,0.03886999967959352,-0.2011118216720909,-0.2169066572650017,-0.07802432081523886,0.1390829132479601,0.11854439234635421,0.11823867502684347,S078
0.05272026387329533,-0.03766571245491653,0.0917947870973895,-0.07824917265401368,-0.05597574382116449,0.022662449803146648,-0.010684679944633315,-0.02049285993163034,0.02037975934803163,0.05689364494361378,0.008643034866477366,0.008921057247340334,-0.25120534913098647,0.029728463683999187,0.11254564351473949,0.1221092041352181,-0.15855380894050827,0.10797271133898118,-0.18664336951926133,0.04596705364620392,-0.20138343656051758,0.14698877492811918,0.042518874732139486,0.17970264419128248,0.038315512042178146,-0.0010329216763464782,0.16786095297702563,-0.07702367354237631,-0.03646082127880788,0.07353140724902223,-0.07185124467418823,0.021127776615434142,-0.1962185333437222,-0.09591129170440027,0.14993879648469777,0.10901242621140224,-0.18542691819272122,0.15304563487167167,0.2856450340805119,-0.04218117631731221,-0.03241044147344293,-0.04116756388525922,-0.2288102035548999,0.15061963223106542,-0.08855209514357491,0.0775610390585782,-0.16569067261377832,0.058618422984941285,-0.1863969053899109,0.05648582156194315,0.23681532052371163,0.1890723701038399,-0.04908771985219081,-0.10595954591108327,0.14471997332996053,0.17819710572175385,0.05976664424578186,-0.020710950137160768,-0.23192721565902708,-0.17187917341613637,0.004855695896841787,0.1588135984158056,0.023058802411373428,0.08509819119743967,S079
0.06319547969272432,0.029151539192292717,0.11788074292413617,0.05574743888356594,-0.08378069810349693,0.030114899506159233,0.011783011146845558,-0.0039775074977945616,-0.07474493475918562,0.02502083054475724,0.05322998521122309,-0.039607600658273436,-0.260880647315813,-0.025195459350527846,0.10610764032555631,0.10916316245210232,-0.05630065061124905,0.1357337960504947,-0.2652138931777016,0.0687539718477562,-0.22057994354362412,0.07034600692855204,0.16409365492989694,0.19334412120694305,0.0912711206583819,-0.04181815025695576,0.23892121263901359,-0.023602146237337793,-0.011786084717111216,0.08142430851788782,-0.14162927594664076,0.10014107014870804,-0.18215708759417557,-0.10860537834112081,0.13155627377070386,0.06737535190304632,-0.0894232480113807,0.17904912165786152,0.2182437209403246,-0.13543891502861102,0.015485077710580702,-0.05537216278910497,-0.15355064603425472,0.14407649588036595,-0.03309262656406052,0.1780172938504859,-0.25220811748567745,0.061154221107469695,-0.09500963772582367,0.05023935794603486,0.11007487040325671,0.13356915255087728,0.005549419535424907,-0.12766279147824677,0.16461908789659635,0.11550286438467884,-0.00014422834251105694,0.05251814232349917,-0.19928927728922602,-0.1382547133208159,-0.040439282951137315,0.06773381557900326,0.03906100963745456,0.10045676042384996,S080
-0.03332823342857677,-0.0849521326479011,0.22674652038851173,-0.020738582869496182,-0.14005692301484848,0.021380350063444797,-0.07887118470890635,0.08146940608828296,-0.08317751779365026,-0.08126464989305843,-0.012135486791120455,0.011476255768760027,-0.24901690629691062,0.04301282851740582,0.023352958154438674,0.189315716635351,-0.07211295671531509,0.048259930492931556,-0.11210527632226618,0.06884839175281164,-0.11226890050583582,0.21223598767646523,0.16109343597417508,0.1731171162632116,-0.005806391801913283,-0.020617511364008183,0.1398911263027958,-0.07699585019645251,-0.19431315426503395,0.10316786708772548,-0.011637927282426238,0.02676005281980222,-0.1315889661338934,-0.11145909567090419,0.04382577923003876,0.0634442944656073,-0.1765513175914319,0.13008817889767724,0.23173162965191418,-0.0975808121763218,0.09475528145433564,-0.06860919050391727,-0.18586237566776753,0.1487393543831091,-0.08635588407855943,0.11164280678574205,-0.03350711688329456,0.050262429579263204,-0.18587371222756666,-0.16319381555729914,0.20492594396247288,0.21427400450919176,-0.03893831811905175,-0.04875640862313053,0.1508074337551509,0.08984410601694712,0.042309085089871176,0.03613265066972922,-0.22300551428389387,-0.17478584559692914,-0.05208154381003196,0.13878042138719632,0.12986331568533896,0.08711290928286199,S081
0.029142215216451186,-0.09412545846225175,0.16540098212893659,-0.00986790037856647,-0.09373450977663247,-0.04143972218795844,-0.07830614897464777,0.11048196376803165,-0.08269686694038753,-0.08369381739623939,0.025747225274060797,0.061321612046613724,-0.23838695062264093,0.03236095928286267,-0.009633596833112386,0.15014937116444185,-0.043186829128815225,-0.052502838432200015,-0.21107933506161386,0.11200070120161998,-0.15142489775008525,0.17822299138804817,0.2557202109955973,0.11918689204254446,0.04969487621774625,0.011256395259022813,0.13172741273050054,-0.02736807139217605,-0.13001253543165392,0.23298920188469435,-0.07381563576838855,-0.02470031854725598,-0.1652997412574435,-0.09523569436110949,0.08391019989656436,-0.032866847035197606,-0.16004656484892701,0.13202960771164782,0.23087113148190924,-0.2062703925795687,0.07287064385298618,-0.1018953605516398,-0.1266271115259285,0.26742490174159056,-0.029167833621994467,0.06509285161618343,-0.07934485872402279,0.07336363877100559,-0.14544380433050763,-0.16268173614767842,0.04613841983098874,0.10296978911620557,0.04722185399226287,-0.02409951442317275,0.08322668960614743,0.10610458231823978,-0.003884329510265288,-0.03771706439948611,-0.21697491196914528,-0.20386236020965343,-0.06495780676601877,0.09604007395499406,0.12693098511163653,0.12117406713170505,S082
-0.02124410631870142,-0.0699021410490352,0.21330238437351046,-0.02154821870338705,-0.12833381735174126,0.020257782960719218,-0.048759563077386915,0.07384589495580242,-0.08674058761578024,-0.06481283010531974,-0.09641379918404192,0.010247815864813577,-0.19460547859998573,0.02260582202208665,0.044520814009141825,0.16549514323427716,-0.07930655705920406,0.06458660293347245,-0.12209583667586157,0.09737920247346375,-0.12345368158863046,0.14380229219260907,0.1698118871325914,0.148658886841502,0.019296882660296732,-0.03172316515764238,0.1849237011506259,-0.05330720210505257,-0.18019841546258436,0.1067742592342628,-0.03515853225757308,0.031026642081204092,-0.17984186262900292,-0.08460891126084284,0.03370462846342025,0.030755480527445273,-0.19472434491986743,0.14334585147181333,0.2037719264561448,-0.12408289046038988,0.13263679669040587,-0.09061873343951414,-0.19416619460372647,0.17701298758647913,-0.09002433780627926,0.17881655677912373,-0.019995519938366905,0.007082585234739515,-0.19451224480425322,-0.194523190247507,0.18930713845108604,0.19038645900523476,-0.03100227666711983,-0.05764897020615227,0.13799157017721853,0.10147275375217016,0.03374466859879244,0.05116336963339139,-0.17993701743956508,-0.2026553512381273,-0.1082315801556425,0.1290528238989218,0.13214123781282436,0.11077973578163927,S083
0.07845152766989143,-0.05617192192781274,0.06841352989997769,-0.06589697098883142,-0.03419967769242764,0.006432613350351027,-0.1443398339728041,0.0697041114920915,-0.0550101494846306,0.000128051220488195,0.09505454959761665,-0.02423933135345636,-0.3200288748396954,0.09691578265293038,0.060347703351493365,0.07852178344104513,-0.16372209014324618,0.07011886181487852,-0.15631898456550344,-0.021696807808090503,-0.23002340751115416,0.07316079863317884,0.02395712533379356,0.2063505598317747,0.029681788292659033,0.03536724003326806,0.12110056059460769,-0.09870743340909313,-0.058369889894955965,0.14476467656779407,-0.13325220284192085,0.05427682292960773,-0.21277902936773813,-0.012843608576328156,0.20798603101371177,0.008891608931154173,-0.1382005111412753,0.1554718853772444,0.2660069245563158,0.015036212742177493,-0.04977109961631723,-0.04044397443073091,-0.20122170763730235,0.13311171091530274,-0.09692806752330543,0.006781835283132864,-0.12609587571412006,-0.010962587649438853,-0.19288121948125672,0.18506048225390326,0.18502047169630328,0.20448880260164967,-0.10570574907522864,-0.11995111170829909,0.11024462562802846,0.1394821583317416,0.052314391442851854,-0.11385648976366086,-0.15741409090869432,-0.11407819064444903,-0.0004756374227250816,0.14905535089852914,0.0394730430298481,0.12806815809112293,S084
-0.014266762499292044,-0.08500299992469242,0.22238441295086447,0.03832989062444923,-0.1634982011168459,0.02532300568410366,-0.07849806762470912,0.11317004304257122,-0.1153238824150872,-0.0982865115884531,-0.049483774004506265,0.025623628419081963,-0.19566209572321092,0.040700118296211577,-0.002129124450349721,0.1983203362104345,-0.03490680401786917,0.06932397248884345,-0.13165726585749188,0.105844771442449,-0.14139133059297374,0.11328997867637039,0.2491139756272041,0.13527568973897314,0.04615732371875735,-0.00417239515540258,0.18159804380199168,-0.050616163846904844,-0.18504255145246556,0.16427179876738693,-0.06401352234546825,0.01893339108726312,-0.18530034943585777,-0.12999476802244295,0.032199091429321626,-0.015585593978232514,-0.13257769571659714,0.08817831212284634,0.21983460227725182,-0.1110022805332804,0.1616096944742685,-0.09882530014221386,-0.15877949566328597,0.14787871757359572,-0.05499772243960726,0.17382138681640844,-0.011857989408915018,0.01862344743523378,-0.16886975486919237,-0.1919228824000097,0.09684542359174682,0.1403640030070586,0.0003281721260785996,-0.030967022220984255,0.11387137744622537,0.07647477147424363,0.048989389421931484,0.03093293220613755,-0.18876688110498188,-0.1952778550711639,-0.05073649117050521,0.13976657095966066,0.16225080237239264,0.11975952237166843,S085
0.009123142160139774,-0.12093566706955028,0.19375691166747835,0.03516632526081551,-0.15391404827390923,-0.03579802575011523,-0.09752817072220829,0.12424562469145865,-0.13451029141207427,-0.08510342869405943,0.06480436085173916,0.030218433662671046,-0.21553807631263058,0.03428114108311069,-0.061976056849626225,0.17656148950665823,0.01995913150424729,0.02730518010661743,-0.1614407332333867,0.10776603521479723,-0.17284681076669353,0.1511916087934185,0.277246290711822,0.10144281915109678,0.06009666449245924,0.024102839263872022,0.1386772280943158,0.0022787684126518303,-0.15482765693971423,0.20554564974847073,-0.07326827989191582,0.029371960022745204,-0.18054874314656058,-0.11266617278461814,0.03592520281500845,-0.07132192800545216,-0.17484859303198388,0.09895164625002233,0.2364856630667119,-0.11490102696916604,0.09857791707006476,-0.10741753854343673,-0.14635239291214736,0.2139401279326754,-0.022289003004999756,0.1233228820785378,-0.02123544068979255,0.03606155932613215,-0.13848409248063193,-0.1710637969075555,0.045303848499217154,0.1420986005880865,-0.0014970768444284553,-0.011410215786047556,0.07844404459389813,0.07262434014097588,0.014219815319096678,0.0028179681200708575,-0.18078474813369616,-0.2004216229555593,-0.018953178053524065,0.09287786337027742,0.13817434263801004,0.14576597054105647,S086
0.05320442280754637,-0.04746112899233385,0.07526481560916075,-0.04907730439705958,-0.033460869311636283,0.03895353950734034,-0.09043498917406619,-0.006376575086579527,-0.06285059399598182,0.02430811122584539,0.021724017605951565,0.006447907792613161,-0.24431808414582998,0.06807174063053499,0.08713346728879985,0.1348940895477751,-0.17208975993529863,0.07171937050335492,-0.22326482116054677,0.039955509672744534,-0.25418472361206956,0.09545493670195185,0.0014054082745487593,0.2211935969520366,0.006459593253497257,0.06033846924083801,0.1271389197855178,-0.10706139169287497,-0.050518256812316066,0.10965749103537398,-0.10809348064540439,0.028977493290436706,-0.24810086173692739,-0.05283561497474403,0.17231478498634975,0.05485623892252751,-0.1740824267261758,0.16485107630494966,0.2739678722593846,-0.030409111194988757,0.014982315241202486,-0.02825928974072768,-0.1941400794964474,0.13879188692630723,-0.08595901463584138,0.06120780195061564,-0.15002063331830298,0.023356094796228168,-0.1971382797053679,0.07281394377249678,0.1827379296598528,0.14210100179687116,-0.030085321139218243,-0.11878976764756378,0.11872288532459252,0.14760630459885593,0.08543156704186217,-0.07741258400574572,-0.26084666825972425,-0.13687360924037437,-0.06023162949426191,0.13898613629907136,0.03724839899743757,0.08931345226862039,S087
-0.026241771587667342,-0.08253580351378796,0.22900149505196868,-0.02696872963315994,-0.16224626281006024,0.009502340598026019,-0.08016850717445663,0.09603755354985706,-0.09134381176939328,-0.09060965342281027,-0.05432207177772016,0.03383947167851791,-0.23942155203023116,0.04515225585250743,0.031350170629224655,0.18648683845516995,-0.0846607680257638,0.05475332537745109,-0.11758375439051888,0.09427582960592726,-0.10028161751052873,0.17021740466412694,0.18929697365752718,0.16167540388493767,0.010812406924207723,-0.03700131806920775,0.15906178139855856,-0.08098076526793625,-0.17529658744365276,0.11186348113024887,-0.035608261911454026,0.0027186038637345452,-0.15180516430690227,-0.12009969346126016,0.0677646817927314,0.036056471566469246,-0.13633540937787292,0.14817175055173748,0.22106631889445652,-0.12488201126122653,0.08562442288036722,-0.08144119769312436,-0.16780870293125152,0.14841331899851615,-0.08903731405412159,0.14640672242322153,-0.03843314549633989,0.02941795293089351,-0.16050655319939416,-0.15313508015575708,0.20539290900217694,0.2060644066620566,-0.02196378303756898,-0.05266998274007787,0.14210915237461838,0.09399319595012642,0.049955832743546355,0.010397837015120365,-0.2118279631127267,-0.1988765616421893,-0.05541737044628466,0.1430803428318024,0.10812102168791936,0.11182198892725799,S088
-0.053266358759661195,-0.09812672055858151,0.23599890944275514,-0.01535610237301119,-0.146726430766266,0.022676586802687318,-0.09672463187784164,0.10133960656378295,-0.11309482756454528,-0.08653546361411003,-0.08378974047905419,0.007582092837352854,-0.19117530222124093,0.011883174328097197,-0.0015838893656456936,0.15035707692774078,-0.07353282395245188,0.038239729164833196,-0.08413166932779997,0.0789538889206455,-0.1366244837521008,0.15293689852815576,0.19171290010664965,0.16272784201659896,0.016707250727545406,-0.014693681725959268,0.15931049209261006,-0.049371092445248975,-0.21123712011028678,0.11556585522519208,-0.04412760651002909,0.03469339233852847,-0.13938120455900532,-0.055122515105428926,-0.0032086551297657263,0.01629924035731597,-0.1749377323803702,0.11801692485135686,0.2114020971243154,-0.12690952945586761,0.15104207888225918,-0.0860312000138868,-0.18818727492934093,0.13917318687847097,-0.09075314781143932,0.15992631993908607,0.008418161677095321,-0.008883776083725328,-0.20088267913784694,-0.19053135733735968,0.17842600508020418,0.20236712936678508,-0.04324173074992636,-0.050270106272634243,0.12901571382904892,0.07463315214336651,0.04012545931904323,0.05942908512347562,-0.19040724532806533,-0.20192963525291516,-0.09531091995467353,0.12616250974711513,0.1709541238894037,0.08813566393233514,S089
0.05913185454969756,-0.04528470977306211,0.04028529818046411,-0.0672628778395601,-0.011446910617169183,0.01766349402343034,-0.09977936458495049,0.058461886593290914,-0.022843429286383474,0.06206758854570532,0.07178324890180345,-0.018359504352741113,-0.3038324895018841,0.07221150331581386,0.07449020494790166,0.08869028471997799,-0.19529795588219173,0.056577362618422944,-0.16520161834064387,0.00953144415116583,-0.19157260937630122,0.09598847381846674,0.01055866496420541,0.21652495893968587,0.06308974404961222,0.017000628730610177,0.11102249559680835,-0.13374578584738084,-0.036114284067828434,0.15399138757743835,-0.09729466662739945,0.015138052247912735,-0.20279944754955906,-0.03423920868542399,0.23180364752482857,0.046314919832681704,-0.10582380108060492,0.20169221873130247,0.2551346652892435,0.021735354886977375,-0.07786114936687748,-0.06579258449796598,-0.1871636554883361,0.18224062478851683,-0.12951496390539619,0.011005463828775586,-0.12060261981661817,0.037403950699197865,-0.1550305174005628,0.1817975931487998,0.19622776312986323,0.2075471823531346,-0.06070001941163478,-0.11964968257160916,0.12415985541271,0.1681845816693573,0.06600694340838117,-0.11478450248880578,-0.15151542347547994,-0.1412570036061188,-0.046261389257595466,0.15850230241463506,0.01844077336969199,0.07573327629613148,S090
0.0637437374190193,-0.0719464823404564,0.10146628920186979,-0.043021275471398945,-0.04298803991357142,0.01117362183977303,-0.0941134287918744,-0.0028752417752437,-0.07457573745774913,0.029283526635907213,0.07679016232288592,0.008163483891383997,-0.31551564893919287,0.05759884127212583,0.07742007073152166,0.09424612664408244,-0.13917271687341182,0.06805523935940894,-0.2302605561936083,-0.007394263575611961,-0.2281071066417842,0.08981864227294079,0.030214648652026582,0.2226793578789099,0.029861620674608326,0.055689253152850185,0.11787663607938964,-0.0884033370702743,-0.055397915079421614,0.11424029468410309,-0.11567767910221453,0.045243632293048244,-0.21036926084560958,-0.03811442840058827,0.15283213675192647,0.03987160523829072,-0.13098358190417705,0.15888662463196104,0.2994770092211862,-0.0688578026943547,-0.010531382105306224,-0.05914710343430737,-0.21803602239328204,0.14454363167596257,-0.07111780917135546,0.03608279964899137,-0.15101103132310648,0.02432246831620512,-0.18932362935558902,0.08942082909769583,0.16442236386527628,0.1651311008988726,-0.04151293219908429,-0.11180628428633124,0.12349445123407836,0.1274522695191927,0.033365348768491884,-0.0776245980384828,-0.22850373392379691,-0.17980120346479628,-0.012178299238050689,0.1507148602165517,0.045799660753531216,0.12152096943498565,S091
0.03042653596188145,0.01752988648400171,0.08222410684894543,-0.025379190079716424,-0.04843244963837802,0.03701043992969933,0.024743986740618097,0.0892481843400453,-0.07394430160256567,-0.042901560022328984,0.005266110917031633,0.01743673810143627,-0.24270429718248143,0.038584614890860805,0.11529738033800739,0.13550574206251775,-0.12284760433683205,0.15751745651688473,-0.18552478286683535,0.06955903344743299,-0.247684665089157,0.06222298450658068,0.13923878822264257,0.12484400619059743,0.1482509835893576,-0.03551077792559406,0.175916590145865,-0.08305888550738752,-0.09283489034354081,0.11450866686773871,-0.08149006795988085,0.035630552838425984,-0.2284475919385265,-0.09138924287078937,0.1811480855973061,-0.008209915892422467,-0.15108543180932651,0.2182470275274318,0.2300139488071761,-0.10889102218681668,0.02706121729483416,-0.10824054116142115,-0.20378083808100847,0.17377477068665814,-0.03665963509514196,0.19970843952069942,-0.14979387316387505,0.0028452313844036102,-0.08181129258176996,0.015023754218533594,0.14706567886843944,0.18331784843233073,-0.019677417516725748,-0.10433236593251781,0.1633089882664574,0.08971786540000527,0.023793146153134586,-0.016252134649586355,-0.18527424757715286,-0.23064537245243338,-0.05794508319487369,0.039125605740733344,0.0016860184286311315,0.12936204524418646,S092
0.08183845833846433,-0.06246059351107874,0.08011437016608969,-0.06524074657251135,-0.05960673259644098,-0.007697061884569959,-0.1369899099945715,0.04994396931104706,-0.08808192588248803,-0.024937534174762112,0.10317071853063971,-0.026573644289804136,-0.36029439403856117,0.08877500529996005,0.05239506482231723,0.0882448330062922,-0.1332317433821494,0.06035006930129742,-0.1819384617346221,-0.016173761583522187,-0.2099253038295291,0.10420504854947951,0.06467709504425849,0.21704615040918598,0.026095494590912774,0.007779614265819482,0.11812334535441245,-0.08175389477161686,-0.05880191325547054,0.14983123517547464,-0.11423417036292352,0.05437094645319557,-0.1797694681234249,-0.02726990104250613,0.18906915598179153,-0.003080327827477643,-0.144830533676364,0.16146787926465436,0.28300526641747126,-0.03949318927078423,-0.045823575578669236,-0.043812230241647626,-0.19754771312431435,0.13913904853168568,-0.09314758665923029,-0.0011690958094383648,-0.12337313510656829,0.002685539563624722,-0.17610462183119052,0.16183470392544685,0.16881580118304504,0.19512687426208575,-0.07644140444118788,-0.11270781133834665,0.11522680630722387,0.1296162902598772,0.03489148376945036,-0.11726162238189197,-0.1801442573844884,-0.11601913874254635,-0.010791745510140782,0.12116158330340827,0.04488898106595736,0.15672213002300509,S093
0.0053829679430987395,0.004073156234623184,0.11679739812904928,0.001623123325179012,-0.04498684244249755,0.019601733608456698,-0.025555967917224875,0.07946045263630316,-0.09637427776921334,-0.0814917275757732,0.06245214275038311,0.004417501583795922,-0.29100905727576815,0.02838341158188378,0.09826682888734069,0.10621084339940687,-0.08761850336265943,0.11129192287283587,-0.19856132982906222,0.05673550632035209,-0.20081256353365365,0.1400678791713257,0.1707300930641471,0.14697067833284405,0.0929321579361395,-0.033196543900072435,0.17143099766768685,-0.06174794169410061,-0.11565396182905793,0.13262779183892054,-0.10191816174381217,0.05437923899703057,-0.1875552871153965,-0.05861488572881901,0.11369512966564368,0.008818836013953672,-0.17063110131503845,0.2021131893224011,0.23867308529892536,-0.1407225428626563,0.025435949485590408,-0.09689467528071023,-0.19990062900696584,0.1436940856601317,-0.04484929445359043,0.1314343061878983,-0.13402388079475272,0.0070117263692976006,-0.12253513012108894,-0.0315668640074027,0.14671048581421403,0.20580737281038172,-0.0300890302911459,-0.10225191646568806,0.17680569139508184,0.09071703172436776,-0.012978369832188388,0.01789070324972621,-0.21342322919416512,-0.18016142822096307,-0.0574077738720197,0.04471004020599158,0.060086539274130504,0.13911244643751536,S094
-0.000713564333942565,-0.08186808445047716,0.2230255109498606,-0.014138159036957884,-0.12586604834336726,0.011499640244530897,-0.05070067634461686,0.10348345041193022,-0.09439391801831572,-0.08358998251720279,-0.05554615502245147,0.02247287826991011,-0.22008916993902372,0.0434258717910741,0.037685020748667836,0.18824437454901843,-0.09289764683435923,0.08924866047821806,-0.11796052389748685,0.09260093433807864,-0.14876346522737088,0.1223043702427491,0.19711859863335737,0.12856009333965998,0.05049454274974567,-0.02685649959218863,0.18753930381584896,-0.06358501789240685,-0.20715468878291915,0.11222045150288355,-0.045676338961129666,0.0346134475252576,-0.1949526675809273,-0.10494248900960866,0.07062102845002027,-0.002540518082418856,-0.13577593035865043,0.13061657696333712,0.2182466752040219,-0.09397955005088938,0.13913416789124494,-0.10121535827521834,-0.17944447746382505,0.16429044638633575,-0.07605917623058639,0.18108393964875302,-0.04352003398957514,0.014770023872098081,-0.1539116704668752,-0.16292557378015396,0.17491666433160363,0.19071218144840024,-0.016096978443518952,-0.050586537522212024,0.12150886582571452,0.09369167252498199,0.03246920590515487,0.01303986032618963,-0.17814450626282125,-0.2180985885294961,-0.06582272542539701,0.13714462955549667,0.1130004864584534,0.13183895214487865,S095
0.06514041369909004,-0.10909612251291946,0.09088532858358844,-0.10311440733730266,-0.07897261439414283,-0.013573361469975058,-0.12721603093051914,0.04481521483763482,-0.06846202713372991,-0.024422125882882083,0.08427297739832909,0.036340996240241966,-0.3180097818831799,0.10477283667492023,0.021500210943731758,0.08783632916766553,-0.11155024282189122,0.029951975935237598,-0.1553827699535533,-0.001659782778819333,-0.21391111154990292,0.11825595310574209,0.05268610118020916,0.2152835788751891,-0.012721295284656294,0.028493954010403142,0.07756076863441184,-0.09302125884517312,-0.08795778021116489,0.15524497841052035,-0.10229603655059777,0.01217519674959894,-0.1795178801785776,-0.02564618835316014,0.16075368687187921,0.030223334627701097,-0.17047898988643984,0.1577831450742538,0.30141732697856416,-0.051589152076105343,-0.009447424583791802,-0.07745674934670271,-0.1869469532743295,0.18203340082210895,-0.1312566372462864,-0.00644401209819994,-0.10955883151828487,0.018413322805326874,-0.20747844372004112,0.07640137917729756,0.18866528396813198,0.1883520650781188,-0.05791863186990077,-0.07599087168501878,0.09663399023267054,0.15640039203190148,0.03460883460924663,-0.10654270987640764,-0.18774963384557414,-0.18213516019551165,0.02570370878660301,0.1664473196621184,0.05118934292875736,0.11566481690691127,S096
0.04968578991725359,-0.10810210170173776,0.14535491666863345,-0.0401818652130751,-0.09886618159799307,-0.03793798361173563,-0.13979036215327723,0.10569813360279816,-0.11866533334606127,-0.08868104611365002,0.045922242052637584,0.05521338317110343,-0.28372506776439016,0.05894453403331161,-0.012786025281899817,0.13991925139657552,-0.05680991210096193,-0.02829294777379466,-0.19123386400690146,0.08269978560988994,-0.22335313831239045,0.11397566307842852,0.20523480757917323,0.16545316214196568,0.03378062114818678,0.03265961737904267,0.10222991123286926,-0.06429637125338492,-0.15123211532513395,0.22635446414475785,-0.11253931953845085,-0.0030568712355029345,-0.17312054472150157,-0.061594648821880864,0.13681635938862022,-0.06879129327911404,-0.13159961011039223,0.12796297310010074,0.26680174591468564,-0.1506957350065333,0.07368115738444608,-0.08509788428897473,-0.15175082000701215,0.21944370151279124,-0.059443932442567425,0.03937198470874037,-0.08939480440810013,0.026729775970847292,-0.14060671575506917,-0.05508791331858,0.06526912517019072,0.10804840645362977,0.015168171332071342,-0.043951930731010835,0.08147255305714321,0.08742605743194314,0.01684809633939257,-0.08585692601068737,-0.24663511805950167,-0.19897094716978422,-0.05103249249526644,0.09581076440503147,0.12122687542664054,0.14525364988670744,S097
0.04487734986640111,-0.0866779888430827,0.10613516309204839,-0.10207251539749053,-0.06704386034601682,-0.000578842119217544,-0.10165866881456602,0.037603158401757,-0.04407588711257201,0.018173576942797004,0.05503812850059755,0.052109936990666066,-0.31044735352094044,0.0934587529617226,0.043873300742544086,0.11738650621529853,-0.1360631011433633,-0.0020074083325209613,-0.1836548500726161,0.002633644625863507,-0.18975337750897062,0.1097396078379559,0.03082456928848439,0.2293762029181851,0.008157307454069038,0.033564344141137695,0.0990646013237283,-0.09765142430963406,-0.08542913217555118,0.17321558894329142,-0.11901293737900527,0.028935692203826326,-0.18729580796655063,-0.027568992567462376,0.17091627503838616,0.053164915490450854,-0.14323513007531108,0.17286705087784635,0.2826453654123724,-0.05058195208920094,-0.02545236493332728,-0.09379329256609456,-0.18728777986248676,0.1934982464479395,-0.14179900097348527,0.005531982714583878,-0.0958571272351993,0.02044551021343597,-0.1860888070630375,0.06315873192101368,0.19221855302552673,0.18931271476784658,-0.03687717018848767,-0.08832621369146156,0.09820516715051548,0.16075115130194267,0.007172566138639868,-0.11052999922544715,-0.1901152770228843,-0.18415871777161572,-0.011772578687324623,0.15772923767633162,0.06491592301120477,0.09723992725607818,S098
0.06516389470455813,-0.1084968797901729,0.1669483652447934,-0.031748483464143586,-0.1222968076397467,-0.04632424966829371,-0.11563477955819522,0.08993136452256137,-0.13561586393400546,-0.05290288574515179,0.023394538013713582,0.05256774880014793,-0.2256557660796831,0.03199064906965015,-0.036197279972342754,0.10796934459816651,-0.008734873804490723,0.022121906969832527,-0.17117928254042275,0.1225188226198703,-0.23537316205748804,0.11161412004758067,0.25457838749198136,0.13919098740187355,0.03832676794116631,0.026423458451170834,0.11451465887060375,-0.012356926369634504,-0.10042185973511683,0.18327268456263027,-0.07984044762451331,0.016407718365362665,-0.17570284954364143,-0.08644946539438042,0.06420137092310758,-0.07192880284823774,-0.2042084589238702,0.0979696172031621,0.28406228847062015,-0.18087540754082804,0.11474984611327768,-0.0724545063622116,-0.17334875483257986,0.20602043111293264,-0.04056068864565863,0.047334898744919064,-0.09485247771242523,0.019489439454818163,-0.1904146296249059,-0.11770404047973201,0.030446053115270155,0.08319770867425667,0.0065170140071123955,-0.0490413839405632,0.06345504799322542,0.10869711995954193,0.04337968935402869,-0.038365356700284584,-0.24408382694019154,-0.20803375407176833,-0.04406298598184939,0.10375684484953303,0.11827772409819352,0.15007204556243528,S099
-0.01705515715452364,-0.06220058945448164,0.2421326088621843,-0.013330917805790791,-0.1531107706390123,0.040977097093912604,-0.0646959163188314,0.08364904925754539,-0.11386326611099144,-0.07449286214492468,-0.06311643112917273,0.007333228678551768,-0.19895466042260526,0.029978171203690732,0.022405190399890862,0.20039371553222973,-0.06043831059088409,0.05475140189493371,-0.12484234060876609,0.10201260256581285,-0.12796027454453496,0.11986329063235852,0.21239236366390188,0.15277255176732948,0.02299637757984892,-0.010760252515303664,0.16718651700660012,-0.06271952639552143,-0.19994899053948048,0.12964698339507155,-0.02733194132372421,0.020642048102142964,-0.15593414932945135,-0.1157492937454739,0.03726425485902299,0.005362030207307495,-0.16699566714492795,0.1338095603848003,0.21734043305893747,-0.10141036321178509,0.15863642432962838,-0.09326495159940063,-0.1729560127451581,0.16408135885905228,-0.08879971219494413,0.17728727125016047,-0.01991981797674582,0.02211981619306544,-0.17154039293053644,-0.19983598805267697,0.16025185810117293,0.17959476756057377,0.005043450666041391,-0.0522694707341534,0.12622555994841897,0.07816609162636973,0.05432027327826465,0.05699338676625353,-0.19098425096719637,-0.17753765576428182,-0.09123673827160098,0.12978873899838805,0.14311330253627216,0.07777793567178974,S100
-0.04640802661530404,-0.085537903753844,0.15454558825856662,-0.034277769121640815,-0.041260007134484605,0.03503162756696272,-0.055866666834436016,0.11527100956359379,-0.10436309612595863,-0.07048980937399732,-0.004876302234982505,0.02895953299130319,-0.23521570535654485,0.09209776620552684,0.0029276591549436863,0.08989348170862448,-0.09654287886213939,0.10191090614224566,-0.10743136217938674,0.061176219343733615,-0.1588399858584256,0.1962293687574983,0.10137754816458193,0.16979731507945142,0.05331578222719934,-0.009528863193750877,0.12479387617033481,-0.13002276473643862,-0.21540758229649662,0.17854609874047314,-0.05137557288767538,0.01579251083310336,-0.1819515201842169,-0.012756980765224944,0.0976141663216572,0.03754264422746368,-0.20258625838725877,0.18881884916453467,0.2160493436835846,-0.07094556635446574,0.06896900430886711,-0.12027844015042066,-0.2129156203900044,0.18803827096193682,-0.0949197793662716,0.08162935878478325,-0.025671052905316433,0.025541078477730707,-0.14297474888072792,-0.043504690437840644,0.2168055088862412,0.19492876572193224,-0.10914583883676574,-0.0887859959451905,0.13180508341077043,0.14837786964365177,0.02722550345563651,-0.02753545023943906,-0.1993590721390515,-0.21450243155949572,-0.07265608693392576,0.14324104841125154,0.09106509947248226,0.10444489435214716,S101
0.10266407300252857,-0.0825072253947525,0.12534736903975197,-0.07216165923045746,-0.04347430905030805,0.001650904657818632,-0.16646362868122863,0.03777041735743477,-0.0873310823045154,-0.018696803028364444,0.11988575249722291,0.00540638959299594,-0.3599855393576,0.09965811950076688,0.028731865360888557,0.071728462361442,-0.10919792521869891,0.02636736772580526,-0.18708201295147875,-0.04176213506056997,-0.18010887075342258,0.07122950678549195,0.058593229110147034,0.23598855304831856,0.010310767780292855,0.043697585907453776,0.10063589992416647,-0.09319367967729705,-0.05315053667430413,0.1739780220409626,-0.11575701448651864,0.05985144873543214,-0.16922134483715165,-0.011790586883844977,0.16746108489524703,-0.0004487602175642264,-0.10510205237874631,0.1663168173904091,0.2984926649278517,-0.05248483763705476,-0.01918492573694803,-0.07130851214891133,-0.18015150072394917,0.15784755196610184,-0.08673713908099463,-0.03109898516191315,-0.1358688385177461,0.012274147121878657,-0.18447558764258618,0.12726776002449472,0.13432436095870626,0.1717763883489397,-0.07154327918774761,-0.09226401684442943,0.09770991402853627,0.11133229901787708,0.01624983235586811,-0.13213051794152694,-0.15690156373645944,-0.15847128652948397,-0.002283561785858928,0.17502170299845432,0.0563679964701405,0.16161626446564467,S102
0.08600761967150189,-0.08076257398341566,0.0925214642784623,-0.06423671454930642,-0.04726728008311831,-0.022567648085045456,-0.17186107615324112,0.08007981745927571,-0.07314579929508272,-0.02935331632802243,0.07947934964733322,-0.01437710515519107,-0.3254161134590426,0.11519112199591719,0.016120264059471673,0.07245220952267876,-0.11887519405168104,0.02794593083290015,-0.1638673828812651,0.02085391670451617,-0.19000949112932475,0.10557691587342093,0.07822625337341696,0.22111752851902286,0.014533351410116115,0.012452146165962715,0.09662196713949023,-0.10651255585360811,-0.08741512028625457,0.19949656480601463,-0.12094821761820741,0.052602358597314956,-0.21443699614297024,-0.04903411762230281,0.1766313859439521,-0.0023143557769930777,-0.14724292593877072,0.1808877684229775,0.2816398421730328,-0.024017014053962046,-0.016001990369308612,-0.06769421262211804,-0.15768605996309418,0.19918005784004392,-0.09801307002677671,-0.011614488267889429,-0.08133211935318226,0.022570189446367614,-0.16999108706038274,0.10392013324660741,0.16439599531131616,0.1873777467118448,-0.06556401169938718,-0.08299688124348603,0.10387038028818552,0.13766283014471212,0.03388261798912202,-0.12945922031840712,-0.16676057489147575,-0.13053629158457503,-0.05764988245982263,0.1645238402985325,0.06884696386074618,0.1282233663463081,S103
0.048310197233586545,0.0018033391709034268,0.049472283602756836,-0.030589189166486973,-0.09361065501334281,0.032078089700482974,-0.019236186937439247,0.009039125617537025,-0.03253835596558226,0.011498722470329025,-0.03969241717668409,-0.020264478978352915,-0.20106924157157002,-0.025551654542979294,0.10296220440731636,0.14917743324680618,-0.14542633578088326,0.18926845653461052,-0.19056788805074532,0.10438387802343835,-0.2764026514384173,0.13815857732220746,0.09376280545266903,0.18280828018571016,0.0596611629078387,-0.11811021884045608,0.22747153332485293,-0.054845720686353974,0.018223772430919744,0.009764558367719781,-0.08973148401276854,0.05818987220011904,-0.18794279983322829,-0.14141565486451585,0.14707094896243478,0.08518923680383568,-0.20986409830531297,0.16646823904493063,0.22341213346195826,-0.12548666044575044,0.009562631925862094,-0.008850845448707295,-0.15318540399957425,0.11396504666562893,-0.05635968033560704,0.20346701719001667,-0.25064914638371794,0.050580873934949803,-0.12551723208908905,0.0719414538223691,0.16258567884837216,0.13477552625594513,-0.047335070933546025,-0.11158389595108612,0.1272179744563619,0.1261135093001417,0.10000007206583673,-0.01825934136211163,-0.21915431512962236,-0.15085530274446296,-0.020963395839328703,0.06997686940857807,0.03482201780540729,0.07120252232057124,S104
-0.0503609758481294,-0.08168567043475217,0.21112424116607406,0.024306356987408934,-0.1283334998959008,0.014591767627968414,-0.07368962799663138,0.09468110241478812,-0.10531586384696126,-0.10825818512571624,-0.06901911185230278,0.018447111982459585,-0.19343364056071932,0.022236287143935895,0.0005664654885242841,0.13358014466747498,-0.04340941956190988,0.07055084062408327,-0.10680497702111477,0.0790180651298508,-0.1630820468893261,0.16602012891162665,0.1918602534427695,0.1663494000786676,0.03746605852709486,-0.025640528919687832,0.17445845733867263,-0.05281578480520564,-0.18870647347199554,0.12757282740531659,-0.06369781069225054,0.03976411972863307,-0.18105120278489598,-0.05127596335145977,0.018832427400511716,0.02010858305695173,-0.18489365463364524,0.12913646347369695,0.20763436499901772,-0.13494626839443738,0.1423023285406248,-0.10968195666267858,-0.18836587482937306,0.15001233295590635,-0.0752444268541351,0.14816321346275363,-0.007815017722006216,0.0015879374486368505,-0.17898713095750055,-0.1803988956091169,0.1660262208078069,0.16325651085140358,-0.048001760713197054,-0.03831195732899688,0.11452663125175415,0.10846698370058917,0.024973782115771146,0.044262995368556775,-0.20714970272532923,-0.21807438436680837,-0.07563267968836619,0.12543396895114978,0.1611286895499549,0.12476301382237295,S105
0.037751371225582496,-0.11607482932304682,0.13163561046822758,-0.003647380852668774,-0.11233109595207891,-0.06391629257983482,-0.12432926892518553,0.13178845694712055,-0.12037192246224891,-0.07677643887430272,0.03772788981266012,0.020055871984468256,-0.2590907861303836,0.04171017174676062,-0.044886677540296196,0.13165839957580808,-0.035780301416575164,-0.023806306502204964,-0.18397820765476877,0.10614253889467583,-0.23386807986749902,0.14268460297694166,0.24904661351615842,0.11932800630551228,0.06705321380798279,0.023069525425196823,0.13753496456490868,-0.023024211978849886,-0.13188806210689638,0.2101047386160927,-0.09889258008762367,0.023460205374400685,-0.16517829692336547,-0.08339860043978006,0.08761931157402297,-0.11098311397213313,-0.19441450396781762,0.1230407725764097,0.25194204008555776,-0.18057136004622146,0.06999402761175909,-0.06545928221696716,-0.13697463562573745,0.24676406815505994,-0.02564721585368103,0.08338827228579317,-0.08863572541275244,0.03847551121939371,-0.13201831588458315,-0.0810800850416543,0.023646845143431395,0.11714083468619563,0.02103326660433543,-0.04615358546465882,0.07744822409047683,0.10021156825474654,0.01570609147893422,-0.07595292864878225,-0.1945495463716382,-0.18183475544332395,-0.05107164611217342,0.05843640390250667,0.11437444981757604,0.14295877325419445,S106
0.047889580047185534,-0.07023563084082807,0.12846694549654317,-0.03856286459704164,-0.1327434640031816,-0.0828423532901319,-0.048399301755575254,0.10117587319143434,-0.10948350285009384,-0.02667962245578804,-0.027935620917403266,0.06371663483835424,-0.16888360632978566,-0.00031725048352734895,-0.04488753026497215,0.11349457723213872,-0.015546311889910647,0.012978861913443124,-0.18432341794849344,0.17062245041696275,-0.18689401773684586,0.13380633884469792,0.247202918617967,0.13808568584231112,0.09508111669826116,0.0054564885396704964,0.12518797073403162,0.006832547773473336,-0.09443569244584891,0.17357763069489177,-0.0929682691605557,0.009161319711304561,-0.18780582948603317,-0.10358702411612976,0.07367400244877154,-0.09944640105443084,-0.2001127438128229,0.09765947749738649,0.2795679509837683,-0.17959978058333448,0.10442962019861685,-0.10084866067599563,-0.1446277454252184,0.2556795549472397,-0.02718103750390054,0.10645363523844024,-0.0977868126932026,0.031014499450262783,-0.1126771010755356,-0.152280331252868,0.0674313142520326,0.1289070321412953,0.043126310755127795,-0.015265572781648104,0.06143618999881506,0.125449885205328,0.02552778561268425,-0.02242887572841346,-0.2371247695662081,-0.2196356306227321,-0.09919374311787182,0.12289599302056259,0.06343125635466472,0.173914232499912,S107
0.051092277324873446,-0.0724101078339834,0.0916618924258155,-0.06700242951211012,-0.0866514873923425,-0.04162828257664719,-0.058139292209258425,0.04331162257931506,-0.026068883980607475,0.014559213663679016,0.07798652630987014,0.009063171020041961,-0.3012345466509028,0.06851280980801909,0.07066067658000041,0.06899117871549505,-0.1253505476264575,0.05395912014043117,-0.15817686006864545,0.029631940466818458,-0.177433363868423,0.12626921193313886,0.05968919212565226,0.19791315218897987,0.055305209774541925,0.021599092796159847,0.1131798852438577,-0.0773714812722473,-0.07664438160885254,0.1401227538945858,-0.106045054732132,0.01962107609928502,-0.1957490948449095,-0.04493600926209286,0.14672493180278606,0.07628444188132784,-0.14932776650965374,0.15985980448824336,0.30623252242073323,-0.041004605001041784,-0.03865898973968666,-0.07962079930011211,-0.20713281445475698,0.17225316488251008,-0.117928321655459,0.012716723944479709,-0.11013007327113808,0.036514673952369577,-0.17391666143581583,0.07203368002974618,0.23042297964937636,0.222099844295017,-0.06509178943908735,-0.07571845241364508,0.14639084064998498,0.16779926513088828,0.015189714229918569,-0.06643555570376304,-0.19717852881893497,-0.1915881270808973,0.024459819875662647,0.18078681690541076,0.032811362017573856,0.13159287952653811,S108
0.07908859810696062,-0.04493886342198887,0.044953464544680834,-0.048336829366234735,-0.021893553278795743,-0.0076569204568029655,-0.13898656228584244,0.08719805521574014,-0.05418883468882584,-0.0184181839896593,0.07295651045763764,-0.03859159556444202,-0.3367865967288319,0.10970322905952176,0.06938737051962891,0.05434919293517144,-0.14797379022954665,0.0724507217221201,-0.1708126311080492,0.00045864821724269527,-0.15455832183222962,0.08655886008402072,0.035585411598829844,0.2099306686597961,0.038442152852848264,-0.0033185853923911306,0.13137175153886155,-0.13658515663673704,-0.03660579925544736,0.18686711924585037,-0.13125776441227305,0.049015829283937634,-0.2217340745787364,-0.04513211386394649,0.20466380372441945,0.023731692142495774,-0.11749622944968763,0.20125531703247218,0.2569176878407608,0.009404911551683087,-0.07142278785282248,-0.07526471364586186,-0.14798703304486135,0.17030993577989725,-0.1194557544254418,-0.004393366961392373,-0.12414455624033942,0.014920468335767977,-0.14695067396188355,0.15154021246222976,0.1894394491477405,0.2086500552654153,-0.08210691850263452,-0.08306737595831121,0.10415568089226412,0.1436208507707265,0.026499769350846407,-0.13832500497607494,-0.13317301925515185,-0.12304493689493969,-0.04893555173664532,0.1843986396041776,0.030996252072240032,0.14188126089694336,S109
0.01039902523691856,-0.08958041569879079,0.18895067027239562,0.0035911646585855142,-0.11573732208728353,0.008877271633104573,-0.10611390387460179,0.06267963159032663,-0.12869100346902557,-0.10081064777278015,-0.005818184669611129,0.02274311706050491,-0.22144790944102863,0.014507055215250387,-0.027823778553550307,0.11713524240829598,0.0009876941160217917,0.0644974705586672,-0.13643650595919174,0.0809564944474839,-0.20527997139424375,0.1592817444936453,0.21844662657348604,0.170231504061206,0.027295491878119537,-0.0031470748692941754,0.14885249311943266,-0.029694190922378676,-0.15650495717130633,0.16305707858047463,-0.06368297220933931,0.05185350506419073,-0.16602395194820135,-0.042164165653911415,0.014604221122129222,-0.031519554950788634,-0.21736709438211071,0.10925954232405022,0.25257010247427064,-0.1600987032614021,0.15327925798685782,-0.09368464488958939,-0.1987800853086599,0.16788785131703304,-0.0404482576860147,0.09266545047163503,-0.035987845212792066,0.001878058441978701,-0.18935319668093858,-0.15172432183648657,0.08883171373536249,0.11142512513339309,-0.048304005806348846,-0.04363961574575275,0.08882979326319212,0.11103637250971042,0.02837826483236606,0.0070104549264971465,-0.213204946594194,-0.2119033727641297,-0.05657412008142987,0.11851232134638368,0.1629831998231415,0.1384764131565391,S110
0.05213351529988907,0.0021664284583338424,0.099120336912611,-0.029080628247909343,-0.03181035740908668,0.03401281793022668,-0.059886835967158464,-0.0011806762388190742,-0.01907228543112599,0.04534324987215117,-0.0019415148271010774,0.02261614167110789,-0.21070309151879205,0.029853989383174157,0.08983671713038087,0.13201513990554795,-0.15924368356383733,0.07386393069642264,-0.21671863867450783,0.05861012715967641,-0.2423573339995131,0.10791330127991265,0.025720601011315125,0.2043828799844444,0.04169327012142828,0.0365658541062704,0.14372066436619105,-0.08634038086758039,-0.06385956324807095,0.11142670243243127,-0.11523848813655327,0.054584604148391294,-0.24926240108269512,-0.08390912902569832,0.15286256567440984,0.08620766849934702,-0.18392996792338745,0.18009583666512574,0.2889133184419359,-0.03524654582910855,0.026305155883691218,-0.03583481959453368,-0.20835321822445269,0.14334809403729923,-0.08082734374639738,0.07236625033890914,-0.1549822484929411,0.027590636149261074,-0.17826336480258967,0.020979637191560707,0.19722555735715766,0.16429687232909143,-0.012776860332592375,-0.1136500526006448,0.14260918300285166,0.15898810584498876,0.07389007317761079,-0.028899233032195715,-0.26465404922379276,-0.14808987366704737,-0.06532374628352855,0.13565468438234846,0.04624068943202198,0.10201993845081934,S111
0.08238498276150034,-0.09169733157299871,0.10401757737632461,-0.07059977862863329,-0.041166931003639384,0.004325680677465664,-0.12122740945616857,0.035747855532870194,-0.09622111131096746,0.0006905104586849283,0.09302894325406627,0.014163020288174259,-0.33871475281832353,0.0942305455897453,0.04134576689449892,0.09537473269168932,-0.13488136200871895,0.0747309993353376,-0.17426273407506143,-0.027276354142478365,-0.25717056946595324,0.10186829332886924,0.06274288566906545,0.20113987625369362,0.035168295846429484,0.041125642884400286,0.10718031518152146,-0.0891953793558225,-0.0720118851197887,0.1332745254794233,-0.09447957117419309,0.04757292106538501,-0.17214277989062837,-0.005136374393644597,0.17442267015966048,-0.025960332714691458,-0.13703072953154616,0.1633741470955873,0.3003209113148206,-0.039924671251531055,-0.025860546364245257,-0.048782943501812386,-0.21034203702869858,0.1529027727528023,-0.06997395994639577,0.03207142010965831,-0.12793829249537708,0.0019315497244734778,-0.18565577527548738,0.13458586519370527,0.14083886454002928,0.17643974995047787,-0.08263844181569982,-0.11219383074104593,0.11453994153157125,0.1049516853379213,0.051756549029101366,-0.12112502882210555,-0.18846430252614996,-0.17839172113357946,-0.014149569841485696,0.13016511916182702,0.04653884670842232,0.1396161200204535,S112
0.03612517882970185,-0.08196470963112913,0.0349825845370828,-0.038890896227772205,-0.043645124171673044,0.028634550225318866,-0.09877224528155473,0.04472817394931837,-0.05680791488708797,0.022392183452901844,0.05353918691659679,-0.014804444108798245,-0.29567744744956814,0.06667115375562012,0.09307513146870947,0.12489279317391436,-0.17764164979717378,0.10081911304826917,-0.17100920760461033,-0.016279298756539645,-0.2540007004980649,0.10871359981901252,-0.018209644969098743,0.20861010689678922,0.0041861908161957605,0.04213535686605808,0.12171529831976338,-0.12222441591015457,-0.1003657007465294,0.11345179629586019,-0.10973004125397393,0.02169399786058213,-0.21887126637147325,-0.050032791439015754,0.21308891584956444,0.0684806700457962,-0.1471113074859569,0.1474167112378717,0.22855349601714287,0.001602191530206857,-0.023562919721265365,-0.04552583397193309,-0.20386945409972204,0.14797418095778575,-0.11158673327718859,0.05938023575443249,-0.12533242872312292,0.019942800104791377,-0.2064857299128802,0.10860242354022201,0.1955145865535752,0.18593813832722636,-0.06345851357972392,-0.10628333359487555,0.11177838782571804,0.1392899076842063,0.08082730314347973,-0.07741696133791233,-0.19996952430209583,-0.15015031339333065,-0.004271822563448041,0.12520263225115727,0.03739751946530246,0.08909940337790886,S113
-0.017982962189959498,-0.075857952340946,0.1734440046461578,0.004777579102325994,-0.10909949083482304,0.026859291535544273,-0.13536644798805458,0.08913474792967269,-0.16934338834541335,-0.07381664656179596,-0.0019793157834424005,-0.0035021760047519537,-0.2173284604279859,0.05303318612363867,0.005607858597324193,0.14021727147406976,-0.09526586857449344,0.03850977734109863,-0.15249034728875788,0.08609722620590224,-0.19127812108624626,0.15129753622097544,0.16959037732740126,0.18895919206220335,0.012290307011209192,0.04737755699713928,0.14192926150368101,-0.057397143820007025,-0.16014127736788195,0.13800272829538468,-0.06002569572006989,0.02526404076033704,-0.16583539718477525,-0.056477036440332806,0.06884440023407111,0.020323444177961662,-0.20301189109872944,0.16122714652551856,0.21000491765817966,-0.1423641179928756,0.127680528788615,-0.06688301162149696,-0.16907825249683475,0.1344299415433079,-0.07405743307247849,0.1318269188285331,-0.047944366533832314,0.020188854781806202,-0.19233231066331125,-0.11783013425171542,0.1478151453076989,0.18585848476403374,-0.015527393818820205,-0.10233974804155492,0.13178979025161222,0.07856493235880652,0.03947016715182811,0.03597786714782743,-0.22555488426307355,-0.140875000864543,-0.08254000692990822,0.13257523771551663,0.12493396122912935,0.09872498313292857,S114
-0.029125122781898757,-0.04424418963165616,0.1920267507819785,0.0022246196904995475,-0.03882339712494907,0.01695693910986266,-0.08396951512757898,0.10997764997534164,-0.07807967600796144,-0.09597782100670746,-0.011625113750714079,0.009160163505821942,-0.2401798110077139,0.09611406209976338,-0.010830027280113475,0.0778727949833701,-0.06504516938097013,0.05467503083659257,-0.10494912833409697,0.0749075214015969,-0.11909645048445966,0.19106827815477326,0.12977395236235742,0.18815541007348793,0.037692714489878765,0.012932445336080794,0.10844300502198322,-0.12333831598890437,-0.24528164697099178,0.23016357510365867,-0.09167556230689065,0.027182983131619674,-0.1963536460762169,-0.034430501693791395,0.0893447201921841,0.04798491692880901,-0.18694086510194574,0.18983276050379022,0.1802687345599785,-0.06960697931594662,0.08294387491013286,-0.1571010611268546,-0.1850876494815006,0.20147171340663803,-0.1364104087182644,0.06719916005581411,0.004326738105572368,0.032258753066044574,-0.10799480391851525,-0.09481392189586489,0.19498166628561703,0.17384754371576927,-0.07414571308148815,-0.052197258799543934,0.12673313325276522,0.14215554584656268,-0.028997563087874063,-0.01843894387132155,-0.17263696230010278,-0.18253551956433123,-0.1248754568581292,0.1548416487075714,0.13623324672162762,0.0925100676560418,S115
0.05864124681579599,-0.050806033321369404,0.06395828111089426,-0.07804510973077482,-0.030290279801234925,-0.001767779817201239,-0.11558859860953014,0.0994229397246052,-0.04256129991744391,-0.017302934189635744,0.0505913487060733,-0.020077588285960356,-0.3081820051321945,0.10551344846921848,0.07628318519625522,0.06515809087824227,-0.1767064779497448,0.09226527573728975,-0.15166846083136037,0.006852261729133063,-0.18643513149172075,0.09306591861125048,0.0354806216707689,0.17328280903971213,0.05211762372679748,-0.024924594995620948,0.14377939334177153,-0.1261451560967901,-0.05067201416271032,0.14326526039265017,-0.10767025852140494,0.04210049287628108,-0.22355030240945822,-0.03755090008400375,0.19837090016064093,0.01851820617591925,-0.1447968876780076,0.18476071901811267,0.2637132836633667,-0.0019896407506611105,-0.06595058028196862,-0.06147508101279746,-0.1802191450856062,0.1521242049931383,-0.10984132692809559,0.03072243824783287,-0.1301311822908212,0.003020415199367486,-0.1532879522357655,0.14031992022831283,0.21065985126259093,0.21991800581001597,-0.10477263422407992,-0.10900508312885836,0.10006217484288113,0.14622075737971085,0.0594980772962782,-0.13919853604308383,-0.1479940758452639,-0.17016992353652127,-0.029225472339414468,0.15787333833183667,0.01509652644885286,0.14114704920971255,S116
0.026337606783441235,-0.07719895375870875,0.20267472824300048,0.01933947744701003,-0.11883974930421537,-0.03972327330591903,-0.107808277350465,0.10669073732289026,-0.09812281868310625,-0.09995545149258196,0.0757251551276039,0.05169606884405939,-0.23865007487312473,0.049522135264749044,-0.017045077922107466,0.1537318719884595,0.001046183875569022,0.0008800752772006409,-0.1885885568211889,0.08094443973203617,-0.15369051112729532,0.13264170888605234,0.24552628987550493,0.1634624175694171,0.03917873341083359,-0.025799496346475322,0.125975333088721,-0.027338946949008194,-0.13760925935134047,0.19370374920281697,-0.0965703526257157,0.02177790170869753,-0.17236947252118892,-0.11154693412345769,0.06748265590027648,-0.03090481487873025,-0.1231725833389391,0.14017142820310208,0.2633518926385574,-0.10172226387557733,0.07407029981424453,-0.09879006481348741,-0.11283707341466168,0.21184235878672938,-0.04381809551758982,0.0837100892876777,-0.06780041846185049,0.05057314367136046,-0.11445097356728945,-0.15856272144933323,0.1011291352600906,0.1646641282494355,0.010883396170859573,-0.038776064627808006,0.11066288688194427,0.0823563281521759,-0.012832117802839124,-0.01674226777766837,-0.23055663236791912,-0.20118013055862408,-0.059573477223197974,0.14670228813960468,0.09571217758867459,0.16653221299348497,S117
0.04347466127116654,-0.06318938578400728,0.0694194466961418,-0.07111209789504512,-0.07034660489235708,0.037716012667947725,-0.05781700203026388,-0.014439510081812343,-0.03816715610774972,0.05122417044923366,0.0034129677849494408,-0.01599271290049933,-0.25365091079731095,0.05154051484218286,0.07080146049337786,0.13836067718088307,-0.16434587549683682,0.12502657827222421,-0.1982711391462687,0.06007026480868221,-0.22902709595216286,0.12731913195193292,0.04505069587127326,0.20427444038148973,0.04242934851069716,-0.032358402323619855,0.139387177805206,-0.09008462568380567,-0.02550507722993241,0.06713534010498144,-0.0766352622338947,0.027472157402341355,-0.2005784580576251,-0.0784415669538708,0.16998008846524712,0.05186517493421765,-0.1838488721596292,0.1353055853984433,0.2803943958673139,-0.02421808036702955,-0.015318676777399346,-0.023107027079548866,-0.2166194901146358,0.14701683035302837,-0.07591823504234449,0.08034321680924547,-0.15676827661930676,0.03696419125681282,-0.20529240232626975,0.10767386121769178,0.2026604941968618,0.1680544379528981,-0.051765858129780934,-0.12337852861676593,0.1337727746605661,0.17311319996505484,0.09290830082338541,-0.0517055787158448,-0.2488863897631671,-0.1568384734843711,-0.035195027775667666,0.1194316480273368,0.04771797448027515,0.12375845733205353,S118
0.04578757504759501,-0.10809860439955449,0.18756746138150387,-0.033874337873498285,-0.1372874757352009,-0.02854996621861694,-0.10871438735792409,0.06649388040385126,-0.1285962355244449,-0.048895954880802305,0.07893533592464162,0.046200546661220906,-0.28484093637334046,0.0698653625563315,-0.04780316200598653,0.15600421793843977,0.023004684224696932,0.01436225788136646,-0.20054232039848488,0.069001246638796,-0.1837384714556749,0.1503158478137082,0.2338634562920015,0.16260314983136764,0.016465990755937833,-0.02899859027224363,0.11051961955692369,-0.03451121628022897,-0.08254973618212216,0.16932212354232873,-0.08186602998654272,0.06480539289407473,-0.1134838781300656,-0.07400888047595558,0.05046821128632307,-0.07765954048224324,-0.15608573817513516,0.11890231709742843,0.27700432050983786,-0.13155696997288946,0.04193569971060771,-0.08649041296040595,-0.14822778903225653,0.2383807270035622,-0.00034929682927952463,0.05510068051464173,-0.08649978317727959,0.05882239836006062,-0.1693848042038743,-0.06407414758363153,0.08491252012239452,0.1397046471316587,-0.009350207646892143,-0.04788205309938324,0.07295944435740799,0.1177252133992432,0.033005663076742194,-0.06056779303454939,-0.2257344865198463,-0.20418615156667758,-0.042357347551293875,0.12231814525317153,0.0979136689470914,0.15799488844132364,S119
0.031851808547031624,-0.02329085032209715,0.086957355659672,-0.014016246552137486,-0.09629324977847852,0.00810025674438435,-0.012818168756193724,0.04303555661533762,-0.06839095630945863,-0.01346597308338414,-0.00515983641390711,0.023098284697767705,-0.17311389716974937,-0.007997982008934534,0.09778463959256754,0.14443520506626498,-0.12138907319698171,0.13899841406430993,-0.2159985453646613,0.10066768503474466,-0.25972583406616984,0.08046062205449493,0.128504739080614,0.13693412709645492,0.07493411213968872,-0.06710136939701834,0.19922196581228085,-0.06457351618905491,-0.04453332599523331,0.11404291181705589,-0.08430712940028846,0.011806448882659904,-0.21962803036703427,-0.13989397021481528,0.13835693942444802,0.06777645128811054,-0.17647770337311608,0.18335403605311928,0.2384130275699933,-0.1147197812010065,0.055584055752103005,-0.07795869372778783,-0.16655732782395677,0.1426767816018944,-0.05806391014137343,0.20789128286270356,-0.19768380950320782,0.0428927290505538,-0.10506328828347766,-0.016923735159471147,0.14530887486578453,0.15481086052224563,-0.01644070763830581,-0.11152765563565126,0.11910871103463695,0.1244026376051063,0.04955793534856686,0.01948827724117246,-0.2470076559364123,-0.21209272600227408,-0.035918091853542285,0.08202910176759115,0.02865529204911329,0.14188877917317846,S120
0.06510557785816963,0.05482405456358761,0.05993466164094578,0.006034223998268849,-0.04540557329456477,0.03655368326408993,0.04645516590886184,0.03422942266373154,-0.05675585830935773,-0.02171724435926439,0.03932775780357508,0.024061665496206957,-0.24416990506166628,-0.03222280278270809,0.13961564089133682,0.10032616706377609,-0.09728499307481535,0.1938430087634802,-0.24189872234016346,0.05814673411879882,-0.23703092411850032,0.04389175628550111,0.12975402590833288,0.1660827249168253,0.14525173713836054,-0.09108519744281807,0.21092751291667478,-0.04332530280591933,-0.009537164957287722,0.08750431745040585,-0.08589625595298646,0.0419757291955123,-0.21918157188004092,-0.111996617475021,0.15573637301204088,0.06757117319193176,-0.14917682743276978,0.21750957883277444,0.26145982735838963,-0.13884919773079654,0.0314495551970094,-0.09328002807082988,-0.17913752006085287,0.13684214667505576,-0.057269940602733695,0.17274902935605277,-0.23264454358683367,0.03128639326047342,-0.04611149525320877,0.044116154251955045,0.12563201513764913,0.13718005694495997,-0.028279196381579066,-0.11171435694624711,0.14763024656878723,0.09592605782064476,0.009167296776652732,0.0014074481046059421,-0.1885090011162781,-0.2107203098725242,-0.03876958233620364,0.06591440305279031,0.009142375420361872,0.11734187851116062,S121
0.040961190814537196,0.04753984095910404,0.10000042947984776,-0.01891758353241522,-0.07899823822078385,0.0010869063116083905,0.0020430929232259833,0.07314295227247404,-0.061037469350706385,-0.03598429996586421,0.05543110680370272,-0.014785700216605278,-0.2573422747715729,0.006624339478552684,0.11921743754892636,0.10516886874747024,-0.05762696194623155,0.08123254275855764,-0.20184065164790801,0.09426310642584174,-0.19230800670331574,0.09998823889605339,0.2046358824935136,0.13428567869346134,0.10863566912982327,-0.01069022540237983,0.2071470467577557,-0.0539124600954496,-0.08994899294619471,0.17740906210817886,-0.10827956816808011,0.0524815235447447,-0.1838326732139932,-0.09600792081514264,0.14436391260019285,0.05615319374655244,-0.16166184606892428,0.22505101608745778,0.22472142287954952,-0.14512889844442523,0.02132297765558041,-0.10513313548176342,-0.17323133488631437,0.2010113643655803,-0.06662186747796957,0.17120013967348985,-0.12878021591148492,0.04100606986546985,-0.07661914575536248,-0.04058114745293655,0.15970454227073344,0.205515036352181,0.008790885045122213,-0.10868808099288896,0.16310838789023924,0.12065083803263721,-0.0442865360599806,0.054227058728006594,-0.16676555163901785,-0.15594129977909965,-0.07026944287728383,0.08863385745026882,0.03110904160805846,0.08079397624242886,S122
0.0051195796956802824,-0.09859858551644256,0.1977161704716042,-0.003935061785665995,-0.09750006847305095,0.029444699778295502,-0.06339017166700636,0.11175817977039883,-0.09747457602797757,-0.06042984916700458,-0.018654270728406537,0.03605660201156103,-0.23432222859973198,0.06148084978692132,0.03799442302688606,0.19530660280075585,-0.08229705038463815,0.08180257165731449,-0.14491008359139287,0.09027388114095365,-0.14971704059279717,0.12766230993323144,0.1825467402630415,0.12853596238992726,0.029796950800545202,-0.02429967419414134,0.17720243889859894,-0.08040820528805087,-0.17261023341601184,0.1100070501782121,-0.04826892591498727,0.038642921812883826,-0.19937333801863263,-0.11492946050905926,0.09517787454715876,-0.0007029618872212975,-0.1478001662578121,0.1441539632704495,0.24130012579654087,-0.09008498044475624,0.09621652684105857,-0.09186850260316506,-0.17007285867614563,0.1692090605192517,-0.051737630242214463,0.1520222954954075,-0.03766848785189609,0.03910489862011147,-0.1714177229288244,-0.1430047634134525,0.18404887162654046,0.18068238664463546,-0.023370241517537284,-0.059993495271600424,0.12748061630692709,0.09412110253295587,0.06532024425662859,-0.016300817294001107,-0.2014898600453465,-0.2108252058824359,-0.06541511199005648,0.12788061545293833,0.10252309357060062,0.11604385714241382,S123
0.08097513764483605,-0.0769881526941975,0.09131854525934292,-0.0991905412294613,-0.025665323122907816,0.01723086630006276,-0.1749356016575762,0.05935338379873313,-0.06763085824073606,-0.015875091776742567,0.1119860050172032,0.025830153804863105,-0.3662955812900545,0.09559025073926115,0.014935914106443378,0.07412231116245527,-0.1158002019275774,0.014574081414986574,-0.18208113819941854,-0.04335777509578878,-0.16884847883546691,0.07577041895262487,0.04886230183506609,0.2244616010498842,0.00346951891585478,-0.011822236279694802,0.07535812277012958,-0.09303253395635526,-0.06261270423907918,0.18949024689908422,-0.1098013734472415,0.05660699861196112,-0.1734257914788506,-0.00281482839243572,0.19718951262925227,-0.006952508576564618,-0.11410699135284086,0.1973593299514958,0.27610429537716374,-0.041116144782315976,-0.0531363389578357,-0.10120154501874887,-0.15841538749050946,0.19912014998963232,-0.12524705687685814,-0.017256072689783825,-0.10676051638200587,0.0077883889066311385,-0.1679786931684373,0.12242467191130856,0.14359379749739057,0.19133096387489926,-0.07300218960948585,-0.08624540243829804,0.08598838679910091,0.1241523554657139,0.017469853694182386,-0.15927958179509794,-0.10346605989423899,-0.1930880590645046,-0.03962078195563628,0.1329763793155416,0.05483144112963754,0.14303923674794494,S124
0.0717114365895113,-0.043236690633482046,0.062026214588965345,-0.06415075415962568,-0.017011943008055697,0.015265199906284735,-0.15848172463227325,0.07634569020187947,-0.06183901632737156,-0.02010655242489152,0.056619573376010715,-0.028325181068395693,-0.33010963710252705,0.10954987952372937,0.043659101436386766,0.048867565737285956,-0.15652985092776683,0.0745786155993351,-0.164025254836486,0.008547209889391609,-0.17104109733111122,0.10453805141518616,0.05066669385423398,0.21433238943458807,0.038331759021172036,-0.02157544022716396,0.11343600818941549,-0.14569055679022688,-0.031529286298310456,0.18201617877715104,-0.1111392706950803,0.04071400782230895,-0.19871871200087068,-0.03927101392796632,0.1983185879129421,0.0006137720073189212,-0.13100578608079816,0.20719582596126906,0.26198088702444017,-0.005682078264258995,-0.061075589988868424,-0.0694848724691939,-0.158184085401056,0.1676597427984565,-0.11086092836454035,-0.017388181850232654,-0.12810268675916492,0.0016280487830443089,-0.15082903914812257,0.1651674298904613,0.17400341373718797,0.18866992269142324,-0.09012697688014747,-0.11078336771677672,0.09890543816140664,0.15345580371061926,0.06442768557269173,-0.14431564798114827,-0.16254009976112227,-0.1389253902088233,-0.07293074634360909,0.1661419364639839,0.041802575647709665,0.11410903218597834,S125
-0.030020319547928744,-0.06168606535524452,0.21832557225027427,-0.018363780638312663,-0.1441066878455835,0.013862493419320176,-0.08095432489457707,0.09970431254059291,-0.08772355516706552,-0.06734215327406971,-0.05899893733014057,0.04495961503839611,-0.21026394886209687,0.027890423116336507,0.041855492758313476,0.18180083540946373,-0.10345810087239339,0.047200217275459914,-0.1054354752384137,0.1064189946744678,-0.074759646823323,0.17232797429210028,0.13001290315543546,0.16071594648994142,0.0009526198582506751,-0.04495055587976076,0.16762277569020012,-0.08359016670766108,-0.17152943881628385,0.10403366838965801,-0.03462870551432116,0.002416315401439972,-0.16003139122736088,-0.12841226204658232,0.058612967464663324,0.0809424704965665,-0.13694835005006217,0.14233136245487327,0.21932884123822544,-0.10165794392303987,0.11470055038363691,-0.08278110960570542,-0.13175027439410872,0.1506968534882751,-0.11269788753962667,0.1539895602747534,-0.04530660892389135,0.04060658403820227,-0.1536335294796647,-0.20095572088628594,0.23936210043544584,0.2099836657438537,-0.017695868744328325,-0.04304778363626268,0.14239301237910204,0.08753146887855241,0.05560029905696845,0.026456930376080243,-0.20763057126605808,-0.1949120942732057,-0.053584896737211396,0.19323624434844586,0.11455207004644104,0.09843478655595396,S126
0.05774619307185655,-0.05936203504127673,0.13301523936744772,-0.02240197393698806,-0.02051163213989001,-0.0502065470730667,-0.14336168558614845,0.0710155886451595,-0.10667568759298425,-0.050656751071898695,0.0568982292733659,0.06281096199219685,-0.2887382115787036,0.05871497122962542,-0.03263637779429249,0.06967743508015667,-0.05730000249815545,-0.04591080870946292,-0.1986191860513713,0.09629711486688693,-0.16600160180808238,0.1351350091143764,0.14410023496510593,0.2134750707827128,0.03597726925819864,0.03460673589019819,0.08068911197325784,-0.05887371114624092,-0.12465867574998847,0.26479628008660583,-0.16461691336477677,0.03204906226617967,-0.20933083157525922,-0.004076899698415151,0.12352284368420807,-0.044286723169190946,-0.1496255788106433,0.20264457121097768,0.2814050784662629,-0.11845599053411347,0.007385177715967378,-0.11754755186491818,-0.1280389901631164,0.22772846899875093,-0.09867016274644967,-0.023268314222173375,-0.06625924205672137,0.02027466318696376,-0.10524213220497765,-0.024662319467262033,0.11834698062328891,0.12814896576342116,-0.002110175630134053,-0.04154903061446507,0.09798080239065173,0.13623595244055717,-0.04860787952802672,-0.09350108626077906,-0.19587025459612925,-0.14646667914447734,-0.124465877401121,0.11993384535756238,0.12196987961833096,0.13399098042477386,S127
0.07687788387270753,-0.06442473971762076,0.08486910444125473,-0.07100984496115473,-0.04353213355967608,-0.009854734315336117,-0.14762380496658156,0.0899970174220096,-0.04559220599846479,-0.02090894619762745,0.08220510269623038,-0.02664262064551137,-0.34474735762252434,0.11052186799217996,0.05141618852924707,0.057821067486460695,-0.15357955149219293,0.05433515454761095,-0.14960053153386774,-0.005774871894260647,-0.15740930159458122,0.09939889663835648,0.043320598588230064,0.2105160173462554,0.031175905262995216,-0.002110957981175719,0.11544343603344849,-0.13544971691001179,-0.053305387972133834,0.17378151805790135,-0.1049597634156806,0.029452279181568744,-0.19455735722133033,-0.04302863884227712,0.2006246665320622,0.03556543122994302,-0.11501481126227601,0.184937963427478,0.26877106758393104,-0.020240276177533822,-0.06011167266024596,-0.07046737374717651,-0.16933298887617937,0.16717140000116892,-0.13090632323574142,-0.009387886632809013,-0.11554644055510963,0.024375257741346603,-0.15626992435779155,0.14647902885330275,0.18855559292127722,0.21550203328281214,-0.08443249940976177,-0.09650878224649151,0.10792394236637941,0.13820142735966645,0.03972411964703144,-0.1412002864987062,-0.1341135819518409,-0.15126457639738056,-0.019977765146228045,0.19090629842522894,0.02265469671241487,0.13107458485708393,S128
-0.01488942628862778,-0.07955616858491661,0.2256236923182151,0.00398754588872707,-0.1278658998340446,0.02786090161414514,-0.0750274863148552,0.08950393774913998,-0.09394093464680153,-0.09808717513492535,-0.01904212028776944,-0.007462239764013907,-0.21602082024030225,0.012199374774803581,0.023499881126841777,0.1622265030241039,-0.07666146924676794,0.0971225789758061,-0.12978186001634232,0.09252725052260866,-0.13355737745324064,0.138002552591187,0.19160906721820062,0.15893935110502075,0.04508141302603955,-0.03341719091114544,0.1658345765045609,-0.06636601406078378,-0.198198543038609,0.12430826344112458,-0.04050294118696909,0.04558923932036224,-0.18502399398192426,-0.08870085275954943,0.04784967773388945,0.008770421716693134,-0.17583528234039586,0.12772197515936035,0.2380626581598722,-0.10233586930984515,0.16406290458266506,-0.10819036825265915,-0.16358312965793753,0.15601428016770644,-0.08490152289652259,0.15021749327791387,-0.04123848376275842,0.022287512409445372,-0.15004605042043812,-0.18005681595782058,0.17151318665724644,0.18116907018296866,-0.03781049195809424,-0.045489615208254175,0.11811853900882209,0.0875334559649438,0.02275462631499173,0.026858355450730634,-0.1738249107056024,-0.195768777717272,-0.09269226587817858,0.17183198739224478,0.1489146307305804,0.12353102771627836,S129
0.07071773643474512,-0.06850262829081481,0.10933915586058308,-0.04742311476976447,-0.029173314888607922,0.02218251235604955,-0.11112511821917158,0.008133453106155755,-0.0753132724567066,0.02193118073143493,0.07551464875256704,0.0038566925234082704,-0.31164899202931196,0.08581514477521851,0.07320837692304477,0.08043173832974503,-0.1519634671196085,0.06611605089745967,-0.22983563930265555,0.007218943711037509,-0.22423571719360533,0.08010924763795144,0.049643824992800914,0.1977154550570727,0.04037156755734415,0.0365626782779362,0.13868649215390635,-0.09619232389492288,-0.018126112589577786,0.13281400739187588,-0.10687523768259415,0.06591166670429306,-0.22623091262209213,-0.03224230836933427,0.14946717925090064,0.023033092880980124,-0.1549182642044668,0.18387953024705492,0.3037938226393848,-0.03873340806547247,-0.015077956616266498,-0.03211478574943558,-0.187028286767585,0.13181439977347184,-0.07125157844166438,0.014594901189707086,-0.16002017818243797,0.008483744606731566,-0.17622349337403256,0.11075904876625778,0.15815107265194261,0.1583107782993628,-0.059217003150617245,-0.13505537882930868,0.10723864745784958,0.1374979922960899,0.07151893417388551,-0.10045588815375893,-0.22910579493507474,-0.15813194185744261,-0.044280874541366144,0.14443711259242237,0.03726379288714016,0.11991082875300635,S130
0.025253033238713113,-0.010367078120903025,0.1574279045111113,0.0021069387804882552,-0.09163101094122443,0.0035486037174562173,-0.0017994358194077802,0.06574068357280356,-0.06154525323906363,-0.03255181132854693,0.025982246225095002,0.01698729242348297,-0.24231751935992413,-0.017356566721960433,0.11359229910565696,0.1427714997620351,-0.1049017362141482,0.13026233154521566,-0.19862302903282783,0.06559047260616689,-0.18463345035625311,0.1011841369560591,0.19131529389839882,0.14264564338743854,0.09126566873922363,-0.04898668324682618,0.18727868283960977,-0.034050768267077064,-0.1253594964456912,0.09962793194697556,-0.08322221503258721,0.020304823915279265,-0.17117621408673528,-0.10637109341511734,0.10534873368748147,0.07509159623832766,-0.1314379925961402,0.17955028117693123,0.23361756824910274,-0.15294371185927882,0.04732149842122426,-0.08999657022884801,-0.19218548149238224,0.15371304687339316,-0.04453803457771081,0.19399458593025895,-0.14807990485112915,0.03805583360731737,-0.10594711470573862,-0.05230291145202454,0.1689163905140057,0.19849707503376707,-0.0051622091997288455,-0.10708596482534267,0.1763364914067878,0.0668296177614778,-0.011825569176642835,0.05359926562810314,-0.2001596500320233,-0.16753698395203961,-0.0466961920333685,0.07506891156698421,0.03979871069336117,0.12407263462168676,S131
0.003777600017058955,-0.06982640608441969,0.24140017316828974,0.003524765534673643,-0.1394877240843182,-0.02465643114056657,-0.07326183004928043,0.11373552053850518,-0.0751079682994314,-0.09222603256777019,-0.0018391491282812966,0.06031548399222877,-0.21739791884133267,0.04020426057387518,0.03689450294160204,0.18833389246104715,-0.0757374446434305,0.04055902757498481,-0.13741671489514198,0.10500650462366973,-0.09778337390583823,0.17431324396021544,0.2110744162537904,0.14877116347585936,0.02771290054300669,-0.040474988228635794,0.15887615278557132,-0.0555659526002787,-0.15206707584061868,0.13749138131724092,-0.041736663944080335,0.0033203371122361236,-0.16456181509589954,-0.1303663143241069,0.05093874739523082,0.04800116959374996,-0.11656187648206776,0.17350234733738207,0.24308016929379728,-0.12358736219325157,0.07092013391235123,-0.10291156948355303,-0.137904884188613,0.15989900374245603,-0.06790084954745199,0.14586370343259422,-0.044979658284140585,0.0549015501862946,-0.11693811398740357,-0.17145547469006656,0.19719771098931543,0.207473591031828,-0.011090617778608624,-0.04687345032873414,0.14461920607446743,0.0824426009393948,0.0020918690882845,0.018355072079780092,-0.20916217850703397,-0.19344157821992167,-0.05498734916090329,0.1577758624452125,0.08671911744276041,0.12666034778568114,S132
0.0327271580842531,-0.11906225222373741,0.17343278990199593,-0.023583608251797592,-0.13749430582813893,-0.0147738653526422,-0.1441598591179005,0.09357489339074122,-0.15377205685839251,-0.08779552771171968,0.02915470276613688,0.005759174421916493,-0.21661280413847098,0.0450368942300778,-0.06849421313025142,0.12041044364331516,-0.011658210274152833,0.036075059210492366,-0.1637455637904877,0.10551565340987978,-0.21278906112235724,0.11052720577031909,0.20974729997720237,0.17045673675256104,0.03481185689316508,0.01158801816158069,0.12372173829671858,-0.04650434950564932,-0.13058690060976563,0.16886821953185338,-0.08982043992121261,0.043899586324035636,-0.18742010150230826,-0.06644178024274205,0.068358862904598,-0.07044831833377785,-0.1956751487993765,0.09888970033823881,0.2676617814232965,-0.13128222964489233,0.1350831387166954,-0.08936418739719959,-0.13650994493395988,0.18863190089887794,-0.047156359707448615,0.08324606313234405,-0.06902145523210233,0.01574946983982945,-0.16085355979613197,-0.11638078176835095,0.07758223185898314,0.1185091157962667,-0.012782175806168182,-0.0389984097658182,0.051420911942637475,0.10422340753759116,0.04139697020828307,-0.04545123973766727,-0.21939465770122366,-0.21232346005172187,-0.04654201023623478,0.1687009717790781,0.13778468666036506,0.15893099618584247,S133
0.06438407529707162,-0.05540074465369178,0.10162251180457976,-0.06439240118271265,-0.00010250994453610199,0.027070837257183265,-0.17521587669655644,0.07125139186725862,-0.06767921224610661,-0.00283156684195455,0.11771892317150351,-0.015591672684080422,-0.34773595095338306,0.09858051428412298,0.008367256010017744,0.044128416110050174,-0.12748074375625607,0.011518371935400744,-0.18040704675969374,-0.03037915622219758,-0.1541294003640619,0.053546934894786145,0.029962774678153024,0.2483516767432622,0.04137605480457227,0.04784704482002356,0.07402632894309012,-0.11913313151336846,-0.05204207878660404,0.21195970018562754,-0.1345224948842735,0.0496941604927012,-0.19625995296830356,0.02263822213136059,0.1898565250114996,-0.05224419939570331,-0.08059054259004123,0.20701862683418035,0.2714748285379246,-0.018152542982918077,-0.06894798646529564,-0.09939020639000432,-0.17999158528436873,0.1535893876536011,-0.10514221478545396,-0.033237544130839396,-0.10327243335348471,-0.02414571846045106,-0.1546421791494943,0.17900032876981312,0.12218169277243986,0.19556347676366767,-0.09287937799891324,-0.08780502557610033,0.12346124439410172,0.13446241663296044,0.017004816974924328,-0.13231888885095033,-0.1286865300817969,-0.15424711680299347,-0.0514944366503458,0.15202559424476547,0.03391382899929048,0.13703371746781795,S134
0.0796573324533785,-0.007597856425493786,0.025371054960607594,-0.030085119010059364,0.004128318899091416,0.008608033759609404,-0.08644486569824898,0.0858679111021608,-0.10816927147886264,-0.02389819587527885,0.016050290233896296,0.017689097126964714,-0.2768439203825274,0.12255220336977532,0.05195498674231996,0.07668506056216726,-0.11948749084490408,0.05176438864402067,-0.19226668525944912,0.03472061206394013,-0.266441556635351,0.0780499119871441,0.0500674938860591,0.19971887369190464,0.05202585734970954,0.0672083568425949,0.14107883313282085,-0.1395559392395107,-0.052845454028183435,0.19740453338891517,-0.1394877913219326,0.056890683193257754,-0.2676522618456039,-0.024933214279019983,0.22515036855074796,-0.05332582208896872,-0.18077716046441528,0.20862885020856936,0.26750934706702845,-0.021850148808012088,-0.019573871654078413,-0.07666345347024983,-0.1751502621914174,0.19537488069409634,-0.11057186890313939,0.05081042136370704,-0.10208043767334089,-0.01917089175865573,-0.14679660819622103,0.09051475769079288,0.11324816996714075,0.13568468695543415,-0.027172986131240803,-0.08988437896034765,0.08538708244620206,0.1298149765341404,0.035351336377036094,-0.13296603402897564,-0.18012973589697542,-0.12681348982694793,-0.1168435224719031,0.09010963888950019,0.060687136456437314,0.09491213721222862,S135
-0.008688397919631736,-0.11310440017414837,0.22464303677101052,-0.02785391124651755,-0.12680129824282027,-0.00929135446214973,-0.10130657140656918,0.08311096387386356,-0.09573303085041301,-0.06269717883508191,-0.007354915585080623,0.04936883930178314,-0.23295101304765725,0.050197879852160544,0.015114337792796258,0.17093661611198854,-0.07829663072471939,0.05854741744107443,-0.1389321466996299,0.09953892983657675,-0.14529901961886754,0.19025509171989358,0.18880466412211874,0.15974048414072375,0.008200799609790787,-0.04595824878275799,0.12175134370525477,-0.06093289260805769,-0.15063191554183247,0.11574755015813172,-0.037676739117101,0.012953375343169005,-0.13998128787047112,-0.08473995520404086,0.05524007346298739,0.03621151479334893,-0.14147676021486416,0.1587125046436092,0.24697023788873465,-0.11763770299622249,0.08629981355138794,-0.0809433135342249,-0.1498688833043621,0.17350471974179957,-0.04623301457269846,0.10368399255635694,-0.05902390165224923,0.043815904633006116,-0.1694486908468527,-0.11780327196619571,0.21420200676932383,0.1911938609951408,-0.03507334522527506,-0.07039405174003868,0.13497664728853634,0.1225164134641588,0.031737802688702604,-0.0052595402665190265,-0.24830722536804267,-0.2103303116894542,-0.04302811113679389,0.1672639479059933,0.10689214006940798,0.13642615762173343,S136
0.10561092658238748,-0.050934758450793434,0.0674012814288215,-0.07761461940699399,-0.018356918064507982,0.004642406517748831,-0.16614733939242085,0.04267321799035221,-0.0795413773401183,-0.004638998302063006,0.07785400237430941,-0.028192993622516753,-0.3584751526832421,0.1102321784886587,0.03878778828628368,0.06020580879715017,-0.13939276716273039,0.05563786317340943,-0.17779449047178886,-0.0025632018462622935,-0.16648706507346978,0.11698788929040253,0.05013360193214966,0.2281998752398331,0.030596304986618902,0.006203024552769706,0.11700447379448327,-0.11408520450572551,-0.01713000678417935,0.1789330401602342,-0.10809744684865298,0.058690124332982214,-0.17763198655151202,-0.02741826386717583,0.20301323605353966,-0.01131827735780234,-0.12284802705298435,0.19386830659772067,0.26034141165137936,-0.026056358225669863,-0.062418746659092694,-0.05761814503920169,-0.15760067452450416,0.1795386508493924,-0.10435670866489223,-0.03291561103452092,-0.11209383721112948,0.004076056313154636,-0.16005312572564873,0.1924490880564925,0.16123558073805752,0.17658463445260467,-0.06766922784011191,-0.108718283228628,0.10269648105344262,0.14129570522479887,0.037244214602626356,-0.16347489736026513,-0.1445277579441351,-0.10615590670732303,-0.06681565745905005,0.15716935195592008,0.06450341985846833,0.12281189931212812,S137
0.008064580463568132,-0.11681496121089663,0.21094179978167707,-0.00468326417855776,-0.13914182811670742,-0.001495746124999538,-0.12323986599807214,0.10589606109805974,-0.1254627440021339,-0.11085141960614142,0.01278664915413523,0.0024713549758002486,-0.24303805560535707,0.0499519850787892,-0.002923087742492558,0.17460644064328032,-0.052129448463292594,0.07737602246883866,-0.11825902722952855,0.08421918575317262,-0.16432999974404006,0.16454917257393525,0.21046442148828698,0.1688703747357014,0.004700018923661243,-0.005309150710838189,0.12904884791044802,-0.06162667261029094,-0.19031298546321512,0.13146359296936524,-0.044374547664113265,0.03840212069632925,-0.1572356778401065,-0.10512910655860833,0.0639184693436859,-0.010837471000432308,-0.15114445804436508,0.12258685792196505,0.24131249187934908,-0.10865719659982563,0.13991741497219815,-0.09216973522378111,-0.1642266232756097,0.16858857683982115,-0.047051067937203865,0.10720413359572432,-0.0322875571803393,0.03527503644103541,-0.17599070846133216,-0.1422750830339216,0.1555616316635148,0.17558995084568954,-0.01710632490611673,-0.05258633591095154,0.10885262094266017,0.08823982390259505,0.024631513766308212,-0.009153529440279909,-0.21172916172095624,-0.18579584527864462,-0.042671564724390924,0.14449654137393086,0.1489262383807083,0.10752445478008613,S138
0.0883769654255256,-0.03930449611000459,0.07120124004757582,-0.055483611270837785,-0.02443787496731117,-0.023203107611105556,-0.12613735410026158,0.07979350837026468,-0.06045760580162435,-0.026946396199457455,0.07290861620741637,-0.008224102881372326,-0.3157545285823049,0.11226587472096049,0.06729171475747006,0.045121854575291234,-0.1318097711682097,0.04492373705638145,-0.18085083443390643,0.011995833903030289,-0.17098250653399508,0.06874876425415176,0.0465753888314134,0.20710272179246805,0.0505295057302096,0.026965593479231432,0.10884348415256509,-0.1277443346844787,-0.03800185228757752,0.2110072960932733,-0.14434401957060658,0.05130942363348059,-0.23030366869438318,-0.029576346126698145,0.19654366302224727,-0.002250617914657122,-0.13039802352342628,0.20499443596261052,0.28386607317752244,-0.014436281893975797,-0.053347357229924224,-0.09036153212133148,-0.1540979743303628,0.17297073673294922,-0.1149224203401496,-0.019724691772060664,-0.10102809762058489,-0.00313453984331193,-0.13484491075753868,0.13594705613831373,0.18262905285681846,0.19132900288019813,-0.06245931971987078,-0.08552687989484145,0.10052024483740422,0.14596606679527988,0.012922637514862343,-0.14139716163130137,-0.15982273844857064,-0.13005380848603978,-0.07021536415087071,0.18521086541015816,0.03737714950688337,0.14325989736072564,S139
0.08551959485994044,-0.07508565935769579,0.07564325151384713,-0.07176652060008161,-0.018722482461901946,-0.00429029741209492,-0.140987529542393,0.08635590541983347,-0.05375721498321295,0.02411135387065883,0.12250677669385902,0.00315373221733848,-0.3570386175053265,0.10379320797499804,0.0547485008291431,0.06287470788573778,-0.1564484781679963,0.04631614788013097,-0.1595345595834935,-0.04018699264649584,-0.13868011015883072,0.04591256839335828,0.031892561515364,0.21227924247383548,0.05711975052748229,-0.0041896309301977745,0.10399122519862736,-0.12245770232220407,-0.02302874045064746,0.1801061038215447,-0.10470397851413425,0.021272563005757406,-0.17729908257685795,-0.0017184211775882784,0.20709025356288813,0.021276593894877717,-0.053982444932798135,0.2020900961360914,0.2566696839057273,-0.005197592501734066,-0.09077200963404311,-0.1017693206235498,-0.14300341561981825,0.17569515718311035,-0.1302747181074074,-0.004006087296671333,-0.12429593111790939,0.02631672771222021,-0.126068991419964,0.19167711144577804,0.15768272715022513,0.20981550744502642,-0.08524353428112763,-0.09476217560004278,0.09722691685215344,0.1274584958609149,0.021295895285513355,-0.16746889413762875,-0.0919357325013677,-0.1962587159545465,-0.03237524018317861,0.1946633325572033,0.009750603044110281,0.1523700174699799,S140
0.0007536991598798115,-0.07887564557745813,0.2177733655858351,0.0054115230229882134,-0.12120800356508991,0.012678405995912835,-0.07342397267736367,0.10768883678714203,-0.1099271585885655,-0.08644840424083144,-0.03676518581941495,0.025093134884748385,-0.18442530809009575,0.024431844129195922,0.02450826742571697,0.17541812577501528,-0.07737717480799791,0.08212889472970555,-0.1160256150426703,0.11460218930976684,-0.1415130227170649,0.11914249931651398,0.20527321761412587,0.13966541080850756,0.028026327703259846,-0.0300082406203884,0.17341419589959606,-0.05835826878756101,-0.2061190988079341,0.12703203031817206,-0.05567770533417308,0.021506155110317345,-0.1875450192861455,-0.10786458199160712,0.05546536069359431,0.013342327630407031,-0.14538092436558464,0.10667816390008221,0.2156501628802376,-0.11481432870062987,0.16966515279093125,-0.10890355063696812,-0.16595794813091236,0.15605912260031587,-0.07195333626051116,0.16785322183954868,-0.02243125565416174,0.030119443183380584,-0.1658251179883779,-0.19063897353831916,0.16678099190912335,0.1621960788104617,-0.00999549056491191,-0.03716083795213738,0.12170130744711999,0.08761998857255962,0.03501619504536596,0.020833553958161753,-0.18479232545047494,-0.20970873328977005,-0.08097541840521799,0.1462829968661273,0.14707124513118755,0.12335552321721714,S141
0.008958120592798408,-0.06294128102473925,0.19845639581993377,-0.0010230506904958937,-0.12946958948083553,-0.008748853614843339,-0.06474960792108751,0.08645437381237836,-0.0862889154637177,-0.08931336317232313,-0.023259052127636543,0.05458618409669492,-0.17715239001735084,0.027184989080996085,0.0007989185424972649,0.15713204030683314,-0.0363884139527579,0.0325474682530493,-0.17054012258099244,0.10814244028352756,-0.15807571134672374,0.12417119804323362,0.22930532844474844,0.14480613038930235,0.04284674681011431,-0.020691461583733278,0.14940444753997822,-0.03020658712204458,-0.15097207067539717,0.14825309032403308,-0.07606707399596482,0.002923148579785188,-0.1993007644478952,-0.11534282234856226,0.0758554360859377,0.009034344055163524,-0.16621863476587853,0.12248766838959639,0.23409874763521543,-0.13195240214414314,0.1256490929348609,-0.10121558406258842,-0.14622575602390728,0.193752781232651,-0.06766095220521749,0.14078527979366054,-0.06382998250818195,0.05108181327116706,-0.15023219743963892,-0.20563226976917856,0.11159202893097629,0.15277571202942258,0.010823129987153032,-0.04013405338210019,0.11300381391813007,0.10305065191002435,0.020982799745505265,0.011921700117242466,-0.2223958003904413,-0.21737693036316827,-0.0720368604390174,0.14356076717889418,0.11016231735783466,0.1552820211819531,S142
0.015532214225093058,-0.1331126489743761,0.16662151425001184,0.025109954428267217,-0.11417350026232415,-0.019265723667797635,-0.10216093931447762,0.07968006544275673,-0.08324740453729197,-0.04551135096765684,0.004600627870995299,0.053864573897682365,-0.19899558972474612,0.03322942469291227,-0.035789601311392444,0.12452386544506121,-0.025792829139658337,0.03723487920129268,-0.1766885445462737,0.10348770282169112,-0.2563613408029468,0.1549210240796297,0.22412019433376312,0.13200374611667404,0.013733336268308603,0.004097924004677277,0.14782048658667263,-0.0326201764752593,-0.0976795824337551,0.16979955540280875,-0.08147404064751451,0.032507362159193545,-0.19412029430338998,-0.07138380518573156,0.01700630779171788,-0.05574135584059103,-0.2302843213868888,0.11983593678224692,0.2788291303568214,-0.17310251116544847,0.10128445556057818,-0.06821121660094753,-0.16227178375058784,0.18632952335753994,-0.027110824357378664,0.08882063409190803,-0.1009513853946583,0.0023791894622094364,-0.2048355809860374,-0.11959426470417717,0.041797504095269174,0.10164265226279011,-0.026160529571305567,-0.04495572961939973,0.06132384596811542,0.1452066635594326,0.0642195536268306,-0.03243293020945989,-0.2408313426673612,-0.20199602728776606,-0.04059155464530616,0.09228243077026145,0.1398179219637631,0.1372745546257291,S143
-0.022085034268957564,-0.07564167346174262,0.24539999516842745,0.037818711813920776,-0.15018787992437146,0.04479736590463244,-0.07210034634575499,0.08372742336676316,-0.11569617598363886,-0.0800512395854424,-0.059969199808167124,0.009662546613571365,-0.1846034584309801,0.023714173374806857,0.015317959182744931,0.19636834739310105,-0.058488622892402815,0.07621825610779565,-0.12320420522310288,0.10466645412080583,-0.1289561750368241,0.10947786462691944,0.21721808613610571,0.140471141157859,0.04069057309275566,-0.010274929479081733,0.18888292579668642,-0.03997801201154946,-0.18492238934480038,0.12179531920282473,-0.048077180363579136,0.018157538298608274,-0.18686138933277566,-0.11465440335549433,-0.003851046084210841,0.003812006761168326,-0.16798857300587375,0.10715152418239948,0.21753546141355565,-0.09011590574273551,0.17894858210136314,-0.07571042912272621,-0.1647521809512755,0.12791638812000763,-0.08031661912550915,0.17916814240875942,-0.030369131061172543,0.009323327969854465,-0.18892211515847396,-0.20230787863739688,0.12641472778150947,0.1607091892718718,-0.02272955900850496,-0.04492806806754114,0.1350502207302841,0.09183776770947366,0.05599114890570864,0.06545656790000694,-0.18462843744451338,-0.1723849801358446,-0.08296290392244603,0.15441840974313667,0.17095019320332036,0.11465231256287914,S144
0.042256128377923606,-0.09497125403176136,0.15207274927193165,-0.02036681634116769,-0.10403437401414645,-0.03704311289497078,-0.11795151395831087,0.11908865281920818,-0.07378579026110182,-0.0956944495375387,0.017992371712556975,0.059947715786534,-0.26971333728503166,0.02816841621930283,-0.005294474027853223,0.12709401558959527,-0.02918861871856431,-0.03403784601057502,-0.19810069245983442,0.12485401181282778,-0.1657435176316406,0.13960486225094526,0.23312652870927109,0.15908089393124203,0.07486078359118521,-0.0032674208140617443,0.12415494046186173,-0.054199259890531454,-0.1504030851494218,0.2612239735404641,-0.14559799040346877,0.03296591831589209,-0.17791195677665914,-0.08312518956497471,0.11435415623940427,-0.07939250058550212,-0.16424791727749796,0.11219682139840631,0.2548739642479433,-0.15451924095019567,0.029532158939097816,-0.0882057221173995,-0.16761513014662585,0.22981047223877885,-0.06762020585662964,0.05220541039285717,-0.023829507753917102,0.007451205846470406,-0.1282957066381949,-0.11346352640860442,0.09846835900823324,0.12869570931105093,4.0814836436697735e-05,-0.04757731521071813,0.09555716361523751,0.09818687956942224,0.005504167183445982,-0.0661924884381326,-0.20381414806763612,-0.1889784469479104,-0.09026842318937228,0.0736516568963461,0.12240735226617151,0.11954322032530894,S145
-0.004240919449136436,-0.09408255314832902,0.22228155861529927,0.01113483227837046,-0.11245888621248488,0.01565939275416176,-0.07604500071585238,0.1056595637166142,-0.08689928804309488,-0.08737976246400286,-0.014965155357568104,0.01721656006831107,-0.19276750623785255,0.017654532092944066,0.02847307889185416,0.1744690852076015,-0.08880049287280328,0.07625040098412358,-0.10566852430182858,0.08996936400908105,-0.14054217802285976,0.15336210396853214,0.17395277007050516,0.1405404645397451,0.008373559654450597,-0.02308841325448917,0.17555687674905834,-0.05868749637178671,-0.20217888968832678,0.10768293707631617,-0.03581135789715495,0.03083594719557081,-0.1902959427753231,-0.1074489572744112,0.05264982903467035,0.03501290509279884,-0.15468745770468934,0.10808382822157074,0.2185717382399066,-0.10345037708525803,0.17445957006906573,-0.10001884824656779,-0.16860889822030417,0.14310759313639906,-0.08129148076361507,0.15677324593242598,-0.023036423880589147,0.034856184208289245,-0.17980941636481737,-0.20507971803847372,0.1805427329823487,0.18318316172219756,-0.015094940330837702,-0.04402742115893534,0.11266304848379025,0.09441069762059806,0.03171168112111719,0.021067315513007386,-0.18714159040957676,-0.21475920419147812,-0.07736409893890604,0.15506136744800178,0.14704589272962693,0.11012238085378345,S146
0.04215759560582561,-0.06869665946589021,0.19144898807262392,0.02973681308389844,-0.097316543510315,-0.018212286190726457,-0.05410590178756287,0.11320458763232225,-0.06587992740508043,-0.08637771587731648,0.12773698294725688,0.03373798457775036,-0.21704154036600218,-0.004286901054268633,0.025830693572242637,0.1671118489550748,0.00812073764030114,0.006706518473886058,-0.20623679699671146,0.05807710074012974,-0.11486917379783998,0.11384519457316862,0.25300413424448537,0.0994255395626168,0.07201543687436684,-0.0347257313413821,0.1891272229973318,0.016814350290528104,-0.14053624334832707,0.2244774302187141,-0.11799734404339118,0.06531027687402477,-0.2268999189574118,-0.11060327870948014,0.029736208054014803,-0.006189674539421679,-0.16146452981161444,0.14096452054929517,0.2411839232347614,-0.11004022934153351,0.09362312910622707,-0.1255169343910357,-0.11747336162294875,0.22371362576047132,-0.05501358961034256,0.14284285017715914,-0.06241289980044328,0.04184758576826719,-0.0974977762308076,-0.19949919666981147,0.07246862321522972,0.18706264003841871,0.021825328576725953,-0.04259067946318421,0.0918829304549293,0.09390658425260485,-0.07186376232822866,0.007766944113763398,-0.12143896689278602,-0.22465418940132875,-0.047787865039661856,0.10652883197599694,0.1175719749941199,0.13902629675453684,S147
-0.04895521986775693,-0.06663031794722028,0.28047668550978916,0.007837006047635644,-0.1705003144540686,0.016848829138482586,-0.08549525076040106,0.10941296996972763,-0.12758425189304246,-0.060656625412195485,-0.07457754316464663,0.029763069439228806,-0.18209762661541262,0.01726722454364931,0.013796545473145422,0.2115144457322363,-0.07935288470767775,0.020240694740424583,-0.08241133698221745,0.10035382638273209,-0.08721987138856345,0.11172477823124888,0.17854189391561429,0.12200481479462298,0.02333048604317609,-0.005967330411456124,0.17768009855572794,-0.04259452245119672,-0.22039418740844605,0.09861018009425304,-0.029711682973165537,0.008432707228985266,-0.15384851275333505,-0.10327233362104359,-0.014011014680517483,0.0206666540096346,-0.13493085025672683,0.14957455338124254,0.1931577434387347,-0.08287165399533783,0.14323367844885873,-0.09045339236985044,-0.1720046490606806,0.12688524439543147,-0.10173960715038832,0.19163037574405264,-0.001549559510214058,0.015258587704782922,-0.1512523879815054,-0.21428560831356167,0.1840927841216745,0.22763427698283115,-0.023139558373384928,-0.027133429822198088,0.13226691577440317,0.04045419935728031,0.06391189101195034,0.09065840864436805,-0.1777524859379898,-0.19863931864187961,-0.09889448359519216,0.10720805698418075,0.1415082436510109,0.0932427919184877,S148
0.0018966216414657163,-0.09850037727327973,0.2605783985051784,-0.004044836109912837,-0.13358220294607825,0.021062632136908566,-0.08866444426309074,0.10372867241285287,-0.09344338441292685,-0.09424195365181819,0.041785434106651954,0.03916796625716329,-0.22075429981315453,0.040835909388194126,-0.016421456246123706,0.16012004996300688,-0.033682265228739405,0.05615708960289742,-0.14543160642335304,0.07599118088274646,-0.13073799481500045,0.18667779699590703,0.20336286644550294,0.14857108766193997,0.010479304761537191,-0.06040447523041248,0.1443902132318781,-0.0621994776834751,-0.1444973617068181,0.13753094103078486,-0.04637847704365704,0.05716507908008559,-0.16810431481036198,-0.10170933364518805,0.02098560933791974,0.01694863716236526,-0.1741006711743551,0.10722209026872302,0.259282627264326,-0.07671247712378718,0.10951552351426046,-0.06867334669873205,-0.13177917030097247,0.14718471789683937,-0.05858823728433598,0.08899666773498716,-0.061317853795110476,0.03283387446452848,-0.191481861552236,-0.19304068873545877,0.15224283069495528,0.16841995908754398,-0.04959214332790743,-0.049867053389082885,0.09700281685941856,0.07354060217281277,0.05004996825314251,-0.0033574299004272543,-0.21334395432917613,-0.19072368047508134,-0.04889953872258786,0.17842814697391896,0.15039803541903995,0.11747846188719731,S149
0.04520908926297622,-0.04758704748246734,0.1299939006919488,-0.03585996742019538,-0.13517555919690988,-0.07293338090767224,-0.05539513658835503,0.10901331970128583,-0.15324765586056335,-0.01747541461940317,-0.0648915724883052,0.06707133367559008,-0.15731989849386094,0.005319223471412474,-0.04917838264638843,0.11724537890199214,-0.023521445205489613,0.002623549523122893,-0.17177724818341694,0.19045122257937452,-0.17827609105260508,0.09783965190216823,0.22581149250766439,0.15796282021219143,0.11089937883495424,0.042626738610889156,0.10612371997278963,-0.0251625726507075,-0.11945187345858117,0.1730731179874569,-0.10705496013675811,0.014567269847991931,-0.18772748465874226,-0.10751937850602679,0.12297689110577488,-0.08487392338206148,-0.17732500556981837,0.08257496301621126,0.2540998959369726,-0.1649558442840941,0.11752024238935362,-0.1005598854140656,-0.139894542601296,0.23896155639316008,-0.031014491161330794,0.10865889351739821,-0.07631886449087832,0.04882672543821709,-0.10567128407109282,-0.15553831309015664,0.09399767345520933,0.130588153316081,0.062313469801310646,-0.029342318478110942,0.07079383404265502,0.10223541682746189,0.05444639712606557,-0.03246384442824306,-0.24410862030223887,-0.2045830272653565,-0.11562805013423282,0.14325125277382808,0.04805538238456983,0.19570552377857395,S150
0.05829890981543551,-0.014161202639904532,0.11097847126960558,-0.036455615415643926,0.005008312248021101,0.047921180082020176,-0.11818892388561833,0.040022092558066796,-0.06072843900883536,0.019943549802039225,0.022177623376525624,0.010751788214143536,-0.30222759156108353,0.09525015058865449,0.07909389785920025,0.10692186969385359,-0.16421317507870398,0.0993153914819584,-0.19023526309816705,0.04154006591520023,-0.18096869931448126,0.08295170558766778,0.063815732960704,0.18882198038289172,0.058354759893955895,0.029484561930809332,0.13659283624395158,-0.11961196139122358,-0.07184839275329671,0.15896484945238085,-0.09116516260580186,0.028767362620602005,-0.23391522130479464,-0.0700999669790985,0.20265659519781828,0.023867750273668387,-0.1077911915358519,0.2108454375591944,0.2523824955744762,-0.003043064882940792,-0.030698063089424413,-0.07346916814713013,-0.20072215901448628,0.15947045182124464,-0.07827859645828854,0.028358096040711406,-0.12375052482724568,0.017530257480621397,-0.15547841007523575,0.08103466542889028,0.17488593016286536,0.18033465486895825,-0.057361401628673064,-0.12231634678979822,0.16353547704555854,0.14759985642314608,0.07463442660960865,-0.10308713417936641,-0.20045274148984926,-0.18218356819669285,-0.08359069185605403,0.14128136215715228,0.04289162634944762,0.11628473486867433,S151
0.05292967536491938,-0.07107593914018147,0.10695641334796685,-0.03904055724412586,-0.11180852442296788,-0.08053289971455967,-0.07361870369814931,0.15660960377077524,-0.0336620249439711,-0.059961507181546136,0.014422441544921595,0.049620935769716504,-0.25611002131257116,-0.0049284913154605415,-0.028670123956009944,0.0941300718866835,-0.07334097471389842,-0.10157597367529658,-0.19897670021694255,0.15235992997227715,-0.16532672993249758,0.14212186583633915,0.27977738274810215,0.11041702143255275,0.09794118154953117,0.0026102232523746126,0.10257917823710207,-0.01171500806571865,-0.10726088794557072,0.2194874253670947,-0.103359956746292,0.002701501545243862,-0.15725456909465568,-0.10797050498988463,0.1409019856048884,-0.10687562424501851,-0.20990687368520977,0.08196124940224306,0.23801631165651602,-0.2575476333620864,0.032002747290444014,-0.08487897708818708,-0.13988798799985971,0.3142889869597157,-0.042408704236585146,0.028327008350316086,-0.10736906841808437,0.05563336530621565,-0.08910333322078108,-0.12562167432620538,0.03466947692921271,0.09410461778575448,0.07036359883103331,-0.030906510892384928,0.06669177954414275,0.10271514144658242,0.003126304768211484,-0.06714094538784214,-0.17511590218191647,-0.1740619872762173,-0.07742522620891414,0.013547046161503032,0.06513625610653351,0.08912563627056339,S152
0.016636803257214318,-0.05493690263345448,0.1976271256539114,-0.06367649300322828,-0.15518544908425427,0.015089613176838552,-0.05947329749407183,0.05838724974913769,-0.1007509484963076,-0.05589799140832587,-0.0776477789485737,0.021363201112312054,-0.21512288593464943,0.03234936971529703,0.05435802073394488,0.18918355911167198,-0.08118662489331688,0.07818250600500803,-0.15415354878112988,0.1237619534194596,-0.13382805991623223,0.12655079299197705,0.18740591492623576,0.16013949208252798,0.029426769794941,-0.036355421407708574,0.1500357938390386,-0.06864902594026934,-0.1643146001406609,0.12794452313825921,-0.020883705953162964,-0.008647856600815705,-0.168117854865368,-0.13772287606764805,0.06224777196071895,0.02450407465955673,-0.17161794114657797,0.1643850572291939,0.21057299743463023,-0.13762439060137857,0.1234678763006048,-0.08145358412179136,-0.17614472115232324,0.1872695065776695,-0.08332636448072281,0.17431172475520093,-0.05828467738694418,0.02265532899900025,-0.1652773120760271,-0.15958061380701521,0.1686329224403479,0.17147143451771013,0.010225817902088435,-0.07434274398906036,0.14241009532663682,0.09839899327467184,0.042210862605307126,0.022390052546264416,-0.20168227700287233,-0.18767663262483794,-0.08868096934589235,0.13061532019287958,0.09351133239205582,0.11942347032831589,S153
0.03390946875612933,-0.10128815046670642,0.1665128429237069,-0.008544147991462775,-0.13027849238874473,-0.05347048278649937,-0.09533417354813728,0.09006368810321953,-0.11767039813871083,-0.09639351416096892,0.022221969801246473,0.04970494692445702,-0.22982131258758273,0.013167855522692704,-0.035664294499199896,0.1557754332044515,-0.016572195134075974,-0.015018257987400519,-0.18996746433253922,0.12114437069264711,-0.15477229543684423,0.17196449505118944,0.2514634071499976,0.12996774779777048,0.06232363526386398,-0.01161663020695111,0.1267116652470015,0.007252875611410002,-0.1333038160757736,0.21881410415894056,-0.08537353773169264,-0.00534059340524715,-0.17556234746925337,-0.11002020106632103,0.056449727580220134,-0.06923313863637129,-0.17348439088402048,0.12325540554198601,0.23840406770302006,-0.1770145098883781,0.08329949950085497,-0.09378376812609139,-0.1324579227484849,0.23985144632440425,-0.03784095771771741,0.09554648751501339,-0.06614690205342916,0.03538053590667704,-0.12371989646862823,-0.17523626728726954,0.05731867336834888,0.13125824312248874,0.04084235428217988,-0.028446661844775307,0.06649936903906682,0.11073033366250362,-0.00978301658398355,-0.03122476589225414,-0.19933754351728442,-0.20808015024823015,-0.0499568202198909,0.10152751279167314,0.12156636921864161,0.1501327019230034,S154
-0.019416231574362307,-0.05909851176682947,0.2295095793159348,-0.016590026453315282,-0.14465512795163007,0.01932807678553187,-0.0764299395118748,0.09925212623024333,-0.10151196773602483,-0.08439834792043316,-0.06885485760282349,0.01860480577850844,-0.18341552374724998,0.012225164069781993,0.03227190244035294,0.18784514086524245,-0.08061593225063207,0.03978239063568439,-0.11353986459273968,0.11993523591332546,-0.11312322369972623,0.11948478608653917,0.19192953981821098,0.14906283106861115,0.02519518568454598,-0.01943843671388347,0.17363256069503402,-0.06330693084531641,-0.19273071992403182,0.12771197054643305,-0.044390693064946245,0.01627732146594218,-0.16439814542465409,-0.10487925187893851,0.040249793723520694,0.01988549371983026,-0.13887596836380206,0.12505009007216183,0.20708894579304932,-0.12642363655968128,0.16500470241891585,-0.10402061827199825,-0.1650625061536974,0.1588683597950007,-0.08835280259426895,0.18207591902205927,-0.005274937508484552,0.020154245466826533,-0.16154842205892872,-0.215807219654243,0.179754840298854,0.17437624284283204,-0.004603757524004954,-0.050237732382331056,0.13776051209854123,0.08659857759659405,0.03135971181733274,0.048322106592592014,-0.19335743541373218,-0.20466824402610445,-0.09112233708944348,0.13726387371652968,0.14873572583925693,0.10144006140365944,S155
0.039944954425581755,-0.04615752230956536,0.10680258181338743,-0.07058241056186838,-0.06558678787297355,0.03381717681656467,-0.08041219063056389,0.03957493882766275,-0.04797047540429014,0.01874922725507481,-0.015811340424486658,0.0021671080525539187,-0.2519314157960749,0.06948357302293386,0.07053581652229794,0.13625353158997042,-0.15324019202987932,0.10028999712493164,-0.1670308331216998,0.060097773596604356,-0.22072917773625947,0.11769564880759309,0.06536827859026702,0.20384240998160583,0.037911659204887614,0.04007974968324987,0.13443164174787334,-0.11309397395842002,-0.11033554484828682,0.12538931823992364,-0.08668646423771963,0.02477214004599901,-0.21300436960607205,-0.07071369559739554,0.1776992562631603,0.05143907182035213,-0.1544529625971441,0.16465600010527934,0.2545017351836738,-0.0674634977297599,0.004599357611619768,-0.06726101764326456,-0.23885755388315333,0.1621063585717141,-0.08226371471167307,0.09681673568637514,-0.11135540157081074,0.025244444662640014,-0.19670437462116167,0.039945649378652116,0.19416075310493214,0.1722821909036488,-0.04884032372457768,-0.10563912345771048,0.15170736011691408,0.1478622878759216,0.05726118463110476,-0.05367217804954041,-0.20820931070058377,-0.17609529912182728,-0.04013334398400739,0.13869243611564405,0.05134103761634659,0.10177172053081383,S156
0.0652891169335116,-0.0070619193472482265,0.08714186502033043,-0.08491985155473666,-0.025540027670108007,0.014549821155550206,-0.11549469900869445,0.05133834287180989,-0.05884323382785997,-0.009328271875085217,0.01273353073281019,-0.004827045764066628,-0.3147374992297366,0.08631464318051607,0.08731101340332477,0.10747739475505708,-0.156272743351842,0.07124295254995607,-0.1856180995120479,0.04557446610313226,-0.181903220133738,0.10819274268322036,0.06252925691584511,0.21554515898442167,0.040864691779175226,0.015725348076529817,0.1109022135837483,-0.1216078661952799,-0.08561983510415512,0.17282549440428696,-0.08928142064062024,0.0177103738701299,-0.2163407065581214,-0.0694815485482141,0.22362311982594127,0.03509600235523297,-0.1319654172309651,0.20397927247864692,0.2537542531221981,-0.04917854420103988,-0.01692212629954027,-0.06735903608914852,-0.18778342719862634,0.180260807273885,-0.0898396766483264,0.011489106076939232,-0.11620976377530191,0.021534503414577473,-0.1502899832462406,0.09515221626652023,0.18619974117246937,0.16652142122453795,-0.03943240334369468,-0.113988756924487,0.14335966091321778,0.13641202262363972,0.05988638081200754,-0.12836093103123936,-0.20323415385020346,-0.142251309297397,-0.08168364232809552,0.15139310482993698,0.03612452532716941,0.11089088275679714,S157
0.06483349875898094,-0.04699997809581365,0.09483869528203438,-0.06564933435247756,-0.05612155374132238,0.027977628415200465,-0.08256178397284852,0.014152321059142619,-0.09149158247176846,-0.0035181507243420306,0.056662811638817055,0.011580330934116612,-0.287924466082728,0.08011889341793353,0.06636836215967869,0.10947413605965262,-0.12212242958185418,0.07610437366667813,-0.19561132568495737,0.02175950391049663,-0.23884767523567024,0.10002534674000299,0.033766959398138244,0.21367701383385482,0.022387785724311486,0.05580902894927061,0.11338131330963731,-0.09116964977712225,-0.06940833413975632,0.10783678613057383,-0.10560737802746349,0.05857856813749484,-0.22770983120917418,-0.02415168354923669,0.16303046926831716,0.025146613111475577,-0.175758582844902,0.15161430367353879,0.29449221028280614,-0.04190958845411815,0.019065273712971054,-0.049608995559008114,-0.23431034014913238,0.1451829173935363,-0.07813528243541422,0.02828971512352218,-0.11946398276086005,0.00720518000228414,-0.21578629926916462,0.07213878688730423,0.196192240512763,0.15989099071000848,-0.04720622835190744,-0.1089461498106865,0.11929019919514589,0.14996387062450206,0.05813404010841816,-0.050261175276210955,-0.24677310793598442,-0.1488416183466851,-0.009611154374603878,0.13761157295162052,0.05943448239862416,0.1111338140920852,S158
0.042906370814370286,-0.01221841908990598,0.08438355786730109,-0.03226966766766201,-0.09910303186838638,0.0180868280823003,-0.01145170121749202,0.07508813416990799,-0.07839209324735438,-0.02494610449135265,-0.050204118083055145,0.028377753557574843,-0.16982047437868758,0.004767414775055035,0.08665785328864352,0.14269311355059544,-0.09304660974712278,0.1475305690944957,-0.18126654095460357,0.1326176338251008,-0.231631432011485,0.06831450778262353,0.16499947060026787,0.12407606314782056,0.07779319314167003,-0.08360642244096707,0.2315169034350941,-0.048631729415300425,-0.07314770088525811,0.13185368529254723,-0.10072124421945454,0.013827422897995649,-0.2335371916213517,-0.12609069446405077,0.13758541803771035,0.04108603243585929,-0.20865932902068166,0.19966442966096545,0.19523584264198016,-0.13065677801437145,0.05273732943233504,-0.08416155906135528,-0.16927031584729746,0.19340478310142073,-0.08000737632213684,0.21874653452583662,-0.16176042456723358,0.02058292875940642,-0.11003287354288024,-0.056248868640395404,0.14120678911284107,0.1418275132214134,-0.023172616100061893,-0.1013922648096664,0.11603628893779741,0.14067224091868843,0.04350699010108406,0.016767850276518757,-0.17757826657534428,-0.2196796301949988,-0.0626395269869389,0.06437830808968995,0.02659154344352938,0.12199431437529949,S159
-0.0409232505426406,-0.11594272777734271,0.2015673445017828,0.015911246402208666,-0.0959844785807305,0.011630679822940948,-0.05316492464249181,0.08857624658503402,-0.10284250543125598,-0.08136859809919235,-0.017950131249061276,0.024243977424476853,-0.2279900174340318,0.029440995526242058,0.013517853993576476,0.09250708243420439,-0.06478803296197044,0.09929694784248708,-0.11774085238310188,0.03924549655912647,-0.17168255303443805,0.19069931915527918,0.14463369451270564,0.1601198142931372,0.04445950739425335,-0.022457460829079547,0.16481010450516712,-0.06718113770774727,-0.19292653470262028,0.10689055358162158,-0.042355680215339614,0.04035380563727411,-0.16723385185818182,-0.017548552274431684,0.026547738972160274,0.03381389971110138,-0.17959000491934,0.12506818544241594,0.24746883197553932,-0.1260993053494972,0.1369697410936261,-0.11098867949305803,-0.22095946722831047,0.14965368163660395,-0.0600667549472763,0.11933764718386168,-0.030279571286140904,-0.005420308523365264,-0.18796058260371656,-0.12640502420545496,0.1788073111970721,0.1823111240206594,-0.08199254588876391,-0.06135069739602067,0.12005028577388037,0.10359768121620919,0.008120677905878322,0.03977751815526617,-0.2280647869805511,-0.22950446955653084,-0.05253891599280221,0.1362474880511103,0.14875533387740233,0.13087027847938817,S160
-0.03157522892465225,-0.07527698530997422,0.22475474144843563,-0.015433242486137887,-0.14285148388014812,0.034345911861809235,-0.07198237109503447,0.1017071840483966,-0.12155189114879741,-0.05462114616030177,-0.08230503341832397,-0.0005321592653071581,-0.18521920232060465,0.026190050110846234,0.042039876331564564,0.1758528817729288,-0.09549761909080601,0.04665652089740398,-0.10632089120859904,0.11852058933529683,-0.11817638500987528,0.11055711031094559,0.1732202471454921,0.1425192985297842,0.02315420886752699,-0.012811029687188823,0.18939571621457207,-0.07443323450921195,-0.18455648512995135,0.09673845889954891,-0.02619115624459257,0.015718762107758574,-0.16617769952599565,-0.09821450740000452,0.042324241043330546,0.03264809465532232,-0.1722865727113489,0.1389067502594316,0.21841862037421106,-0.08793856500113355,0.14968908404751788,-0.06729937096941904,-0.15998773768635646,0.13730628149393256,-0.11118993479260916,0.17579920203980304,-0.02648489572438619,0.010101565101683545,-0.19329333970200258,-0.1984053452111286,0.19300183958753933,0.2060671055263142,-0.021624030267878555,-0.0526570119441006,0.14612071121459713,0.07623709476898094,0.07931684426504987,0.06017853498621357,-0.20393238716828588,-0.1697360710888745,-0.10773583300049545,0.15889970041815835,0.13469299092911702,0.08877674340249346,S161
0.04037325056743025,-0.1013229895233093,0.13191387305914118,-0.0012398908589344483,-0.08386654966124914,-0.06357651560264241,-0.08133876723859433,0.14062539573519936,-0.10839113824140102,-0.07035492229370345,0.019453047394640835,0.05768033752550729,-0.23723610509245746,-0.010238327295264847,-0.046781482865610825,0.11291444533106067,-0.050815210354003486,-0.06239344151657346,-0.19536178344050162,0.14745364030970318,-0.16278484623848466,0.15771543331284793,0.2661051992366421,0.09481565656087372,0.0886936858055349,0.02596877989662229,0.11150382013211747,-0.014519729601025875,-0.15009454417064783,0.23786308263142036,-0.11585038770246439,-0.002134031537251568,-0.1847155970528212,-0.09410785999593504,0.08658108023539043,-0.0944619646419544,-0.16634679352485726,0.09056913892711202,0.24445922686289703,-0.24137789974135138,0.07594921710726413,-0.09882307323970677,-0.1358230981594628,0.28335547376634984,-0.027136533661353567,0.07000590885368663,-0.0719851590394666,0.05767268143780318,-0.10014427025120684,-0.15565419706091158,0.015843045097285055,0.08244411992418559,0.05741952549593514,-0.016877678080424174,0.06633271314977122,0.09937050468996102,-0.01578721072352982,-0.05016034549657075,-0.19210711745372172,-0.18493568758030193,-0.06434528770904072,0.03415395496048995,0.11488400348979748,0.12204496204224183,S162
0.003460161986365588,-0.07998492606012701,0.17369233850840468,0.006383411837118705,-0.130895886001979,-0.020549039943270127,-0.05818115073869141,0.08013898086455606,-0.07401887191933411,-0.03145395192334766,0.03398423305125004,0.011323123168624823,-0.22226040110634648,0.0018227046660114492,0.05390071774072308,0.10265293319968942,-0.08674272204359494,0.08831177921924402,-0.1934620523213542,0.0748525572725149,-0.16133757448835878,0.12266976279634877,0.12520851331819305,0.16326651673215506,0.054340088604447695,-0.09070768189607026,0.18251050695599982,-0.08139496236302733,-0.11112600863912406,0.10869628904079967,-0.08544104080235378,0.07629417224605553,-0.20026158115005255,-0.08470738300455656,0.06136527568589117,0.07508432102735707,-0.1610152187079397,0.12857904237461917,0.26710755009623854,-0.12582317014691324,0.09127796796039053,-0.08100707181058324,-0.19385056566317302,0.15563191400074786,-0.0745850508231162,0.11191700909166519,-0.12354034544143132,0.04173226955627941,-0.1696103132079173,-0.10706683591780239,0.17248475695081025,0.1601375433042118,-0.06321233033334682,-0.09411242375141428,0.10221607623881511,0.08551216118273694,0.022058764787511724,-0.0006090295205514549,-0.2005738889008531,-0.2585729999299454,-0.031193997472063993,0.13486524491366464,0.08580962055172965,0.2045761235097481,S163
0.0666608574808559,-0.05483247529607878,0.09355286404431663,-0.07155203046883744,-0.028528742142784,-0.002055312795874552,-0.1555069636622793,0.07714461948165792,-0.10457651621157676,-0.03565755601056158,0.07799961140722651,0.0005583189690720335,-0.3190826434004677,0.12473675076096574,0.019099931449070927,0.06810589620154506,-0.1411182739962256,0.017779346604332308,-0.176385724592048,0.019728397039126287,-0.17588943482116465,0.11036058443289413,0.03864924115481807,0.2333670215107154,0.019507651251247975,0.02665291816024127,0.07024354402609884,-0.11826650311540711,-0.052422122759109666,0.200180780804186,-0.124064418031182,0.03250237742886243,-0.2073330730668629,-0.01688129049894077,0.1866311700566592,-0.03253862954122632,-0.13854318594321008,0.20320857787011495,0.2782790886391449,-0.02858631796823595,-0.057647786915060784,-0.07097523960351557,-0.17177482006787426,0.16453810355339338,-0.10595421376155015,-0.023527008885369065,-0.1005059213349536,0.0004914567377565062,-0.16659956128359932,0.13157473713308052,0.1665618145311943,0.18628209032910278,-0.06690233130776224,-0.10389196507219842,0.10834309257593784,0.1424805554796978,0.04239687268390894,-0.1250337417375878,-0.19111512400142674,-0.12340800539979607,-0.06490149214101987,0.14473834127071036,0.03690673142712862,0.12651241585958994,S164
0.03179427216441894,-0.0735055607068115,0.17146293421771178,0.036665632081442454,-0.13833347874410845,-0.028469020785350425,-0.03560271219047521,0.10893854606770612,-0.08212864418339429,-0.06262102880488775,0.03583687605550844,0.054502488383162184,-0.17912268073664617,0.024222113010925125,-0.022119281077071867,0.16316710404853157,-0.010237965267374145,0.038098601860072176,-0.1885327107388726,0.12444690293450968,-0.14410513523105592,0.1209905546584575,0.28081791372176773,0.07337444972416432,0.11172353369062336,-0.024603142131656663,0.1887403171685811,0.02074982788995062,-0.11325100906257697,0.20991382015127308,-0.0825140550290378,0.027858687353549492,-0.2339926705858605,-0.11858490370960725,0.032570435572771964,-0.07838371316425835,-0.20571375479311688,0.13205212818345313,0.23491499605024088,-0.16547833337628415,0.08102760740304155,-0.12175307826857769,-0.14616160799525524,0.22155323039848668,-0.03053908838201014,0.15124902357316009,-0.06572448461513203,0.013306529805211844,-0.10443477646476673,-0.16169580176151133,0.01756453654084752,0.12171617708031764,-0.0074755461281834044,-0.03363442055661481,0.0845459900253794,0.11388986217100185,-0.007282217685622735,-0.0005394473294152239,-0.1536123005116612,-0.2522846774792891,-0.04553405748068833,0.09022344592779676,0.10303964511278714,0.177550853402111,S165
0.0026949732543115256,-0.08419303162859341,0.22359962892668234,-0.03844193243265822,-0.1625302500312718,0.007193334452975674,-0.09510201087314729,0.10275573877912808,-0.10787229828715134,-0.10198657366648571,-0.007347631557956805,0.038386107416108345,-0.2589227297493213,0.06201893326982596,-0.0013987788084307254,0.20296493525912124,-0.046234433039029535,0.04316535734108061,-0.12304703747937207,0.09052553600197145,-0.15538837327073654,0.17019892169611792,0.22155963544646554,0.16492047544655714,0.008302833390377042,-0.028210068588165826,0.11733606985694432,-0.0695326094268418,-0.18840375138109353,0.14443607188581253,-0.050339031780985956,0.013968933378018652,-0.13447616838994617,-0.10969248805669031,0.07171951875675309,-0.006152994762745133,-0.15580037505779556,0.12446305875254925,0.23285492805999572,-0.10309803974477905,0.08633225040870562,-0.07142296453436961,-0.18122406915723896,0.172457367664717,-0.06091075896440194,0.11180748034356475,-0.02499065719999783,0.03280930531443658,-0.1819169455614582,-0.12399504364607387,0.17226579256150587,0.1885733286938651,-0.012038567981394438,-0.06945606132715039,0.1241559606549841,0.09595622376211355,0.04604227294881674,-0.007962755700928647,-0.21918185864140483,-0.17821915698258442,-0.03901015885144312,0.11703105285877807,0.1305974250980409,0.10484312434638747,S166
0.05471581632614393,-0.1380869821726884,0.14840325463828236,-0.020738635323410394,-0.14810502961288127,-0.07402618625668932,-0.10865120314281841,0.12181736352351169,-0.15005804332793915,-0.024976216421518524,0.009596755436521222,0.045611839584424295,-0.16637957375780058,0.002487898048185513,-0.07343643378378552,0.14346338767552502,-0.03156558930181493,0.006382006335426616,-0.1397082748480137,0.1609115124566278,-0.21931676743095466,0.12845225989223805,0.25817163544073396,0.1053387197784318,0.07796209956311097,0.031247882530821048,0.10509510506449507,0.020939978652249076,-0.12429405741489816,0.17143479830730238,-0.08374941785508722,0.01883377971214013,-0.1757686430723423,-0.09607735510184262,0.03239390175376332,-0.10289050724903785,-0.23322488077878098,0.07447155974970736,0.2695361896160406,-0.17095606963054366,0.13362833604648833,-0.07295051624702946,-0.17044390073003265,0.2134698317583603,-0.014982297594754366,0.09877333630594178,-0.06786400834843762,0.01898675206633685,-0.15535258238345823,-0.1310582080997302,0.035075539903860295,0.11939301148776746,-0.003369561461123877,-0.03691375772956817,0.04827479926495107,0.09447788250157156,0.03925789049424925,-0.024655011635315017,-0.21534440716767023,-0.21152287809194886,-0.02902675445395694,0.11665399353847522,0.09522755894328935,0.19589584830335413,S167
0.041965179853122384,-0.11876707096962585,0.18310669087219514,-0.03283243467166811,-0.1195492516533237,-0.03961007476046065,-0.14001355386103814,0.1055631149083369,-0.1957435010203176,-0.08555946685438273,0.07323497833213032,0.0488885205627288,-0.2882271335265745,0.07123660525044616,-0.0726757888056797,0.1345763355425315,0.005042942497028198,0.006182299891376287,-0.18447410824174187,0.07204773095377306,-0.18099516691079037,0.11309221077919489,0.21312133292037458,0.18534483453434683,0.03982748090147613,-0.010086637354404192,0.08087339069904945,-0.036907185274233444,-0.13206732536383808,0.20266503097352173,-0.11614929353417489,0.03092868078894164,-0.13933693707981676,-0.04839181648604077,0.10677788870895039,-0.09729882593869814,-0.11750820906929485,0.11326194251533558,0.2689990568683676,-0.11780414343097316,0.06124808348524086,-0.09873206752631808,-0.12317466492340029,0.21496817878638474,-0.034933213800661174,0.04364637698680832,-0.06291505402098967,0.0316830230564593,-0.12310313489978078,-0.06382105295999367,0.08754914527206245,0.1321142934491348,-0.0037622372304299432,-0.05485801622346744,0.06102890992031284,0.08402221104243991,0.035585838465795876,-0.08232726613482529,-0.23181182942295556,-0.18355268131153155,-0.05091604395171081,0.14035290250222346,0.11467586539585445,0.16686063805574047,S168
-0.0156371844592919,-0.08898417604489538,0.19429731860124802,-0.02935709414545266,-0.1457933885103622,0.02059145447494501,-0.11884412530949921,0.07793171403921735,-0.12562814373498324,-0.07295377230439082,-0.02464088557845958,0.0054109047122271785,-0.2150753048567914,0.042164039187312756,0.03462126716807476,0.14647040868020092,-0.08875739030358162,0.04524737252234064,-0.13879126263635855,0.08145378919233014,-0.16397818819774496,0.14122585291566606,0.17247432197804272,0.19375800586778444,-0.018251175287720783,0.026895367662301325,0.11792558137536044,-0.06488361234154486,-0.1692499701809077,0.11871525830098102,-0.03670260093448224,0.013272835535716484,-0.13540985564685587,-0.0822844998452904,0.06250048503259867,0.053185631544639976,-0.17637663205089849,0.13335202929552795,0.23058970210129165,-0.14483277296757835,0.13961414634116853,-0.08163976949681064,-0.2016902599279233,0.1335100323544175,-0.08384446472895048,0.10318046674305809,-0.030338032965894712,0.01800961573441071,-0.2217923213742539,-0.1465386838093856,0.18645784483960515,0.18991112863416976,-0.02728033866110366,-0.10019488946350555,0.1492746300292392,0.09232750135816883,0.03398056254102126,0.05447243409418151,-0.25732413851293384,-0.14779895151891126,-0.06961759557484083,0.14521973622129994,0.12971329715132104,0.09138956357613018,S169
0.014792794831366808,-0.07101987152678825,0.13961667270450417,0.03776580346656593,-0.07702813537619997,-0.016429627152428926,-0.051083437743684505,0.08752603333995017,-0.12467336543476437,-0.06156539868817592,0.012862318282319866,0.037629321090758026,-0.1977147639170122,0.04346988929338548,0.04580545157885034,0.14232945682590809,-0.08989733236245487,0.0910594359996698,-0.19078182121167,0.09750723764733614,-0.2042005008851046,0.11538194931872273,0.1571367099449074,0.13389189005549013,0.09158385830542021,-0.0330446665441888,0.179433159833068,-0.060951630203370064,-0.1043794032903213,0.15421443541011465,-0.07958791468092528,0.04130139820498623,-0.23798466984070848,-0.08233169037197306,0.07538087387754053,-0.01565050795962668,-0.17227443573182566,0.17829532408987792,0.24481499464223977,-0.11606967389888621,0.09537883764024055,-0.103171187402117,-0.17780863708550207,0.1809223526181101,-0.03078459437552655,0.15976292863991046,-0.09804900090009892,0.016962977137754832,-0.12192851809693339,-0.08692130094612918,0.13009872173326595,0.1643985712406127,-0.02810416834958436,-0.0870273473607667,0.11918699194263326,0.11056582015108139,0.012237344936281268,-0.0034755733035874104,-0.23819028346209317,-0.22950031216387953,-0.07231162870512427,0.12284551817272614,0.08003561585831791,0.19015209619355164,S170
0.039867895498068504,-0.09625357831960857,0.06588497975265512,-0.08067048627263636,-0.058112791204337245,0.012764697724659121,-0.1147726014229978,0.047507433881593494,-0.030880568483967412,0.023010699607400296,0.07554655532010648,0.016134416177779862,-0.30873560892118007,0.07153022923715786,0.04760585592984733,0.0939243529726833,-0.1576291206167825,0.04162936279299683,-0.1754161243886512,-0.00491689842436443,-0.20635037083871297,0.10915036160808722,0.0056816204688289774,0.22052828387412282,-0.011585289889781743,0.007024938615056902,0.08526573163145774,-0.11475715173863987,-0.11484385450182472,0.1593227567725668,-0.10167024506717084,0.006219049747882124,-0.19555535118744186,-0.03246870872988194,0.1916890547336119,0.09896388697932412,-0.14945110713444792,0.164135223091212,0.2695988449795488,-0.005624162510117277,-0.01177673757814419,-0.07872437919992424,-0.17566398912080358,0.1949040866895471,-0.1519760691751999,0.013953206207851766,-0.10374066517563058,0.036668771556045976,-0.19341745908273547,0.062290781729320496,0.21077673946854933,0.19273074298453188,-0.0605910739331454,-0.0768318073081185,0.09700890597065687,0.1569307419115999,0.029419074340178313,-0.09764738519940568,-0.1708165627752843,-0.19479207116438288,-0.021417773332771298,0.15937942777779845,0.06879075479530629,0.11137552979665752,S171
0.01702492448501934,-0.002684478602702134,0.13751824598694543,-0.025654853364139536,-0.07528850857922945,0.030186695974615513,0.0021965808177127496,0.08493159499551363,-0.10771365921606575,-0.062347796299409834,-0.029070106944651508,0.012248420865817749,-0.21044790399105778,0.05151245972393416,0.06680782635398246,0.11960650032630799,-0.07294543682932614,0.11283831174203889,-0.18692237795120772,0.12078854493247816,-0.20119156448291944,0.08726718871145543,0.19748206642828844,0.11590510510220998,0.12385920096728471,-0.03633211423766678,0.19315470259705192,-0.07007010782259378,-0.1286328989678553,0.16007543767767535,-0.07999161270262546,0.02723295770998715,-0.21608465486435097,-0.08004581055102902,0.11279311269980674,-0.025895692917447807,-0.17028549389848585,0.21004788395228072,0.21454034214208717,-0.13904162260049166,0.07286367200165042,-0.1147276553541571,-0.18785192501596365,0.21357432420456116,-0.04551083199192068,0.19132157115145018,-0.10741615028833396,0.009549385370779461,-0.10726114704521864,-0.06840957100620675,0.1368606378333015,0.15372110197640987,-0.012887916427194362,-0.09106163686308719,0.14555577009209483,0.12417219638919554,0.011439601637136514,0.025652150251196,-0.1950045831465712,-0.2281631852986131,-0.09472678954718984,0.0683727378382028,0.04678000209357022,0.12965161838769101,S172
0.06810375719097837,-0.08441739914356527,0.12555522546597578,-0.0686439332099755,-0.07292821735776041,-0.014485088869529874,-0.16392500090388126,0.0669489835174123,-0.11216256118391875,-0.03447177574560933,0.08399847550688729,0.01896185677214195,-0.3089973259604569,0.10326276353910252,0.004518401299692314,0.10388040403742557,-0.10082026199243702,0.0004567951113709396,-0.17859083239920778,0.017158248128299428,-0.23624521734818926,0.08115560277068443,0.10404102338143595,0.2033411334869389,0.004326221119443888,0.06131449355503769,0.09053878123440211,-0.083570965514409,-0.12002788258795867,0.19808799107116662,-0.12534241641030774,0.04507743866388423,-0.1998412500147373,-0.027743546433917472,0.17072168464508228,-0.016979966312981466,-0.13697296949223886,0.17295263566018804,0.28425865025029823,-0.06262560322266802,0.015099405335415378,-0.07979718952252071,-0.17840303057246074,0.18103849580570713,-0.10773237341522716,-0.0011869351069923781,-0.09771919416305527,0.005812311501847357,-0.18650766811606748,0.048816620257737205,0.127814678093642,0.16999729400254338,-0.030402645166515776,-0.08569962663841671,0.08855550557972695,0.13841061024547427,0.02977542514304226,-0.11588424301370202,-0.18545714173443528,-0.1628648180114588,-0.026707222537791623,0.13709827918156225,0.06861366365769188,0.14377810854985376,S173
0.06852726258817582,-0.06349126628396064,0.06427104650181141,-0.05892064593541198,-0.033469484426516476,0.02732926819908651,-0.11054627226622431,0.022766750800203715,-0.0811258454199036,0.00659732837406639,0.08199025129545279,-0.028509247429961446,-0.35353838621768985,0.0975064063945798,0.06431045813660287,0.09590218431066878,-0.14096945167527664,0.09250596219098783,-0.2028565269566271,-0.0033796988639089322,-0.19890817769883057,0.11217397872673011,0.0517905976965513,0.2383693560839189,0.03784872084701772,-0.003434170206901813,0.12449299234583391,-0.11527591818218283,-0.03345479115049378,0.13224331265704292,-0.09172832003946542,0.03660876506589364,-0.1846182568044218,-0.055783448288479025,0.2059995384426809,0.011772077603519383,-0.13052115503076123,0.1748010545231036,0.27129930784260553,-0.0169584446960667,-0.04244404646747181,-0.04836532873799043,-0.1960316431090168,0.15980448171364958,-0.09311795518629877,0.01571526627479963,-0.13357411744475775,0.03430084869809484,-0.17150026726510667,0.15116277477659168,0.16126332510237681,0.1784776179803577,-0.06468513776575328,-0.11591443606871472,0.13068176519922978,0.13801094369877215,0.04989952683218046,-0.10100735068675959,-0.1905843801222379,-0.12848823238092733,-0.037155569667556676,0.1427707919146023,0.03801410608481484,0.12479520619464479,S174
-0.012796725177604325,-0.047296325995903186,0.22368731982747125,-0.04742795411071731,-0.13345165982151752,0.01888719397708249,-0.02906875079249811,0.07031432517814688,-0.0713321412806228,-0.06411035994160452,-0.05595571259731203,0.018051753531235802,-0.2209977630364666,0.049994820334330864,0.07619213665616342,0.16777788925301385,-0.10101625327933132,0.06339886856703476,-0.1289799638858206,0.10773485275979167,-0.11639331392687785,0.12513622395944554,0.17070396286328599,0.14216975237444257,0.009628096099248225,-0.012808116265145622,0.14642508328434198,-0.053338483977469174,-0.17393975427982802,0.09957774048375076,-0.006449509651355104,0.008434878187537428,-0.15254897892344976,-0.10921384164413746,0.07191450907160267,0.030479741952457555,-0.1659296428520572,0.17999390764778386,0.2044098583708475,-0.13603429477334344,0.11120295151708687,-0.11030851164963668,-0.2082102612819513,0.18018146215639447,-0.09634435595588973,0.15916825044227273,-0.025313622558682112,0.01046001653142495,-0.16418671749503455,-0.17049217781520748,0.21361209085909935,0.20245383575846246,-0.011317755821767096,-0.08673805041745572,0.17339936193310534,0.10388607719049832,-0.0010110104172387927,0.056795731393501574,-0.19657479506932285,-0.21786004541734444,-0.1004493922090741,0.09468854619068628,0.10059776493507099,0.07938236426499926,S175
0.08504426259430153,-0.06457933457573212,0.09695425749783666,-0.06426036426790491,-0.011479237978563575,0.001476654777257173,-0.18162484668177625,0.06305232068882309,-0.07864577658657594,0.019030706009768857,0.10363643537533605,-0.018773295242375407,-0.3267520298504636,0.08515395141533529,0.018942426712058983,0.0575738243930309,-0.16907341774555212,0.007307374040787247,-0.18264235799730133,-0.00011602967575386401,-0.16365731847186543,0.055128928410931484,0.036437246439508526,0.22857028010307806,0.051473337279113476,0.03358550731691811,0.08546580558410614,-0.10787507197235961,-0.04451011255538863,0.1850554307670353,-0.1341693918323695,0.04786409789350568,-0.20004366894050699,0.011134751486469472,0.18720854376978438,-0.03303273776894927,-0.08733015163270622,0.20791913762547967,0.2630081828131371,-0.02132292826462417,-0.07824835361452415,-0.07800571253204967,-0.16436083417525602,0.152988880599662,-0.10474301436708304,-0.027763175418696218,-0.12018162945146647,-0.010346264401577494,-0.14751810823092745,0.1943703875019173,0.15002095630797763,0.1976487670679038,-0.07707472916819681,-0.10613709454263381,0.10676970637425377,0.142422879011767,0.03439618030065169,-0.15971588256950597,-0.14137552606917536,-0.14908370247059996,-0.06232996792209935,0.1489658832574621,0.035112912937925275,0.15463124053721983,S176
0.011623807693011868,-0.0568849484698261,0.15948145354486515,-0.010247399894356208,-0.08950736434975824,0.032149338302253874,-0.10911178457342739,0.07477065488989111,-0.14557666451717416,-0.06313134698565956,0.0068698911760298725,0.009171185414373938,-0.24419182636986028,0.03217304536920068,0.05457807992720232,0.1306521314892451,-0.09508265915903985,0.07877255566472541,-0.18127299620889295,0.05587683803611014,-0.2260302857332718,0.1349728715112285,0.16866242708170132,0.19533944114561774,0.03255902525619303,0.03905094052145187,0.14548701781366108,-0.04661797233054452,-0.1230387297790089,0.1316616588247497,-0.08246617723342067,0.03810099086838801,-0.17441264850650975,-0.06030557125295069,0.08338785448820066,0.021028159702515755,-0.18720511701170392,0.1661585229395559,0.2280962994154333,-0.14632069309931625,0.09680945722273403,-0.06595333310278874,-0.20361825508707457,0.13146323832849494,-0.04750930065562916,0.13263489134215736,-0.08661579761413149,0.0055856129137687545,-0.1960031261887471,-0.07458527238540048,0.1297079693266799,0.17483704151232005,-0.022250200607960458,-0.12122104874871738,0.13792840875880716,0.07095891242481021,0.0187412259699329,0.04098972108814486,-0.24156945198800914,-0.13221977058070858,-0.06074992727664784,0.11009812831450647,0.11113888336259191,0.09970997072757926,S177
0.08094585279089742,0.059899309110649696,0.06842629407693294,0.04042563222374218,-0.06590971328199924,0.06603843873112882,0.020076935874228305,-0.04979739205124891,-0.053262757353977286,0.07008855450747217,0.020855352132950998,-0.0461827144693128,-0.20264115327223478,-0.09887959920927003,0.10238057683184143,0.13897244265097405,-0.12151512910898074,0.20141790734564385,-0.24272453961514456,0.06383290520768604,-0.2530238023595966,0.1412884398827916,0.07639361209097449,0.2357110196674957,0.09163698610079475,-0.09188145511474052,0.24714106658137208,0.01682695563047083,0.09587028062535265,-0.07101421394911825,-0.09856218465327746,0.11464000539836122,-0.13352232914372147,-0.11705693764848468,0.09951011115050293,0.12429647395926222,-0.14855268386075487,0.1442627183346985,0.20718524992240733,-0.17288014009625793,0.01696526997142226,0.01993022311756057,-0.12767178882909047,0.09209146323516403,0.018217359045976583,0.18739477622542294,-0.31368942880370027,0.08186945777992928,-0.07001296117301176,0.13372492865202432,0.11184567378254394,0.0748721516287179,-0.0023221898769999853,-0.12679541455586338,0.13684870053075535,0.06144936486320158,0.04606728818400515,-0.0012911486227013466,-0.22704022789943162,-0.12199878836514744,-0.041706657189500576,0.060119916536100076,0.057109342393100775,0.045652283332323414,S178
-0.007854421576806474,-0.10218233899894778,0.20216448384667804,-0.029222267396342386,-0.15215564076889573,0.0062781811490887915,-0.05307186888368696,0.05381713570294906,-0.05529684163567579,-0.03161056896750259,-0.0609048750025595,0.08165319892895075,-0.21884020321204287,0.05404993246089887,0.06458089953698157,0.20265745212112138,-0.09185451463332732,0.07020533208449106,-0.16701379890626572,0.09674411482503027,-0.1774862335389346,0.13586660428954814,0.19390490024373455,0.1394378454479595,0.023028716224084856,-0.011616564559071903,0.14317735207940083,-0.07741636856622215,-0.09426814458621738,0.08459008114983609,-0.047035057283926096,-0.00018434345157794602,-0.1430784196727764,-0.14189423752639022,0.10850557293730032,0.02636785015278505,-0.11502961288162207,0.111369334832204,0.252231311211881,-0.09176718070915565,0.06777802856456049,-0.054606412623447544,-0.182976566656364,0.14840069206318846,-0.05644781159553603,0.09401543979930962,-0.09586493057214365,0.03244230576942843,-0.1929073294630915,-0.11105488016454183,0.18987462827494758,0.18286200530411306,-0.005950665527455519,-0.05824504176114527,0.1326163956706938,0.1485058659732597,0.10228799606627619,-0.00877653316035004,-0.2839757705302032,-0.2031876105046191,-0.014593871117693336,0.15043464166035347,0.07804836588307441,0.13859920740543588,S179
0.0467476117922358,-0.125547833386562,0.16948996933074834,-0.016701190628756957,-0.12087278383636184,-0.04137291545037284,-0.13482101728612014,0.0920251814693439,-0.12342164911474122,-0.10534418684443017,0.07071099041407919,0.055570213871072645,-0.2696539111602034,0.004750401385439196,-0.04115020582912429,0.1454117158846107,-0.013505336097159776,-0.025229991720726052,-0.1804577569202454,0.09472765365647581,-0.17097821364323973,0.17494925069519432,0.24647170976839078,0.15091683771063455,0.013465719262771686,-0.0041771431012492186,0.08349248389745642,-0.007161427940820485,-0.13206010929184042,0.2247418099265855,-0.09626520148606507,-0.006590739825341904,-0.15040341748899974,-0.10272001529733144,0.05170587516536533,-0.03618271252340198,-0.16921239436466873,0.09634646178006402,0.25767454465688544,-0.18732130241590728,0.08394739996216347,-0.07945180926885405,-0.13316115752522223,0.2361871883490749,-0.02723882972700089,0.049008352912697443,-0.0570287596616958,0.04813949050934835,-0.15968180085396522,-0.16687957623136396,0.05618835680483777,0.10725719683177051,0.03759575905888869,-0.043440047682108476,0.07203038961408834,0.07914154195205074,-0.018096883372085225,-0.030556764560096587,-0.19868287804107335,-0.17307157971394777,-0.007329869464125527,0.10245645854565484,0.13535594490519498,0.11204840737553762,S180
-0.03705339035510498,-0.09082858936910047,0.19107129348188143,-0.01710337658920805,-0.10842914023683413,0.0032212737700443765,-0.08393815380362128,0.10697730933898894,-0.1281661027108136,-0.09562195219092005,-0.04092929364791749,0.029723004717895397,-0.20650008672137057,0.04648755228251929,0.01620558784738943,0.12758512976160713,-0.09258245788510253,0.03625458902353027,-0.12819032876397587,0.08616673429364133,-0.1557800881624161,0.15037653501631368,0.1672726662574369,0.1748551833443198,0.03278925843172244,0.00799820802160495,0.13538632564841296,-0.05884678993185774,-0.19507327931263252,0.12531598413725797,-0.06843883936294753,0.018590871873276963,-0.17412580222691657,-0.06874042899328506,0.07124665779850124,0.03246743721588506,-0.16403242079983954,0.14201835142645117,0.20443242117813476,-0.1528109789258916,0.12311460290769471,-0.11839132577347758,-0.1961134289294455,0.16204006981898283,-0.08288790710541374,0.13266918949298628,-0.018657619346560066,0.024649641373649268,-0.1748966129975155,-0.16664685276472516,0.18961373257034256,0.19532249179082534,-0.02544943955947555,-0.08445561553053488,0.13935688399468937,0.092600454412729,0.009024977663234455,0.025129939094096682,-0.22872416963876432,-0.20664972712725002,-0.059153201126012876,0.1280305305325914,0.1240553127875797,0.10438299018317176,S181
-0.024579689673012703,-0.06346054556414685,0.19605816403540363,-0.04728297554800195,-0.12701562809582778,0.019011827088618094,-0.041015233457217366,0.07137615148698069,-0.10031101482471448,-0.07231788777481463,-0.0781022151973836,0.017303113508778,-0.2178630913222227,0.04913857117768449,0.05454538323680983,0.14545024617448002,-0.08932461548163186,0.05201403991274574,-0.1434231012763368,0.09962735320223455,-0.1315707096782065,0.13124640027882334,0.17592805100737915,0.15661279157995794,0.03016150266448868,-0.006363199610514748,0.16101222715181446,-0.0576949237404961,-0.17443021928209618,0.11145767161863497,-0.024709839588219686,0.008271558015605193,-0.1594959469529761,-0.08993619358176555,0.07026749147492477,0.028433363643205926,-0.1676244553885458,0.16464512807785872,0.19973165930618195,-0.1606107334921377,0.13122707302238218,-0.1104961692253756,-0.20345176099004086,0.18437708519379625,-0.1000755037236387,0.16061968134627358,-0.024266856527166616,0.0061136079123007255,-0.17938697136564613,-0.17477143711515078,0.18702438066487767,0.18463251483115606,-0.002636656231119902,-0.07037849151764325,0.14813449121115363,0.1064425439408391,-0.0011163130175817603,0.045744812570392625,-0.20258518450711174,-0.2208707349703383,-0.09795161188174108,0.11478410135295904,0.11127948591201157,0.09660090468528239,S182
0.027669516789474064,-0.05907990519184375,0.1162538978470305,-0.03275291885920982,-0.11551345916074335,-0.07416904575293788,-0.06501115890199315,0.13927144737377484,-0.035564687813412,-0.09594176965990125,0.029063086300053977,0.03437055736163469,-0.22367018652460194,-0.04498270656762544,-0.02729863412171172,0.10693296786917447,-0.033655462456505615,-0.06977214337568786,-0.18584373886479752,0.13440543813188616,-0.16914316821548306,0.1613833947302469,0.267908017573702,0.10807222328430188,0.09897907170082752,0.009643115600422605,0.12964611115484356,-0.001182267208778355,-0.1347151786763461,0.2414792220489751,-0.1152774345711207,0.004356120679881113,-0.17319716164427754,-0.1011462667726463,0.1006164920536589,-0.10917991726858853,-0.20309107968549572,0.08179992075959953,0.22072191992330037,-0.2624742051743986,0.06698845679347365,-0.11338442019425217,-0.15845650880355597,0.285095862902482,-0.036994231140216924,0.06461791007980158,-0.0906559117896688,0.03381309522315543,-0.08150230531110061,-0.15500712680099232,0.01775833275068333,0.10206230774926657,0.04814909722931876,-0.0031343935336008706,0.06974619711541266,0.115921217461985,-0.00470554227004896,-0.053365295692567864,-0.1749686365886705,-0.2098297819932844,-0.07058390113866383,0.023324413491468597,0.08844603196876964,0.12404906059706679,S183
0.07449296331342206,-0.0473274994371425,0.12435801331884135,-0.04327585707168692,-0.04215060813405807,0.0038408327707487307,-0.1315536702025634,0.03996013311769512,-0.09946974993201368,-0.0023000678487339566,0.09585800142070404,-0.0011946390366667544,-0.3182087355371246,0.08353078329292947,0.04323877911816475,0.06954868024812744,-0.13425899883818768,0.0487307063311646,-0.2081457603292515,0.015882090950069466,-0.2307602074035758,0.05688719914864232,0.08008633173554261,0.20416711668656493,0.0497667712569572,0.05139890458774031,0.12323694313254326,-0.07195172493702505,-0.03663294107981096,0.1621773353227179,-0.11420092855709996,0.05540198507890369,-0.21401646852343356,-0.014273217077817275,0.1625633062464013,-0.0038258756588567836,-0.11308043232109576,0.19571578380100613,0.3152959126752376,-0.05464513140724425,-0.015464334320530602,-0.06361841010280316,-0.20792307580672292,0.15067908108591982,-0.06569130776990968,0.017653678365381932,-0.1314232742660118,-0.005228042233840213,-0.1407566573489843,0.116744826436762,0.14830597628747003,0.16477457180666316,-0.05470236260686009,-0.12215208369418516,0.12506786696001454,0.13192456223422663,0.0337638394686148,-0.10663315910992938,-0.20810839021263944,-0.1851808398735887,-0.03358998167850716,0.12842250485314982,0.04383499278555132,0.12943380800142162,S184
0.02258678944796726,-0.04766451814824998,0.1777846609542595,0.018150695390538544,-0.14718547553365305,-0.03856992165807226,-0.027996364494102144,0.11830716384226748,-0.06990875773492986,-0.07199268301010191,-0.01086204132573729,0.04551877371661914,-0.16629505968706704,0.00532447169039648,-0.022468925746444116,0.15466809870313905,0.0027338433551837966,0.03361189652805381,-0.17054159723792084,0.1323838668321428,-0.14867367515243196,0.11665419473403198,0.3100793129376781,0.08780912537325167,0.13011003033122992,-0.013275815891397641,0.17615603316257264,0.027073512490678867,-0.11999324855700927,0.22737041554629397,-0.06925787514372098,0.03443340661973451,-0.2102362423889345,-0.12348797697834675,0.03785438053241102,-0.09918748508542138,-0.19242882471091735,0.11530545336140365,0.23883767004760376,-0.16900675827674938,0.11571979567404314,-0.12123120869719645,-0.16520209953535492,0.2340098929212169,-0.015139495224269994,0.14541015864039564,-0.05746296573674514,0.004945776216905144,-0.08602062105037084,-0.157495105391684,0.011165315381267147,0.12369929049634322,-0.0024192090799008297,-0.00925706490828316,0.08479034938040532,0.09012555633495616,-0.00046245414573607853,0.01244037048128781,-0.17379660807176503,-0.22346421668366873,-0.075871368121258,0.07138972108272931,0.07439013670324954,0.1742131041525294,S185
0.023193400808519223,-0.10545425069513402,0.15659859024245484,-0.04387585230944299,-0.14438486443809798,-0.04446549753443546,-0.08151558090072855,0.1098455332165736,-0.1285124552199342,-0.06690539780904436,-0.022104748926681322,0.040622405670316254,-0.17274437763657843,0.0045922087750674394,-0.04938644824058739,0.1045420898761328,-0.027499850232083393,0.010698402190284019,-0.14968552962430995,0.13376784987112345,-0.2116604246215644,0.11867780983298645,0.23053092266028163,0.13972889244648587,0.07195607678040493,0.014571395638736589,0.12193991809509468,-0.00695471830686098,-0.13670913304796667,0.15381886521093308,-0.07736180212890353,0.011303492197822779,-0.18682069308366867,-0.07708605962398882,0.06250009072739993,-0.06969534009991826,-0.21796740995969172,0.07304138068577792,0.25519069111962356,-0.1889643594607665,0.1579113285102104,-0.09421156318813988,-0.17676865943035686,0.19611726974117205,-0.04694546736202314,0.0937081463671827,-0.0779056091632616,0.018746439829751015,-0.15861212482053536,-0.15320465858927357,0.05313058874011763,0.11151175464191149,-0.0008671426957293298,-0.016380807108781568,0.04538142178014435,0.11118892163741743,0.04315160878908558,-0.02501980023939034,-0.23309010319524062,-0.23789996348154546,-0.06686583795447261,0.12438864682276958,0.09806114950911318,0.18794986842631237,S186
0.015317273446099657,-0.10526995057604566,0.19961834097447614,0.03169263311930329,-0.11623270315977226,-0.01523413248193659,-0.10995695621327736,0.09946990986517183,-0.08134729701139069,-0.11063686138879075,0.05281875189647361,0.0247955757311626,-0.23495582090205377,0.060816211312618156,-0.0037253011580932797,0.16882909059512688,-0.028597420481902693,0.02028505411523778,-0.17402333118729135,0.06647723164758051,-0.17842926388175248,0.1382806372345894,0.24091538204793492,0.1408165812637461,0.032837823066729076,0.0012928481134496547,0.16335725340915616,-0.03128647769584689,-0.1513895277722796,0.18216088833336636,-0.06815618524162588,0.02865970768552611,-0.1958503166900823,-0.12591396128393692,0.06720689768733436,-0.0294032639547678,-0.14374387400472002,0.14488481520155685,0.256952270562864,-0.09051682064325119,0.10694752023870972,-0.08953777233521694,-0.13352483856210207,0.19323660330048334,-0.06676353753010676,0.0953510191639015,-0.07037629933823726,0.03904972879819841,-0.13921311719954224,-0.16290774437167813,0.08998189785253924,0.17730708023627867,0.020987446686142427,-0.0470783718987074,0.10848880705548224,0.1047391622464816,0.005854900725808365,-0.012870598678424095,-0.21341762802502776,-0.20583782664165926,-0.04670750862126974,0.13827378853463448,0.12017801474149586,0.12719785907169426,S187
0.04360278319675901,-0.11011711568278199,0.1481334355008735,-0.03587360337134011,-0.10566470100509154,-0.044708104567219735,-0.08882450292900966,0.10535906391318071,-0.07515550307653632,-0.09685011812752674,0.02183331815702879,0.06225264449185382,-0.24245220374725765,0.007441089603600673,-0.0336512223419318,0.13056933737477527,-0.04878187402887834,-0.06214154382643975,-0.20398579978596867,0.1252425204183246,-0.13899220817192742,0.1863723151371559,0.22038609367363804,0.15540428054212094,0.04910473535225487,-0.00970661567346878,0.08300647952669,-0.006681947529990326,-0.15218452357570858,0.23827089513781904,-0.10862490225745275,-0.03167069263930697,-0.18709507400240008,-0.09373600521433449,0.0802093161543609,-0.027599177845896484,-0.19869170566464295,0.08945745147606196,0.24154140739687693,-0.2011002421205316,0.07082147287568014,-0.08021040302286601,-0.1281746966495039,0.2605032537260201,-0.05313769374345157,0.060305195568554605,-0.05883085110878175,0.05604876104374052,-0.15240252028429924,-0.19096809760190508,0.07288868808164951,0.1104438025008518,0.05089830846345935,-0.0531958838467405,0.08014351797153675,0.09427440760786483,-0.01507212047749988,-0.03311140555280555,-0.20892394854561677,-0.17480661821852495,-0.07375520309526148,0.08708782773709957,0.12516145827811506,0.10073912374546845,S188
0.04776320811484429,0.010178392885098315,0.0609369504278937,0.004479134227919823,-0.020794424422680924,0.03989105105484231,0.015180261838526915,0.041454461919506705,-0.05097228889303628,-0.012315724837932841,0.008332127238552896,0.030957903395189508,-0.23229900156271863,-0.014412784397105138,0.14534208217210087,0.12146365240175448,-0.11217587292334916,0.17504569420703894,-0.21780843939936692,0.06677282145776851,-0.25680224249177597,0.05928955974091265,0.10155455208307028,0.15827996130755947,0.12053836576270248,-0.03323241100133983,0.20891265222219488,-0.08010606498094477,-0.062400291614392735,0.10117058951529237,-0.09411297204674483,0.04947595834678216,-0.2551019658324037,-0.09067892198155751,0.16895162304691097,0.05662548389376615,-0.16183695849249266,0.21949436217081247,0.23364279756223075,-0.11350238250269103,0.060709037755464275,-0.11294359184827359,-0.20292024670198772,0.158356100241945,-0.06329018599717373,0.18008620106354584,-0.1718051169255314,0.017312152001329482,-0.10006127291150169,-0.011902842857072994,0.14185546033440433,0.14329568259582046,-0.024847261040186426,-0.09947984141507019,0.1408808014435883,0.11255435517226654,0.02072136236798013,0.005948504362090843,-0.19108730490769943,-0.22167305509237947,-0.05712519954355034,0.0877443406560562,0.030055437761123828,0.10675660109229598,S189
0.016439811702000814,-0.1261471187154105,0.17124858864987433,0.014857582954173863,-0.07310619087542444,0.01423084103558261,-0.11672411290499761,0.04796489530766503,-0.1453418640160213,-0.06495227976832861,0.03739687626701624,0.050475939653177135,-0.2578367793291118,0.032503086295087844,-0.034906547446424435,0.09867455614613607,-0.011648329296029283,0.06496103611709958,-0.1668082427226712,0.028362390623110884,-0.2582253494295483,0.16926303432540057,0.17702303023054664,0.1912181934733993,-0.020186671957763563,0.019073844401743482,0.12364819745959935,-0.006064398140426539,-0.1388612095822109,0.13588117925637205,-0.0766824464329614,0.032529831884772716,-0.1576016994117397,-0.043481130743117324,-0.017364416024032776,-0.006976378405180648,-0.20231942818241902,0.13164795275620605,0.26581070792889083,-0.16021065116703884,0.1464574965562631,-0.07796982889525013,-0.19642454433516665,0.15224071945267167,-0.03287395156090627,0.029569979208590363,-0.09484594264958593,-0.007425962340040579,-0.22412328698083964,-0.12058022968433887,0.04976116421662571,0.0809504247771182,-0.052004226187987376,-0.05669363278656678,0.06846400603424414,0.13223031969414828,0.01912410887229012,-0.0041980996089423656,-0.26534413560274905,-0.1925418187416874,0.024256656843285436,0.10602792974975894,0.1577874080381619,0.10090736755015806,S190
0.07393183886024692,-0.07508478978505874,0.07721987265306898,-0.06294772713901899,-0.02368929465421499,0.025001613703742525,-0.14032842682624408,0.03492938987765425,-0.1040015048208951,0.014867835042940003,0.0954019325687512,0.00337207439664774,-0.3172092191769292,0.07325598405803177,0.06067064120601015,0.11131064493866798,-0.1702757555374488,0.06186632279178192,-0.21355759728540627,-0.02759705942862346,-0.2605707106832285,0.06609648963930688,0.013413559849210886,0.2274540921685221,0.017943514036746978,0.05263827701321957,0.1035128399938168,-0.10243434473601089,-0.0584191865768986,0.1337405510218163,-0.10710510168908041,0.0351025756315768,-0.20471561419004758,0.0032882803998029774,0.18597329594891523,-0.003904651088477764,-0.12045990033238316,0.1726721719697411,0.2821046237687078,-0.04941899801053447,-0.016141570466159764,-0.0480679556634886,-0.20282860157722885,0.14541758907719815,-0.06606419394542443,0.04683136077926508,-0.1379518049689046,0.000825506502760455,-0.17622466828931438,0.15746501881508598,0.1332724604187527,0.1651268096436783,-0.05722079722465156,-0.11911421514008662,0.10413716703117369,0.10795464091508689,0.05260473846380029,-0.1292619958397413,-0.194279073083333,-0.16744003713917463,-0.03694136130306605,0.11363638337372525,0.031283079788655424,0.12137994023865802,S191
0.05079690825737236,-0.011232915301196722,0.0933118270208106,-0.018521752114062772,-0.08698984883713821,-0.008213750917941623,-0.022416420763415473,0.09280286689354977,-0.093406492008568,-0.07623618754691418,0.009541031498535022,0.02518462374056374,-0.23101434572376642,0.04384636813815342,0.07038286644602171,0.11475292734377666,-0.056707771193687036,0.12044301018398115,-0.18953079530529163,0.11072746705072696,-0.21502105864858675,0.07470651621578192,0.21937649377834004,0.1375580641552188,0.10282774973945019,-0.042755827327299954,0.19294676379387352,-0.05599783233554885,-0.11128120279338997,0.176481805736092,-0.10663564346096671,0.01603655411329384,-0.22180138991447532,-0.10637696286938858,0.14383782712794588,-0.021464798168117392,-0.1958981468937123,0.20465181387975195,0.23051543464154003,-0.1462397170536088,0.05065686335536393,-0.12002809447187208,-0.17185708983181686,0.20765123168608993,-0.06883200993784111,0.17471513262772975,-0.11731163336310033,0.016117915847045684,-0.08841238948254176,-0.05688516762308896,0.12604946598343983,0.16579110598487712,-0.014995044505335403,-0.0865376738155924,0.133789401580046,0.10871076231024925,-0.011088466178047117,0.004064086598086337,-0.1827493113149393,-0.19702562479361094,-0.08038150189148516,0.0753506895665554,0.040178931044700626,0.14965903847862033,S192
0.051217957197445284,-0.07757083608127095,0.14631628671125985,-0.03908417024890995,-0.0789163267673059,-0.0396470815921434,-0.10801927643444452,0.08248140276975115,-0.05332428948496815,-0.09473539658490278,0.0487894827919781,0.0396490878936409,-0.2867406464524528,0.05760254669290851,0.02477762291926861,0.12807502882707936,-0.03245206859397239,-0.052432171298630814,-0.21923058942284904,0.08853261246719392,-0.16772013075245107,0.15016388214366125,0.20320419381153734,0.16939902297913983,0.025348392050215107,-0.00042708185094861734,0.11669748600019823,-0.05472201249923533,-0.1422403191595717,0.2357853174367918,-0.1333114751921866,0.03201092904339484,-0.19023396884298946,-0.10367203691706152,0.1315382558118591,-0.051061159653069205,-0.13786983948490641,0.13862191119520964,0.24421582350789692,-0.12361954306571676,0.03629467028704611,-0.09180898326047877,-0.14899248526687717,0.25918740026352455,-0.05248833089002204,0.04328226508531007,-0.04960327259790297,0.052194692277341886,-0.13475413859900714,-0.12383783040806376,0.10369810307312083,0.13749815297178486,0.02731206004864182,-0.057534822738374215,0.12093150455907827,0.0947115987290736,-0.01939425233961521,-0.061297425129658155,-0.22668354995739842,-0.18511753203010003,-0.08329582419917651,0.09650689612292772,0.1142153567547082,0.10718893722310245,S193
0.018702309480856202,-0.0967805801982005,0.2094819145897134,-0.0018957812463268964,-0.11323874175883725,0.022521533809795737,-0.06341603338941657,0.08538435376471042,-0.12404116467331786,-0.07560050488850083,-0.03637559854355173,0.028214410024364738,-0.18770024512105937,0.044736953914489314,0.00536936884820835,0.18321235498105315,-0.05812567862740888,0.07442375480570851,-0.15104884232379542,0.10693430978764996,-0.17530074101806847,0.12752204242489013,0.2228101769384712,0.12236772730517706,0.02114490395299552,-0.010425712459249859,0.18072664576523997,-0.044619338163389415,-0.18695534229470828,0.1290800929568561,-0.05164991215962761,0.0178134030423091,-0.1825210203197956,-0.11846295922553535,0.06450121163057045,-0.000922031418438121,-0.15715463274686006,0.1070140594428589,0.21452065491857886,-0.12440704092287774,0.16218452458138338,-0.09643023756278989,-0.17120872783502503,0.1827390022412646,-0.049058054052730754,0.16817604993809407,-0.04926858711926603,0.040244284742554724,-0.19064089781018145,-0.18073008473993288,0.12266628599074678,0.14226085205323932,0.006743957203100146,-0.04966666861662881,0.10889713776990839,0.10153459086384277,0.04458730516223215,0.021089356576447348,-0.2125998729924738,-0.2141605760144491,-0.05026598727823117,0.12503206875046083,0.14172431458563953,0.11100366657859317,S194
0.01462644518570535,-0.10662427770864481,0.1885319440400012,-0.019768460277052407,-0.10903066106770465,-0.03914359908269731,-0.1106173924020971,0.07537989661190504,-0.12758383017356384,-0.08296085440547336,0.021996011671927586,0.05210104986113504,-0.25299335573207266,0.04968859774554981,-0.03770600935455803,0.1350937602141099,-0.003360707679583171,0.013762373860950958,-0.1851829431454691,0.09343096886033785,-0.18031831253969155,0.16730458087475358,0.22012395848006153,0.1617056969952847,0.018196559456234156,-0.005283281382030437,0.09270241173357888,-0.052754021556897554,-0.17328905539133205,0.21497074120178414,-0.07101549058182594,0.007144124646898017,-0.11696299133642264,-0.07370549773605907,0.0584671781717807,-0.03363248431610149,-0.1432609274068755,0.12866993879401942,0.26025443851063024,-0.1675281564071404,0.0860793332602167,-0.11710817708894114,-0.13171021580317982,0.23722635855872765,-0.03076564457947597,0.04710809272898933,-0.05555839269787322,0.06133856146415049,-0.14084111978239727,-0.12264637068734614,0.10533696533990364,0.11446001898903467,0.0015481347381407524,-0.025999855457623598,0.10705647278926592,0.10814811460785298,0.013121572811161473,-0.060754160796648415,-0.22667632043261318,-0.2081109790512922,-0.07550026852095346,0.11521870860813986,0.11994097573463815,0.1517861555799236,S195
-0.023783112527642005,-0.039538266520556746,0.26510189944970997,-0.040776228792775794,-0.15879024035078604,0.01968250103952256,-0.03677917896340852,0.06519906467221119,-0.07138788785678472,-0.029517718367393076,-0.10471651819934723,0.038242950960306214,-0.21324312344714158,0.027166112612239713,0.05517941466411883,0.19231309348026132,-0.08620826862195713,0.03424695818694354,-0.12152427869071354,0.11221185121607215,-0.07507698185602896,0.09828487856606415,0.16841635204216995,0.15097183652508175,0.025724548011526755,-0.03164224311040006,0.17679130534555842,-0.049192293385134964,-0.19144020114625956,0.09016686797136249,-0.005155733443600178,0.0014854489668265653,-0.1422977195592924,-0.09559239584200967,0.036493755401992845,0.03604553328399159,-0.13578793479652487,0.18375740909092025,0.212289265721355,-0.13222060453739282,0.12265785166566673,-0.08772322946432684,-0.17427306981595517,0.16972360544732387,-0.11126535762903828,0.17713090506105206,-0.03040981397587144,0.006378002040832638,-0.15965828671485438,-0.1959283058273181,0.20530992789514632,0.20192016840111524,-0.011569509426999629,-0.06071475595573724,0.17327521437120483,0.08228846794643598,0.03514996549873468,0.07779358758519986,-0.18642102588797038,-0.2154805671537998,-0.1152964073475138,0.1202539208247491,0.09660315832565075,0.09302823342555817,S196
0.02690897470729253,-0.0944410367721751,0.1717357040928259,0.006360985883328459,-0.09735316137433797,-0.042361027629315644,-0.0787193400594588,0.11834619173521985,-0.0926865506494654,-0.08641510963702721,0.013232610417966225,0.05945066216722034,-0.23400113585456686,0.04109107018728661,-0.026206170971612996,0.1446585820866906,-0.035569268216596325,-0.07422600883839653,-0.2135445397992816,0.12237066449229222,-0.13968705628348374,0.16247377925186135,0.252691567767966,0.13932787033620384,0.08149182080619183,0.024027825193266232,0.11840292067737192,-0.031290929914798385,-0.1331932980753455,0.24265442917526575,-0.09891049298007129,-0.01933042938149886,-0.17619284116307396,-0.08640464328291517,0.08113252574391283,-0.06425291097848752,-0.1665417166929752,0.11472939595660221,0.23740239585322825,-0.19344172605596513,0.08392022776154553,-0.09305405702254821,-0.13315865867754847,0.24749522055269438,-0.033886648706392124,0.05655985244720736,-0.06546802863356725,0.05577552460733918,-0.14014743363490703,-0.16760440340906155,0.047570869818491464,0.10930826858667773,0.04634663536097654,-0.032869086199478266,0.07554730624450363,0.09298035174088441,0.002709903566362663,-0.02638217292178574,-0.24387932320851946,-0.19149479310418674,-0.08367684105672772,0.10218111843932308,0.11920076954845726,0.12347053119420673,S197
0.04064260095509117,-0.07949932269821505,0.15783976547077713,-0.0481287203736207,-0.1058128605732346,-0.02984941062759487,-0.1387069967122664,0.07597110147818899,-0.07439616546436438,-0.1099911149789722,0.08057554793070588,0.04128973365213861,-0.3141575196120845,0.017628680167701354,-0.02788765208372319,0.12821515249157875,0.01378873680435938,-0.018279221210510482,-0.20543375848950063,0.08058106917925838,-0.17221474860939565,0.18563461929845482,0.2314673763956026,0.19338050735080192,0.030724435913938943,-0.010661602109288052,0.04633973535749969,-0.03192213513253795,-0.12358252567335566,0.2498273979419157,-0.10694089266130266,0.02291697602751212,-0.10877145569357737,-0.09163391516273647,0.08957349274913284,-0.08443020339815932,-0.15887441703241578,0.09286859072333888,0.2606867281015556,-0.15218196799534128,0.024075114536118415,-0.07930021610100295,-0.13445071861830163,0.2604107634432094,-0.021804318702014464,-0.00846171996404551,-0.06129568203023683,0.0425795391375405,-0.14331485802849683,-0.10438044446953829,0.0689797109154511,0.11681133705965299,0.02766728447007317,-0.023467331258784623,0.10996163808396987,0.08446126035337218,-0.0057726470496067515,-0.07381299017184828,-0.20915779039565058,-0.15570538711419118,-0.09790918430807244,0.056102562935808994,0.1423389853584826,0.107991390993873,S198
0.055660010146302674,-0.10571797060085547,0.1498244665851797,-0.027434406256604836,-0.12335948882395503,-0.06331708581642055,-0.1120327184128087,0.10327006681544858,-0.16312128958788522,-0.06685151331677827,0.11266418869825813,0.042170705308847506,-0.2830222093091408,0.04462524871494801,-0.06287114195951037,0.12851242272056712,0.03685053237754868,0.010825913457002104,-0.21054647306577054,0.08410011581691108,-0.18873980887555553,0.113592419912622,0.24005448085565284,0.14911848229255703,0.05801326602497769,-0.00678081256867523,0.09877511672960147,-0.0004433363243584155,-0.11108756694463341,0.1912225471075617,-0.11530885394340241,0.049515813596196986,-0.15557433693978787,-0.059413782374921786,0.071326157798077,-0.11377891698892474,-0.15214661677797153,0.12085687993726306,0.27998889659123927,-0.15011053522232637,0.05397060475580585,-0.10472874186608516,-0.11580725719533284,0.2531894933012851,-0.005660265266333938,0.06265235080380151,-0.062440655884893614,0.03287010522970068,-0.11916420402712646,-0.07753360136644676,0.05501390485420313,0.13616159833620542,0.03084539682756346,-0.03244375415788779,0.06372297203678658,0.0953844593876533,-0.0029732918034754583,-0.0810019495286995,-0.19177370929034496,-0.21330399452970744,-0.039889401945563854,0.0935280765823751,0.10794140992437487,0.16363996865327704,S199
0.07984117642766275,-0.02007235445970971,0.05915561280835351,-0.041714996693355925,-0.011634989472095765,0.002729445570756355,-0.1263658659948626,0.07919643802947111,-0.06960046850432838,-0.04297742047311615,0.04146764127787721,-0.01404407392969524,-0.31348088581473027,0.110690695916858,0.07028214609033732,0.047449150957186055,-0.12135324524423355,0.0783043959986897,-0.17772600306471514,0.024819680566754352,-0.18438697620270236,0.08510229181733514,0.05477287639784779,0.2033521220052285,0.046227514106459706,0.02590917184463188,0.13167666297870265,-0.1374996112706188,-0.04313958213402296,0.20110999920983283,-0.14367100716976952,0.06432396596536927,-0.2489792500307292,-0.04628826688236158,0.2032792901890415,-0.003700741586164543,-0.14302220953813896,0.20594913855995192,0.2733595429702163,-0.007756917108955565,-0.037195411188403076,-0.08814059833915756,-0.1640966757381425,0.163303424013416,-0.11226481835001854,-0.013419827383510025,-0.10587963379440415,-0.014654808957352428,-0.14388825056257445,0.11044273709444812,0.18064734348633607,0.17756411939616187,-0.06455134844790048,-0.09170643405193192,0.10077880934062707,0.159295308462733,0.03444454548921388,-0.12952627984017084,-0.17267369917821937,-0.12484157287337502,-0.07106371668540178,0.17825400811316555,0.04921176583284167,0.11784097865790623,S200
0.04379813387596927,-0.08004360597455133,0.06247561988894099,-0.07646664772615815,-0.026733064504618646,-0.015838220629332846,-0.15164216021966134,0.10951621559860579,-0.09611029870316119,-0.05188305747792741,0.048427179436153454,0.04597166015165807,-0.28930885724512456,0.12920692857270294,-0.001376533015300739,0.06239152206807148,-0.1175710290540226,-0.005030402760630241,-0.15676855239781756,0.018985606399519888,-0.1942516540875319,0.08546926800251095,0.035228661517994565,0.2333458446475077,0.0162031112845666,0.026737731062037196,0.059222125829293204,-0.129249300565081,-0.12515329277141757,0.22998502140308894,-0.1442637892906999,0.018229696620738742,-0.21989810377209348,-0.011882950601875098,0.19357494218980242,-0.019610181868824027,-0.13924167705811283,0.1793106546440374,0.27993604122623816,-0.02199094789829263,0.009499099344330433,-0.12368868025701978,-0.13943030129381484,0.19327816593278627,-0.15270889827516845,-0.0268826773454382,-0.05973583484367337,-0.009130336068065218,-0.13979357135911544,0.06857204638044435,0.17061245008128323,0.17540538134281886,-0.04678497054971778,-0.0549658792069138,0.0773071040961705,0.14669364959811054,0.026035387996807827,-0.137783083410365,-0.18969658802156822,-0.15883030922499886,-0.08056157040072098,0.16746335156783215,0.06366550205850242,0.1152534262260714,S201
-0.015266720110767221,-0.03556408512630693,0.22225888809122568,-0.02873139708726965,-0.12091145999624466,0.030583483697638476,-0.030990321055211968,0.07985252675461223,-0.08641487118534306,-0.047401752857037245,-0.06310630184060556,0.003823140685163707,-0.2236965095064031,0.047443051366448837,0.08365281431022806,0.16646580093164742,-0.1207864983394857,0.08183140670107679,-0.12620539741197057,0.10621074616249905,-0.11261673429987261,0.11426520935171419,0.15084245730295082,0.12558624693390086,0.03334743573149892,-0.01865208292368005,0.18327917566589838,-0.04828940387033624,-0.16697335135456717,0.08729554488931933,-0.007275436294702328,0.011585408157963247,-0.16471519076720198,-0.09160101948065341,0.0591835831236183,0.021319400308537722,-0.17981976222424415,0.20819148769686846,0.20245270503476703,-0.1243121224316764,0.08973030627569992,-0.09585331840251499,-0.21213151458996055,0.15407752203680666,-0.091382776189792,0.18260501621134187,-0.05008326033116608,-0.006196285811003638,-0.16360280040359154,-0.13442015316041664,0.21324731656484786,0.22060193718197846,-0.044768883631084826,-0.09347659944024367,0.1795272724408258,0.09788000919461219,0.027125722348277287,0.07552872289105,-0.1872011684388826,-0.20345976244275993,-0.10821055640925503,0.09273585985244083,0.07525250174060578,0.09368529694726187,S202
0.05145704578087274,-0.12186720652524688,0.20513979886470896,-0.007717915837520058,-0.16234058163393134,-0.03664298683845982,-0.10366969756745156,0.11536612775901763,-0.11486698666032032,-0.03703031729889587,0.036644757399172154,0.05305580146112563,-0.1935541819496819,0.03530134472935508,-0.05198985406444372,0.17800078396042518,-0.016563553772541362,0.047211256894721595,-0.15136720620375763,0.11935764084426312,-0.2202785477787943,0.1250532238604304,0.29797766298236444,0.07684258507143202,0.05561205958952053,-0.012372284078479859,0.14762387645790762,0.025880016829802215,-0.1242563675803154,0.1706371751895034,-0.05686906835511585,0.02173508601246548,-0.16951194541339637,-0.11697489604131751,0.030909012976362202,-0.08057494708707064,-0.18921402488483813,0.09349236298484415,0.2511211560651469,-0.15162012674060682,0.0922903969991701,-0.07690120254304243,-0.1712041563777357,0.20846522321975355,-0.009994026861829024,0.13767391977268567,-0.07424202394040383,0.01591720381627576,-0.16258139954905462,-0.10938841212006979,0.02606996117524485,0.12922342983802876,-0.02100381303379723,-0.0435150338100278,0.07761715394480569,0.08807716856208363,0.0516293094261615,-0.015418472058220311,-0.205279529675183,-0.22886481102293227,-0.0016862522424310484,0.07398014501609673,0.09780119195419551,0.17191031934018425,S203
0.005904784476333211,-0.10691208337984624,0.13094920764900778,-0.06453548377218357,-0.12338809490736921,-0.04543906582993003,-0.06133617974300767,0.10841076396380936,-0.020889136659785715,-0.056608815396477975,-0.02270062144421099,0.0640316737986411,-0.21177749788893474,0.005242528323236749,-0.00930977218683626,0.12022391936385618,-0.08797699469033662,-0.0460010944222471,-0.2049444600566743,0.12448201462783864,-0.20020655868642978,0.18958757122313422,0.2345323231746621,0.11097118680149831,0.058304166796655385,-0.02551803786023691,0.11917822915280847,-0.03597375336649427,-0.11371134783607034,0.1906900531926385,-0.08203067145644645,-0.014259595199931823,-0.15381922214512705,-0.12308503412450236,0.10800960096257874,-0.07016931644309855,-0.2047280300787861,0.09164700988222035,0.23317366895479705,-0.23768803865951657,0.03690263454096095,-0.08177512376323111,-0.15549371529351233,0.2625595147430153,-0.06398200655758528,0.09910048082508797,-0.10296670697648967,0.03783351821196439,-0.14871170959612007,-0.1418675493197407,0.060145562378292106,0.12295789407565827,0.048381778519487106,-0.03617518038376621,0.08499950520221206,0.11752825897707699,0.054457885706443596,-0.05981927502728888,-0.2190230733810928,-0.2237351472206789,-0.07179905509844567,0.05199278692213502,0.09937160439731,0.0866765427822713,S204
-0.012266153477181343,-0.0898410423713455,0.23381095198069643,0.01407147073191924,-0.12878083952363506,0.0021396762377024424,-0.05977410489357409,0.10191102751946908,-0.09280503223336513,-0.09242053587234714,-0.04014700678953037,0.007269659232954295,-0.20458185307313964,0.028167070747449955,0.028589679122046737,0.1659048055567753,-0.08382534796913696,0.06928301083715424,-0.13544228359190072,0.10292758499024482,-0.12219775400232837,0.1430857297474384,0.2026398523305067,0.14985187255371385,0.04365261859073226,-0.025404810884609903,0.18606767896606835,-0.05345803913130791,-0.18584097833575086,0.1356909226433733,-0.035418623401521375,0.016169951820969374,-0.18125263515763962,-0.09608369798864859,0.03899410280327497,0.014679774744640045,-0.14938692213238908,0.13663165644489328,0.2163737628415165,-0.1352974493805516,0.14519627249863482,-0.10508452375052293,-0.14988020911671054,0.17267673052798396,-0.07456875093416998,0.1689266744942998,-0.037197773827223196,0.026284288301883067,-0.14664339945275887,-0.19065394125825186,0.1571775076723099,0.18073746772008592,-0.01874719540807907,-0.03771921967847666,0.12017575102413833,0.08326043646859983,0.00918764987836031,0.016200772336577324,-0.16979633420399945,-0.20455733480850882,-0.09613971992357556,0.1640657070882785,0.13642020625427304,0.12352847161437544,S205
0.05058290418563959,-0.09069160071435987,0.05954841631641782,-0.08666711401336144,-0.05089503502926269,-0.013861053135851353,-0.12747682678735991,0.07667670499572378,-0.0389340687255294,0.03768417879134222,0.07167679980488934,0.010917105949133506,-0.3115412167045477,0.06895295209587136,0.07599308132839212,0.09128083313935582,-0.1989438912820024,0.06169616484938221,-0.16745465724416075,-0.003947662943172911,-0.18653744558825694,0.08169085553611424,0.017526163515515145,0.19362012724479763,0.037532508101279734,-0.010975259384799693,0.09578953204375405,-0.12321061376620349,-0.054558473171403936,0.14362560056702361,-0.09095588398758193,0.006297725517222135,-0.18912963496945598,-0.03944732032246444,0.19800374398125176,0.0679997865159138,-0.11296835455314978,0.1781020251237745,0.26034707946359253,-0.023235172609348723,-0.058136782490774384,-0.07456307032616984,-0.1731021046762928,0.1733931056082559,-0.11866774378596706,0.033755057578587,-0.1295853275950907,0.03114398210264492,-0.17880719989520819,0.12222353211437066,0.20773242684873403,0.22386829677404899,-0.06981404271948427,-0.10511876428131127,0.10187375549348254,0.14183521120866546,0.061513230019676915,-0.13304246099311132,-0.15226011973416814,-0.21089003629774336,-0.01994926183981218,0.15887631523197437,0.024689756076722552,0.143544983897698,S206
0.004661419193676023,-0.08374487196960614,0.18727126603727925,-0.011195827408668639,-0.09895279891671016,0.005390993967182609,-0.08430949377088025,0.08210376554398081,-0.13781182844476433,-0.08436237914192536,-0.0020653741235056194,0.011942594321679299,-0.24764107523425793,0.037514469472126784,0.022986668402534095,0.14629483843888483,-0.03215911015095948,0.055519286775470376,-0.15951197172163512,0.050349461847193695,-0.20843351498914808,0.15456870949783907,0.20006583168731074,0.16653997438239357,0.027017882553650827,0.017166508336571205,0.15738592089462208,-0.050049230556420264,-0.17959686486068607,0.15927069916807243,-0.0566864314159459,0.03916951816795476,-0.1383005798204052,-0.07035217251267503,0.05248791544698275,-0.015197953303810081,-0.1816839340722974,0.13462136812120115,0.22367458669742424,-0.16947194451733724,0.12046746692867386,-0.09014412337677741,-0.20683256134697853,0.18880189806254155,-0.042003149785695054,0.11196706625521173,-0.04711430836193118,0.01993503516148655,-0.18892572833539104,-0.12834692449722537,0.10612672781530912,0.13892425854389193,-0.023941214849532176,-0.06613248872533772,0.12262623722933842,0.08159603137309146,0.0013075746880693718,0.007932159588599429,-0.2097334778985424,-0.17938184947181474,-0.06868602728431002,0.09785953333645227,0.1511016104916909,0.11636647416168083,S207
0.03270761518296286,-0.07873988505448876,0.165328360607782,-0.027976925555343424,-0.1368080933151137,-0.025792008392707094,-0.06413445063874508,0.09682259745920875,-0.10559020802433504,-0.08650894348052551,-0.03020997366421582,0.04120923326470929,-0.20524484074203886,0.022269226377848415,-0.018843934644166845,0.1389454295158703,-0.011780279109339363,0.031908958786617356,-0.18300256576507362,0.13138551849060595,-0.18096016445019888,0.12080497742344648,0.25278339422208806,0.1441294606821565,0.06461864494515654,-0.001284552132194191,0.1480515270048105,-0.025152248166379544,-0.1504754337735759,0.19396801622871104,-0.07973523807275093,0.006011741908624401,-0.17772381699736509,-0.10861179064997172,0.08322652034319321,-0.06874481235891812,-0.18437769842424612,0.09376224716780568,0.2401750965959129,-0.1751513169182371,0.11990251649202917,-0.10992216116108922,-0.16628773272830097,0.24458117136819596,-0.06250713254188849,0.12984839403518078,-0.059318007341925695,0.02389071030567661,-0.137994119678343,-0.16815107701804122,0.07290681599473449,0.1259880104900436,0.0250277864356288,-0.02513036204013929,0.08475507371236446,0.11618499991767119,0.022268508959831054,-0.007890622850036139,-0.20461508318686059,-0.20080084305828583,-0.08549646671287747,0.10805224144261728,0.09359886334218304,0.14097988667247174,S208
0.018823793486755395,-0.06594343848547497,0.06574183624782517,0.006821379224622107,-0.024096509818721443,0.0116918050198367,-0.058297711685268566,0.1186595818362331,-0.08395676898149611,-0.06091518713100641,0.06793920424540226,0.016315539674514917,-0.26926483855660355,0.02888926061790739,0.10199136240454612,0.12881321849915497,-0.1335122444112114,0.14873315738725762,-0.20321970294477318,-0.0071771534407903325,-0.31095897810667145,0.06703102155409915,0.08776039212772467,0.14687269963166744,0.07558494951999076,-0.005310148146850864,0.15951379936327273,-0.1275472478840386,-0.09433266224121652,0.1235181666392721,-0.109811128207725,0.030566061281202893,-0.23527206249505925,-0.08197531652075588,0.18300211296330013,0.019554906289698804,-0.12479601845551362,0.1854538498372543,0.27867897015684756,-0.06367819071791289,0.033481920818587786,-0.07667124590224032,-0.16402674695225533,0.1517591758613475,-0.028761144581835,0.14918799287015153,-0.1640761914623959,0.029000303608130676,-0.10561585196526531,0.03574497882851096,0.10642971587239176,0.18774505737180258,-0.022870423221026795,-0.07251288690878854,0.11098472202223833,0.09822685930570449,0.048511410941502596,-0.0808260431435028,-0.217600971013521,-0.2065375802500916,-0.04159837922072691,0.049066084158533044,0.05382606955439816,0.1274396623200824,S209
0.003464852142745264,-0.02677664634481245,0.1277913579568838,-0.0052682117242927266,-0.06855810633137331,0.003215555541994098,-0.021198645209717877,0.09597224781948589,-0.056528459885527904,-0.05268996824583164,-0.022038571787950257,0.01511723167117247,-0.19825299264222765,0.021657065556796428,0.09982046411399217,0.13224555906119403,-0.1045029719270907,0.09326448503390697,-0.1673174878472322,0.10099779558398018,-0.16144948293526998,0.08972251535327266,0.15962417114025446,0.14554449672388894,0.10268407361976487,-0.019349383326315275,0.17900452451132895,-0.07158771683933808,-0.17088550964321797,0.15145676462790372,-0.09752436934105516,0.021800205727413167,-0.2169221790289593,-0.10158758800542708,0.1136110911079511,0.04998640897172242,-0.15112994201795935,0.20384252590409283,0.19739075420049396,-0.14782083081598632,0.07538293710125087,-0.1445112227219619,-0.19492308412108483,0.19497888520695048,-0.07722836542992895,0.19164317129417682,-0.07357618986592455,0.027573077509871046,-0.10789863673380246,-0.12408860952272445,0.19154703190402292,0.2047524556760491,-0.01610181676156302,-0.07632170505578172,0.16960151128957954,0.10080550541204128,-0.016306087131051892,0.03277764202752023,-0.16917189006805786,-0.22209005761588194,-0.09074649866724688,0.09873595327261839,0.05286311125757515,0.13187220543991013,S210
0.046959079244910155,-0.08853267013122013,0.13926219098978826,-0.0798874557434656,-0.0431643591611097,0.019444844673655818,-0.12619504943513324,0.044498754950205444,-0.025337467057018184,0.055321496031602226,0.07408448415806279,0.021233856397786185,-0.30220492798446047,0.09042273343370011,0.0522189119586782,0.09198158726790959,-0.16416300335845144,0.044145039521181706,-0.1779944438716167,-0.0030221486876250143,-0.17350133927230257,0.05925531447144086,0.035925319557281205,0.20621764892984293,0.024930545804623415,0.014204206327714698,0.10925012146205745,-0.10730472205261472,-0.05624904419561622,0.12627427024246016,-0.08920429575422192,0.021087419852877515,-0.18904340078205273,-0.023516045135056327,0.162093145975136,0.06904863172995454,-0.09665685238443947,0.17571589559593756,0.29434796542901687,-0.04460583360586522,-0.024756678995185206,-0.08036699152434731,-0.19585120357699495,0.1727389704401707,-0.104972909597102,0.025816819042310996,-0.1477852276688265,0.03301137956822485,-0.1836275665173257,0.09070459460441771,0.18112638288157287,0.2016997853739951,-0.07329373063326837,-0.11250104439150523,0.12199507862086348,0.1473381817123512,0.03298029357125398,-0.0983283445545276,-0.1633433802915034,-0.24318667873568237,0.004230387620772603,0.19327232512815232,0.017214144879893076,0.13675321322121087,S211
-0.0042711129461081776,-0.08315980426056761,0.20056262288839982,-0.0033008083286704907,-0.11418975366546077,0.013231642851429677,-0.06958523613866208,0.10484448775774412,-0.11403010052190046,-0.09881159339659218,-0.01451185633855922,0.04106302737412356,-0.213232209362409,0.04720459322550823,0.00856540542994273,0.16753331345668163,-0.04797686229359618,0.06891908804222059,-0.16024203592342004,0.09155679581091802,-0.1926054470545464,0.1410875871558411,0.22548688221948873,0.13655553508015242,0.051973973033413716,-0.037826245352369746,0.16850618376468773,-0.05079441860432361,-0.16876653443809955,0.15283130070426476,-0.07898427046773052,0.016880522461838632,-0.19877548692360383,-0.11335997194754624,0.07682680050468244,-0.029700100236003474,-0.15211365781638178,0.1329329409289774,0.22981694210960202,-0.10429803955705566,0.1054812596454266,-0.09217646833275754,-0.17644590098183177,0.16675920316017692,-0.06020949080233472,0.15375034948898117,-0.058830146834376616,0.018684969116515758,-0.151964275562942,-0.1495572053596135,0.11431093445505197,0.16324003749565708,-0.00970467662061138,-0.06987862488711881,0.11115960699770536,0.10089428011731413,0.03525870488586524,-0.004132344577959929,-0.23130115048396307,-0.21425384187948393,-0.0667111956217617,0.10212593567527901,0.12912096142575644,0.12914073918832156,S212
0.07119601377408757,-0.0546992534476015,0.08400086738640891,-0.03864801521424226,-0.010190638113148026,0.020904849464058163,-0.06559377669473102,0.013164389013943437,-0.03799357388651607,0.02624184908220799,0.04897184542620187,0.0029699208120704144,-0.3020224043559182,0.06312856495193747,0.09025830155986,0.08785208921483882,-0.14193442082715374,0.11406057933663531,-0.21624440470127695,0.014249649888912306,-0.2324745359967349,0.09670523569829707,0.042241438372807735,0.20868299326504958,0.04603424098774862,0.019287266237774714,0.16883435265686383,-0.10079202815889458,-0.036747946585911885,0.12377466912966888,-0.10233117090635348,0.049261061838388465,-0.22845829209097054,-0.032756561722699015,0.17633023544099,0.035684508055870964,-0.16320671233954737,0.1840593544880025,0.2953781383099614,-0.048753012347196936,-0.02152295784163699,-0.06074662764818335,-0.2061451401598297,0.16791384503324108,-0.066900958603211,0.06136907432102069,-0.1515168098785318,0.01846464726274679,-0.16789864682240072,0.11294736383060518,0.17319571133121836,0.1599000801611278,-0.05900948883488139,-0.11081908320441017,0.1273066685489942,0.13335445934806436,0.03179689220526356,-0.08655584846955174,-0.19407737796182875,-0.16852937857042125,-0.05416118541791349,0.1428365757605413,0.04720866648091514,0.10806889028563833,S213
-0.025794146661524135,-0.06268799477828453,0.1906186994149557,-0.02597807169453198,-0.11284825425136473,0.028356701528464562,-0.03326211987978456,0.0898465854255536,-0.09635969809783586,-0.049337139345102865,-0.07730324213794848,0.017329314852764656,-0.19785241568058876,0.045393302441766585,0.07498226497373792,0.1637648256350285,-0.11726281354227967,0.06207724257097419,-0.14160926207494495,0.10692567033626506,-0.1421045158633159,0.09323606397807052,0.14473504772943063,0.1409581578800527,0.044505740404936406,0.004617870373090639,0.15543854083886027,-0.07357799074893638,-0.19041278392901706,0.11042203899940721,-0.04408536783479541,0.003691614337496274,-0.19391299736897666,-0.10271924152191082,0.09027167868089925,0.04541314027526072,-0.14157209318725572,0.17092306625791667,0.20313611635664655,-0.134951399982443,0.14379801015647614,-0.11351040085788014,-0.19599449033285718,0.17254840782786676,-0.09564402074342233,0.1791787924301893,-0.039368164569328803,0.011151977186410152,-0.17034777776432045,-0.16645497838853654,0.19343317150010575,0.1978362702212758,0.001806079706558219,-0.08049079750275664,0.1677948150433505,0.09749709035877353,0.019296945692198673,0.04679794384302535,-0.20891490269005225,-0.22311475198838768,-0.0786955215702423,0.1132413961042772,0.10145323987648441,0.09787781654926558,S214
-0.004875497100283145,-0.06298317560636915,0.22447731090539444,-0.023957399198297626,-0.14773585535726483,0.03257569490267325,-0.057777911284031085,0.07239082859073553,-0.12478821721791283,-0.056494678998158195,-0.09011141418724765,0.01611302392703474,-0.1696614905241915,0.02857332761316637,0.01443014467100153,0.17001787279383881,-0.0670946504406964,0.054051634925876946,-0.14736284078373232,0.12553047620260643,-0.13445230196513397,0.11106086410133148,0.19591951393233145,0.13925477805749317,0.03716521700053854,-0.014942443268728747,0.18072234398568549,-0.053244112120950524,-0.16325825033149574,0.12286145280494787,-0.04527534968362737,0.01976467340712629,-0.17578487938199633,-0.09218443910548178,0.04419945843696719,0.011561156827345617,-0.18743798772625495,0.13142855313075966,0.21309197679838857,-0.1115152689661528,0.14140240654102237,-0.08675778753071439,-0.16825650270414683,0.18612321868815912,-0.07918316699758755,0.18651133613962773,-0.04115582760741452,0.023719270126193848,-0.17302378790359,-0.19280826631954787,0.16118153765881207,0.15953145621305082,-0.009490135180604488,-0.056635711479880495,0.11710836936028331,0.08906520605675285,0.051548877098389366,0.05416429739659124,-0.20354306904777697,-0.18636271182821276,-0.1067475847388836,0.14804125856914,0.12051667204571452,0.12854284352725193,S215
0.06773860933352847,-0.07798487016615693,0.18200134477334778,0.004461396615718038,-0.14509510154683403,-0.0538770795670425,-0.11724506898672356,0.1389505828451004,-0.14475657196298794,-0.07433045830415819,0.10100208470664289,0.03367592722034388,-0.23866151457864823,0.041994290009384504,-0.06431004250733212,0.16713059485932943,0.026767556139921767,0.027110357269168633,-0.1687863653018014,0.1058998676851043,-0.19794016404962367,0.11678322011998568,0.3176561181925069,0.09312376798060737,0.0750028771949988,0.015360368969691713,0.14433699563935073,0.040965062525801635,-0.13504650730334275,0.21916801690533638,-0.08931815239959183,0.051243862690715715,-0.16892158307755437,-0.10020576392638872,0.05038904031040871,-0.12649156674013848,-0.21470700472328888,0.11874209593711459,0.24873127758104346,-0.16894252713226895,0.08247999298543895,-0.08834454705371661,-0.14637453903915415,0.21872997043887832,-0.006812392070500529,0.08649210467655083,-0.053749034457270584,0.006824258076008966,-0.12064681750341365,-0.09357213080585765,0.004851019058874556,0.1297798158176923,0.004281327883986042,-0.034989532202766745,0.062388228803415484,0.07544765395798661,0.00048148043241072144,-0.025410079153742327,-0.1600058547623796,-0.17111902381190933,-0.02129870560573667,0.040575535920335026,0.09915102087613556,0.16112650382178118,S216
0.1201803297209711,0.018565359475420498,0.20308515966135043,-0.06988257274593486,-0.05529429762609012,0.03618843515602712,-0.055228838959462005,-0.014014663616073189,-0.08624792742577608,0.13433451749790545,0.11433325764468813,0.06543637894074565,-0.06339856217062331,-0.08457400767571367,0.08474341885052995,0.04356327337806564,-0.1265523534042084,-0.16174174233665528,-0.2681275517594485,-0.05897223325283795,-0.32772538749013314,-0.09357325090171044,-0.06249441948300209,0.17317191797059994,0.03262648862072346,0.2057228036768181,0.09027312594849075,0.006464575293288905,-0.001825766170854422,0.1901653873384365,-0.15227560529082856,0.10115744705680138,-0.2898900432046101,0.03387051022552629,-0.00773537690561616,0.08354964690052902,-0.18742568969237278,0.041996521634336544,0.19355196383240614,-0.0040987346428044726,0.11209134778817043,0.11759708694022686,-0.23551561193213114,0.060137305055527,0.041535782947442,0.0621915798551511,-0.21082938763722564,-0.05369647636323847,-0.16444353712115,0.06609035718113093,0.043788882715696746,0.07090230435958168,0.006798558040169143,-0.12075786328199198,-0.040115200073185565,0.039612255383511964,0.06866356311534266,-0.057644713371688736,-0.24096095500076747,-0.0933899320704547,-0.12362000991056775,0.030439468484235364,0.002231590059232694,0.10112643805315781,S217
0.007871586149807848,-0.07444438355339444,0.20744837607144642,-0.041471568676075744,-0.15428074338030107,0.011472208320121193,-0.06026203841555704,0.08436412315195523,-0.11486833936922188,-0.06484534901640111,-0.07842527110994515,0.02555886105517314,-0.1898773440440858,0.03008300764838681,0.03024713115477759,0.1855180517854014,-0.06345196824355213,0.06551942791635348,-0.1418076095399404,0.11806568645223542,-0.14854590569986348,0.09456469701672429,0.2213183632026299,0.13655831607519298,0.04330147233711642,-0.012973212210903454,0.16606749297481752,-0.05019765068775412,-0.19131714270472858,0.1409012378920032,-0.03644445130273522,0.0018627909272796405,-0.1610078423640026,-0.11455028274642101,0.05234771562651702,-0.003205826424325437,-0.1535127774616151,0.13044531820559713,0.20763236205535054,-0.13445651561223596,0.1529144303564509,-0.09928496632879086,-0.17450238443015068,0.2132572616058723,-0.07366799955717955,0.18956449267422212,-0.03369070226162941,0.02125316159495557,-0.16212074235725057,-0.18297654976557587,0.14996166510259304,0.16059392906473238,0.018201503041182652,-0.053983453756820766,0.124727015782875,0.09136738896904169,0.03849559691802916,0.02947740810404573,-0.18353945062170032,-0.20368981424173713,-0.08455126991334279,0.11776769561596204,0.11126048969897046,0.1098603568981999,S218
0.05570161942772776,-0.07777649839892387,0.08643414500876605,-0.08223198320722613,-0.04344429274977974,0.008602918836379867,-0.11373030475806849,0.0390121015726552,-0.0867653548347444,0.012739983248201308,0.052173839034524695,0.009535783267555406,-0.31693299868967245,0.10460779900195323,0.05849363928577992,0.09709863956475817,-0.15494610589333693,0.08819009466531715,-0.16929950302561095,0.01470543446136629,-0.1953114012489523,0.13125894693389337,0.018492997416831677,0.20001848724239082,0.0410563408369884,0.026885510195363442,0.10629260582228496,-0.09967210903969405,-0.06111820545211562,0.10625759072692213,-0.08356588386988811,0.04880169714944825,-0.19496814412039282,-0.020407435305276805,0.1690443203425156,0.015686422172354816,-0.16770707084576714,0.16917719865724024,0.27360350730706384,-0.031147992421369366,-0.03381165211182505,-0.06116526294613721,-0.21849371393437644,0.1439369015580079,-0.08712597784211717,0.0021463683512620737,-0.10113566886449536,0.0006528210412705398,-0.21293570859716415,0.11483296259680305,0.21980213381649114,0.19326805068432684,-0.08754934490135925,-0.11378430784078297,0.12287409462695709,0.1449544343881334,0.06931729827007073,-0.10340554903878729,-0.20090319679069774,-0.16692891590187264,-0.018549858396517682,0.14761812023284204,0.048893049049685396,0.1398880183881821,S219
-0.028341405756073246,-0.08354769136700539,0.21666593688707794,0.0320276976156225,-0.11973429819858519,0.03597722560824983,-0.04567549921412012,0.10924819337904224,-0.09774178971975228,-0.07660040421723814,-0.037071643210193565,0.026094036493320257,-0.2130370950320485,0.04060711336782408,0.0475942255645742,0.19276774484058598,-0.08773914659236949,0.09640699810036854,-0.1264741035225918,0.08416720377570826,-0.12782615333050068,0.1281980652345477,0.1782211543799334,0.1311316132686096,0.04181004475560489,-0.02774991840049759,0.20171187309743394,-0.07917189922830434,-0.1932831186872883,0.08323827917790118,-0.037878021450617035,0.03100090420141386,-0.20058382163944363,-0.11568937396528539,0.05404976702667857,0.021387888408916516,-0.13400955760360375,0.12213598186608907,0.23136702703313528,-0.09236006665999699,0.16591293135944,-0.09252647360700285,-0.1648555319651159,0.12121158905968774,-0.07314747279813733,0.1684235800957744,-0.0376382097762111,0.021297376642997443,-0.17180254498619787,-0.18432980116016875,0.16822563047201963,0.1808755137250619,-0.02668739561689425,-0.03369765814363133,0.1426341114067708,0.07850031049576948,0.06526989528294391,0.031949535726198346,-0.20281925980331847,-0.21944981499310404,-0.06299076989146198,0.15420890421368452,0.1450166618672134,0.118754054652246,S220
0.013543584051258486,-0.0906546391634941,0.19417126606685584,-0.041627776017343396,-0.07850562935019809,0.02855154418933692,-0.09617467286970335,0.03096637358406965,-0.19465041460887164,-0.05766590223827294,0.03764495206675643,0.022304324562835855,-0.292801218820917,0.05282113155171815,0.022866223667884374,0.11156148354212052,-0.04679648537981929,0.05862003409651305,-0.18776841880379477,-0.0024548257624355985,-0.20123208933326878,0.1574527102399433,0.1439079868146889,0.23067819999349662,0.007099208233751288,0.06395549138574089,0.11734893971873611,-0.02759454327886517,-0.1545893977404358,0.1105746006496687,-0.05392104902543532,0.05147687098426427,-0.08557918430716865,0.009853292203695454,0.04032583017239281,0.025714303822193845,-0.16743117027283447,0.12912527277707017,0.2524053355948276,-0.20511530215593077,0.13062513276801274,-0.0906679855734499,-0.23366656584224213,0.14182985382926908,-0.02714742742288531,0.04560320760093763,-0.07354566741017275,0.012752515058734804,-0.22431610596800752,-0.06798297933949739,0.1244189354883694,0.14029458480735152,-0.04823323273237445,-0.10021202997249418,0.138970644703822,0.0718341383163205,-0.028239474535091246,0.040132174029788116,-0.24931176917487247,-0.1505913946154384,-0.0205513065213471,0.1416042246821233,0.13022056222213074,0.12160858651774875,S221
0.04041750823292115,-0.12183680919240417,0.22294540801593551,0.004218193046007745,-0.1377480835253888,-0.020100007847726108,-0.11822594825082813,0.09994895302907462,-0.13636668393572451,-0.07753978585623175,0.07695722589955364,0.030813190447188697,-0.22949092352440054,0.03205292027288961,-0.0332366570636082,0.1529620801868397,0.0003725021498336341,0.025270039171963667,-0.17859314210262392,0.09102363661325968,-0.16450461941387984,0.12018638562670143,0.2582601180421183,0.1306137585765336,0.04495037594127457,-0.0026554680055246153,0.12906083280448277,-0.024566175231161863,-0.14837772543929909,0.20294085667321188,-0.08125119786114092,0.04533722937908454,-0.16535449830204468,-0.08536436200372628,0.045463150898913306,-0.04595750227893716,-0.16312121968621196,0.10619570130735498,0.25390143398158826,-0.13921879680314933,0.10669252659927328,-0.10400800353002113,-0.15315568748127928,0.2054002104435942,-0.01660319429863208,0.08880084004171745,-0.04380075682671808,0.03442015236500642,-0.15858969262260572,-0.1443827037199808,0.06892084575001649,0.1289622298993891,-0.029082602173315875,-0.05412137850198862,0.08521037736733379,0.06698277158470713,-0.0020629138562991665,-0.018492343593955993,-0.18653403325980675,-0.21361264497100343,-0.02449836329733228,0.139341821534045,0.14669734636874784,0.16627843265173833,S222
0.046046771299275736,-0.07634880333001685,0.12921152614302733,-0.04937737901521845,-0.1504952647546844,-0.06568639145204788,-0.07080959927873406,0.09427743585794912,-0.16475423978167328,-0.009420893715005603,-0.05628041977046377,0.07402766570530667,-0.1769298495023716,0.018710634486340864,-0.04750336462805946,0.13100596537787249,-0.02450237962912272,0.0228507151292385,-0.1688565295653054,0.17719359538705817,-0.19760277849897767,0.11505794874050117,0.215870896222918,0.1694054707423039,0.08084315689646039,0.028611756214284637,0.09019208811153638,-0.018410060628917983,-0.09343351022277754,0.15200516181372722,-0.09989029747937232,0.013210280036260829,-0.17855352097374688,-0.10780168947119938,0.10574537542757219,-0.09016407829479216,-0.18186107790103676,0.0755563341776632,0.27090864594085234,-0.14863639173111812,0.10622058809059702,-0.08224519983312352,-0.15423495356693906,0.23761437145241268,-0.03369987500448007,0.09240101858691521,-0.0815433719879405,0.037397721577196806,-0.13838399892441536,-0.13433537354732364,0.09336045702910853,0.12192557390100087,0.0537167603814056,-0.04695604811899531,0.05846281671069432,0.11165016550678376,0.06426461150776218,-0.044895642078397295,-0.2621074092409139,-0.20560569615888732,-0.0912526106848271,0.1425020663999139,0.0643858788886078,0.16781999358939842,S223
-0.0031746818310960283,-0.05139626096868192,0.14424522707654777,0.011033048610390632,-0.07956259992256387,0.0346346871065056,-0.07835451539124462,0.07836837954741319,-0.13169929894010324,-0.07067064017570229,0.00990173064626481,0.002329925201743742,-0.251059600330085,0.01177861777487561,0.07973026789994621,0.11100721510584352,-0.08770156370463918,0.08679156341306771,-0.18842318820532314,0.055801385846035376,-0.20208451802894922,0.144260607946882,0.14464510800689168,0.1918119117121547,0.05073974234574009,0.020346071752351362,0.18531101604524622,-0.06419292593338484,-0.14178020582234266,0.12780608299480484,-0.09951831468971009,0.04846440746233134,-0.18217628954268697,-0.043934869711622235,0.08368491131141394,0.048355751383099915,-0.17810922321966766,0.15971529061878864,0.22222973961310502,-0.1566537135696686,0.10316495934612016,-0.07949942682471182,-0.2052272338613485,0.13302560363772678,-0.06042791139210463,0.13221243111623704,-0.0880806755236589,0.0007816616455345096,-0.18170557437208662,-0.09430496559795519,0.1547288595418798,0.18100319630151696,-0.03158867536363371,-0.0972438797450714,0.14595098588454913,0.08808882325140154,0.010584458155084823,0.050743742435245716,-0.2279631572987464,-0.14531941004917995,-0.05077534498669961,0.12972947292690962,0.11357993391498411,0.10228256856845817,S224
-0.005783367451851123,-0.05586470035064637,0.14904927639060409,0.024991709523159454,-0.08013719174926914,-0.00819116477646126,-0.033821345909320434,0.0922404955622947,-0.12611150794209952,-0.05692623710730566,0.005573923112909703,0.03159435846168546,-0.19629993389674802,0.030792220453309614,0.06752481312086954,0.12543281490714725,-0.11316100558741671,0.09776444637135695,-0.18329093494662027,0.0974099752011301,-0.17163992343022544,0.12293768697427951,0.12846949347115205,0.12373404234616697,0.11874805187977633,-0.037651372483813075,0.19440907792047696,-0.07032775311487945,-0.11389881827195159,0.14062245182499203,-0.08091745779189483,0.04468454803573546,-0.23592161884051857,-0.06702330063187072,0.07146854571986119,0.012934718858783886,-0.16617529832868447,0.18556856113285866,0.2423784112934227,-0.11633525331207434,0.07875192224436191,-0.10703416829027092,-0.20393220989324656,0.1531415453129436,-0.0465881134488046,0.15921126389154974,-0.0872042058106426,0.010486705531498624,-0.11720895036247886,-0.08648569967051244,0.17023169473280866,0.19326573290833604,-0.03768286410178618,-0.09412444588630753,0.13686445171869616,0.10534034871144383,0.004940964095346228,0.007730864959854867,-0.22157892343416308,-0.24235572431429575,-0.07609241321712293,0.11575698749420085,0.07693044163821998,0.19341394604607354,S225
0.0938351586229446,-0.06905833284292305,0.10128613840176867,-0.08242065922393736,-0.028862555046724643,-0.010105295536114894,-0.14808833541213856,0.04412378082734231,-0.06491617589073352,-0.0034760608960584883,0.08589063695141297,0.005836006466610454,-0.3684829173918099,0.10173630269021958,0.05507805237732603,0.0604392418578563,-0.12422206859604638,0.04284506422653273,-0.17806651838943177,-0.024442385623351305,-0.14562109099097473,0.09593477423618771,0.051496584420849596,0.22141122239723812,0.046668554299828885,0.021149470189879185,0.10694123629777118,-0.11855285587349686,-0.020566356665563407,0.1758749819445966,-0.10134521786463374,0.05870572744558223,-0.18837266479975717,-0.019112289104876654,0.19202532676373735,0.0009238549233667729,-0.11046265109187647,0.19482839774573996,0.27687752736670435,-0.048856250465089436,-0.066725508020204,-0.084100800619444,-0.16350227663763117,0.17702329423075874,-0.10398800515061626,-0.03176311155844857,-0.11114292903224707,0.010734078620299434,-0.1597889536305692,0.14113878361972548,0.1582096806345689,0.18520347080940583,-0.06166599528899969,-0.09437434445184965,0.09965087223232326,0.1180234604677331,0.022115703394325125,-0.16934162399482025,-0.1288924280903269,-0.1606520978990651,-0.05409058696276565,0.19076633003125554,0.051453108138199734,0.14959624920973325,S226
0.06577507409317523,-0.12946397595182346,0.10734719832367103,-0.04456702107595801,-0.1293981249751559,-0.08176028658818246,-0.1361625384822031,0.14167748526456045,-0.15451849890597508,-0.09439910209522374,0.0904794262747008,0.02487129978567198,-0.2753444657691888,0.01883032698090589,-0.06391231569533798,0.11380909614901097,-0.027334278442396633,-0.040174136204292554,-0.17953128279046118,0.105276046017003,-0.21222728349849224,0.12093200362867265,0.24813496647263214,0.11396549553931035,0.04406194780953913,0.016550956966553346,0.09597542357256124,0.00022121484638464096,-0.14600530203480455,0.20628122510068156,-0.11737592565027262,0.02575923808293111,-0.144929799514981,-0.06805320798871747,0.09594700259876006,-0.11008197619398474,-0.17662203976186908,0.08982293116482312,0.27309306673801764,-0.2087414647783586,0.08214905733928557,-0.08439811696139243,-0.14417482802420759,0.2656166298208046,-0.03167810457770475,0.04710127011444944,-0.06595523298818369,0.035265854847671196,-0.1348303228198479,-0.0972673124852069,0.04215343024511587,0.11621894609397998,0.053081019797883114,-0.03157540099577299,0.05771142815186667,0.1000353923721499,-0.011228908693152273,-0.06938033929922985,-0.1701304430977997,-0.18341273651619583,-0.011940801443391007,0.053489163458391296,0.11124187472557286,0.123520943334311,S227
-0.031109282551488607,-0.09367294667571319,0.2451574737784863,-0.026121709781646754,-0.19069773415372396,0.00707671916132281,-0.08352344436122584,0.10420004838338082,-0.09306784739179932,-0.0802162697323343,-0.038449321351717095,0.0490401813430365,-0.2355399272778966,0.04553397164116461,0.02885200959072134,0.2077808996286156,-0.07130701995887222,0.04159270879856717,-0.09098297582303655,0.09926937866365311,-0.09209361534860731,0.19604221202964048,0.17821005627154488,0.16340905094083136,0.004917864241140171,-0.030910792750349074,0.15129496402560502,-0.0905711886992925,-0.17525815635879538,0.10787897795941676,-0.02217297644355456,0.005602318753581551,-0.1240445328530842,-0.12729498618914234,0.028380910454702115,0.0571019555153873,-0.12961971551601406,0.1152719238623905,0.2260931593752036,-0.11286523719380986,0.08705725078637906,-0.05335928393247107,-0.17063793566944518,0.13293108738168063,-0.08416682932417283,0.12104071112481592,-0.02810989407317956,0.030585290961818418,-0.1848920745785791,-0.15446513761252254,0.21804336490657458,0.2050391556215973,-0.03517082910675594,-0.04727856157044334,0.15000365559329698,0.08613645321332446,0.06829797772746975,0.03298601436393202,-0.2344617669644543,-0.1785323575042671,-0.025046582915828258,0.15180759931189816,0.10916120069795157,0.09848868502775306,S228
-0.011690518287301952,-0.08462460862548722,0.21521714966569064,-0.0007900919032310227,-0.16112146770621089,0.019203887506912792,-0.11275647754973889,0.0882583479367657,-0.13265100361140134,-0.10354215680022731,-0.050457028533773034,0.014764760948599598,-0.17834340676980306,0.010192123257798048,-0.01581276036705451,0.1855744551276889,-0.044038417637398686,0.021064434444826075,-0.11964794563712085,0.12163668405937977,-0.13606576284898622,0.11571683734407605,0.21381000514361648,0.16120089918291183,-0.005314331747512853,0.011821108818022634,0.13410929959729212,-0.03626157186202957,-0.2076474893303678,0.14899745990121835,-0.05177627741824112,0.004184431325523638,-0.1585561660620305,-0.12144540768528299,0.030092731783026856,0.012419355081915356,-0.17291875684005611,0.09531442909864588,0.20660701342977672,-0.12942071829935559,0.2005782391659004,-0.09089912222451023,-0.14344967844188694,0.1652176471967346,-0.08564744543595187,0.154117135465572,-0.007521266826061613,0.038175184621443134,-0.17998027312959947,-0.23300496277644053,0.13816720657239173,0.15456274762212013,0.015540275324388595,-0.04355245867131806,0.11701945934623248,0.08709360739768028,0.04520237475908019,0.055304827356033155,-0.2012675071468115,-0.17085003990430675,-0.06261300356394278,0.12418016983303296,0.15767574369243134,0.08341753535441249,S229
0.09424945685909614,-0.056147379424382346,0.07518667050626475,-0.061099615657539436,-0.0016783968051261838,0.022604794946008852,-0.13534753625487927,0.08001596545531128,-0.03878777887042975,0.015433859540977235,0.11318218399906431,-0.006538511578796936,-0.38032663999767224,0.08920949444384245,0.0646929691811672,0.08032734539825925,-0.15357523680437737,0.08046611011712047,-0.156463743648417,-0.05186235251409273,-0.1473115472771055,0.08583843880722994,0.05659080359693522,0.20314989377778553,0.06052125505164136,-0.024631072341133514,0.142545019964025,-0.12691270999616477,-0.020857737060537538,0.1619669411503625,-0.08587919352888623,0.040992476068947785,-0.1675542224568011,-0.024618121483481158,0.22995822963370707,0.022663014652927027,-0.07183462545295434,0.21693847320053578,0.23397608234055142,-0.029388349508906116,-0.09806845515734665,-0.08435428087877159,-0.15265169045543373,0.18035395823858796,-0.11693221809439135,0.020113246200107494,-0.13581544956971342,0.03932819681629088,-0.12093587801330608,0.18730620106166218,0.1390921310445105,0.207781413783537,-0.0767099634132478,-0.11660186191476438,0.10033335762470963,0.1032411307435791,0.03380708836816742,-0.17710313213841314,-0.06550454172246352,-0.1799364008895324,-0.040991390061435935,0.16443252439437317,0.018920869922410988,0.13045185200927384,S230
0.012745589064371333,-0.011079152899300249,0.12459367759858885,-0.008557107823272266,-0.08910280846566401,0.019776504907474696,-0.02789707303567668,0.0733075028552295,-0.07905542604601873,-0.04781196957631043,0.008819853550891748,-0.0021907852947253732,-0.2160032041229657,-0.020231610781779392,0.1171130465519392,0.13045597214013183,-0.0984675388508194,0.11654299409790868,-0.17538692665362626,0.08749984320639333,-0.20511431430563257,0.13013480732911228,0.15444389479852252,0.14739485138149927,0.06443380060759113,-0.0453737783546739,0.20512309183349903,-0.05515719952986965,-0.11731215818438905,0.10592404009927366,-0.0983453268201391,0.017983035306206433,-0.17147115978776165,-0.09889255770171602,0.09954281149591694,0.0954794791519871,-0.17243585238861478,0.18344201680943248,0.19943701036560474,-0.17263134186765602,0.0682737662825234,-0.07464306850799171,-0.16092977332877953,0.15782638862437498,-0.08221735669864888,0.20825644591316222,-0.15016534929032585,0.028306595402384133,-0.1235344858833278,-0.08048291881861205,0.17471189355669758,0.19300908032614858,-0.00968448558700547,-0.09166782873016795,0.16416007002613056,0.09607690784256144,0.009709817890253353,0.047776872476619776,-0.19387114145200002,-0.16514953759245127,-0.05449229067972215,0.09325783805469888,0.05271705057795959,0.09686857633943283,S231
0.06279870128692834,-0.04888936928583767,0.06185665704823134,-0.07288191097325768,-0.026522533404662107,0.03505089119972898,-0.0990898187296273,0.03458443339667773,-0.03116362051514718,0.026175232584577917,0.06391007863391922,-0.018761055451726304,-0.3384417654271603,0.07580791009019403,0.06416059010194458,0.09882670897431507,-0.15454677594688432,0.09612012857352648,-0.1769289938002753,-0.019014786833464765,-0.22045523772608056,0.12030574784724798,0.03566055364276043,0.24155511199267374,0.03042108551088855,-0.013514523685266766,0.1529685563702262,-0.12388226495928335,-0.020885160277884812,0.12234476243205318,-0.08167777352863685,0.03442871989631157,-0.18000210616709814,-0.021668788578897872,0.21024003175309305,0.028721109027709607,-0.13512946391040404,0.18318230615700207,0.2805297027974669,-0.038446924650461095,-0.05927963441519602,-0.05121878409869211,-0.20528049272259152,0.17463767539242783,-0.09764190450780133,0.04297735905812652,-0.14750130265412592,0.022802804018643125,-0.15836356514680858,0.1629449532576079,0.16217358571185983,0.17975688288250874,-0.0718580580242357,-0.11370058480421802,0.11912027104312052,0.13066800872452114,0.05875694345014977,-0.11289501964822107,-0.15735033873096857,-0.15967051094645868,-0.040005463220235696,0.1461944271963665,0.03218190500373899,0.08123794749285891,S232
-0.011833613207049476,-0.08067011744946262,0.2472537590663758,0.01669066257434637,-0.1365620257462149,0.01922927100994706,-0.08086267078281982,0.08881995448138628,-0.10747712504965601,-0.06613978584433744,-0.05413610778263432,0.014452958195305817,-0.19008322437920472,0.01692692051488965,0.02050790119195761,0.17831496956596699,-0.08013708558025837,0.062488284248997605,-0.12149441514626459,0.11330692380599212,-0.12297697560673307,0.13047763507305685,0.1904118666455636,0.14193742431032802,0.019901872494366507,-0.02848712683820486,0.18706534452741558,-0.050872759128016226,-0.17483932042090114,0.11594298159376634,-0.04094794424711919,0.03147326022492378,-0.18140946450901185,-0.09116346975809286,0.010021665703060434,0.0440890546573272,-0.16345782811713055,0.1327009666070083,0.20947192103433773,-0.12136143694434848,0.15807926519797655,-0.07177057255976603,-0.15979523990436897,0.1501694322003076,-0.08449298170751436,0.1684827020493772,-0.043596786202588875,0.020587597223210744,-0.1834325826087865,-0.19935593512649674,0.15824598045119737,0.16508656964738944,-0.02679077524965203,-0.050478024523805884,0.1278706165530758,0.09982509219799592,0.036967831801475635,0.04599872721645422,-0.1808591093938441,-0.18943074487790953,-0.09018872490791575,0.15468566233005945,0.14431904184499286,0.1287251754938736,S233
0.047823023496707064,-0.13687038889020553,0.15066933681779404,-0.021192664724190697,-0.13517180239651852,-0.02099539876578475,-0.07674868908055912,0.07861350291895963,-0.07304359660105667,-0.025065747212344402,0.05714769850274703,0.06661331991376618,-0.23034410823697757,0.0309326683697186,0.0006438788998215076,0.1755164356022707,-0.04999366440955196,0.054742181806643406,-0.19234138450764326,0.07914816173760927,-0.23281149118315095,0.1393781715514773,0.2644412188372323,0.06634163970748452,0.04101657642725591,-0.04006541367904034,0.1611917669180935,0.008748442809288905,-0.08774853155602842,0.1506096161365046,-0.04878189423873348,0.012070083748672071,-0.1551917342613539,-0.12509331141203095,0.04441279377959703,-0.05724830430966504,-0.21265969958152456,0.12282038989034808,0.27329037646742543,-0.16421205252585283,0.0454235291453314,-0.06903307242619029,-0.16543611687086918,0.2222049424208708,-0.03233318839151156,0.12516650806589405,-0.12722905971427792,0.030170892743285747,-0.17258355588914623,-0.08733009954329342,0.0410465617814508,0.1343836866049141,-0.006037678819587085,-0.05736407499238826,0.07900186280019816,0.13263410434525083,0.04835666919036103,-0.04142388196285694,-0.20257252218915076,-0.26719679787960793,0.019989570114095318,0.04315205355043566,0.1143993979743348,0.13392759595509418,S234
0.07488933986765883,-0.059967727521904615,0.0778303681567819,-0.062135198942069085,-0.004762093703496905,0.025555968746007022,-0.14421671202559888,0.06269953666913969,-0.05889720790812459,0.0047318385108850594,0.10272124995687097,0.007495389300313963,-0.34787818851035296,0.09378511585479928,0.061480728714185966,0.0741989505616876,-0.1476966153676608,0.06493487492768668,-0.18907758919198475,-0.03892855721705557,-0.18913026708938868,0.06053396775176007,0.03856597475737602,0.22611882329521318,0.037274047224192385,0.01218916139692073,0.1182090932626192,-0.14167499175220769,-0.04433465820104736,0.17285436612460975,-0.10692431374702857,0.03298034327197454,-0.20059303612820809,-0.007202439860306994,0.21422512292552326,0.00494561515299572,-0.08698692539177745,0.20242305895537854,0.2665061377458087,-0.029011194625748558,-0.05624830840360825,-0.09123154924348847,-0.17268899942653593,0.16955195718610747,-0.10053542039361085,0.022313850442478418,-0.13476180483824884,0.011656688546675615,-0.14620252196674297,0.15260773954654996,0.1401123357279968,0.19254424153944202,-0.0702450911890605,-0.10663733137150307,0.11241859401745166,0.11384773077126313,0.04195407920466989,-0.13766760438133402,-0.13086573323794637,-0.18280500588343052,-0.048448776032685686,0.16152259658967427,0.022095486309416257,0.12620421317121097,S235
0.019651373120098462,-0.07650851855735569,0.19236972840947672,-0.051670885339863803,-0.14555483173528552,-0.0018782923693961109,-0.0850186371783839,0.07857149889816754,-0.13466957929749002,-0.09518186066382259,-0.025969971593042568,0.03160847034206123,-0.22852447130282538,0.06040775930859489,-0.024874886547343763,0.13944831026499424,-0.044225849300931465,0.05714243917787586,-0.15690072438132555,0.10724267008558208,-0.19728568082887668,0.1359836525308935,0.21235702618823168,0.1696662146353721,0.03631895626911699,-0.023551663050121772,0.12300183465430592,-0.05408726414686272,-0.14762536361708975,0.11706595666524568,-0.06726528719193638,0.03065921146348724,-0.16845816744289938,-0.07560040119356091,0.09408543422953804,-0.0491087610874278,-0.1630955802989873,0.11539093017412462,0.2525460830178476,-0.1435015656265947,0.11517482846395817,-0.08339947713813309,-0.1657572858594722,0.18749034183119057,-0.051749912414090715,0.10891029672747328,-0.0838798361919933,0.018956106386945448,-0.16838782363856497,-0.12075030687023434,0.12195598387891693,0.1459313258140739,0.0025869632367936882,-0.0599598584996216,0.10000757490423248,0.10815850314252669,0.04264750030412009,-0.024484230959010835,-0.2511110637751547,-0.21223714310479386,-0.06620833691358063,0.12478681058544501,0.1075495853199238,0.1496852581140467,S236
0.06579225928856386,-0.015626412231942784,0.06361456570634562,-0.06119956311324951,-0.05413556235660634,0.020281758706040348,-0.08480206962013957,0.0017865618434610329,-0.08731539576328866,-0.00024869833813030636,0.052023929926623,-0.016585309815092493,-0.3117803885682132,0.062235977167774945,0.05781545928218563,0.1053859871836456,-0.1224736403396626,0.08233897421152558,-0.22276809975721182,0.04116046312411657,-0.2355536904666385,0.10053887155528074,0.04535581505161199,0.2511850526355677,0.039510337600284974,0.024008269901613546,0.1135712861059861,-0.09093725691375888,-0.06325335719840003,0.12632169441289778,-0.12871017263010912,0.04860633548508144,-0.22148547978545058,-0.038701111800719515,0.20624633140408266,0.01413695623072007,-0.17343227521646903,0.17087072536480089,0.2769319382743656,-0.060001392578819056,-0.005537767639842149,-0.04698768318334907,-0.2073798260705391,0.1554111144471778,-0.09501737991472989,0.02594764114297113,-0.13882581172212288,0.010835644949748691,-0.17965100496799927,0.11927530367338114,0.1658098145624193,0.14676448805117476,-0.021418360445108628,-0.10780020496412267,0.1284775888565688,0.14081056029461403,0.03598738138294726,-0.07657452716326499,-0.2304868343950734,-0.11408948877014863,-0.051016466131601476,0.10664246564154972,0.06165799294310176,0.1209793216634516,S237
0.030197638884427176,-0.16101667275824158,0.1712050360534813,-0.017006875968505898,-0.10752118693667054,-0.028647636440875552,-0.11595490939390393,0.06817897612103771,-0.12357193159971544,-0.035358435238802784,0.02277351788208221,0.06061618841250567,-0.22394463559248032,0.019545434786559186,-0.04796593614310708,0.10932644139115139,-0.009467212496805098,0.030119519602489167,-0.162874200897188,0.08589880949157727,-0.24177906631191265,0.15383656437909066,0.239868342168188,0.12765443507887583,-0.0039014018956613876,0.015508121745575611,0.11494445401914949,-0.007742205338169022,-0.12476464213693597,0.17267634323990258,-0.06515707803007639,0.02196449965229094,-0.13325389055703163,-0.06971052672972086,0.008076298635754445,-0.04469425590553385,-0.21414742242483398,0.0927996171312121,0.2912987859232801,-0.19074626041252582,0.12946349987254271,-0.07901984602326523,-0.17472755647315255,0.18354866431909256,-0.027245895766214487,0.04956866121691533,-0.08359080415161946,0.02434873511898397,-0.22422326101329795,-0.13010387951456662,0.04087321259215857,0.09294236723551261,-0.026830499851602234,-0.0450599067807766,0.062341572859321535,0.13336368250309338,0.0665973835281872,-0.033164028926928935,-0.23909508162921644,-0.22337497766976552,0.0005371932248434394,0.09711909504471454,0.13552462253912234,0.13240810328695468,S238
0.05326667591576596,-0.1440288849170491,0.1787509630769196,-0.05078491712039176,-0.141330736599496,-0.04689275755494378,-0.14368251167055587,0.09584380204194275,-0.16738268009683474,-0.03857970053436926,0.03541231291622957,0.07086213129172433,-0.2428476434914249,0.06753881183613514,-0.08096775105567955,0.15637330305168887,-0.010407370964074797,-0.0013728346565390532,-0.17103242891691017,0.11469605829056696,-0.1976563080580795,0.14244543480816976,0.22384876096172332,0.15986657793678063,0.011430347461401685,0.009925699704454977,0.06389723401265777,-0.012896334078626049,-0.10092790681922822,0.16334257068749897,-0.08623419881391181,0.012634432733601054,-0.12152055555763687,-0.086308584776843,0.07001580548045791,-0.07788164611585255,-0.13949793516382814,0.08099432087507837,0.26612152558796676,-0.14466582569115727,0.06513360468604884,-0.0670368923400491,-0.12604293247972423,0.22096478691672813,0.001043737587304282,0.0557650729354561,-0.06754862212267904,0.0530079507965527,-0.19235840727019402,-0.08882151878365398,0.084479313203041,0.11697641999946023,0.014206037388571163,-0.05403575905631625,0.07208862994119027,0.09609317557252581,0.0597429288604387,-0.059165834895916904,-0.26560009220531927,-0.19635778246352323,-0.03754070210342943,0.12661469482564114,0.11725915716918762,0.14254303944210694,S239
0.0681532019814571,-0.06409210536896148,0.08378129018920047,-0.06928049722815174,0.0027503351908993116,0.019532239748897336,-0.129972113689257,0.07610678920487654,-0.06343637342861057,-0.01762013297426794,0.08892688385476455,0.010796925709267326,-0.35557485354700763,0.11449969434609436,0.05674187979617845,0.04921705604931377,-0.13705328269914807,0.06250028231472865,-0.18361527893685375,-0.030231442379753868,-0.1415154823701421,0.08341002691722525,0.046540074932357345,0.20422606937885954,0.05165704666169492,-0.004544304487443954,0.11779562756088588,-0.13801940503056706,-0.031597141230047324,0.1828319225027804,-0.09940721866242666,0.03656791202187816,-0.19453595198007523,-0.009123266169237112,0.20004351442376522,-0.00774885802588722,-0.10143122913596674,0.2129329076461151,0.26992828573584987,-0.03556474369884067,-0.07321847915619809,-0.10495879496849037,-0.15678234734447746,0.17863544598625083,-0.1130981100887919,-0.010015774822261566,-0.11815605780086252,0.01004582840068683,-0.13726971591252304,0.14680102574163864,0.1549736465860539,0.19775015996811948,-0.08450055322915415,-0.0978838864617606,0.10590586527822148,0.12494978741664234,0.031450038766995925,-0.16606762087187166,-0.11534623392254258,-0.19165398915117185,-0.061184728027744675,0.17437421070284678,0.029605112825148102,0.13830035485876463,S240
-0.015465536642007253,-0.11679553586527214,0.22439295190559622,-0.002079057093696436,-0.14498121699079847,0.0019755000271369726,-0.019400220930697376,0.0767428121420669,-0.028536237715103812,-0.031879684851470705,-0.026902124581123708,0.07127590781836196,-0.24175130151840302,0.07076039148304261,0.08756354140836431,0.17140366012205166,-0.08716712062865885,0.08036928543316622,-0.19132935573579643,0.040554523700650984,-0.15650428357907675,0.11567239078018916,0.19536451831767204,0.10435874036353117,0.06195959267026632,-0.003142517632802437,0.18176978715839526,-0.08126865341797442,-0.07620622917535348,0.0725135801313605,-0.04048508988620778,0.02270015087289505,-0.15410823957536704,-0.13645706633196628,0.11200134189886621,0.030744776620475214,-0.08325059536132186,0.1336525177422167,0.26916623198763256,-0.09056217459331616,0.03467440400764857,-0.08631312176028691,-0.180179215593109,0.13108308094866497,-0.026720248914818938,0.08740647738385264,-0.1183587944208116,0.028890687728856383,-0.18478712860400331,-0.08307373705563734,0.18326157256420736,0.21563439468682996,-0.012392975521801727,-0.04708922289571754,0.13099444813312242,0.1378803869461308,0.07798174705547602,-0.007717285622529165,-0.2798872315294999,-0.23778287530350425,0.018779210024884772,0.1504036399724447,0.055009110114247424,0.1575980860689399,S241
0.055220228630623786,-0.05503134294079823,0.07112135739239107,0.013430405564069691,-0.01297232916638451,-0.061252229647883565,-0.14018547185464528,0.11769339004810733,-0.11319243877875229,-0.07120234411315352,0.018828375559502664,0.04933734094305171,-0.23776450190368856,0.026535395500460423,-0.07501838990671168,0.0526268054914158,-0.0422711281162922,-0.07909114453487577,-0.1933581564001935,0.14377500349601144,-0.18775654941018158,0.14703667815156973,0.1780645710434359,0.1787806061550289,0.05793804259609153,0.04634975390238153,0.11883055698094303,-0.034838578395196336,-0.15353812564756833,0.29198081219681377,-0.1843911309519896,0.04538026455455635,-0.23617436725013866,-0.052774683132571255,0.13105387714572003,-0.10146292955211535,-0.22576149561648937,0.15321410944806843,0.24345862888936443,-0.12745454077432036,0.07277934029746724,-0.09298407475702766,-0.1101694883408262,0.2402423046579032,-0.08186228468262068,-0.00848032954350417,-0.05234058695191663,0.018941234202458603,-0.07162860480592378,-0.09077801759495749,0.06571786445868136,0.08538873235037558,0.018626026650142097,-0.008954151145597965,0.05107991284111342,0.11314340039201834,-0.015993361667251113,-0.09600954951450409,-0.20160436335593176,-0.11421103037177338,-0.16086096871390373,0.060019577940184365,0.1407161209384573,0.12255701481010736,S242
-0.024651168585158433,-0.0901197379597698,0.23504155639902255,0.012945960919077784,-0.1417909030804955,0.02493054018606321,-0.0787658538683291,0.11839143570178928,-0.11100162724330907,-0.09753974103854289,-0.05659410099654982,0.000741588432565271,-0.18224852883490045,0.01244858518880346,0.019976463958364374,0.18630334703398282,-0.07726407490714111,0.07306101355342784,-0.10638623829467551,0.0994853974385513,-0.14000444970500805,0.13057750400310908,0.20079825053740372,0.14017382773970422,0.03411704961212542,-0.016694935157804472,0.18550351269409002,-0.06498766107363402,-0.19430871571276143,0.11999834144896644,-0.04495712087673766,0.022765230855462407,-0.18472662074072718,-0.10553618809940306,0.022976384659908713,0.014777434584461478,-0.14650782601008785,0.10573417261865453,0.2043227527310572,-0.11733535468563386,0.164756886859628,-0.09527052418987472,-0.16844936311531963,0.14509024261752473,-0.059606770116485526,0.18935919589632608,-0.016970642455071523,0.017619642357465107,-0.1819967573214839,-0.1957545367220637,0.15769188845047202,0.1735890968523385,-0.01958201480692832,-0.028181263919885104,0.11752584810077443,0.07808630672750978,0.05009695807007508,0.03746682870851091,-0.18741983895696931,-0.19752536548517358,-0.07298215925578186,0.14859385096808525,0.1542312610545238,0.11863428451397541,S243
0.06690277495081089,-0.03400319834765252,0.08325256598290927,-0.04160134679093675,0.004349934933068807,0.03816225483277754,-0.0460292085434373,0.02639305252223186,-0.06182137322830967,0.01477385456783952,0.016741336356616926,0.024613871614569786,-0.2675038595000861,0.08197385945360183,0.09139522500973779,0.08818558448447614,-0.11681489516270374,0.13052229522374542,-0.20487496735611382,0.03948857191687509,-0.23573271460823914,0.08566353867453758,0.06877507598117077,0.19351104775978564,0.05465762904230207,0.03888050389004971,0.14811163198191146,-0.10811133043876422,-0.06266580091611577,0.14876536716429256,-0.07960949617170374,0.03429354677353389,-0.25739436266722426,-0.03590720230490196,0.17152064460218677,0.013769129705717482,-0.16637437784062392,0.19571441917302915,0.29372277930682755,-0.04444374375195989,0.03614740950375942,-0.08812868389244156,-0.21527582575621115,0.19407382705952464,-0.060791927826275,0.0754913732145412,-0.12075543483469184,0.007047454316724426,-0.16478302723227622,0.05635951239055402,0.16080926819308847,0.13850636491194826,-0.04412851828908951,-0.10895031944420387,0.12698458338849236,0.13923073153263224,0.03263869597693307,-0.0635560446225515,-0.20636659442854197,-0.18306494861776954,-0.09153758936402236,0.16078757180922093,0.04940464327098097,0.09493987779023329,S244
0.05628606230367863,-0.08877572406154893,0.12563860622320192,-0.03513007858258393,-0.0799289445380745,-0.06341832951642086,-0.09669592149591152,0.10881075074281846,-0.11165763291457821,-0.0702833023057108,0.01691003659554345,0.04647483907514247,-0.23155202995066998,-0.024817126455830927,-0.03274316342501873,0.11804346662800327,-0.05492724270448786,-0.04128038185569683,-0.18736251323265785,0.15516586441153074,-0.17167082355545205,0.15861386385346868,0.23674551454823478,0.11981392425790618,0.06202394673175481,0.01401752270008283,0.10174700827334088,-0.004403947648070394,-0.17271428653951956,0.24511924882510383,-0.10677627952237213,-0.01570469509881539,-0.17994933597688115,-0.08080565177261628,0.08463572154013535,-0.05876946372512816,-0.18577680703050423,0.10116544341975792,0.23552437365129178,-0.23747546455183582,0.10926750484462619,-0.10473921428133816,-0.13453190315398786,0.2863516706415963,-0.030982183696479308,0.05871557286591594,-0.09004374098616126,0.05936990070335497,-0.10426555068629903,-0.1588574029384065,0.0485399446246021,0.08288986798359385,0.05425812449411326,-0.022574089242424697,0.07630709301044128,0.10412120490558249,-0.020658732143707385,-0.04880888326805833,-0.19465498159284167,-0.1906882877929451,-0.08269951501452921,0.07229111825302198,0.09650193776740694,0.14997129688915714,S245
-0.02357798517707662,-0.11291882195280276,0.20707499233152094,-0.0010112720066568965,-0.1447705135462766,-0.0039477589020468625,-0.1056695771534541,0.09877590167980964,-0.10463694296950582,-0.08204465139545374,-0.003128409561844936,0.02709271142828297,-0.22943064352260376,0.03551810270465717,0.024865358428628772,0.17147815183053,-0.07815796348210718,0.05862074864677559,-0.10406971322183697,0.09101034033104605,-0.12147050198536051,0.19392933356295766,0.1679040289278372,0.15725908014017234,-0.008200370337918567,-0.032295890109467026,0.1590501755180206,-0.07272071669038709,-0.17539136491304336,0.11245325095089628,-0.035730125013504976,0.028235897985864497,-0.1537332444499538,-0.11711850132821304,0.0436560744118918,0.057979551281899584,-0.13322722478956042,0.12621421074110278,0.2300273548436768,-0.10756879532553076,0.1188970766135316,-0.0825449244738988,-0.17014393023309163,0.14769439245457136,-0.07540407483341938,0.11625874327543384,-0.03522095993486632,0.039564582395236046,-0.17687793871808435,-0.16909489286152632,0.2167847120180857,0.20776561411263106,-0.030373065735887616,-0.0525736931586279,0.13568094698689775,0.1011228905766337,0.047700791328132486,0.022856373508416586,-0.23179137815284107,-0.21397191176569758,-0.017578799130938398,0.16062258216403105,0.1161451867523666,0.10538537333177604,S246
0.10979676063069521,0.031663696503361545,0.199771842727792,-0.04578908288356516,-0.0378145538707546,0.07789519609426465,-0.04639906008462896,-0.03668130899177544,-0.09160509754748042,0.16715691951652814,0.13839380809840462,0.047509809910605195,-0.13338576388836637,-0.026962396768925295,0.054345723068293925,0.08909808317391896,-0.12450066080683897,-0.12337638918846815,-0.29202619792056034,-0.029744376978987554,-0.2906711886653508,0.011221093750711016,-0.057456883359723175,0.21428415645448107,-0.0011147867842831573,0.19317912549370292,0.0420721819612054,-0.0074445312530917705,0.03318166809024727,0.16346672785641736,-0.13675784628806054,0.08827367760394583,-0.25150900954080857,0.05321333281153407,0.04828789081134923,0.06845952432713096,-0.14488254775018355,0.06955838906861286,0.22350591469851122,-0.05610057280992903,0.037764818348073735,0.05319856371791708,-0.24444578268903416,0.13062734605465307,0.0044996361600655255,0.0423952760634119,-0.17848103642141672,0.005570815941053648,-0.23484282203115026,0.07774126919737152,0.017743290744329888,0.06537394107349138,0.008520923847846147,-0.10657859203859435,0.03858347989685122,0.04326367804335809,0.02201537269441996,-0.047296795731494694,-0.22125558531769338,-0.13582312627836454,-0.15023087013191452,0.025168353299680056,0.07168364364229134,0.07750453611569855,S247
-0.021558757405227606,-0.08623543670575337,0.23100824657134333,-0.017003345752266835,-0.15181283648275884,0.038696288837591374,-0.09890047440968328,0.08832868485536381,-0.12183075756632672,-0.06385813087807508,-0.03234077240229291,-0.019037948749888397,-0.19450865909708387,0.01445357769915512,0.02505880404246085,0.1699303327955174,-0.0722189152676887,0.03866991776222161,-0.11006293973446307,0.09578460962088103,-0.13530726713794972,0.1337628029639838,0.1866788331371015,0.14992512606654598,0.0037288906554528082,-0.010707922845388632,0.17441766533563194,-0.07639914267715278,-0.18967427832659,0.12038073382355045,-0.020128822838695576,0.0366384082841711,-0.13325814514230572,-0.112621634383036,0.018783595527004888,0.029870768043747647,-0.18153129083256433,0.10699392873069136,0.22941517505779804,-0.10017129517660955,0.16967556706722076,-0.06242428049143054,-0.15811551753350564,0.14610240425202495,-0.09844334794434535,0.14593251002185534,-0.036836164246591974,0.0178935942286427,-0.19573002149486482,-0.20141855245264487,0.16804048721659354,0.18577161393867692,-0.026693355929523387,-0.05505748074569343,0.12883864453702476,0.06926361211286643,0.07718430851632208,0.046060009157240754,-0.19688146232789588,-0.15354072517286188,-0.07476209786972811,0.172238016544963,0.1528204674128107,0.0698928465693569,S248
0.04194277985411119,-0.106543838819894,0.14816329187198554,0.017213160722840123,-0.09928314620299744,-0.052422549148248496,-0.1061239516602834,0.11689524767192641,-0.12633977406329525,-0.07939372414555458,0.06559119502720237,0.04279721357135575,-0.24532190573896234,0.03070169322616483,-0.037452348999012425,0.14174009512778574,-0.021715650368706367,-0.028915563078876376,-0.20846078622384265,0.11268167383150528,-0.1843069117093595,0.11887343008887158,0.26076417983224853,0.10182729451956116,0.06650260780536553,0.01106163713426626,0.13771011765134306,-0.011047855814062773,-0.14009819699105694,0.23158552044928962,-0.11140493457972751,0.018069485100542383,-0.19418326473231676,-0.09515311395550119,0.07303040862065238,-0.09610134796978931,-0.164021683193488,0.13153666869281452,0.24836839375292807,-0.17908490481348632,0.07538473430185134,-0.09883602127550255,-0.12865763266823121,0.2497961336447863,-0.028622870291380918,0.09143636836911599,-0.06646700090910428,0.03707096330102829,-0.10845084215523715,-0.14210509184765457,0.03164999991644291,0.10930470259993325,0.03287947753800221,-0.03404395787597927,0.07244524920900385,0.09476195876043636,-0.014091917317732862,-0.05190277480624851,-0.18767861555872695,-0.21713889386078808,-0.0483668232193592,0.07240457451833152,0.1277280790951777,0.14846932883902808,S249
0.014750067277403947,-0.05522428811929447,0.08129830671300577,-0.02699315991458571,-0.04692956242754771,0.06397095022158832,-0.033763083298892146,0.08808550718164633,-0.1031497968839224,-0.014300654626206598,0.006208034883793691,0.018583190326863067,-0.2584267785904264,0.015407656689036485,0.08522903774319002,0.17684006519268275,-0.14087897695839977,0.12897884633390316,-0.19045489567988552,0.020731427965596037,-0.2692045235658472,0.09508826785897315,0.07043364756960112,0.14671703599583,0.05494348962713327,-0.039205188977338594,0.16798627767603885,-0.12025399854559453,-0.13540998067565205,0.09873894140183904,-0.09539882000271727,0.01326320984650494,-0.19584994347938103,-0.10916778384003854,0.22036511914319684,0.030211899291904765,-0.11196497614826159,0.12959386189588726,0.1870201802625925,-0.060993574850154476,0.011052647457622567,-0.06637529487683767,-0.18781025645431235,0.1709290532785055,-0.03920565095178606,0.2004179598456534,-0.17371920359785206,0.034591361140259354,-0.14519490456298667,0.005206155622226975,0.13053245391530033,0.19014589340341334,-0.033770991150569966,-0.09918404102485068,0.12960188537689185,0.06692638153533201,0.09922972329481297,-0.04219287327328395,-0.2179541988164037,-0.21035906312504896,-0.02598213345038494,0.013755780465453888,0.03809770648279757,0.11807029310365094,S250
0.016897761341283072,-0.0032526456043564887,0.08967796594309448,-0.007816789499629438,-0.08051368928108646,0.01678812232712018,0.018267258217738832,0.07217472536339645,-0.05718026834069387,-0.040905739821951566,-0.016106181925687302,0.021773534666832094,-0.22905235443971877,0.001611729581689847,0.11260420012110359,0.1405135173217189,-0.11731364154473176,0.16614804752208295,-0.18487296013539722,0.0870832075846556,-0.2226902983318719,0.07622441673837292,0.13968944463769453,0.13371747537068546,0.1163491268790254,-0.0751362806463666,0.1972294405828173,-0.06363748849818328,-0.10698522871748527,0.12219575729589781,-0.09243627447590007,0.02743353166974848,-0.22595551541362183,-0.11091814340841616,0.1395979627968345,0.03613638276419256,-0.17414959841113856,0.2087472768240685,0.21216772113832288,-0.13522143470799086,0.04267039498442812,-0.102581309725536,-0.19859467102260867,0.16427983322111195,-0.07246960964003132,0.20890463320646527,-0.15353111644076686,0.007486753907566417,-0.08646304995975625,-0.02261257866496881,0.1566552031609059,0.1807255698018736,-0.027227623617832476,-0.09912335711336064,0.14821117966431283,0.11409017261709785,0.009498175644017028,0.01093659784901617,-0.17730636175070344,-0.23163202756774456,-0.05077428827740261,0.03681414297987406,0.0172946381360581,0.13749712924143248,S251
0.0218524043447018,-0.025137594748439827,0.1111711913702715,-0.039633287632529234,-0.05882017148073958,0.050876571219748055,0.007080099825039868,0.08971457064361237,-0.11932774708903979,-0.06043824307653312,-0.0158744026971737,0.01887314111421804,-0.24973318960520852,0.060206411626992945,0.09943548190692302,0.14278304469326838,-0.13775650093989142,0.1573529065058662,-0.16172674221496278,0.06933000538916086,-0.21736931861404524,0.0904633494063269,0.13886265900106698,0.11057468779798954,0.11068889595315115,-0.03238911905357369,0.17626516555084562,-0.0942914238529728,-0.13859340634521897,0.1018926810802432,-0.048192778264352504,0.028686770316385883,-0.20375941241656767,-0.09596663802664633,0.15998350018163204,-0.01593252133897723,-0.15958180215847115,0.19739265806479173,0.21336289722505758,-0.11688715401660332,0.06551865796687349,-0.10320861642660921,-0.2152465834695532,0.16132354972948362,-0.04393398958313406,0.20044630116204284,-0.11604257349529168,0.004733103691249399,-0.11589312780572164,-0.0251345065906378,0.16638564064643568,0.19137085121063824,-0.03082210590387104,-0.10527078192433424,0.15422521052326177,0.08046445839117793,0.052442281324112966,-0.0020144397676748237,-0.196008217129703,-0.23473798190961706,-0.04202825730815499,0.04805657017061487,0.02141386533100993,0.11974835147039711,S252
0.09679604692256041,-0.05789301316125358,0.0931334407742234,-0.059318315542036974,-0.0335812511589511,-0.010371764367679146,-0.16141361473204957,0.045748565338186074,-0.07305388733066527,0.005845742306123883,0.09688064791282044,-0.014311572240293273,-0.3586976096703225,0.10719632618568728,0.045776925860228634,0.05589662627626983,-0.11562783994818882,0.03250221050920816,-0.19203270206952097,-0.005600778985661022,-0.15042528025438312,0.09469400044191416,0.054070247604646904,0.2328554755016267,0.031490665949075715,0.03627014623232217,0.11132342227430225,-0.11273317057985117,-0.03720457391218305,0.18872572042655772,-0.12815901169927413,0.06393786115850937,-0.20104620029874332,-0.034538139351114036,0.18577419364186729,0.01964419752881862,-0.10232803155463287,0.19216590231715885,0.2740645086505536,-0.03838156857903881,-0.04298248738036618,-0.08134173509230365,-0.15166591494864015,0.19393672401836423,-0.10966087197040861,-0.028409883893674902,-0.10595207162598674,0.017350184172450666,-0.16302258109947781,0.1305259378516802,0.15547775763218458,0.17843124858662887,-0.04681292578617844,-0.0876066671992002,0.10402276189501085,0.13562665064565246,0.005372523995296922,-0.1406773109993741,-0.14724203680571513,-0.14380542077713915,-0.04681675293746725,0.1937047760670216,0.06216465730655183,0.13946869487683788,S253
0.014395265124752706,-0.007568249998927347,0.10929199610433878,0.010998135914474714,-0.07978050816748254,0.02521487677860621,-0.024580488369652716,0.08256474786123545,-0.10567627520938398,-0.05581530175548288,-0.004798112259836677,0.012356364110641964,-0.22074303259305822,0.021996532654920086,0.10631328272319855,0.14578977273578325,-0.09303059327991775,0.1407713503765069,-0.19104513651036845,0.09171081441072418,-0.21171190678893176,0.09820259224819104,0.1813589113053486,0.12642182577623598,0.07557571046218726,-0.025745343119377328,0.21165502069895997,-0.06121886917829477,-0.11642681244615131,0.13661558578466174,-0.09436452561825814,0.009794615476939973,-0.20399937502084714,-0.11149386563142046,0.12419871818269664,0.05367094950637642,-0.16278643854886893,0.21050800731324043,0.20134421706967515,-0.13614042539482132,0.06561377160040464,-0.09722240282793894,-0.1552983185177329,0.15815906806663757,-0.07506671210515362,0.20538683253571632,-0.14276313786955078,0.027564290839638045,-0.11560183671099873,-0.06604158367157847,0.1538717685582166,0.17893041979878926,0.002457676902384691,-0.0961391123177158,0.1600929071868065,0.10305804284095008,0.025453912664416507,0.041382175111141284,-0.19970828296182622,-0.163687108583539,-0.06122089613770896,0.08944852001969117,0.048455758624977065,0.10891749881369232,S254
0.03179225379538215,0.0014995882806471989,0.11642883615201924,-0.021065574814449057,-0.0423712038747352,0.04950207312249327,-0.03596047513192123,0.08035066072512147,-0.1344679805314015,-0.03385098734390099,0.04675724309416312,-0.014652606004930983,-0.25617212659540867,0.06059817548844438,0.08179486876552781,0.12870366313604661,-0.09045485114310034,0.09759448056457072,-0.20533336429624935,0.06432339611464612,-0.2145395905456576,0.08454464798020733,0.15084600618467933,0.13846709228611817,0.07315071380673102,-0.022112007524151378,0.1699370692952713,-0.0846567207244079,-0.10369075296221288,0.1499754065104587,-0.0794382865994943,0.05366188187252822,-0.20127811530949402,-0.08592815189392887,0.16274422595321247,0.0018947504713253311,-0.11296802853137837,0.20973326796145272,0.21621049322807842,-0.07571374108417259,0.04667436008384961,-0.0999425796505946,-0.172737636369432,0.190103189274635,-0.059644385343774226,0.18310267878642475,-0.15882573599405364,0.027842376873992675,-0.12187415687818541,-0.03385613608109698,0.13617853743748376,0.18147477009305663,-0.013515702472426174,-0.12529978769728442,0.1623997014166225,0.08747291295520893,0.014139552644553346,0.03264050269027283,-0.19219292803593907,-0.19473611193381693,-0.057940115916131636,0.06558494626371579,0.031240825397340403,0.11775196942756261,S255
-0.0074382200982258855,-0.05878986983733213,0.2205240734920407,-0.03179786920355871,-0.14823717668177322,0.027996657838861107,-0.06948991388353244,0.08380439811808077,-0.11063415836719696,-0.0782022428667359,-0.07996277640047855,0.006202682908647235,-0.19527954877978815,0.029098200694480734,0.02414919979302634,0.1858244710055102,-0.06803485117844095,0.05033157372129664,-0.1142544701174853,0.1242500199646383,-0.1200312864486777,0.12302227863951941,0.2003969218152228,0.15869799685934807,0.014335152869776721,-0.011593175724013072,0.16133331886040955,-0.07289847592665702,-0.20654069016952847,0.1269556684470663,-0.03163978531234362,0.009179639616353166,-0.15075697006426256,-0.11113688863401323,0.04932474503567564,0.0034814519122695307,-0.16694312199464068,0.13213589624952188,0.2027003471645018,-0.11614693654223474,0.14971775889061265,-0.09452183677494137,-0.18043255203805228,0.1790495758735611,-0.0976537843963483,0.1830712640638896,-0.01150510446313377,0.031045413796931896,-0.17035579662458591,-0.19542970942313728,0.17107800741618018,0.17769641880931933,-0.010854698884531968,-0.04831689890897615,0.14097287396112512,0.08788325056054447,0.04558348680662288,0.04731886293072558,-0.18328922845510565,-0.18932522773747604,-0.11079587566680262,0.12051722270404282,0.1397432809691314,0.08197256673674246,S256
0.07971671193699037,-0.06495393648969676,0.0822571676921927,-0.06374531829385538,-0.03796218777078132,-0.0016846250469780921,-0.15352940808402518,0.0780941567931393,-0.03863361748322082,-0.010658335896518267,0.10626657180326422,-0.04144532465870587,-0.3580520879797673,0.10014600822784708,0.043540823237056776,0.04477577274759656,-0.14190022976033684,0.05702997803738043,-0.1625319945526467,-0.011023172568439965,-0.14016385271154888,0.1011714223306303,0.047519328990703213,0.23385119879009938,0.034610621846449224,-0.018826686072304134,0.11879858339609864,-0.13901570127805293,-0.03154559279899692,0.17681968631796827,-0.11843379361877131,0.0385349823381189,-0.18336743456428453,-0.03033735684862757,0.18993073763847182,0.02354494587171,-0.09578190240272494,0.18354197788011933,0.27323721659153244,-0.016446451151380246,-0.07311786221503924,-0.0669338088118026,-0.15356692757646548,0.16935334167539048,-0.12571108324972385,-0.017652950365902618,-0.1257555284193984,0.029700022232672565,-0.1349816008922947,0.16793276263975232,0.17705863935907157,0.20291199235596188,-0.093381578055718,-0.08918917842347561,0.10725954738837064,0.13587003097755967,0.024124293685957733,-0.14677707453608094,-0.12435820201381423,-0.15069863116723972,-0.03133591289045552,0.19672112778554626,0.034310476812647435,0.13281630352733362,S257
0.0905285028686252,-0.07950827140853689,0.14583930556483451,-0.0653969660228198,-0.05161752216118557,0.004674230183249335,-0.14205462549908182,0.03183299753421319,-0.08927299562955603,0.007187074572481384,0.09784419443911536,0.017113591523136015,-0.3266009197860694,0.0877725230917753,0.029538962827165414,0.1118951231249627,-0.13245781171583562,0.030753678980092135,-0.18678413970252689,-0.004387907475283997,-0.22937529803955856,0.09753475941935764,0.07505561377860458,0.21375215655366825,0.02123543298070134,0.044011152432443267,0.10851345342527229,-0.08365247444513839,-0.09670652278090429,0.163359620198515,-0.10682249609032253,0.06539077411435158,-0.19188003290552735,-0.022450244066403977,0.1498097510684956,0.002027858480014622,-0.12238019724937091,0.17474268363684098,0.30563808627131306,-0.05306694268916875,-0.004687523499826089,-0.05162423347196778,-0.21114654702027025,0.1652199648851706,-0.06562549540271857,0.019825991699949634,-0.11465704220180256,0.019572092354082495,-0.188655568063563,0.09571710993026848,0.13855185103926218,0.16808867024070118,-0.0495346010343876,-0.11421609200641812,0.11667188070616417,0.10627457084187694,0.025020840864402594,-0.1038120948373381,-0.18812459595388076,-0.1699119529534165,-0.020607188056772086,0.13429674742475775,0.06735640688772918,0.1367061434589936,S258
0.003727212553421371,-0.10978793424885844,0.2239680922720406,0.01047309168786692,-0.13290497661662604,0.012308791884627097,-0.08422620537616307,0.0940765224233921,-0.10072694753606797,-0.08930782195434031,-0.007145051088779716,0.007883899452618569,-0.2115711644134779,0.03443553585940706,0.014752897514771175,0.18728389322228922,-0.06004321934406708,0.08647873059885225,-0.11778740829462127,0.08825329061183332,-0.16120505261858298,0.15966587248754327,0.2078541520862203,0.14535016363883427,0.015436621781942968,-0.024175994421815564,0.16592685597520682,-0.05543813771354892,-0.18704879105587888,0.11932340850163602,-0.03811824138629909,0.03133623108240996,-0.17384981045999634,-0.11939393092295084,0.0488433807601287,0.01168676485636235,-0.16357083110070555,0.10320187092838437,0.2217372434773233,-0.08486009838241824,0.15723548535496962,-0.07981906724928595,-0.16463745524928727,0.1726171676425769,-0.05554910103790748,0.14034988198155715,-0.04167881379441333,0.04083228001564289,-0.18181571340793934,-0.1686363228547386,0.1543573861407517,0.1740870369066038,-0.02672196535058224,-0.04625000276176058,0.10739186907461283,0.10404996435324204,0.043533468482134526,0.009550903434706713,-0.19879270955183853,-0.19344840223248214,-0.050047017191914414,0.16831686121251924,0.1389552362726954,0.12260634116924514,S259
0.0723443309735065,-0.06595552267414309,0.09209791351409256,-0.06269241960556163,0.0030677239944231238,-0.0005691876696161532,-0.1550755527866231,0.07291152470640679,-0.06834238381740385,-0.004110227300434354,0.10772932531328695,0.018988609483120922,-0.3556396608533715,0.11067807302364358,0.0439717148269228,0.05181496088663195,-0.13193728339573074,0.017325922048902535,-0.19397747244871885,-0.04198631724330095,-0.14316178309140568,0.06726643080497796,0.03293967747303252,0.23015865455438878,0.04079279831889479,0.025124509598208167,0.0782232117733099,-0.11695200744374805,-0.04218760613645616,0.20019918383373506,-0.11631843841541016,0.03731984977260284,-0.1917304050305641,0.005742862792389952,0.20780773492487434,-0.018798432860366126,-0.09068188248718824,0.211997721330103,0.26329493113342506,-0.03227612794819469,-0.07670670891497319,-0.10872748697903466,-0.15411297765553142,0.18364451607018478,-0.10778322486956328,-0.03284405250035089,-0.09729701460231752,-0.002292566370702252,-0.15098663922985717,0.15368515933552154,0.1469551217086575,0.1945618617042423,-0.07353160848331333,-0.0960661382700282,0.11376425402198767,0.12071477981832068,0.013172031570260243,-0.1578371420486741,-0.12632439789875663,-0.1597604925320917,-0.07663670242953188,0.16554356347285004,0.03917533714347175,0.1415233059538914,S260
0.06066146503463516,-0.08261594826274087,0.16791395391741393,-0.05563183590332935,-0.12400876876256127,-0.03206612397056901,-0.07428990453744261,0.03626171534476025,-0.12557676030925918,-0.01707812707014199,0.0011978481302409986,0.07022366226917742,-0.23181261699095093,0.05877068923249403,0.011734108269908122,0.16659874461444837,-0.03563340074785366,0.05543617021391848,-0.1879563737162878,0.11349925451868453,-0.2027669533219168,0.10703982439941945,0.21292242812737922,0.15590374185796066,0.027832885329558174,0.018740105703108127,0.07508798770310614,-0.04577383863782598,-0.11238663922853422,0.1312824445243924,-0.04286843909548198,0.0030162532584677953,-0.15031909016071857,-0.12628189528508882,0.11030975905077542,-0.021180639173718714,-0.13857572173781882,0.12812540617438103,0.29198147341080577,-0.12582804541548165,0.10886448511415193,-0.09261735819361565,-0.17458552636354024,0.22708189645506652,-0.030026010326782124,0.06688345261142714,-0.0950265416914336,0.06040062132289988,-0.17159540422116906,-0.11698326575089919,0.11924387351722922,0.1350664238313955,0.046892033527647176,-0.05839197952453225,0.11624639135152803,0.11932855224311116,0.04603235322825432,-0.04151598389288035,-0.2570005597474322,-0.2233936949494583,-0.04524768146807018,0.14840756080441972,0.07541158390107018,0.1698235555195889,S261
0.10496906978124522,-0.06485793538457023,0.07540625547087178,-0.07811459450200887,-0.03698856624233406,0.008321399703124392,-0.17698954880451448,0.036970450550444504,-0.0797585436287439,-0.0058781885412725705,0.09115110623307518,-0.03843981044664061,-0.36077695616896593,0.10845629083049543,0.034141274781355126,0.059959040453367085,-0.13935655868949198,0.048258798014160796,-0.176096638842974,-0.007651817874701653,-0.1729163164882555,0.10166547235244888,0.04737003267854548,0.23617026636606203,0.01761538022786922,0.0084589600448692,0.10854838247661351,-0.10988363497685401,-0.030494228708632668,0.16989393558326385,-0.11472876105079823,0.05620456521845145,-0.1781499316928358,-0.03098961951353481,0.1923589907184008,0.004330969354185611,-0.11434957850912131,0.17335610668361456,0.2703159879742855,-0.02267424364616887,-0.04174438702831094,-0.04723184775181982,-0.16266594089346337,0.16613890831341296,-0.10394843846424737,-0.045901630661149606,-0.12432866057171271,0.0051704104774539655,-0.17558409567987307,0.18691512657204373,0.16205635304352312,0.1699134810019963,-0.06639652057071671,-0.10810727492515931,0.10059017593965688,0.14566413767707548,0.04270454324546981,-0.14610774738687693,-0.16195323433593153,-0.10221978361335124,-0.039084147586567065,0.1686024891279764,0.06492539438092426,0.12390493939326672,S262
0.07295403205725053,-0.09209315350736282,0.09868414236480373,-0.09847709437845162,-0.05465933651122082,0.002436060413297617,-0.1153957791537073,0.04081126164983878,-0.07138676238825198,0.0014714202379428423,0.06758122414997092,0.012292753455751614,-0.320812916421073,0.11245103707430687,0.04938862366855872,0.10414231144384507,-0.1258316347684498,0.04656685776507641,-0.17126022418129488,-0.008214121400790366,-0.2095465952371391,0.10701451836188677,0.049909915997189684,0.21573039669978405,1.3395728199401745e-05,0.017133239952088805,0.11972010514305446,-0.11513028684442562,-0.07347163675796471,0.15600494963461226,-0.09587250816995577,0.03957260466045581,-0.18803932318984157,-0.030197897780176675,0.17862609411840866,0.0252571698465012,-0.1454472458306697,0.1667457318434487,0.2777504522450194,-0.04550034605074658,-0.022257292168864566,-0.0761763559120845,-0.1987033586871039,0.18614611769709266,-0.11695778125012571,0.020466236259182778,-0.11884795061042805,0.019220218188763346,-0.2016361187016969,0.09186416838734562,0.1736189572615321,0.1800324084240906,-0.06054842432089437,-0.09875649707009501,0.09507064863560265,0.14135532217774746,0.03620924702889695,-0.10749501671557771,-0.1725489198390804,-0.17413237385496425,-0.005992741011574773,0.17527769743973104,0.04130027251421747,0.1141658331221676,S263
-0.013653002524442511,-0.0654108862479904,0.2253658697496864,-0.031302373136283125,-0.16672010645925944,0.019892556009138425,-0.08869832397514045,0.06498871892803229,-0.10452403810269108,-0.10554389369933656,-0.037551451643812614,0.011349510759944625,-0.2029990968425893,0.019375195876393646,-0.02362750568766004,0.1501022159260108,-0.02884402134601758,0.03693027986613293,-0.1446607347738567,0.09543213216755911,-0.14459840044615094,0.1397608712820315,0.20384558077398096,0.16768201243447425,0.01079261027224829,-0.025935993146533467,0.13950771854551405,-0.04918652025918476,-0.17864302901034332,0.12025549594088303,-0.03597972429486926,0.0219721563839211,-0.16727351380665165,-0.09662415316128384,0.04744963654332847,0.0046811389598187605,-0.20070553146810813,0.09416191932162105,0.23148573239869488,-0.10018117638825613,0.17777065066657843,-0.07960118726687826,-0.1438453261956053,0.17899844913020316,-0.09611193063681735,0.12415807789643275,-0.05950537100789973,0.01864132929344533,-0.17039593762244787,-0.21707049459378466,0.13907207861293525,0.16049366430255382,-0.01021544642918079,-0.023054079813462316,0.09616597762591907,0.09438100567991413,0.04829017579882639,0.03877993530242669,-0.21180565725149145,-0.17310013195826313,-0.07268675680041141,0.174960416312559,0.126109182815331,0.13897747187206827,S264
-0.04732268560111395,-0.09302972404076802,0.2140388778868188,0.011289427009197592,-0.11891282611100552,0.015195879388892625,-0.06544617708669481,0.11642325198186182,-0.11804824170184133,-0.06480593825903594,-0.07564281756820992,0.025791537513583294,-0.20759031527956012,0.024790414233462964,0.044561500537231846,0.15359312074484793,-0.11947506550151457,0.035913137116151746,-0.12067024276153504,0.0883659865012662,-0.1242932055085437,0.12618891740283372,0.13527848015405425,0.14385498520683568,0.05597711580173556,0.001840185244460735,0.16696908719471107,-0.07259612241932005,-0.20558062406287242,0.11131592158657583,-0.04947916652898415,0.007908512389718247,-0.18963113222581363,-0.07171659392923084,0.056900908248493365,0.046410232305857314,-0.12490858344581596,0.16027419316607316,0.18573391286857643,-0.14743348444632934,0.14755465573306925,-0.11396275317022315,-0.1973126094356597,0.144659606755639,-0.08786353970218966,0.17841305874296312,-0.00957221334715765,0.013416269213775978,-0.1717481336725775,-0.17743639833605174,0.1791966938328978,0.21185008815856807,-0.023606806042223347,-0.07510910852618204,0.1474916649055146,0.08746923427873315,0.023901795876958187,0.04049960021709558,-0.18945538215576524,-0.23617842234328024,-0.07596700093263593,0.13615856716961083,0.13272226905634457,0.11600335362007591,S265
0.0023298464392878275,-0.08176394017137409,0.22615904817431504,0.021342747114829138,-0.11754289557944812,0.01981827609259385,-0.054491399358860715,0.09614891376430176,-0.0925754627473208,-0.09715810904893361,-0.029031582059193282,0.01647718723478453,-0.21329670274963755,0.039651042511941646,0.03556636992775489,0.17846677542133157,-0.052720216733392056,0.08051203164268604,-0.14191725725131474,0.0895027716739332,-0.13936233987403532,0.1251869888900378,0.22798232921937647,0.14136276952560742,0.043436631435766156,-0.019251960181159704,0.18799081658879846,-0.04618249362812316,-0.18672398804114498,0.1354354575307326,-0.042678716146591814,0.04001228849283113,-0.18461114754757446,-0.11424848928542727,0.05250750445864958,-0.0037011216219759364,-0.15044161434144576,0.12689783145841807,0.22049744689743592,-0.12661855698829827,0.16068675544132136,-0.11260115121614617,-0.17777912700048384,0.17452213589838417,-0.05820118797569226,0.16236160627482787,-0.029621613404440854,0.024738835491977893,-0.16367409111004227,-0.18636651175598654,0.1325159547109011,0.16327895363010736,-0.012684170541939748,-0.03466821242072878,0.11721683450909044,0.09419217996344265,0.01166329228912519,0.026008568932373927,-0.17557653935524453,-0.21169051543104764,-0.07881185931267412,0.13964881236601567,0.14999129256910182,0.10888840081163828,S266
0.0959477909394816,-0.02683840557670509,0.08223937719180245,-0.04766418693777529,0.01245018434278658,-0.00036939090042842197,-0.1455412787416999,0.07190531468842448,-0.06395613457837965,0.015913713292148763,0.11189648596311826,-0.03027849268177816,-0.33886348033439007,0.09601665728706582,0.06947162538286085,0.043525099915817406,-0.15608363776308748,0.022600327883186323,-0.19468694607038525,-0.024011090680608645,-0.16292817426271103,0.06854858763228971,0.028699265416628428,0.2087147785301227,0.05896412485833001,0.04895818655768382,0.13237338026718803,-0.12193153817281967,-0.034682365122865176,0.2165441456781675,-0.13610710496317505,0.08092315716820066,-0.2350512347298982,0.0005119608275276381,0.1938947158830335,0.00749201234423855,-0.09128051756036927,0.21655763005517115,0.2580649570015405,-0.0021157096032072514,-0.04122029167810576,-0.07233586650025092,-0.1715361961583427,0.17444585250916653,-0.08914830215054109,-0.02847046505519111,-0.10302150186672478,-0.007789812648325458,-0.13895216619149686,0.16358907722930272,0.14475948587329593,0.17782596142813267,-0.05643666763032356,-0.10861098579757637,0.09848351088594583,0.12700812665597386,-0.004227173609772604,-0.13613680669051692,-0.12876503644834686,-0.1356481159421948,-0.07302725095313604,0.18254976460481306,0.05224617922544147,0.13169209287479844,S267
0.03668827678767618,-0.08631112035047746,0.1571268315794654,-0.08572785292183964,-0.06307565391591449,0.03136978840059277,-0.11404718515173741,0.043152827670101535,-0.08249659503922782,-0.019227601167865458,0.03686498533736755,0.027625765051880913,-0.2910497355819868,0.09557276022511339,0.030153560217443726,0.09367647371863308,-0.14158966925541225,0.07380976713981399,-0.18660989765098435,0.028958053326873998,-0.18165216654190247,0.10587767552890098,0.08683943306386815,0.1996419355128718,0.024918180819897284,0.004358189293638309,0.1017873083140633,-0.11178940112612769,-0.07545003339120046,0.15045630805726762,-0.05479851508912613,0.022353270422731827,-0.2015027887073034,-0.0421885462322398,0.13298476847087295,0.02489268235171972,-0.14400312336992102,0.17878181169273585,0.298201662038539,-0.056132158835152025,0.035682713805314584,-0.06727432233826532,-0.1960163032512954,0.15269182534587855,-0.06873129102048058,0.033755569725086323,-0.1288737219977969,0.011063193531447111,-0.18112142620882413,0.023878854435229437,0.17181889401677075,0.17171661245447806,-0.0625852185112758,-0.12041732908711399,0.10986002376680305,0.1394673100513914,0.06465926115057717,-0.08108665787186776,-0.22470569490434644,-0.21338195123514916,-0.02684162969939121,0.19218536871580777,0.050198907287954876,0.13236441092205742,S268
0.05576879949553289,-0.07418935197234613,0.0320774676635487,-0.07710618442195072,0.012822708220806006,0.04741788912448703,-0.1516261771602295,0.08733422988241862,-0.06477427036400311,0.012260042931302634,0.08498071639852571,0.00656833480616628,-0.3279223021322966,0.09831383288472648,0.05807897299289956,0.0850440646559777,-0.18035130918713213,0.07304845855677684,-0.1687683330595311,-0.04762864709132018,-0.21186524526301662,0.05877280040349678,-0.003786522203134285,0.20838242135331117,0.022319847728062697,0.0002677182975702356,0.10683982053303305,-0.1521906840829529,-0.051448980001212175,0.14488945885201746,-0.09643573554467218,0.030414411259711643,-0.20764499499355343,-0.002319991179732665,0.23108248347333885,0.02055984607233737,-0.10506675189535816,0.19912150483541316,0.2533689473740992,-0.0010544849443945726,-0.0537868728589862,-0.07965930903051456,-0.16348653879684585,0.1615659606810278,-0.1212518947503748,0.03447686005815617,-0.13917450624079974,0.0132301534878691,-0.1708010316376248,0.15821916466402489,0.14838858868475102,0.2029733728519842,-0.08772138174706547,-0.1078367661607578,0.08969130287587235,0.12331770728944359,0.08482111309275424,-0.14397959172721034,-0.12388656096813663,-0.18526453910530497,-0.04481529283939399,0.14333052396356152,0.015929079511556855,0.10092177688451992,S269
0.007540063520607394,-0.10792615182153262,0.21173314697318865,-0.023120262196275162,-0.1255393328159477,-0.018262760763263983,-0.1322472496131325,0.09924320331963297,-0.13330756622961448,-0.12159874641301154,0.04041876630976018,0.03867055164783017,-0.27527479326892357,0.04719725869555827,-0.025493903392856086,0.15753636088662085,-0.04846092232900893,0.011439851150111658,-0.14751342965391157,0.06821725692798017,-0.16232458911395503,0.18072826391221866,0.18960261386627159,0.18354385247816202,0.014574964717462717,-0.023555670517982567,0.09198995599566852,-0.06252242311682517,-0.18409508442761804,0.17776540242659308,-0.08283159702285836,0.015813116839845952,-0.1448036765239206,-0.07197642681460209,0.06743287998265184,-0.003291516734070756,-0.1311916139779846,0.13221636631511594,0.24023589085322858,-0.11770627329166859,0.08900225643948476,-0.08730373745441465,-0.1451541168402594,0.1885074601342445,-0.05482435395582791,0.06911407239074417,-0.04576020556595201,0.034599512600822856,-0.1518074578231935,-0.13635386976193686,0.15584680066816806,0.17704315023260514,-0.004140407760766953,-0.06016742770260369,0.09832571795436405,0.0950722964638151,0.0034745471199059716,-0.0333834526916419,-0.22611170311877146,-0.19121145347570334,-0.03604104755570569,0.14212031781209597,0.12840165250959423,0.1426821359641789,S270
0.07912852665507455,-0.09137084639482901,0.10903222570756241,-0.07944864222635366,-0.04737296861864353,0.028344826664836145,-0.1626113845619869,0.07733887861987138,-0.13627420687771433,-0.03610192482355708,0.0942230928151462,-0.006061045005323721,-0.36319366995133684,0.14990064979326378,0.010650080356320675,0.1110629529080783,-0.13054150398715453,0.0939790745455938,-0.1416448970831499,-0.023130070053348856,-0.20466689936395144,0.06608614102707884,0.08208461578321974,0.19530072326063197,0.015481638489871396,-0.006141121536420428,0.09755941456311333,-0.10117007709466805,-0.08792522469458386,0.14552258294055176,-0.08735483153905768,0.050540280679882296,-0.14619998831906647,-0.020890783295269617,0.20640740872121258,-0.06334195896682493,-0.09851030077924224,0.14879816301890034,0.2471469353683882,0.006015697733631149,-0.023515911158913137,-0.05837738548202718,-0.16445917368098414,0.12636753643888804,-0.08526887232912753,0.011489719593287208,-0.12376506965314944,-0.0038225685074509785,-0.16215579828895638,0.17416151877242417,0.15491073380298967,0.20541554867291573,-0.10745041815128875,-0.1216717607716293,0.10154942301464155,0.12239124617313306,0.10282981923406662,-0.14687209151640557,-0.16952796388185892,-0.15252510444205866,-0.015619585290030352,0.1402614056263973,0.021243177689425127,0.1587386416194431,S271
0.04633274867133363,-0.06617897953110267,0.08414285799518388,-0.05634860815225944,0.03414983077735907,0.007395080172744098,-0.17824898705237358,0.1324382283237902,-0.0763610893512114,-0.006207677574504684,0.08768427338316437,0.008898685872518438,-0.31666332684167275,0.11617831532997781,0.027079280596745903,0.05097118021025686,-0.18529490458322292,0.011465985978135407,-0.13982847164498313,-0.022173627056012207,-0.1284796316257788,0.07534209886532488,-0.0018278176717797068,0.21207475750368826,0.05962039865909263,0.008719651451578816,0.08111611699608585,-0.15071041175321648,-0.06257312497423861,0.1952321601806825,-0.11875966014258292,0.034892940167997634,-0.19316272194543754,0.03299112417693791,0.18980869023404448,-0.030638785493141037,-0.07895374433411599,0.2180372972012301,0.23193683809376725,0.0007886462723987632,-0.07681099127739119,-0.09718130512145734,-0.15648007960867366,0.1435009156886297,-0.12265300543849163,-0.0419899656604406,-0.09197742725332261,-0.017495514460454917,-0.1414900858896389,0.1801497900702372,0.18214830272611165,0.22452198394237138,-0.12040829283844069,-0.09729524033174311,0.10349401061528513,0.13730284799500483,0.05025328386974874,-0.16010319998546219,-0.12534140902621443,-0.15990429776175272,-0.08451410912583797,0.1775478252254392,0.027190136521253273,0.1442627517189117,S272
-0.012445963969230535,-0.057143807625488305,0.232777094287887,-0.017509149963078466,-0.14922076332290574,0.01647177721991498,-0.0628679443261648,0.10562261695250628,-0.13761965990748415,-0.0867515905270927,-0.07719085685470226,0.02447066644333714,-0.1835530707824377,0.0549993300690629,-0.017877899258881516,0.17980487547489432,-0.040603244208061814,0.04280173195697615,-0.12602434182628527,0.1322087393684795,-0.12083461825602339,0.1240761675425764,0.21545607751458393,0.13561368489028275,0.03344953281795683,0.0012093734902211362,0.15861036673304546,-0.051261111439407495,-0.20450302481775556,0.13481955705875495,-0.04063585077912179,0.02401757340692783,-0.17065908428299978,-0.11537471681151311,0.06216420861316191,-0.009940118068857536,-0.16025932528797207,0.1244637778848728,0.1949292891938017,-0.11507523315781276,0.1367039944991866,-0.10576202306038293,-0.15446031116557318,0.19247661662731486,-0.07152622280734532,0.17694095009030283,-0.016395729389337515,0.042541606148396936,-0.1658159064088631,-0.20460100940780845,0.15267327636491582,0.16350249459827387,0.01353487103999795,-0.04338577085671855,0.13079406379937017,0.0688841067138308,0.047696153997114736,0.05026003330262002,-0.19751259631005058,-0.19353389174459093,-0.08365898091970861,0.10667993762786511,0.12856680991734756,0.08680439668452265,S273
-0.001463656301850495,-0.10322347541998718,0.21202979455508728,-0.006343964358116092,-0.12006697707098322,-0.0019716368924436217,-0.09865186131148061,0.12917005974333814,-0.09930749064083771,-0.08604607526445483,-0.03459710599457826,0.027954974995361967,-0.20976140773198146,0.04316297001063706,0.028997718827446447,0.18399780867496804,-0.10394677216881122,0.06293584921827869,-0.10704905609348449,0.09950700365407088,-0.14408656062871958,0.12921117467319745,0.16795994573460174,0.13916619909231195,0.018088785794231215,-0.023678247864951946,0.18123741066395235,-0.06850971718460952,-0.18941440228657905,0.10008772496053385,-0.05275289363597921,0.02809040893903937,-0.1901948012392924,-0.09546279629064881,0.0787340828447763,0.016123157465364885,-0.13729801184747753,0.13017028980647183,0.21792434651853246,-0.09524912050547575,0.1246421329555866,-0.0844099718340459,-0.16690555303342716,0.14834677138490873,-0.07163710547820464,0.1560633830211957,-0.025859421971783675,0.02490891649544949,-0.17727460133026637,-0.15569679565626307,0.19843761682483663,0.1958891989872264,-0.032509032400613806,-0.05081874920545712,0.12241711339365424,0.08492712584135252,0.04623287484493445,-0.0058662562051441675,-0.19169813193210017,-0.21245442318197594,-0.07125805257776772,0.14198777559906414,0.1292805317473159,0.128244828142947,S274
0.00781648907539798,-0.08499948230107057,0.21737057979642413,0.04312829547179744,-0.11206085499700733,-0.008137387581463342,-0.1066747090388618,0.11108825563198722,-0.10261066243362646,-0.10418538057975041,0.06608339111756764,0.029809971090292712,-0.20183618341331416,0.02797915553378637,-0.021216155455776917,0.17995729477339545,-0.009797060699191291,0.007501695621018068,-0.18237160461310487,0.08328936354595767,-0.15423206971284772,0.1419762616138705,0.2415506378914572,0.1374387091719035,0.05298297737049786,0.007863633791679137,0.1360471620795699,-0.010634345594473528,-0.15452343166572347,0.2004745921935421,-0.09878846558997792,0.026850406293688543,-0.20632319161824986,-0.10883536045502774,0.03250160868606262,-0.029945409080465946,-0.16303049153071156,0.129685216601971,0.2390410537062418,-0.08861590872709353,0.10020879294371335,-0.10167117087929058,-0.1285891889003191,0.18197906913042902,-0.0486583616984233,0.10442054073460993,-0.040995907481528183,0.03770601707757373,-0.139233840866544,-0.19475253241186552,0.08499475060159242,0.17427604224286425,0.002674090109383203,-0.03469088000376736,0.10519252449314873,0.08928235565063504,-0.007073850630076291,0.018006349092580403,-0.221371528046011,-0.18891099044640847,-0.06606789851280703,0.1288455734415374,0.14257220166443266,0.1532935273155399,S275
0.04799753161543406,-0.03495711281405308,0.12796542417167522,-0.07549738966722346,-0.05402280137092113,0.006574252583668889,-0.11184100949147162,0.053156491374200976,-0.07575111967193202,0.011672940081811847,0.057228564121751584,-0.011263577540734534,-0.32537506591621873,0.10116812258737476,0.03546646801284043,0.09879350814968271,-0.14314492569867193,0.04565276381828658,-0.17852828095382914,0.05699711691656806,-0.13336759244184473,0.10552839235691333,0.08050047623931564,0.21954094890052747,0.05509609736962419,0.000797678275697449,0.08133053262215438,-0.1100149675213488,-0.08744226295760699,0.15555890392353,-0.08200915611659264,0.005539314934062219,-0.18618502117736263,-0.0458138745596911,0.19322705975720877,0.025374191717149323,-0.10354300768844975,0.20124517052079524,0.26485875914317697,-0.049297711740278076,-0.04866060233352784,-0.0747115523688217,-0.19880955914310033,0.1840393895984109,-0.08821937463607436,0.006938136582472646,-0.10410108720733244,0.04615743643141693,-0.14798680767028324,0.10256538901271992,0.19067936045189385,0.20284622901107002,-0.05147059792133269,-0.11626786627297114,0.16575951105533013,0.14584156298717477,0.04293074146951291,-0.09867737555070903,-0.2087443224467448,-0.17877914170840556,-0.0576289112802813,0.136619275200023,0.026889721669913328,0.13455653264490955,S276
-0.05419689234085694,-0.12224393920738061,0.21113063100336563,0.022618915134698308,-0.11615353037445122,-0.006344403736418905,-0.05200584849794059,0.10010425627826783,-0.10975613805451964,-0.08497214363479921,-0.06077119134659128,0.028394629487816545,-0.18802981165508556,0.03237603755251324,0.011327686708229423,0.12303575889805034,-0.07477502242557547,0.08556931923944094,-0.09644529873528017,0.06858419971669501,-0.15092815454979935,0.1672478073059968,0.1570900926514224,0.14877250463607844,0.02974344099600793,-0.005447743418383263,0.15230786919007855,-0.07916663066640667,-0.2278968884842079,0.13390392861874142,-0.04216426392365486,-0.008728847116442947,-0.16565798588706282,-0.055303852660143774,0.026815853237016282,0.054636721248353025,-0.14856509808894586,0.12691858273110923,0.19715327739057448,-0.12404546800451707,0.14075840364714098,-0.1395952795977283,-0.21649348674135654,0.1524896807989486,-0.07937755321349808,0.1486200123853106,-0.01639040479241975,0.023527426076862427,-0.17127743960600544,-0.15917912418987923,0.1900455787207943,0.19927108498426788,-0.055214766730340516,-0.044022914422502175,0.11965138260656741,0.11383752524432324,0.008664378071193213,0.055070814267061584,-0.22407234514568317,-0.22837497383769179,-0.06422267992503435,0.13350778484380163,0.13057528673414168,0.13159152253086892,S277
-0.02085464089350896,-0.0666046928434946,0.25572723720138013,-0.025883285353352173,-0.17028818985495253,0.009071837430371817,-0.0789359927170989,0.09329844691080885,-0.11196550514178565,-0.07308564613205094,-0.07231864208685555,0.014108101153652665,-0.19857579611857443,0.020822791927688333,0.005762665678293491,0.17495777835541723,-0.07095633936606605,0.04931610745897141,-0.10082461445593606,0.11592891952753512,-0.1129313637746113,0.145999048974827,0.1963885388106838,0.1668823292106218,0.01829475491512747,-0.027188232388971816,0.16205795757769934,-0.05424939860736441,-0.18519890783056078,0.10651046281894241,-0.014578105756946342,0.01988718693842645,-0.13974737364413567,-0.08644889446899193,0.016277728035797905,0.015645342726918296,-0.16647616352598077,0.1330875403738838,0.23570897030061894,-0.11027625462663594,0.15816266215090638,-0.0769361581192649,-0.1576896496439554,0.15715558759214202,-0.08541268874017595,0.1674943294244614,-0.01621063285944549,0.013609857394281714,-0.1761729025662281,-0.19495451057474078,0.18513122105102042,0.1817687551242081,-0.028638931796726743,-0.06076509272224309,0.13662760709639385,0.06122440129170952,0.04334525981774417,0.0685509583419239,-0.20492011997913293,-0.17017680198227142,-0.08648604888449392,0.16324217472437563,0.13774982900071733,0.08560066238409123,S278
-0.026950692592252964,-0.07751890352828876,0.25054811133969324,-0.008327174403867781,-0.14546617338293832,-0.004712132957855098,-0.10482026985984869,0.11539574406711876,-0.10122949173619859,-0.07965762551533058,-0.0801073090099965,0.01857529629250726,-0.169108505440685,0.0022107988852075678,0.004821716739050956,0.16509586381321653,-0.09083731094633095,0.013405337840091604,-0.09434768580429084,0.12082708321984013,-0.11577115451979138,0.13345754614370983,0.19150522755774665,0.1586038772065218,0.03034919317234334,-0.02281833455554838,0.1546359946170342,-0.0509459910550114,-0.18456652197942344,0.11959527753432048,-0.04261225099448546,0.02416278289814815,-0.1576456611542164,-0.07835538597258275,0.0024369252411154106,0.0442751347695179,-0.14952129602364203,0.13902441339896862,0.20236879841942135,-0.14587788419517997,0.16467913874369722,-0.09961599679569026,-0.15119237114402267,0.15802674796086152,-0.0868638707573151,0.1584854763145509,-0.010951279423574087,0.023280042615493133,-0.16199227444048933,-0.21007217470790518,0.18688927810793451,0.1811451831302991,-0.018056036792350016,-0.03572944893511799,0.12051632995274236,0.07986923292037756,0.021628456780374096,0.04630237290425957,-0.2046130323743254,-0.198619412619507,-0.10777348736679415,0.1560650015463491,0.1361134356005659,0.10680178373784074,S279
-0.003307560162089245,-0.05599239391342527,0.23344855049457575,-0.03772343745230889,-0.16646764086115592,0.031282703962231824,-0.0708138947661154,0.070538180024837,-0.11488966251444281,-0.07137755541414839,-0.07933686433947122,0.01748632725928076,-0.18673821865934453,0.0457949503482044,0.012825656187271557,0.18039978805585236,-0.04826862493829369,0.05603737310804671,-0.13178724319834384,0.12035834478835811,-0.11991610540788113,0.11268317132468388,0.2104811297663359,0.15743857238287676,0.01518346385578694,-0.015154999120491862,0.1633766096353189,-0.049835034012879295,-0.1776913673808962,0.12037571221910193,-0.031049978871944026,0.02495469284112215,-0.16415762128233022,-0.09829259293353702,0.034966111636728255,-0.0023708695728414174,-0.18826094290852313,0.13055883638430887,0.2057034763485916,-0.11790058004022029,0.14740234854943055,-0.0838302955343292,-0.17815189819929778,0.17776936356449988,-0.07501579952639348,0.1804559524007786,-0.022717771774035674,0.0165460523464031,-0.18458280543695493,-0.18572285460658214,0.1621212249566989,0.15860208179116048,-0.02211297870775522,-0.06746690324829394,0.13793533374516403,0.0765564399711434,0.05212357584732818,0.07259019445775856,-0.20615984371210241,-0.17663358792808417,-0.10769293009990692,0.12335247564142626,0.12041134505939896,0.10154143146322098,S280
-0.009416503575788365,-0.09139673688851203,0.21300504627794184,-0.0023344175008947797,-0.12327087339261761,0.012391543774160792,-0.07433560641853626,0.10513828356976257,-0.11370976274640354,-0.1082405941837773,-0.006904721512047168,0.022929225273997673,-0.20418812301422584,0.03297514008777767,0.0003752887973252921,0.15581810610127925,-0.05504762548335571,0.050819620277657726,-0.1426531959926834,0.08942600218093558,-0.1591926394278178,0.15494418510966698,0.20606165560913936,0.14058684656379303,0.030406580466072964,-0.037327513530670306,0.17930658360095406,-0.05349309243084403,-0.1714212195141485,0.13520603863125322,-0.05321568969561193,0.03261387279573692,-0.18578375759317386,-0.10296385874974189,0.06199917693704389,0.00913677747192788,-0.1618809579444769,0.11055254866089988,0.22399616023635813,-0.11323099489322591,0.13922728841707446,-0.09183690116170282,-0.16488206897277044,0.17163417437739875,-0.06517432653954978,0.14442064922321204,-0.047714980875446907,0.02956399649821413,-0.1692384491019864,-0.18855116331780583,0.1361821466538035,0.1637779518475142,-0.018655572134351574,-0.05136668226994063,0.09724074225652593,0.09473713235876281,0.029892058641550444,0.0026624980707609567,-0.21307894154015727,-0.2170723358324486,-0.05160011063369814,0.1350060988595855,0.14454421211266189,0.11805422253669234,S281
-0.001192039181877025,-0.06304649675948983,0.23033190246715368,-0.03926603310897772,-0.1514623338326108,0.021658437551431868,-0.03502077579104189,0.07536756215858964,-0.09562703300192615,-0.08236583370728069,-0.07745147946333288,0.031242855461207895,-0.22228809405829705,0.05456202290852302,0.03709417026325523,0.19365811019762016,-0.04989488038360839,0.07962853213404662,-0.13045312228985093,0.09219516536467302,-0.1440648801884605,0.12117801990204148,0.23278755095272513,0.14651466307080466,0.024713498078074256,-0.01875311505513267,0.16035599465954783,-0.04638853504257783,-0.20044165402539973,0.11642482195424741,-0.020503290654595455,0.0019126275892003613,-0.14896206771272802,-0.11356483029320712,0.059742810043798895,-0.011007241325143486,-0.16640233656562134,0.1476757818730628,0.2049843985767421,-0.12712465360390945,0.12892302477429873,-0.09872222694582221,-0.1926297563278789,0.19089346509666563,-0.07190472587184339,0.1849666735671564,-0.029639574308387994,0.0135207599660485,-0.1738925898560564,-0.1702409635838338,0.1560429745739013,0.1717272439856807,-0.018516125702222837,-0.06440582088444322,0.1499823035659083,0.07903520806303757,0.030839904519070597,0.052239430059428986,-0.1940088054758345,-0.1910706285508075,-0.08085629970040707,0.10093661934703772,0.11097241372972665,0.09824519150955527,S282
-0.014592188734191575,-0.09427456205441329,0.22256553665163897,0.010817705241641428,-0.12197237404137326,0.038016011730100024,-0.06133699438723462,0.1110758041271185,-0.09749417456083939,-0.06707017501647476,-0.017915981141227198,0.021896270929088506,-0.2243042879142892,0.034933379979756936,0.0498476152980372,0.19238976376313993,-0.09887075844194827,0.12203543415844072,-0.11982364484338875,0.09500691036444987,-0.1393333412521251,0.15832941315895416,0.16801074221383872,0.13876097528521233,0.04469440159328811,-0.02589600981199258,0.17924894533701732,-0.09422556300497298,-0.16904629444350178,0.0932383162197742,-0.023610030212899404,0.026713935223129363,-0.18220646720988884,-0.12324824658821029,0.05542833115752705,0.03463149829537841,-0.14796549179878749,0.1445226283716581,0.2381042232847613,-0.08251054138447081,0.12329336339902425,-0.0773139240352974,-0.1623873374316799,0.12606799934524412,-0.06962151239387426,0.14290477824996095,-0.058051958850301136,0.027811941680735173,-0.17443707732812186,-0.14360286864676358,0.1978319232299488,0.19708464752288424,-0.0457740830182484,-0.04796746987246457,0.13829438759665344,0.08832592151306033,0.07482028636179922,0.003544249415422243,-0.20509723014524478,-0.20326545026573728,-0.05541689506798354,0.17505485032619766,0.13064107989854876,0.11600714978946973,S283
-0.02261362344017728,-0.0708601746580985,0.18236625310981305,-0.014000714146709258,-0.16020601383133695,-0.01106509001082883,-0.09351886555638945,0.09435629411290043,-0.06404493401330519,-0.1548274899017942,0.01687973652787188,-0.012179850511979153,-0.22542694974867272,-0.012035207188661004,-0.015829915369682132,0.15852846341150786,0.010366869885208983,0.04193762621485296,-0.16769549630551805,0.07995470687912058,-0.18602993964470255,0.18888180817715572,0.2641256876509985,0.1637556766594311,0.07477310300542392,0.0010635849595224188,0.10938085650139953,-0.011580051357265255,-0.13919021133507845,0.203648696234727,-0.04844260225513596,0.034680784150987944,-0.133167812949435,-0.09010014897268503,0.008424399515313256,-0.07135459092860091,-0.2353599433673253,0.09945934944299653,0.24972130078853078,-0.15612961722088933,0.12528276968497362,-0.09426423672349592,-0.16081168564254492,0.1974474362390801,-0.012503737878593709,0.06498324467526047,-0.05403824197313884,0.03432475719893377,-0.15304770502730236,-0.15786723136603933,0.05075767873840421,0.13922919783260643,-0.008096233777945935,0.00876269512404333,0.08826419956508384,0.1117507891077028,0.017657150722792128,-0.0137528127494038,-0.19813513049858023,-0.16990623522224138,-0.07757056945266612,0.08475395286170613,0.15290615697259258,0.14055767236451538,S284
0.08253917970495675,-0.10541519957882885,0.11736196723918674,-0.06092006305783044,-0.13723543180486913,-0.09029114790638726,-0.09859051439183475,0.12262805648736139,-0.1705237085608516,-0.030273672910390764,0.02089091719203268,0.057245376126518255,-0.1972139461806875,0.001993885636692926,-0.05208958666752016,0.08637280356784113,-0.019057958705131404,0.004879605116605987,-0.1469883155811451,0.16090209416278134,-0.23896219163832316,0.10101815441520276,0.24473451008505756,0.13478909889380428,0.061431067697005556,0.028016490338917174,0.08355812106869057,0.007516939405596074,-0.10238224240113919,0.17552232872698975,-0.085854768990514,0.01458282550190758,-0.159511832776422,-0.08231379439642461,0.07766676699329633,-0.08532207232663516,-0.21441991178939948,0.06300001114589908,0.2808279303731909,-0.21113912289099615,0.14923277971047216,-0.08383543347218517,-0.16725811572319438,0.2517603351194421,-0.02928776050420671,0.042065443458917544,-0.09849619754424035,0.02743144958197271,-0.14223437311370304,-0.12148347521981441,0.046744579174433136,0.07179028025416948,0.022340676084372478,-0.038689553539863884,0.042515077349983464,0.09454364690544771,0.0299280567591552,-0.05291768370456291,-0.23496585565714345,-0.21412752734147766,-0.048534790481757135,0.1176115156923507,0.056897674443210894,0.1744059576518997,S285
0.03367796382835069,-0.0781439934995689,0.15931702967964537,0.011921481878312662,-0.09763757423297602,-0.046851022428574446,-0.0942771525583347,0.11759170060462011,-0.09092594105816754,-0.09373125890520538,0.009339645663155831,0.05575574384950058,-0.21526788743278671,-0.006623287483183703,-0.04263917316128236,0.12303596632575399,-0.025624964230569775,-0.04789759812508953,-0.1844901617289207,0.15846535779968404,-0.16841261331928467,0.18234462102209814,0.26059342029228716,0.13948378915513326,0.08483035596637618,0.01809206534593276,0.10306569256287222,-0.015254105828438747,-0.11618427672139081,0.25484798251728,-0.10310706017606665,-0.016040722911838525,-0.1980399754198105,-0.08810519348172496,0.06783649671150607,-0.08711710233883517,-0.20079266943723745,0.10218634455919003,0.23798420136961354,-0.19926389881815001,0.09148126420149007,-0.0898818000918492,-0.13709418642479357,0.24790245998543267,-0.03362313707005787,0.0623832965891291,-0.0703424980025102,0.03211747820200571,-0.11851414740423859,-0.17177463751868433,0.014694761715982108,0.08508695535753905,0.03760998360981425,-0.01590450016448002,0.06429845101894907,0.09545422382192388,0.0003778169261764704,-0.03463885059345997,-0.22476370705939755,-0.1781467971036044,-0.09849860883126568,0.08199134058483921,0.12719393558379724,0.1425368507068906,S286
-0.028703112719772432,-0.06462444002497156,0.20816263297464707,-0.013084201802092712,-0.15971543824566012,-0.0018152840664627226,-0.0706556034962862,0.09670595146292633,-0.12708702913538722,-0.09155231911474018,-0.08286714780544888,0.03109235758711799,-0.1973530649188683,0.03373552856720462,0.01223504685657344,0.19308302454596613,-0.05563213781228018,0.02341933123235319,-0.11971138588126704,0.10913939563697474,-0.12023689837233244,0.14255730626388585,0.1925410438924978,0.15928651919603187,0.0194867265659872,-0.010419294192682314,0.15777800319537735,-0.05147506684233532,-0.19945398677820997,0.14567938869702773,-0.04120661220936772,-0.013888204890537555,-0.15958869077664806,-0.11889636912618025,0.04117157207735723,0.026102994128420643,-0.15441254134578253,0.14052093695445597,0.16977048308798307,-0.13472537494158476,0.13995495586880993,-0.10555928904726285,-0.17728914672459004,0.17656907138806213,-0.10007181736933159,0.1871377217909606,-0.0036856435167910324,0.03341330926049632,-0.1592132596286253,-0.21010442261839382,0.15823793374079098,0.1863339871697924,0.002462295084512299,-0.04643959480681379,0.11975147807930253,0.09174273942876952,0.02197705343069297,0.043984304819969726,-0.18926708545324591,-0.20617449394706505,-0.08461342818878795,0.11580630480552237,0.12792347391801903,0.10179419223316614,S287
0.07770081180126971,-0.16601018092006234,0.1671847665750381,-0.0543385509510776,-0.1616041081814183,-0.04068354900322848,-0.14047552092055765,0.07580773817445371,-0.14147494440707195,-0.051251014166669356,0.08246285359386372,0.03356232947989827,-0.28480728059683974,0.06797725971312539,-0.061054074641212076,0.13950712578362598,-0.018475598408875436,0.010579793459292424,-0.19693511746749395,0.06374299652641408,-0.22610838252557536,0.08762798188465093,0.23318973823115366,0.13752625236483199,0.015184944383354123,-0.021150292922045812,0.10225204483707735,-0.0065324100875416005,-0.08800098036830319,0.17465108581037347,-0.08169835416769916,0.030521294618177763,-0.16125619396055904,-0.08099413254550908,0.05899208121977463,-0.08957914407254743,-0.19551003944179657,0.11109836448255714,0.27333215662881166,-0.16135070439915267,0.06968603200270215,-0.05899183382016961,-0.13787967433969817,0.22217068163033743,-0.04398164558842002,0.05186811539842258,-0.12052468245666859,-0.0026698082356330726,-0.1888888513323291,-0.04425552615418315,0.021979728518926163,0.09728225017357285,-0.0031146311013223104,-0.06593738392464445,0.03365052283754984,0.10909589908729778,0.03613472777522166,-0.08340051758555263,-0.18257937264988747,-0.21385952143584824,0.01300536414922784,0.10407010874427274,0.10203459087005916,0.1728285898231646,S288
0.02065789442138511,-0.07676965285024681,0.11770293302506137,-0.027112297533392372,-0.05296430990696954,-0.02653016053916113,-0.08070720554016814,0.05518286290551091,-0.07689789314418577,-0.02970031095226753,0.10765113016884277,0.01784034256404088,-0.3423438291438572,0.10076770414047928,0.05716775381176456,0.06816487760681623,-0.11146642480521558,0.05046602682467338,-0.17221795199561263,-0.008361178894215634,-0.161489182274216,0.17990062746231344,0.032960797608803785,0.206884758260602,0.03859248819353446,0.011936573649067453,0.11005673783674656,-0.08041920253940359,-0.07615050595401554,0.12751797451006505,-0.09332464031364172,0.04818219989520871,-0.17996324237756062,0.017506442119331424,0.11908908334575612,0.02676955422691944,-0.16248516236559882,0.17894385041598304,0.2853779213210344,-0.052594254477390134,-0.044858430845104984,-0.08186599966784078,-0.20859801600378627,0.15889626493298814,-0.09052860850222415,-0.007078271940584503,-0.08400699985876685,0.016599142925143928,-0.17360922473564488,0.07035374062479027,0.22272700147597296,0.21353007815326527,-0.1042518254578516,-0.09546832512961595,0.14751523430722993,0.13397110914082386,0.00111364371456644,-0.07640620191431685,-0.20734938201860256,-0.1842066145630361,-0.005315995679317478,0.1484277801534553,0.052633415021782294,0.15512162544756453,S289
0.05086754504270846,-0.04346781288162818,0.09894727831582871,0.014185700113984108,-0.0521271110622899,0.020213108104534458,0.0027195373913302895,0.047901694572769854,-0.0810842613104308,-0.0224538390132136,0.042747341647867095,0.036266039584558075,-0.23425549717345148,0.008137303858846848,0.13045192359199737,0.14982196536808812,-0.10169314610375724,0.13232688336530396,-0.21931526702184131,0.033716087219201364,-0.2507480522685944,0.09092789138894485,0.11384077945872097,0.12090119564649814,0.060513068708480985,-0.02805495539295356,0.2122630283970291,-0.0638493500329205,-0.08607723389525251,0.10646546118810601,-0.07258582325207977,0.037560573026111946,-0.21267631293621408,-0.13418272744101217,0.12161482159554649,0.08254747712689527,-0.14064490892459589,0.16381321307026783,0.2574734021035191,-0.1017455264458723,0.09984169323018437,-0.08039772086031208,-0.1836276363656081,0.16153672112272624,-0.0327752600919331,0.17650243163835305,-0.18131375003644595,0.05371437196519868,-0.13404000008136838,-0.05250729694928089,0.1338930534789559,0.15913630342962579,-0.011006648779095265,-0.10488323809795007,0.13480569391639455,0.10757205823021504,0.02851364100227359,0.02104521351508409,-0.2462161260727959,-0.20742157045824802,0.01607968282447327,0.09707914809593626,0.03726906935129408,0.11984434205538853,S290
0.07021591228861221,-0.05957446192217609,0.0560450965490318,-0.061711152887359795,0.004061370449988776,0.013426089071287485,-0.1422649019139485,0.0805716157044972,-0.06583894951383842,-0.0042171360108110775,0.07691769750368598,-0.006308190213918031,-0.30969489594895666,0.11493736735551442,0.06511654038846149,0.06055028096783659,-0.1667827754807648,0.05932614267534066,-0.1723926000690593,-0.014198139483791727,-0.1909457417476796,0.07610360775287477,0.006413101358494454,0.19684585570844798,0.0414391396783671,0.01641971188353745,0.12053728744758226,-0.12821369874351946,-0.031386481475094895,0.1629446137038177,-0.12710787705384644,0.061087637219350545,-0.22756263323204495,-0.011273665576277661,0.19047293475590563,-0.016737933199727707,-0.13854113450700195,0.19355498247330533,0.2725845344941463,0.02180239303138792,-0.05552933737471297,-0.0597557647774114,-0.17894752962805413,0.13985711909934878,-0.10662192149454339,-0.01643649132308344,-0.12085064752759231,-0.016477404729333636,-0.17137032569890673,0.1663370791453828,0.18670139807374486,0.20139716410291003,-0.10341077307773654,-0.11261935446073806,0.09473511506563419,0.14970107168083868,0.06229831337551,-0.13625642925478415,-0.1673947369931399,-0.13655604489797088,-0.048208182711905405,0.15708938443047046,0.02813822362384675,0.13200676874002415,S291
0.09154048406386002,-0.03696641198955934,0.07834673968490126,-0.06839039013957857,-0.05728063342356453,-0.005954667064740813,-0.1439075852032757,0.06971280085356205,-0.08604755357633148,-0.057695505940870605,0.058235054758054954,0.0036253893059762184,-0.3003596718210333,0.11120203777661203,0.008470051982594104,0.08147447907213944,-0.09162592528613449,0.02601862288488786,-0.1735803859551798,0.040507076857465685,-0.23892552085427435,0.093968160759053,0.11226827363144297,0.1976129213625655,0.023102627547609965,0.03323492335897307,0.11686203567245514,-0.09266347451045513,-0.08547552217030907,0.2191780767708183,-0.14166067930415785,0.04935251935714253,-0.22367776728969907,-0.04356018183888633,0.18629722518594072,-0.05447793087184618,-0.18592258415804547,0.18571376502370615,0.2824577808141634,-0.035250806710983386,-0.03214182853708278,-0.06716246357559226,-0.17701391584068993,0.1796197523841705,-0.1235100053093127,0.0036756197987707372,-0.10273738920224668,-0.020727826088147376,-0.16887728298068694,0.10046684032603646,0.12544046651695517,0.15984275825866004,-0.04739098132983614,-0.08338166577882848,0.09811474321066155,0.15064392533869403,0.035723859212217136,-0.11711047852860933,-0.18408797961950796,-0.1146861568195605,-0.06034529743604479,0.09984538951079099,0.07668187836734841,0.1339843380062139,S292
0.031124399174069457,-0.07923487785581187,0.18470122006598783,0.022428719812234574,-0.1345916043139875,-0.02863292915232507,-0.08260512426218404,0.11209514383641431,-0.12153362579572824,-0.09466190843467366,0.05285124607689309,0.007608072720028712,-0.21429066113016193,0.014858949262244235,-0.05210776411702047,0.15943400227809174,0.013689989244681594,0.032365730789778044,-0.16551467709731676,0.12000390484393318,-0.1747599584685558,0.1363186643301933,0.2823367497060905,0.11919256086531196,0.06590894179836636,0.006340655538728267,0.1697543556757451,0.011192747893129249,-0.16381612646436558,0.20382383525012296,-0.10182298020293451,0.04191902716063697,-0.19590697227721632,-0.08114550820019766,0.043350194516073984,-0.09713839726959958,-0.22005552345141668,0.10528657663645406,0.23627112203251177,-0.16338106257079643,0.11417235015576985,-0.09952079983057353,-0.16200201433793882,0.20640330220506606,-0.025219178631972303,0.13144211330435343,-0.04223231669954267,0.02022378306951104,-0.13654561958596872,-0.1506168811999581,0.04315231477888121,0.1373280364872319,0.0021308997857275996,-0.04423832053083656,0.07983107849115202,0.10445872805231353,-0.0014388315817387312,-0.0009017826074403381,-0.15550628376862188,-0.1969082164645648,-0.051721628401454715,0.08605441778776601,0.12569221158317795,0.14879957650368647,S293
0.0750696257036724,-0.0855082154138045,0.14520266453866842,0.0008039493442595789,-0.11569942349608668,-0.08478830629542877,-0.1220455787645016,0.16073684889688872,-0.14986518692910544,-0.024942986691715,0.014825157889175268,0.05602609565229868,-0.18645307012274845,-0.03236072320258737,-0.07626632323221656,0.12367730284837795,-0.0364643815632753,-0.03290268163504332,-0.14024689929285833,0.15460673684240617,-0.2508276769772587,0.12551678147165163,0.3030944233241462,0.08592511507143244,0.0995870719424034,0.030526375560205373,0.1108423155594006,0.029040055130238416,-0.10325472822659575,0.22235664258209817,-0.0873540463183808,0.019715127542118436,-0.14107475812912704,-0.10509036390415145,0.06008325344744835,-0.14639024327733777,-0.16311001898044436,0.03571630060903035,0.2622443563253957,-0.18758776400359378,0.0993730182924899,-0.04932940709123797,-0.15713377450097848,0.2654843225376667,-0.003101462281741088,0.06384941349655443,-0.13541936299437815,0.01795947483390565,-0.09532612517191845,-0.09909357868178885,-0.0308486773354867,0.07348703468182209,0.027593751142658968,-0.02262353266644077,0.041901357618032084,0.04847526072666453,0.03737633596645031,-0.050029522027963555,-0.23015340378876256,-0.17395965522122384,-0.06244324205899849,0.017292814087914575,0.06931590530593554,0.16769873869162374,S294
0.06715019866198894,-0.05961917541376773,0.05485229881313571,-0.05410601525917749,-0.02371935467318461,0.00796290671720621,-0.13515468799320424,0.06648790640940484,-0.022190725961154647,0.03854438270902007,0.10089947164895997,-0.01990278675546584,-0.3330302243711017,0.06176971172063551,0.07858110740665836,0.08230889601353295,-0.18266894639474068,0.06073044439455591,-0.16663986098147449,-0.014685317800483402,-0.19452887910273978,0.06840824215439673,0.029555880983760625,0.21425230028622294,0.029279613818473865,-0.0031323960316945875,0.11563589262019322,-0.12322896267146576,-0.043123414970898,0.1530783539775701,-0.10678885030177836,0.0186061323055411,-0.19895939149708655,-0.03647106995243535,0.22714351812418648,0.08148826040677472,-0.07806242436844986,0.19266002372596602,0.25916789216665653,-0.010167414421808565,-0.06150462856927294,-0.07319422282560205,-0.1733736702963129,0.18251184692007616,-0.12711684707450543,0.019576479331367348,-0.13964091223544883,0.05084249241484593,-0.1574216950560558,0.15722138030739058,0.18273373005976284,0.20558992883307087,-0.059924176086706776,-0.11675651304570708,0.12071966251564746,0.15274979863099247,0.04890392146165499,-0.11845483646633063,-0.12714948937267606,-0.1719270111726412,-0.013395309003047412,0.1648113444754703,0.0192010005108314,0.09395286845421612,S295
0.020140506138642926,-0.1371536566825358,0.23042045839490613,-0.010985143022672962,-0.14993162891485962,-0.006162444403061921,-0.11807513561173355,0.08493377874799216,-0.1287621408156404,-0.06335526173961112,0.07644940785611547,0.026633033071680887,-0.3540617237729287,0.11333899418142118,0.005402564785050806,0.13870651327398686,-0.047219648272350014,0.09015775896931058,-0.1575348915913192,0.008992772574087461,-0.16825029203389508,0.1501785574809257,0.18580614788360292,0.17040838217175674,-0.013731979236371053,-0.015562692958221295,0.10251971384523928,-0.073961189147508,-0.07452517341391442,0.09026532320783043,-0.060207785245049245,0.06244464193226522,-0.1159575028526316,-0.09568978119151103,0.08941225490466906,-0.0160804116673161,-0.08814333065863543,0.12126950435973544,0.29562766677618924,-0.09918402593276153,0.02748433449258573,-0.06438844641000627,-0.14929790804824006,0.10942877270798464,-0.02767684666007789,0.01875311465809203,-0.11740309257477166,0.02877930914795426,-0.1955039714768215,0.012754338692587283,0.15302255271911835,0.18819554630840166,-0.052383590246246836,-0.08787316342014216,0.11236339351457757,0.09452052004620524,0.05969548363878959,-0.05743668012898799,-0.25048742442407573,-0.17589857608356343,0.047884246787627247,0.14405671020390184,0.07813131618428393,0.15212398476039632,S296
0.09146600113062067,-0.0495555484424174,0.12265665676927673,-0.05016808690225434,0.06400495090793955,0.026173183455621776,-0.10174869385338801,0.0243239917333602,-0.13180287649652667,0.039874084630571474,0.027667865639664457,0.04446585533174517,-0.25638799985742156,0.09906711463888673,0.010058082320622433,0.02377898866852173,-0.08385595848551503,0.05548124631144504,-0.19016947740826484,0.06696334864100476,-0.20382421015546864,0.0988693483886894,0.10045922686890522,0.19777511004401702,0.049989246646669476,0.07318709505259105,0.10919933509274708,-0.07092044572343188,-0.06458901717328135,0.16825970527621834,-0.0933676093849354,0.07016504161975325,-0.2163474506043447,-0.018586699415473626,0.07962599678008071,-0.04565283201844119,-0.1901229843540723,0.18827084480544196,0.33733783365158015,-0.08081733819210461,0.09389466088009099,-0.09775493471497897,-0.21852556475377252,0.19102559754888468,-0.021930869031918803,-0.02010557090728343,-0.10728043870699899,0.016238538295225386,-0.18934076719711354,0.005978680178601432,0.10295944465335452,0.10381957597655012,-0.05529197545350788,-0.08784685381851841,0.10853145573488722,0.14428592273544738,0.013073609943504497,-0.07588961076330895,-0.23403758196958557,-0.19808920495365312,-0.11606422419160649,0.17531933641621342,0.1054098396437762,0.10954273585941572,S297
0.015153834828393126,-0.10755487982354142,0.12972190549829635,-0.04509293592655483,-0.1290922229676421,-0.07036431237828916,-0.09252994890051555,0.1445284559959967,-0.11103620521543517,-0.10200190388024344,0.0055625566426366485,0.06098905609970733,-0.2261107300513135,-0.005592382149289536,-0.08839886126149335,0.11447440822825197,-0.05830972082901392,-0.08399534115278749,-0.17779824632662458,0.15057185328662126,-0.1610929670711585,0.20634466879488522,0.2212841163326451,0.15345946314237313,0.06310692231119013,0.00783736504918442,0.07744942743856048,0.0013612011287244445,-0.1480526039967579,0.21209627508565287,-0.11342975032107994,-0.021382370091752367,-0.17200090878705926,-0.0621612211568502,0.0873462502117177,-0.09400147904286142,-0.21981225655168185,0.08071864259867584,0.23207319155763842,-0.2566976910505091,0.06253417874234551,-0.08283125957312187,-0.1293841692832236,0.24183365201228207,-0.04163466297237903,0.0651000868308579,-0.038175244157438906,0.027122089842041362,-0.13498336414497217,-0.14850366855673233,0.047736218398943875,0.10572160035177347,0.029239183276335838,-0.02586725011615919,0.05236030692966717,0.11013682181682495,0.011739079059349058,-0.053684454396869724,-0.2106194794144106,-0.1838949266858524,-0.09196361780745563,0.0479835814987394,0.11368826031094592,0.12790410437890037,S298
0.0428323981276682,-0.09225454658957526,0.12581023780368186,-0.0027237500237317796,-0.11585149077316045,-0.07944376782836617,-0.09014667026593676,0.1457308307734762,-0.15368039722585183,-0.08501896752122565,0.10579151543320917,0.05596117977279873,-0.2184502256665608,-0.00475641087848802,-0.06794590587318708,0.1360198679993179,0.012851248298319266,-0.028347760984400717,-0.18652324729447933,0.12784888619671828,-0.1586252833227149,0.13559546166086905,0.278683038706163,0.10076881410088825,0.10825168749668983,0.01652622565172462,0.11164355151648706,0.04777383683758353,-0.13116446709281718,0.23354178446816704,-0.11287287582800162,0.02286339053466755,-0.1833146150614082,-0.07568664392108009,0.04827991876948864,-0.1332869030848024,-0.20572569715581565,0.1068315011892307,0.26161866191519617,-0.20912297694951193,0.08472726417297784,-0.1154431095541368,-0.12854241362915553,0.23527439258883615,-0.002233652022537746,0.0800386808088251,-0.04210380880266833,0.012354239264526752,-0.08619505704611431,-0.12728867741736077,0.010610806641497187,0.1258670310783914,0.013708979957609155,-0.020669848189951618,0.07181469942883346,0.09144794855055413,-0.030524204051394315,-0.024914465454244982,-0.1798209265797452,-0.2008007111692082,-0.03881192225609961,0.05596476806850404,0.09530884146055889,0.1770605749642969,S299
0.04640606394934233,-0.11501892853441195,0.14676480610800738,0.0267366169809348,-0.0929443313054906,-0.05151169208605077,-0.13372874763165116,0.0999825777004308,-0.12517113350764283,-0.07312593422083725,0.005853835111955316,0.029405088333680798,-0.23076003604540746,0.02601616050132308,-0.03653840049273285,0.11302220548582693,-0.01702159292182407,0.03159537596149615,-0.14578718783355749,0.1136970263814958,-0.23957341409797603,0.11842607260009844,0.23673046623359667,0.14291906643324148,0.02937662560481974,0.05063461541149754,0.13043692291957684,-0.031264980088073366,-0.15960166293972392,0.21176810527599685,-0.1061637648659174,0.032245658468235176,-0.1964477758719296,-0.08341660504179954,0.07275844521929674,-0.058024863535340594,-0.20219557291949777,0.11856623977323377,0.26048740339946735,-0.1504753050704042,0.13172911593548653,-0.09831434562710552,-0.18115793080993473,0.19168615529759617,-0.059783574742804046,0.05255569896577873,-0.07361133473578693,0.02783244425645173,-0.16666299828555015,-0.1336300219007642,0.05298310078742084,0.11549677840001803,0.002736262710048244,-0.0348381103241938,0.07539223700255457,0.1280860380994015,0.03063835653594558,-0.051987852026327504,-0.21067835152588477,-0.19257323418037045,-0.04416583368086615,0.09867394197706782,0.12899232610770797,0.15018832393783926,S300
0.0593808865155687,-0.11903337024178091,0.20189784766441699,0.0007372952661746912,-0.11360796381823743,-0.00599425855348134,-0.10011641923273518,0.07163136639580613,-0.12645308570115565,-0.029326474450243344,0.06317168256481556,0.05087199268460929,-0.218220583820797,0.061873571720524295,-0.018768330861756465,0.12274082058085238,-0.0346237532024063,0.053107007741024365,-0.2068328185975246,0.07455044708837631,-0.24254558388308686,0.05202982326085874,0.23985726386312028,0.11749712245187331,0.050933867687926924,-0.001375364548108762,0.14631492818344002,-0.01265503200158511,-0.07303291460065481,0.14731699525151706,-0.06686106975566662,0.033744278621840464,-0.2009997569047339,-0.08774451630054494,0.02808727141705578,-0.044723066393282,-0.18250548833061456,0.126242596508766,0.3057264318110736,-0.13230677040897934,0.11304427637938382,-0.06623811484604693,-0.15651894675184466,0.15479666229333472,-0.029776469894915395,0.06353901857761339,-0.14448373563758168,0.008225038400710486,-0.1958633126453192,-0.06698703676079246,0.03053430530273755,0.10759844139535343,-0.02681725790056902,-0.0719244846873274,0.07582098005308022,0.10786404572270901,0.06372783990031816,-0.021739915365148244,-0.2539560872885318,-0.2328110506297894,-0.0012283384947744814,0.12298281032643507,0.09978232736417438,0.1809843186220611,S301
-0.0032052721665893594,-0.09456068913052362,0.24820418829306984,0.0012362423246244356,-0.13921447176753393,0.026087442491705266,-0.06853969230799847,0.09572938263644036,-0.09706350741321908,-0.07158893624017422,-0.012574013499345551,0.03510623468384492,-0.22230874743318202,0.04231638262783339,0.015741795911793244,0.18673597364685712,-0.06942894292920303,0.09668790855681078,-0.1396942177956516,0.09665169308388563,-0.13105095784853502,0.15810612783823513,0.1923636717358573,0.13906481927165082,0.03199389081532194,-0.04328780028826287,0.17699262125579687,-0.06593375310217235,-0.156891853731863,0.11064366530853538,-0.04606911102492932,0.033511213148380674,-0.19562494133214053,-0.11121457091289469,0.039116016958405705,0.020845793664823274,-0.14933382972354237,0.13120449817478516,0.24618116207075,-0.08313116483420877,0.10777830725028792,-0.06620463398687063,-0.14936851855016522,0.1382618141477427,-0.07669495183077897,0.14780169366825818,-0.05759461203791153,0.02141759121187869,-0.17356313895714717,-0.15935833469153887,0.1723775483631573,0.18169750470873616,-0.026539319507632574,-0.05771183724493648,0.11877449307491861,0.0873288031295734,0.05390331937564202,0.010102627125620288,-0.20371221283431531,-0.20683782969830578,-0.06205289580998811,0.1653790784043381,0.12946053953888487,0.12953263526158457,S302
-0.006935174103996762,-0.05809270195081757,0.16329100368486393,0.02355691188420923,-0.09474779657332315,-0.002367767689686121,-0.04847013886815559,0.09556544037208675,-0.13372947390068432,-0.08499112815369247,-0.0110772705289016,0.02473540044995601,-0.19876968945730508,0.02430709666753719,0.04554685179497623,0.13634498257053798,-0.06967624554040408,0.09481811492674332,-0.15568820072717945,0.10858646218876021,-0.14367496597445698,0.12202860474481918,0.17750986529039428,0.15717645416086615,0.06755769837835623,-0.027185495278871572,0.1906358775087987,-0.05983524345710675,-0.16846313948093194,0.15204505661195386,-0.07951886542130199,0.024842064491496677,-0.19664976467337292,-0.08167575069981572,0.0618886802294586,0.029095946718643812,-0.16343525712353857,0.15845185877858944,0.219620442332443,-0.14784675744298922,0.14407093657547168,-0.12533644783768502,-0.18945637836170856,0.17786493608135664,-0.07042449482191084,0.1628324469788806,-0.06062742591916778,0.03065528999569222,-0.1352040552097418,-0.1454854278721061,0.16237007077420573,0.16582298704769388,-0.031136067563760257,-0.07750967140136418,0.14130316680254615,0.10680152234943936,-0.013012123387712517,0.035949750591174286,-0.20458152378568228,-0.2168045604299332,-0.060635111542085604,0.14040120885778148,0.11337615204163759,0.14077590195054057,S303
0.04934079492339164,-0.11338439541422969,0.15888511603370964,-0.031584442569658755,-0.09621631657260088,-0.057610927145473514,-0.12803332380327415,0.1127737879353986,-0.10196428814957906,-0.08811658199210438,0.07396200237457932,0.04338203709972687,-0.2840595785959919,0.029707737147170635,-0.04850996766833026,0.11362098036303502,-0.02269470921940086,-0.023108841220673797,-0.2014055825969866,0.08599750909691602,-0.19895819126747225,0.15641397877633653,0.21443719205543588,0.14775916263156286,0.06068180141015144,-0.008791150224063656,0.10294047788924177,-0.020778109921269095,-0.147549310994533,0.2361924828044696,-0.13342026126344952,0.0230673469413938,-0.19433603983880898,-0.05986246751869986,0.0992483217195795,-0.09887726539405381,-0.16148072363849686,0.12767004140990082,0.25426242466567966,-0.15535632756838372,0.03212966701605237,-0.08792044810052767,-0.1307908453354949,0.25418350961498315,-0.06160134001085074,0.06968401158413662,-0.06199045260393721,0.010928242458598504,-0.12133497042080556,-0.10492754110763595,0.05747301004053047,0.13708272551970443,0.027813646681721284,-0.049730846470630585,0.06682551202241814,0.10012085450502846,-0.024763023198039368,-0.08420160966691581,-0.17473325450924534,-0.19812675686912445,-0.0652682182748271,0.08061410316875511,0.13327824892816334,0.12993872136207618,S304
0.005946830282057498,-0.09862282304226015,0.20399377840414418,0.002223675682506897,-0.14411374778155464,0.01507421564334137,-0.07203400006378162,0.07647476123459852,-0.10910633162832012,-0.07980503457845033,-0.0523706766775565,0.04235512228144972,-0.17598688329152518,0.027595567816649746,-0.010339743174482255,0.18494707390855697,-0.041687503091905734,0.07302004648938956,-0.1424920234719438,0.11435124390338845,-0.1704496785612114,0.1507689925062787,0.23054366233140175,0.1365202751019928,0.02723292991596402,-0.023769534649336482,0.16520015911172994,-0.030613271393095214,-0.1635037266047632,0.13777904934382443,-0.05362841794980444,0.015129185233554832,-0.17835388052302395,-0.1250340597975777,0.03923492113284337,-0.007541042156767058,-0.17965863762808107,0.09164534383523595,0.2273090291808316,-0.11361016735269049,0.1571303031887324,-0.08987864609242979,-0.1684350719119879,0.1727804654937736,-0.05200752175012227,0.17296084333620337,-0.03620755988694171,0.037454836516118334,-0.17834903868133364,-0.19281372693823673,0.11159992941690619,0.133029094254257,-0.002769567048188978,-0.04258708302630217,0.08816840452722893,0.10578671423827572,0.04984047621334025,0.029120276988680263,-0.22384271710292414,-0.2077610742978512,-0.0528463510415505,0.1327956767296347,0.15111508934470458,0.12377237253816324,S305
0.045175356963815,-0.1025849660784673,0.13890755936089988,-0.020113583013693575,-0.13837236657770097,-0.03462206534091127,-0.0744295669400771,0.08579365086150824,-0.08889537661700041,-0.05411057901263382,0.017495268731581172,0.04143075277854093,-0.2133088367446769,0.01983007021808029,-0.012542347849957496,0.1342676530391122,-0.052991045010764994,0.002187036435140246,-0.2155080669166466,0.13897523128885025,-0.1622068530217841,0.13773782214523872,0.22619120973098492,0.10703438801258254,0.07122525679991046,-0.01423695426706757,0.17414946955249713,-0.026923387658624055,-0.09306901120598816,0.20053711233860064,-0.09888089675808864,0.021189569273835224,-0.2120452796301885,-0.10466942084323641,0.07689047985071436,-0.04353048418599994,-0.2142914634518563,0.14622966163940976,0.24266993707661014,-0.18378035671891707,0.03984660331183833,-0.09153887474940349,-0.13318034379068935,0.23927622012724142,-0.04615080596694568,0.13258091755915316,-0.0742380087739589,0.03916312378815685,-0.12485204650812384,-0.13830602791560637,0.07966165936037252,0.13359692205588533,0.030172370890729442,-0.051504916098912557,0.0689223250359655,0.14065351171355592,0.007575829936620086,-0.04634352422635945,-0.16798617127534315,-0.23430842431983975,-0.0652148394932619,0.10935447308862428,0.11429004088541694,0.14666904873937572,S306
0.03694048697759038,-0.08837061711235214,0.12372520856883203,0.0004208938368274678,-0.10245634483296524,-0.04620953050152197,-0.07555017385875766,0.1427574322198909,-0.07922043487841622,-0.07815737146591355,0.03166506997015188,0.05707347890363688,-0.21207715975715305,-0.021289190035594322,-0.034488500834438184,0.1225255990733955,-0.05117929775385896,-0.031926170835413326,-0.18134776415912024,0.16293657694349706,-0.16256486399947437,0.1698547483807832,0.24017646541313523,0.10709179614469967,0.10871706504841101,0.0037692059457182197,0.13496590968188063,-0.023928292049524368,-0.15611389339758866,0.25141677993772854,-0.13297233817415563,0.003940003114222481,-0.21018753004845467,-0.09363544148752793,0.08103008692861527,-0.09025425850072524,-0.19723299381114007,0.10057189171742874,0.23567020903111283,-0.20893153456358524,0.05053907795226007,-0.10463200764747413,-0.15963488512185708,0.2542865628663767,-0.05622559268851012,0.10900131072557798,-0.04106983753358868,0.009894323202031537,-0.10222419520789457,-0.1434736269691869,0.04359880255990646,0.1205042170871993,0.02097103913921356,-0.03807605147130722,0.07645201739736275,0.11184416765973422,-0.00829604544816951,-0.040581522561595085,-0.16847432353764935,-0.2142754461407066,-0.06458191607280694,0.047646348935547256,0.11869649526446945,0.12671721969058006,S307
-0.04742823155393864,-0.035400719593249225,0.28371901526931015,0.014827213430582716,-0.14096074415811627,0.06191562183754476,-0.07588067257037097,0.0772551372377627,-0.0804777682139345,-0.07042404217737856,-0.015180677087241896,-0.005262006133223033,-0.1981118544894873,-0.01436977374372263,0.021517528177221034,0.170034742917137,-0.06786563882534882,0.02247714120383604,-0.11111268156631095,0.07957012992447955,-0.0721607415296266,0.14203278882429562,0.1679536614776507,0.13622468375595162,0.011903348041192969,-0.07323872387406406,0.22598194725097587,-0.061898363224535145,-0.1729079272201519,0.09588823713507667,-0.012076825690159476,0.06717666653947629,-0.14343916824134695,-0.09758336244233858,-0.033417930683425634,0.025956750732797434,-0.19560253887095977,0.13138853044376841,0.2469977681712556,-0.07408618220101902,0.1712322007131437,-0.04410603932732941,-0.1265209170836469,0.11108597502111099,-0.14682404101894508,0.15104996836242698,-0.06344896763249637,-0.010963856785148753,-0.14954981199943368,-0.24604556206767386,0.152916782861349,0.19609256858560162,-0.04804945490920625,-0.021759015437993943,0.12940187521442173,0.041483347438604774,0.08211346037511075,0.06882382867351301,-0.16311176396577237,-0.16610438740925343,-0.11873731513367985,0.16845292179982213,0.15848127782429236,0.06316640980456713,S308
0.024696829187159236,-0.0952117978824837,0.162733756308578,-0.014072865015829194,-0.11555088790231766,-0.008877823878374538,-0.10987774160766589,0.08308237325205392,-0.1877344550878701,-0.10086866024136604,0.032469319062922684,0.052174421870072374,-0.2412270843519766,0.030115327379893628,-0.022007112845476854,0.11811235354651854,0.015162230559872713,0.032784606002650304,-0.15446870569826981,0.07881685208202295,-0.23596769345416355,0.10993622956311076,0.2468825698859584,0.18065374221075844,0.026029709523417873,0.03946756500697066,0.10316031265362623,-0.024676584982599493,-0.16125028059921825,0.17453219060660918,-0.083238762130881,-0.005888861691176514,-0.13662641608507625,-0.07157755228475632,0.04124090897492126,-0.03434495841074082,-0.17903811949785828,0.09165919285185016,0.2603998578672218,-0.19261179116910732,0.175499911502411,-0.08658770277727398,-0.18217791231091618,0.17106555311345248,-0.05155729208951369,0.044886776004722774,-0.06712642156662878,0.013150052462313792,-0.19321381653003197,-0.13188429830261159,0.05505529571373412,0.09807087994871476,0.008106638774579214,-0.04656050885930594,0.0900285486540445,0.09266944191744209,0.02414409849415055,-0.00340825090237931,-0.26189469997081316,-0.18832297672362258,-0.014285211527802575,0.10586993820861336,0.12754177684484283,0.13651729674903573,S309
0.0020930828222108042,-0.07175612864265904,0.17055490068288437,-0.029199009211866533,-0.1550587879162631,-0.029787617034690198,-0.06090113704732142,0.09917603995101353,-0.0944925158251181,-0.08472781072874792,-0.06755327143556816,0.04438298926872046,-0.16523476416202257,-0.013331347778367681,-0.014047090203211933,0.1699887529938312,-0.05451135718603891,0.0031111478083732393,-0.1477889605501852,0.15660604639431008,-0.1300688852871904,0.12926070587400468,0.2255887163019903,0.13608025458142853,0.06636570521059536,-0.008145572564086087,0.14774840709422002,-0.013387641486883619,-0.18101168632985387,0.1730397324699121,-0.08141850204133937,-0.010975630185698863,-0.18350836802599998,-0.11033127857123362,0.04039360551020506,-0.007913645867436349,-0.17983692999703166,0.09796734108997956,0.2056191465715618,-0.17952003097964422,0.13416508680752218,-0.11048781543163476,-0.16347888527214818,0.21376058811888787,-0.060200242649127184,0.17712240207810548,-0.02300535588951958,0.04149182772435064,-0.14336166570661543,-0.22001070860800562,0.12228593479452088,0.16530691791769644,0.02805234064908423,-0.01995663895955619,0.09685806145411842,0.12574581554657793,0.0142476784137069,0.014608947510732414,-0.16847921247133382,-0.23328993705918194,-0.07034339625653516,0.11619689143563508,0.11316404376779957,0.15465053927697214,S310
-0.016351620955119057,-0.06201539265008002,0.21548241569666435,-0.021570669458046823,-0.15300475483439815,0.013694299395583955,-0.02624224479085363,0.09497562622651459,-0.10133162435385475,-0.08415568487995834,-0.0912666120572456,0.018194469227317482,-0.20317424203095094,0.05250357542721408,0.03537198667122349,0.18568685411554053,-0.07260131019907301,0.09552845093822454,-0.10720874545683731,0.12770488891643528,-0.12345777016393664,0.13183640970719654,0.19549907724340104,0.134417236594797,0.053235372304434425,-0.023729672426643547,0.16099966840261637,-0.06968987961546155,-0.19789295535420517,0.1195645803239296,-0.03239034347153978,0.010834009681239128,-0.18568536182225334,-0.09941588796591848,0.055013220684169466,-0.0009222605686557808,-0.1629425111702206,0.15052647864516813,0.1981924567732978,-0.11573699445150325,0.12011968034909658,-0.1136068385099049,-0.18507787807309053,0.1767476366594722,-0.07906364289925932,0.19089171281805292,-0.021130860476739,0.01875280219310179,-0.1532876550329262,-0.15114393180279279,0.18805476241888974,0.18241907994574205,-0.02073100938342441,-0.05462865420963731,0.1463400954703033,0.09702078814843641,0.03087242904847297,0.04757076146562804,-0.19912892124106982,-0.22179089144060515,-0.08989943606618951,0.10346448616155184,0.09670711590795,0.1123865661041561,S311
-0.020702727130256563,-0.06348918411272647,0.1994133695775004,-0.01950307757903299,-0.09960544143984436,0.01916841494963962,-0.025023084236750277,0.07209687413889,-0.09260916631144736,-0.07539936061602881,-0.048763317387902565,0.014691624401629407,-0.22992862665249425,0.07710325462642247,0.060765967580250956,0.1431422563252945,-0.08510540993053202,0.1177920390171354,-0.15813125135333136,0.0961375232573758,-0.15840064985894056,0.1140926971609355,0.18233323574615595,0.15568723102616888,0.06130393044465738,-0.026163029377428287,0.15739764418134192,-0.07620569909860171,-0.15984735384533796,0.10522621390012966,-0.024763001816821742,0.02283068716968883,-0.1863204363517964,-0.07207049872043989,0.08875205572800328,-0.012393090559391952,-0.16293366450534552,0.19107241779029396,0.2387991949547706,-0.11042756888294868,0.11974020082660712,-0.11592715087567021,-0.2014629707983419,0.17354954074282533,-0.05934339473434207,0.14382146226457956,-0.05672472803714052,-0.0007865657320551267,-0.14562212381337222,-0.11066562234251895,0.18771767564923206,0.1727558348659268,-0.04123770126236676,-0.08500192691370907,0.16017415282413555,0.10199664205062363,0.018809849512532423,0.03416773918835239,-0.2271355326979393,-0.22067989100540514,-0.09704161474307825,0.11360195416517146,0.09108703278274574,0.123675900730848,S312
0.033782918045361245,-0.1846280458846522,0.18985702513204283,-0.052355107857452544,-0.16585603835715476,-0.014049343878484133,-0.1724533965641943,0.05755169112976094,-0.12990453958103607,-0.06543272149402479,0.06038338393494217,0.041144889971734946,-0.22775102097111494,0.06784928610709791,-0.08437344146405078,0.10842799617338189,-0.032554566728386074,-0.002998638253634942,-0.15480046957014074,0.07260741426460153,-0.2207766850631696,0.13511785050562253,0.17824630538695432,0.17589612578218047,-0.049032425323385025,-0.013287875094326222,0.06748608456606892,-0.02237539882586327,-0.07877123795579134,0.13804848251628488,-0.08057343373853154,0.023846055910800003,-0.14535628992419883,-0.04622151163159687,0.003945012862081816,-0.014531589127034157,-0.21118679695091694,0.08508850944980478,0.29178083424133233,-0.14755240292601646,0.09923317509971816,-0.038009476840046914,-0.12841997574880523,0.16341923757091031,-0.052847020367973147,0.011409224983787146,-0.09844334500404185,0.006690936826080783,-0.2504385313133752,-0.08805806626462113,0.0938645550952008,0.11184868212674011,-0.038952800254493776,-0.08679420600692231,0.04991710360790236,0.15199380403338014,0.07372547935894821,-0.04907186380750951,-0.25170503528898036,-0.20365201614680858,0.028779004859253957,0.16647544103445297,0.13476117996109202,0.1190800953529279,S313
0.07264668360384866,-0.06825833070529433,0.0868938955830736,-0.0429673032331427,-0.014275026727001466,0.03281347940744191,-0.15881479297491646,0.05426546562926493,-0.12274323270719865,-0.019571002642235193,0.07132500560969732,0.009472880383750201,-0.32384139995928507,0.11692722917063636,0.026125770204042442,0.09753322142774445,-0.12981516959371658,0.0874544968204437,-0.16506349948564417,0.0068890190069047065,-0.2407569416451408,0.09281032988943748,0.04799818865348057,0.22465766647893043,0.011192911014889308,0.04779457856274479,0.09967859662550028,-0.10845840095810216,-0.08658112968338481,0.14729741751910916,-0.10299402032130807,0.05357784900655707,-0.193502745488427,-0.006004717725037493,0.20113705319002992,-0.030293731780427793,-0.13147010149563557,0.1646255674939598,0.2742072539070522,-0.01242780053136816,0.017383973845493974,-0.0453670362540427,-0.18350897862936963,0.14395415177565257,-0.07620371881247677,-0.0160736083723794,-0.1267136207405861,-0.015596266285205591,-0.19643612276090486,0.13108065516894982,0.15557085071844629,0.16467281265276687,-0.08240820717422563,-0.11153851558958301,0.12629072497250501,0.12617002623159432,0.09433476130433514,-0.11091697612351419,-0.21451087946828368,-0.12281685172652791,-0.040638147479813244,0.14963107502136253,0.05628125761570494,0.1223220677510137,S314
0.043114182845386415,-0.1079681088691356,0.19032330159066907,-0.02261575539128076,-0.0884790889483632,-0.03535831146314292,-0.1634598337807475,0.09187144617363326,-0.08346412883957063,-0.09057790372905378,0.1107517263076082,0.051713993227976894,-0.3125858376858234,0.06463670440829103,0.005986823151968026,0.14916583022161317,-0.05672914941849371,-0.016508330029291824,-0.18743407323189987,0.012126792105400803,-0.2224506305444759,0.1212480391275916,0.1781905325232344,0.1806212767280971,0.009736052374433425,0.027498425515693814,0.08628875560288002,-0.05795123935684213,-0.13731637751928003,0.20491959690282208,-0.11603414677680456,0.029296379233841336,-0.1637308969391498,-0.054859663892365025,0.11875917434426231,-0.027626856872457167,-0.10441039826136586,0.1509329572855206,0.28341388669985906,-0.08744262919819208,0.04413972882800536,-0.06707680024486341,-0.14390562184669195,0.19145435909481537,-0.03740655671282128,0.013567035183188912,-0.10371210561548262,0.04058779475524362,-0.1610359220191259,-0.022263594787095387,0.0887455531484283,0.1647178441528668,-0.0035606083806204803,-0.05470173445725518,0.10954144526889364,0.08058176225482684,-0.007435194659130344,-0.07266904015853874,-0.254700020643236,-0.19189942278544195,-0.023624634970497216,0.11382488584171874,0.11783541758938501,0.15720531344945152,S315
0.10184433876275603,-0.029577505967394592,0.10653173558222065,-0.0544604075682928,0.006812352749914349,0.006024422704659554,-0.16694330230966495,0.059646567951556206,-0.08025840689850003,-0.00826789049866121,0.11574988767186836,-0.01891776264795668,-0.3327411163099609,0.10910565792510146,0.04658414548984359,0.046272043920597715,-0.14077410585222117,-0.00908274752069251,-0.19135571740897978,-0.017587572286250696,-0.15122975716497308,0.07762088489440887,0.019292400720222848,0.22877416994718855,0.030951684021912628,0.06572688419338721,0.11590185056142864,-0.12460546736190549,-0.034617764390112285,0.21017985122263,-0.14925453252831397,0.09676686543947283,-0.22960994265648602,0.005085751119863464,0.17662382838750257,0.0009898199125806043,-0.0994140027793348,0.20276455467960147,0.2685405154333013,-0.007963786890104442,-0.026035197613812587,-0.06705333031814259,-0.1659418842085578,0.1471955638647172,-0.09942862897766758,-0.0697408382128185,-0.10761467211487469,-0.0121816910890645,-0.16273287622031393,0.14466389565039575,0.1537219821558933,0.16810742507102447,-0.05619917415000982,-0.10160421720324513,0.09285402218238116,0.13150594441595986,0.008126813934395434,-0.12650923347637733,-0.16391275488786247,-0.10342891576854404,-0.056284483730567124,0.19837626697080396,0.06390196415952742,0.12776168291832005,S316
0.00038100384121146196,-0.03350857761247869,0.15595498883928516,-0.0045490646694609305,-0.09050127545458618,0.009683041067598113,-0.03957932539626616,0.098286399807943,-0.11916757771049814,-0.07607353126052464,-0.003574540758026556,0.019141731131113508,-0.1956720352283701,0.044202078553882265,0.06181473451322242,0.12340823600433935,-0.08906522459729055,0.0854277938716483,-0.1762959636211749,0.11105002225256264,-0.16704721460468663,0.09422243185906239,0.18809304961080034,0.14533445626776378,0.08231176727550604,-0.02174153812396215,0.17771083497584853,-0.06641564173345954,-0.141686946597597,0.15429798313810195,-0.08393312766446373,0.027104147735517062,-0.20312294499145692,-0.08354229323277042,0.10027315514920358,0.01912220876813,-0.16227525163961606,0.19350110204734094,0.23122151912406497,-0.14547955467707022,0.10592863924806811,-0.12250585623103011,-0.18428118216334494,0.1730112330519971,-0.062277588906019705,0.1678666549728779,-0.08644536762468207,0.029525842041365546,-0.11645793641337988,-0.11289600260543974,0.1677868514442431,0.17962079469213152,-0.025787506369579574,-0.09476851522260804,0.15215016098174758,0.095203219931854,0.0037844639105482024,0.04437391460759721,-0.2149457643641645,-0.20454036278845575,-0.07428562508431688,0.1075244658047898,0.07148915422508849,0.13016102092653212,S317
0.06640325604658871,-0.06497483519841804,0.13416630944445657,0.009737866605047874,-0.08582760938230731,-0.008230229091288456,-0.08033596004051159,0.08103569145490888,-0.12237606230951953,-0.050012286385722776,0.04752402163634553,0.021023707854956185,-0.2197855610511997,0.03311753320270752,0.004373345579094849,0.09328563942883854,-0.027266926726601935,0.06749599905708507,-0.1946124006318303,0.12407522996822942,-0.23047226996920991,0.06389800496135357,0.23810236520643838,0.11680086305319175,0.08668324026056258,0.0025512122318084524,0.183682943649672,-0.03998400001993296,-0.09559079407761843,0.21019078211785136,-0.09480827323387847,0.0426485169617989,-0.23919508492572086,-0.07015816358643086,0.065338038375036,-0.07545157328894357,-0.21603160790943582,0.16154570673069438,0.2678170234718013,-0.170013993685806,0.10986606306675475,-0.10161727575355424,-0.18251495106299415,0.20485243662379637,-0.049832083353510206,0.09542661810827877,-0.1325427060641325,-0.001036130738020545,-0.13332184643204104,-0.0843176546636754,0.02359853304356898,0.09391872547448785,-0.0076202203045428974,-0.06762703163022583,0.07357168964967756,0.12752379468243175,0.008151034091944401,-0.02694994035824479,-0.18251318526404997,-0.23842532170852668,-0.060783220121788314,0.08857787048763897,0.09509363609310362,0.16410225644188847,S318
0.06540933871464998,-0.10384121203666574,0.10331340767409466,-0.08155019987846275,-0.05156887961230147,0.02577140414440984,-0.1583472590685608,0.07189338406376775,-0.12889181543467862,-0.01855329111412859,0.07218677642278254,0.006764293099595195,-0.3554820538753923,0.15866355592160497,0.015162937785057841,0.10681489711196888,-0.14413264990652558,0.097374192969434,-0.14460927166458473,-0.015821554211796485,-0.17455094075763924,0.08441747041893077,0.05205975182984563,0.18861180769481367,0.011703355456222874,-0.034024819199855054,0.09480118199356279,-0.12567003638563584,-0.05125979836842229,0.11659807100548744,-0.0690463137339277,0.04797289971634392,-0.13888852122757978,-0.02636363019519721,0.2034490737412939,-0.04550462893505976,-0.1073680726988047,0.14267672095425427,0.24761582617967068,0.010177907525494556,-0.036333372338471025,-0.05504933112332458,-0.14867971841102956,0.1221386966175876,-0.0936149141120382,0.0044644458749513866,-0.13491228861300764,0.007178570530920798,-0.1792073547115614,0.1728223362668552,0.17809664238941478,0.20433436722205195,-0.1092341167140481,-0.12446243786807147,0.07607546659981314,0.13359812756771638,0.12771590596340465,-0.16159633161116777,-0.1843460338130165,-0.16857519638308613,-0.02235853732836048,0.15403709004961938,0.01696707817564795,0.17076870880338302,S319
0.07555033277049096,-0.05714828366808813,0.09584453179769994,-0.06458557814869019,0.0006848991614026116,0.01116563151593087,-0.17232786688512078,0.06614987059806107,-0.07031234710751184,-0.005271728525638171,0.09842834003892811,0.004438918912948018,-0.33543941015994294,0.10557780121335142,0.024413522987608065,0.053956869884186326,-0.14864178466021272,0.004660203098534712,-0.19136381192123406,-0.022559419834193774,-0.15275241079745114,0.06720162915764528,0.024848085215756363,0.24419405868991773,0.03650331062428244,0.023827079147770082,0.07441908390770786,-0.1197403316580338,-0.04390116079050511,0.1918848265295333,-0.13372118151431628,0.04629145296706338,-0.19770804941053524,0.014003573839803581,0.19054076819929663,-0.032330684745265174,-0.09833807905411618,0.21125901351643428,0.2762661134316573,-0.01864837178161877,-0.07355454537799097,-0.09256655053545366,-0.15833207444684694,0.14874080238100482,-0.11000741626478576,-0.04931694425071063,-0.10778600313922097,-0.011153163817832993,-0.1547024998434275,0.16796084670403666,0.1565459795972765,0.19155372775806595,-0.09451240113138523,-0.09855315666510721,0.10763566798903412,0.12935675513374278,0.021340549062701424,-0.14963211678702712,-0.14378289207870415,-0.13748556119420777,-0.07192497807048719,0.16011616353312122,0.04741911523923612,0.14553964616237974,S320
0.04261228323099842,-0.06723325156370559,0.17126548346856757,-0.017571002616253703,-0.09642270647211491,-0.03267757231634688,-0.10243689770548571,0.09296163690013508,-0.04580075453664553,-0.10449248051237471,0.044407554533692536,0.05734476222628121,-0.2814860737974402,0.04935161357467212,0.01886416095794291,0.13247730601596985,-0.01208227375790289,-0.049417877511373096,-0.21258847365453076,0.08946768431295735,-0.16356211791716935,0.15531624050476647,0.23760503289509263,0.17244608889416502,0.05260367827807214,-0.006871047216849668,0.12716402172797023,-0.07954117526319261,-0.13005653719978189,0.25894394962797057,-0.1255545254643248,0.03077853646998405,-0.15495716852398136,-0.10168210164321657,0.10369824820519892,-0.05607636113412021,-0.13228342912814828,0.11088640792532001,0.2542180822617516,-0.1356056937284616,0.02992658181964087,-0.0848772235448027,-0.1532093505186966,0.23732097191242874,-0.03553384553609921,0.042120674679757955,-0.0440156941181648,0.04321097533889708,-0.14004981733317207,-0.12333708940722682,0.0861289502114044,0.12515305643552885,0.0028889181531145413,-0.03736874822383492,0.11940959577628103,0.07253806329103242,0.00400260464517977,-0.05699962999133889,-0.22722671464097247,-0.1889419759064511,-0.09116880457734322,0.11056546165221301,0.12946580561353932,0.11291412754749879,S321
-0.023214952222138766,-0.09689677626861518,0.2306572617831605,0.0009644393008779497,-0.12864917789059363,0.011472767859512612,-0.0877038520091486,0.11475536643090511,-0.1142777178164453,-0.10389987367495981,-0.04193653274435818,0.018122582521038735,-0.19224301477562034,0.02861109188231889,-0.003378325998767841,0.1590165875686232,-0.07180126171209489,0.06707208110455387,-0.11188398668435896,0.09787729083976066,-0.14851190110572562,0.16552848574940654,0.19508348220751717,0.1309739063665065,0.02735363016305256,-0.037607756255613634,0.18121777728378738,-0.05806572921159051,-0.19666531902624468,0.13386024773834151,-0.05665623220321129,0.03377800917327137,-0.17924933124427408,-0.08789092486590482,0.026894620477266182,0.0001677947738634436,-0.16494404042314587,0.10368321664435551,0.21144914352792996,-0.11430323631947241,0.12640461506178788,-0.08353731290249786,-0.16944630232492866,0.1486495001759838,-0.06439656908515065,0.17402645654309223,-0.015820670225780695,0.009925981608174863,-0.17917582688410436,-0.1905636256900562,0.1585645202893005,0.1712170135486612,-0.04039410411648909,-0.05687852733234699,0.11736312972804828,0.06725328240899181,0.0430750402802573,0.018293977141461838,-0.19300454373651077,-0.2139949857809853,-0.07893486953508251,0.11813187679836566,0.15938914514639796,0.11165778350633256,S322
0.07188883751261944,-0.05795147521068418,0.09901385404889781,-0.03930440262973493,-0.056030021698005715,0.01703213369215333,-0.07023309288277296,-0.023803668599940517,-0.04804287588303467,0.043234683084231486,0.060409571920581176,-0.0037478613702532373,-0.29118518019799255,0.03756524321447853,0.08529108702365344,0.10112511178414951,-0.15903942169962212,0.08308629220785599,-0.22535362703142015,0.021133468162866705,-0.24033649153949224,0.1140812893340283,0.024315516922483807,0.20635984373740893,0.037582171560533374,0.0422050913183769,0.14651745764511614,-0.075941531369712,-0.02783695183996131,0.08865515807529126,-0.11287416988957105,0.05839358634493352,-0.21432615113826062,-0.06436055379490965,0.14459185282343287,0.07161855105568544,-0.16249082524585098,0.14154407102004946,0.3045260147873259,-0.05360451107183531,-0.011565847619908627,-0.010836665226486915,-0.21004346461053192,0.11876371591782184,-0.07373642599714007,0.03930058862140922,-0.17806038062164276,0.03238510382640559,-0.19505910353536893,0.0913984004832021,0.1858000689044424,0.15525366585340344,-0.036544676697861926,-0.11689662457704691,0.1235162988596853,0.14043258832557495,0.07505907692791121,-0.06625412214740335,-0.2561605266327878,-0.15721148780208252,-0.005733589765082998,0.13754864077565365,0.049815363116035086,0.11106729490691923,S323
-0.04294908252058569,-0.08376504837233838,0.20176181083608663,-0.03624943506064046,-0.139992795157036,0.020414224041280002,-0.10211149454833354,0.10537733556930551,-0.13632593556184552,-0.10863744926407833,-0.05823868139837243,-0.0025106939834152217,-0.17542764359847318,0.03490161116363888,0.0055158321262506645,0.13621091618911166,-0.07785735640501727,0.028140128969630803,-0.10681806339956744,0.10232931731154184,-0.13299481321664525,0.14139562784772927,0.1827356348283494,0.17898018929824366,0.00040184931306891657,-0.002884558459284726,0.14030046189310494,-0.061725741885006256,-0.18674872002264487,0.11766123181395449,-0.05071921670111004,0.021444197601945124,-0.15205463631685343,-0.0840088328091359,0.03437799896064103,0.04848706479080476,-0.19705974868889023,0.12592787940941666,0.19756533027993442,-0.151589830338467,0.17795542629215658,-0.09916050734745308,-0.16912827019287577,0.17246149812486197,-0.09510441677669221,0.14426806684663213,-0.015338443827802516,0.03397362760684552,-0.18751900798068466,-0.19842400570655763,0.18187566991283127,0.1723887195451869,-0.024055960835597724,-0.05218317864855291,0.12244385990416183,0.09121848776775997,0.025658849214804963,0.036909474971758664,-0.20645563229248112,-0.18404748046687625,-0.06926779215919865,0.14288205336411192,0.15117287589392603,0.0697168086768504,S324
0.05115788436426422,-0.059964214257826685,0.04411783177353634,-0.08576995953937126,-0.040173475965245495,0.016681675835556936,-0.09408817281708223,0.04741374826872548,-0.03526332495849828,0.03946628436204999,0.06555088312145067,-0.003265229124329475,-0.3232256743572925,0.08808922098707235,0.06552216912908973,0.12091135303186411,-0.18064766468983043,0.05483187369369416,-0.17739910600872025,-0.0016152519922697788,-0.19782859929075716,0.10541189441151073,0.02147856003930677,0.22858665862818892,0.04268169508022087,0.0015113921172664213,0.09054168303101741,-0.12278297037982187,-0.06068112942334574,0.14819821670087657,-0.08335104601986702,-0.0015329499557841062,-0.19069433735981065,-0.042260049874334946,0.2314783486204957,0.031835924559214024,-0.1297087599411248,0.18639143050440954,0.2568023960798776,-0.00403655798114959,-0.0774395245035238,-0.0629476976867661,-0.19144313395095047,0.18710579679082345,-0.12408724277186128,0.038906093925030076,-0.10042139621740123,0.036474928128417995,-0.16443665025335166,0.15621399678035075,0.18939139962779436,0.20760876667675626,-0.06312851387340171,-0.12100017522862551,0.13193707212874492,0.14397075982787075,0.05927589700358048,-0.12262984089516592,-0.15996411023445603,-0.1531270436832587,-0.038176589683753086,0.12117120953990286,0.018670139425887414,0.10384894757659817,S325
-0.015384961631190781,-0.05048071575772792,0.20667102673897464,-0.029287928655682933,-0.11483930952457376,0.03253365467477907,-0.03314927309346368,0.07051804741449977,-0.10757453722790729,-0.07625288675745925,-0.06495270731521086,0.025993245363691346,-0.2178886769822811,0.06985788327051722,0.03196457371564766,0.1466293289739253,-0.07490339537824948,0.10482239453422733,-0.1446789360901352,0.10257831715200126,-0.17127807612930107,0.12644132650003245,0.19261763955964015,0.15379586770008283,0.06524075028469363,-0.014153566366580337,0.14690434347305265,-0.05857412220753916,-0.16120793338381317,0.11800200013713823,-0.04602852831750801,0.02382288059592132,-0.18243136747609237,-0.07582732677234989,0.0657148823257762,-0.024134224848723403,-0.16606566146548868,0.16452400218313554,0.2285179615477488,-0.14428537081192835,0.1040392360525845,-0.1074232120845774,-0.21411707072547795,0.16528688686093176,-0.06524448851651597,0.1521599528901403,-0.060996713994533235,-0.004890687458560151,-0.17184861494458692,-0.11261711626144072,0.15928514807448557,0.16934220483835888,-0.020049208816832722,-0.0921044670720728,0.15195838949200904,0.11520794584232537,0.023426789705358525,0.038887277183334804,-0.23339003434802313,-0.2329400613761103,-0.09167546509237977,0.08914855385006527,0.09715005242527608,0.12080510160403177,S326
0.044338112258235744,-0.09556155656760128,0.1682963576509244,-0.0074269739685173105,-0.09242282752567477,-0.043251686849302334,-0.09620245018419007,0.1056232209893774,-0.08741171051155613,-0.09112881117483594,0.03798607246541541,0.022568778275452693,-0.2537861735206959,0.033240360370889344,-0.03221935582764356,0.12523121004748516,-0.02869864644325805,-0.025675772857496296,-0.20562998228300186,0.10164309031928956,-0.18098622956787735,0.15833296162541144,0.2419009572390978,0.12861090532028918,0.06668831711329745,0.011938806563228132,0.15020839801996227,-0.015298307475903664,-0.13457846769157045,0.2267684750349543,-0.08819399668376188,0.008051840996019098,-0.20262111818504858,-0.06499703497310558,0.08880073206116464,-0.07889512883784769,-0.20027583154143358,0.15124886989813802,0.23025393862864182,-0.19099164048278167,0.08734504952222877,-0.08445412422299906,-0.14081346620071736,0.26397126662303644,-0.0548245049096346,0.07078017999133615,-0.0889452678198247,0.03799301531172963,-0.11813026697288961,-0.12869279583149554,0.036588310324584095,0.11305998129260694,0.04680307571973902,-0.051026623548072914,0.05805302237803194,0.13091781274346787,-0.017271098225281754,-0.05009231906734739,-0.18935804363844508,-0.19507170155371228,-0.08835277486063327,0.08214508459074246,0.11290592362139407,0.12366390443582216,S327
-0.026418261325348306,-0.08420340297823307,0.19853221017286107,-0.012133628702025471,-0.11698284596821035,0.025872837132916583,-0.049805343352543205,0.062126998502136294,-0.11052097205863677,-0.07057387804310786,-0.04859222751797404,0.01916760003444611,-0.23755631364140903,0.043177508040253096,0.026459599923242105,0.13541581443034703,-0.07222357863987998,0.05379498890333189,-0.16206890607126376,0.07349443973183557,-0.17026937163633277,0.19422044621285922,0.18035840563288935,0.17286414301377748,0.032805122436289885,0.017727740314232673,0.1574499895915757,-0.05478211866688101,-0.15767094815655586,0.13423450728148884,-0.05505785469840319,0.040819156924449734,-0.14617613222970108,-0.07536168465933936,0.05174641146703173,0.018334457985566537,-0.21359438012920012,0.14491492690031674,0.21028437658287696,-0.18092803052956793,0.085346292126146,-0.07174558367525177,-0.22016930565980958,0.15900513314984616,-0.06906074573135965,0.13100362999714493,-0.05286499033406641,0.0128155305888998,-0.21804894793550478,-0.13889309158667065,0.13825224404939856,0.1798025396554162,-0.02314856299334059,-0.08789223463774264,0.1369265186975295,0.11166766275621802,0.013657709997579271,0.03918001311393594,-0.20598240291517209,-0.16686246383326925,-0.06625144826267468,0.10665259691869945,0.13566788299439797,0.09984978454223586,S328
0.09781878358110141,-0.05874534063261048,0.10511444505973437,0.008710320369100999,-0.058010472738550485,0.012984342581300426,-0.046676898471565184,0.028523262841864322,-0.09880717505360821,0.017846126112558924,0.04240486524067346,0.056802824529593066,-0.20640564152598687,0.017578538214243353,0.10987253817200406,0.14526364345233767,-0.12910640038908383,0.1220641573492862,-0.2571037724407554,0.05135806678333331,-0.27099122038517665,0.020546548149530126,0.0910337309991863,0.13742059155562572,0.05571584028337859,-0.034837781519650377,0.18455430700573436,-0.06207051578922448,0.0057435878258965825,0.10359700027610973,-0.10602026129056359,0.041401961792014635,-0.2401930994644261,-0.12679886340150887,0.13438866540793803,0.07224426573759023,-0.14058061839671168,0.15838799568487208,0.28091732915376333,-0.061194140275447485,0.043307376619182686,-0.05745059997238421,-0.14473665608038772,0.12788758516109494,-0.03998558977622957,0.15513153197406865,-0.23742550839058454,0.04783690326178553,-0.1525946128719028,0.02549716327129904,0.12647626472426632,0.13278559308216564,-0.029348258687003657,-0.12119634583622445,0.1013741727559317,0.09079300843940125,0.06809447518948217,-0.020091915798684804,-0.2753707171380174,-0.19622865067619763,-0.014485775252462545,0.11477331332428922,0.04464392165601803,0.16924039418479692,S329
0.01970764757132491,-0.0894812181611251,0.19864963047406034,-0.02716922571309452,-0.13787873722082353,0.0065796550415216665,-0.09847522045844077,0.07359317985094159,-0.16581992809513277,-0.10176965472979105,0.0007123558528971652,0.02292522494257336,-0.21041465493283262,0.048166953239712505,-0.02233142235607041,0.1348675924890551,-0.010030079511048375,0.05690950954068957,-0.15424581631720066,0.11159420120694209,-0.19193627365405352,0.11885108030721142,0.25978246449782794,0.15463095107783945,0.030866463671127855,0.0007036396020611797,0.12670130432845486,-0.0303152348239327,-0.14956974621002664,0.1832028072194918,-0.044176993168793026,0.003694016947086112,-0.15367753237971732,-0.08802744198298046,0.03890861764872293,-0.038105441759041854,-0.18827013471939263,0.13407899194503892,0.2499050440956877,-0.15304027922314842,0.15750185982541284,-0.09110484681418943,-0.17744493564183533,0.19889555465988146,-0.052325141181376836,0.09505194249565478,-0.07956642481361648,0.021013208442700777,-0.16475576843780806,-0.1444229595151526,0.07952866903428603,0.1170323267152197,-0.009303765401788835,-0.06250547976859791,0.10199609667970085,0.09516477602745772,0.021847735505601554,0.021437041968871147,-0.24063132302597584,-0.19328656590826543,-0.039772273712644426,0.1106048150955006,0.11852673534998011,0.11589471662088612,S330
0.0852028425749385,-0.07581900080293559,0.07948214253021463,-0.07748036959881996,-0.04047592511950331,0.00265153882903924,-0.1359096078518554,0.06004165718575029,-0.09306528548238455,-0.025642048758501103,0.07916229563720904,0.018897897939132054,-0.3219335081527162,0.13038280835209923,0.047042704881516975,0.1073413444898652,-0.1311243914777237,0.05009983841030977,-0.18265509471762525,-0.008987408144085522,-0.21007638294969397,0.08329632288645314,0.037403179136578334,0.20544131160089202,0.013074757680850143,0.024829607769033493,0.10247696028302382,-0.1179716657904988,-0.0662565423772998,0.16062346834158478,-0.11667957215565919,0.03996588504682917,-0.2121328989111985,-0.030721991955823678,0.20169586189595554,-0.007887267652158903,-0.14414531825802177,0.1744350681449048,0.2823243998034942,-0.016064966836407787,-0.02965450831748816,-0.07167373049437646,-0.16967866885316138,0.17067838900265958,-0.10550627331542597,0.013926103665867235,-0.10580092549002132,0.008559719639489795,-0.18757112158588898,0.11105636535659996,0.16615524150836766,0.18076165760421775,-0.06320423594274319,-0.0913204432099636,0.09391102682903223,0.1228354887706713,0.04725048407162443,-0.1409575235322884,-0.17566616406911303,-0.159958569484438,-0.035944662178596834,0.1489951743224516,0.05245298609639962,0.1503607238102213,S331
0.08173909223868947,-0.1113785979478631,0.12629647255745072,-0.09006378996870822,-0.06034943170437713,-0.0028870516135276808,-0.14253818967247991,0.023743666778185048,-0.06278628191822755,-0.006659992744313568,0.06625317749938095,0.026956900124736265,-0.31204364158000064,0.10136868920716093,0.028886339136621027,0.10041662804774491,-0.12442076094565561,0.037072679565369276,-0.1741302456742972,0.011301135363895962,-0.22192633695193917,0.10618405885254228,0.07888942026342564,0.2060214582443283,0.00392077030420255,0.04095129502002241,0.10225773983355808,-0.09487931671494065,-0.07012427065981051,0.15888465814387684,-0.10316761450505856,0.04319660220315546,-0.1849316950523831,-0.03868540871637651,0.14183640653349935,-0.009369525305527598,-0.16848830626565398,0.15983573796846265,0.3006911986055118,-0.05546078105783792,-0.005110795068383366,-0.051508245288841306,-0.19332822496460067,0.16507921616084967,-0.09143928810676646,0.004100611503471178,-0.12451677356718142,0.002776647899456278,-0.21747736194805511,0.09047806982239594,0.15958009233561551,0.1804595738564409,-0.06704151338850098,-0.10278860215597029,0.10708825716481954,0.1475351940851799,0.043531048095532446,-0.10587758345752564,-0.19636377888505258,-0.15600879669305392,-0.007438841487593674,0.16644177693472423,0.050471192568993524,0.13674288983128924,S332
-0.036337596894153154,-0.07765133579482357,0.24559383130121273,-0.021546440408020548,-0.1737608380899306,0.017987823384311402,-0.08586325417375235,0.08646914333639238,-0.0871624261926194,-0.09094176022303954,-0.03548900867148944,0.022959524807678242,-0.22814771022188624,0.025388725660285924,0.0319445534342247,0.17900461490574918,-0.07713764883209932,0.03374635192873652,-0.12428545279164031,0.08521360548714002,-0.094954196921887,0.19178064854179705,0.17983487805785173,0.17147324641921485,-0.010230621696767696,-0.043607461539054884,0.16984818671564095,-0.06894766963637797,-0.1559006645130813,0.09530537634054116,-0.017634487436579985,0.01954916400276786,-0.13577775090256283,-0.1270863238877532,0.03407522261302523,0.06768459912982239,-0.1569050334719533,0.13125242657851763,0.23724698659282933,-0.12556102129044017,0.11746919672730934,-0.05139946941054882,-0.15549950831991668,0.13583150675822403,-0.08892726794335863,0.12639688740246277,-0.056855091291990456,0.031973003446790306,-0.179921193486899,-0.18845920630382593,0.19639429016599327,0.19587011359404316,-0.0246118189664114,-0.04899480002584973,0.14304806595489652,0.0865554831851204,0.05849002305821518,0.03356343712938685,-0.22461232879506549,-0.16612481879325505,-0.03415712513456008,0.16483921977521396,0.13019591509084566,0.08194417391169755,S333
0.017053591302362007,-0.12454855263907674,0.17111480663526082,-0.02321479848013659,-0.1348613890048911,-0.03203818525525492,-0.11325274539240497,0.08441306492509339,-0.08993500532525994,-0.05834683855373298,0.05171136493376992,0.0668031988446187,-0.2388197334583869,0.04029170836345706,-0.026399000517468445,0.14126622554621202,-0.06415082113990185,-0.016286938463714297,-0.19547849702340633,0.09441904059985864,-0.21087773991460138,0.13736166691563578,0.18740813728360564,0.13869669598290815,0.05185629842376756,-0.007943254880599224,0.11905666012098783,-0.0566702225399046,-0.10992331780602439,0.19686323855840662,-0.11999049070928512,0.010312280476467197,-0.18765901058020612,-0.08407291330220262,0.09135483628956921,-0.07084864991021285,-0.15370966797839422,0.12976710502803096,0.2637410997480873,-0.12914548013714108,0.0038810728485253613,-0.08047070961894445,-0.1561626985518058,0.1957105601970823,-0.04736627213858851,0.10010442006809932,-0.08454799946403371,-0.0006981345908809796,-0.14420233264795754,-0.05748714427848792,0.09740009928107722,0.16092668491302853,-0.0016918318561211791,-0.068086559517095,0.07846380196094574,0.10131892700490215,0.028687451472495355,-0.06177775557477568,-0.2381463554864333,-0.2394842318580263,-0.03230617712086744,0.0829730086000396,0.12049772888122942,0.15365258237676843,S334
0.03546932985980093,-0.11284708213640839,0.16340511631035928,-0.005633985736461114,-0.11504586581509615,-0.023330138103893762,-0.11705814050104682,0.09426368783967912,-0.15471696951201816,-0.08345969520576915,0.018999601774422108,0.02574703586814309,-0.21697287407827795,0.03808662847124381,-0.03671893756535751,0.10285070419086899,-0.03440658918167567,0.01861310467645311,-0.16222108691099849,0.11780470946161636,-0.21808079158491772,0.10383645224342553,0.21498353690395292,0.15393383984680184,0.02873906139011272,0.026821321946421738,0.12627956020556466,-0.03691367756446272,-0.15724155501238232,0.16950982775443732,-0.103090066362624,0.014272672289707175,-0.20999817570219498,-0.05745072960537434,0.06632320035567314,-0.03623724169638458,-0.19400563311529476,0.10545575324920517,0.24955198918334415,-0.16562487237227685,0.1436784869031338,-0.08779334768288699,-0.1787481509214269,0.17678725935979048,-0.06537811009463936,0.0744143034481072,-0.0743236816712995,0.014842090450288488,-0.19967975340346863,-0.14351605073324472,0.07466703640113286,0.116327133862401,0.013226638452882805,-0.061383125938622544,0.08138624316958086,0.11121119507864212,0.0252216917242203,-0.0061073243931907785,-0.2332609480347034,-0.21004354644359938,-0.041841029562615956,0.12510095765884924,0.13089415671129756,0.15054102400522357,S335
0.07860774050555257,-0.05915674386084829,0.09179106377870203,-0.08737034191818589,-0.02560113464597939,-0.0024750612104587275,-0.13613497939871935,0.06504216931070375,-0.05465933506335037,-0.007959906083044638,0.0772114645048297,-0.0004359691362620718,-0.35337224557281727,0.09825098351859071,0.05133205079326106,0.06679637276814626,-0.12893867745050425,0.0784931633170959,-0.16731620648181322,-0.007075650233735531,-0.14655844501514415,0.0850412962134825,0.07401215159491532,0.20974075349258248,0.05851881882251334,-0.011371968659129818,0.11435227664906543,-0.12363495085961444,-0.05479071291387744,0.17691757297202124,-0.09955471380448117,0.029626304402015746,-0.1918370091990951,-0.030183626075700534,0.21094882771870288,-0.005601016774105104,-0.11169021842500212,0.2054910727888437,0.25604873931786604,-0.044975407267352004,-0.07803286444426637,-0.08984762285578726,-0.16568863654899738,0.17748717295459035,-0.11629918241879506,0.012507675417303516,-0.11441663073841199,0.016248773547067146,-0.13621638666455105,0.1461935316898822,0.16720260553698946,0.20613288425853452,-0.08236929775676548,-0.0964357501086402,0.12624380053336906,0.12572324179518748,0.03236906961435512,-0.15545179490112476,-0.11473705680494739,-0.18144468684532852,-0.05376018140897347,0.16395924985916413,0.026918121120549924,0.15027828830308995,S336
0.07611397734931674,-0.10284940564022713,0.0871183830258529,-0.07611505850864585,-0.021086212058124415,-0.03112006285943253,-0.16276748913803374,0.11481994336664289,-0.16970218526670108,-0.03840099017175306,0.057686476818061376,0.037896020033358686,-0.29321458854595045,0.10852297850530987,-0.05044950828763256,0.09411277529597273,-0.08700267661256877,-0.06835506960662092,-0.19608830145171335,0.049529002034231,-0.2033414497333358,0.09726139000773795,0.08681409667845913,0.18113002628541314,0.004877079732466251,0.053160630403985526,0.096207443491509,-0.06451095197149478,-0.15993146966311933,0.23198484767746272,-0.1451648962648552,0.062048918709412475,-0.21934762248760978,0.002052891369909535,0.16983128180009463,-0.06424943469433889,-0.15594573324759564,0.15158494146066975,0.23892363551961518,-0.09702160283302458,0.05492689890795481,-0.09553810058729717,-0.1277522426845396,0.2550309708576902,-0.09828620304391734,-0.015238141059176796,-0.07169050123183376,0.02694720023816052,-0.1508274027932514,-0.00011283059492708079,0.09668232772594426,0.110053133703427,0.016108081021627373,-0.05299981695432522,0.04634336334307351,0.11304292600062345,0.0002504591228051701,-0.13898197843906704,-0.16183426098862966,-0.13293953223016985,-0.0965300473617469,0.10655278927822123,0.11100797740256957,0.11860020823363204,S337
0.05269541355422998,-0.07539093957125892,0.1099936163145921,-0.06655104237880553,-0.05753556566236266,-0.004619944839295101,-0.10451290333912218,0.03520466181491309,-0.11354027148996439,-0.027318305885855813,0.08489519411932109,0.0100753610053312,-0.3186723062044893,0.10202467571378936,0.03274257213767604,0.06443440736941272,-0.10785396003733966,0.0709358404767726,-0.1814047851208555,0.010620181879415628,-0.21845279849989166,0.11415599806517611,0.04576605986908625,0.2187985909306709,0.04007859402991677,0.0390503434189311,0.08112614820117531,-0.07928616391559587,-0.05558790309814328,0.12384092963364003,-0.10550937481623243,0.05903921596887889,-0.19629230858265437,0.02285147007418527,0.12478077515483338,-0.027983544693766862,-0.18112681003947292,0.16115769880029068,0.30366740522005137,-0.05507870150458458,-0.005280332935648118,-0.0644782032368403,-0.23181571727856173,0.13025005921321323,-0.07367430413012871,-0.017944972064536834,-0.09815431616919831,-0.024272741090611328,-0.20179306669870908,0.10977588561075273,0.19031756501715988,0.17444892739617832,-0.09902194960939958,-0.10604801027038974,0.12029884624301475,0.1517604540871272,0.038577880626591225,-0.07605786011171486,-0.22809387482002536,-0.16047991100981684,-0.022974041519106862,0.1405029070135535,0.05716796682073003,0.15229710763555102,S338
-0.037162477710783556,-0.05105592672234342,0.24044996534968113,-0.05051214051267857,-0.13535509554155206,0.033675240423644094,-0.08927619407002857,0.1011190022420967,-0.11618464961927027,-0.0647097615842031,-0.09588329002229759,0.0281996311003658,-0.17214258685966136,-0.012528921216629164,0.023001779397118987,0.1623802304964787,-0.08286353831721983,0.010920725769396124,-0.09782366290686398,0.09202981460117644,-0.11515853291772156,0.13794392314140566,0.14956493620510247,0.16788425987076705,0.002879942047596918,-0.017019265425700248,0.15961798312741693,-0.043227832634628656,-0.1826167871734011,0.06887597627692761,-0.03949799825785572,0.006795451561368903,-0.14146655566964472,-0.07169303428642279,0.013339627157714005,0.07116857783107834,-0.1931289618356735,0.12681507077415233,0.2024671227832795,-0.15792751209325867,0.1759403615826765,-0.0504503340839875,-0.1428366276240587,0.1367169341914688,-0.11234403395954844,0.18683222173016997,-0.033786192454563095,0.011032680063796327,-0.21850529964432622,-0.23520684321003937,0.17736198207821124,0.20061881449386293,-0.012901393006659134,-0.03953079596158294,0.14210686651984716,0.05307326032448274,0.07289463491041717,0.06754168984468728,-0.19951263488225704,-0.14811362236655276,-0.11744306812094554,0.14752220235176558,0.14180543997882913,0.06494985220204794,S339
0.0005223462731473668,-0.0748840958537982,0.21527471092093795,0.02975901375978126,-0.15751586271129053,-0.03659588775768611,-0.09879087474937769,0.12311588878239116,-0.11866349603642419,-0.1145810308176038,0.07098670999938052,0.04177110081465083,-0.22421428278704114,0.04486635715018382,-0.07117959011857926,0.16497201603751666,0.0593976028597806,0.03469947537325007,-0.15726433913059956,0.11124542113608857,-0.15839794252181894,0.15908298112474623,0.29738743871777046,0.13096652574262246,0.07468426831426267,0.004050094820768122,0.1261351544930968,0.01261755546817814,-0.16113212629959114,0.2387201439622884,-0.06906159287316835,0.03557422224685839,-0.1714267532197415,-0.08438906514969668,0.019375803034054735,-0.09530966270987602,-0.1833309736009463,0.118415761022493,0.2524496023531137,-0.12216182620342496,0.10431169042828829,-0.1136538975465986,-0.1323360181761319,0.19391403244153138,-0.005113496833379914,0.08942404492513516,-0.004993543781665222,0.01170730154263149,-0.10613503063506562,-0.1397861483472004,0.04229903382952015,0.13154443513478706,-0.049269876464473394,-0.009692262131919574,0.0920420268574972,0.06365204312790831,0.008509287711073472,0.0031902547688641624,-0.19564728955141386,-0.16471697245217984,-0.055949471066983954,0.09216893707575433,0.12645072093326917,0.16507604162320189,S340
0.10256428286921898,-0.04937278760288825,0.10863828180217405,-0.050186637652103364,-0.009429879306793858,0.005587541057001668,-0.17345107414808952,0.06116215695513756,-0.08411000209774631,-0.009079252026756099,0.11328313483838491,-0.01164688160776904,-0.3475939217107957,0.10756079579626987,0.05388759931864343,0.07232221466378955,-0.1487594455608214,-0.004493787476164254,-0.19025848142594332,-0.0295949828915877,-0.16415012663699072,0.07506712546388296,0.03703014069151715,0.2121530308207799,0.026915813888267467,0.0644313771174908,0.11066828717830972,-0.12385942978595962,-0.049518541190407925,0.2160754943230448,-0.14319290037797885,0.08676370167107501,-0.22329089039737232,-0.011051747036127817,0.1847031378610762,0.003683313458780133,-0.08860843495879875,0.20234304327736286,0.2658604021884075,-0.012509915678641076,-0.033778190167511817,-0.06326584153944946,-0.16539976790121996,0.14963497678620058,-0.0986286785353493,-0.049151934899153,-0.10715864380099184,-0.005587411776092962,-0.16347487226776794,0.14676856811540698,0.13752428382655196,0.1748201524253274,-0.049740050117490005,-0.10458124287433554,0.09223574469161588,0.1201068370338113,0.010481592045296619,-0.13812278897513372,-0.15130275723926137,-0.11342579441192092,-0.0434585335065125,0.17892733707204728,0.06281763226584211,0.13682954676983994,S341
0.050658545851091585,-0.023603667699145105,0.09269076758538307,-0.013088721827330518,-0.07735587182458446,0.016172298080079257,0.014231291326637521,0.059332167618216,-0.06416333709603765,-0.04540419052144403,-0.0010321268410503957,0.04558491033858913,-0.22340479165310814,-0.0002133082190570947,0.12549968953498916,0.142980560095713,-0.07261234921979656,0.12527827852041917,-0.19781574936843732,0.08448549726251699,-0.20670051857301952,0.050780474740911394,0.17303195673437166,0.13384644959299952,0.10198067873343529,-0.025381005679012383,0.1884621864828838,-0.063540653167303,-0.1470465272757265,0.1662872994414913,-0.08572268048900286,0.00030885086012178965,-0.22750877818372126,-0.12566178284026333,0.12934801229991166,0.037518756522216756,-0.14571432602231937,0.17207691890672142,0.21405051230071706,-0.1659360101153518,0.1313905936731523,-0.13269873746600067,-0.19574392509236221,0.19981251967874616,-0.08234824037902685,0.19717808521291194,-0.11981817418459753,0.0219565684320925,-0.10599382951744106,-0.10178001544949335,0.11222639674577947,0.13680217065876216,0.011559098191403923,-0.07995214982475916,0.1441245739097848,0.10064126782925513,-0.017511007692212466,0.024502749575279415,-0.1733352948103348,-0.23807442573626775,-0.04809178877756953,0.1000023149005538,0.03858933085970722,0.14570153313300846,S342
-0.022604221237381664,-0.07061737103477067,0.27001702723059445,0.027295174027471638,-0.1419529280597018,0.03869470988472716,-0.07240277955019994,0.10556548186307221,-0.13643244862488946,-0.07587674257844197,-0.02842285280850287,0.032763131700918276,-0.1997457168894396,0.06421080772323204,-0.001089227292042784,0.1918794410591602,-0.05020537847748776,0.10468836666146511,-0.12083151947307097,0.09094896010184231,-0.1571331394988981,0.14528166395887904,0.21645961996362748,0.12329015473150676,0.04588754780420868,-0.028737711024390187,0.17270970963379567,-0.05390101570692445,-0.1609586806561264,0.10270524228441426,-0.03241340318520214,0.04131194731526048,-0.17413338230801695,-0.09315602521438156,0.01704557349500394,-0.015672418112497706,-0.15455813183645115,0.13420892866829803,0.23690950576889094,-0.053956834393114925,0.12139818878271927,-0.07870069161850995,-0.17672580156704737,0.10680005215573704,-0.04886623735307137,0.14865888939751848,-0.03843897377732576,-0.004470736729567939,-0.1813858545532426,-0.1389931591449474,0.1477151063583462,0.17343169718565754,-0.06078754770606999,-0.05910686704459641,0.12848347082420836,0.06502723817469692,0.08167628782995688,0.05145892354984847,-0.23758102259424316,-0.2034143934064748,-0.0708747363829009,0.11997421884922242,0.15642026843960938,0.13541730170134536,S343
0.07001764765614153,0.0010827511248493518,0.06821087571305419,-0.037459775955818814,-0.013597210397255737,0.0024865030634104134,-0.11284111548931698,0.11186884545697008,-0.04946791748208816,-0.0421415270800993,0.01115801844422521,0.009601656826580636,-0.2740471311926825,0.11854661405622602,0.06503489363056994,0.08479335175314108,-0.13317799200734248,0.05495925449536918,-0.16298918442897267,0.0579861400676486,-0.17524717092436465,0.07494287381391736,0.07012738675254773,0.20015094236860445,0.0470257057521459,0.02638797680374905,0.12826548772973165,-0.1474182404277449,-0.09136675568473152,0.22291678972077092,-0.14579270144003922,0.02009495962181343,-0.26817659437578345,-0.0788669804114836,0.2132024514370693,0.011276039438278292,-0.13648623094138487,0.2172061424315002,0.2513472342635578,-0.0010672880570491154,-0.04049435898796765,-0.10433374807221432,-0.16874959670402928,0.17831583398441084,-0.12208299907134913,0.02887025468733182,-0.08529717855132557,0.010491763194222056,-0.12827203430513415,0.07344863051750693,0.18031461009292568,0.18139146286673594,-0.06062008555150947,-0.07959921170819945,0.1260871311200361,0.1543034419136057,0.03275623925916257,-0.10527309986482021,-0.18736285772463682,-0.12924627299868857,-0.08713744226824167,0.16012712066843987,0.04136764041694309,0.1187865050468592,S344
0.04812225259600504,-0.08186740984262882,0.18608591720684897,0.009395290707240787,-0.12703392197420438,-0.04847539847940819,-0.08876090696194419,0.12949550581801667,-0.12278082122938681,-0.08730342824968723,0.10960629908898145,0.032975770460210344,-0.24871900818770518,0.03765253138940849,-0.038368326657451976,0.14888838887912886,0.012859974926225986,0.01101896294626215,-0.18670405946582455,0.09658012035023095,-0.1859041153093828,0.1423140264231235,0.30434537694031555,0.11304860528286573,0.07716545529676418,-0.005347567905397374,0.1463062185700867,0.01172614037117272,-0.1261793810016543,0.22531713849835017,-0.08526328773821544,0.04373929412636299,-0.15935697377988098,-0.08222248024593483,0.0327581908986442,-0.1043838201050822,-0.19724198500815912,0.1244492251575985,0.2587668448569762,-0.1773932034828491,0.07131224320047055,-0.09951256681552954,-0.14777786943608293,0.212639379606784,-0.003831682314843941,0.07589811157195045,-0.03762176505603804,0.008662720988081555,-0.14246017192019111,-0.11822995908997803,0.02986212516781735,0.1251263042822078,0.0011213990707512487,-0.0553635821914525,0.08299387654511362,0.0668970653984651,-0.009115092519179666,-0.03472105719914389,-0.17490735174080435,-0.20499075176494425,-0.03724873354968144,0.07526982105696892,0.12646435557202348,0.1414257920063404,S345
-0.013311373792958837,-0.05927024106291303,0.22129962274248166,-0.019578519736836057,-0.13294062485890695,0.020680505124738863,-0.04871899655802583,0.09242795677265024,-0.09232038422539422,-0.06620682858252191,-0.07972716302052218,0.03886735779990752,-0.21320106528429938,0.0335373503501673,0.050600440566786614,0.18558078253769517,-0.08298873864214912,0.08315212794712244,-0.12110559492651714,0.09875860435086849,-0.12338873478940754,0.10389749685763308,0.18536418527696877,0.15869743564486835,0.036678764368957284,-0.024828139104102438,0.18420401183827226,-0.06910916062359401,-0.2026171405324833,0.11268720680674947,-0.033410830775384925,0.021806133492155173,-0.17376764355007696,-0.11100196303400517,0.06137355578887561,0.018509355582873154,-0.13764755322701913,0.15375875716587645,0.22879765958307988,-0.1096699600486866,0.15647972568482535,-0.10471116706126399,-0.17264547532926863,0.1621474588436711,-0.09428646870178811,0.17336723935387224,-0.0342765132564629,0.00701229862911618,-0.15748458945880334,-0.18524268972010338,0.1914960905149076,0.18233963864527422,-0.01600254796064629,-0.054687650766714356,0.15009963396179385,0.07916730305695548,0.0374304246892766,0.048857955525254355,-0.19072683935365808,-0.20314849997174517,-0.0786627322343301,0.1450793364752688,0.12213661016429164,0.09223034612426458,S346
0.07017688855833011,-0.10895050697359614,0.16757026569341288,-0.027655362387787805,-0.15151504152577341,-0.04439298718533003,-0.08843010249658177,0.09867231757090951,-0.13571065924587825,-0.04221772610799733,-0.0037740535765850916,0.030515885147868654,-0.20663257051337586,0.026922482368081573,-0.049821832252164584,0.11939183865589478,-0.04627060076322959,0.02785262234356243,-0.16927236526640385,0.1440486990828849,-0.2023797843929473,0.10373245067903794,0.2432312077839961,0.10678140712266897,0.07889266263329416,0.004434431571669418,0.13573375829497672,-0.019673836591527133,-0.11608470197304119,0.17311016823338587,-0.07101760601308424,0.02925005011004914,-0.2031789830111788,-0.08782175678675153,0.07613417398418894,-0.060746570325422806,-0.20919124299351868,0.10218380674004919,0.2548499157748462,-0.1781337638990452,0.10972046372582318,-0.08050528445705891,-0.16028474244009994,0.22740633573086658,-0.06026876096384717,0.10643456077657716,-0.09245093271019858,0.023758053420104314,-0.14752163821806735,-0.12824118827094183,0.0429758119816132,0.10590683189057308,0.025879748809143892,-0.048398140626987815,0.052276339451006494,0.1179994994917248,0.03408671463221206,-0.041961592571983564,-0.18289317566273577,-0.22507351532545264,-0.05805356914007462,0.12238353397488368,0.09850208979971213,0.17622794371877468,S347
0.07634647734709096,-0.10820345956180674,0.1860474729527394,-0.026830412886102394,-0.14958149951901795,-0.018074347911854447,-0.09658156916650194,0.06747698347322469,-0.1600176633897823,-0.03711562940063949,0.040925708575818814,0.04715457387568018,-0.22642362514397063,0.05632834855763976,-0.041054672008669614,0.12721607811733754,-0.0001477884602063758,0.04487346644420498,-0.19272781018465643,0.11786098995234574,-0.2256450517764589,0.07279073289681014,0.2635124448159107,0.11705938204286129,0.05785739774384891,0.009135285757038179,0.13588954822313767,-0.005959521351028913,-0.0714018454379675,0.1759196434365652,-0.067263470154845,0.03403349731546806,-0.18130568300144653,-0.09961921351118234,0.04793168341738247,-0.08634366839777377,-0.20184358259669094,0.10406884159406045,0.27538603689094976,-0.16360223215699848,0.1071078219573388,-0.07362368660786466,-0.16636476714790321,0.1944944730133834,-0.03681459142974327,0.06520767058939698,-0.1273943096052981,0.007475239053724483,-0.17729117402630873,-0.08178847914052786,0.007023095050699948,0.07369914647630055,-0.004167690249774381,-0.05474223236867966,0.05533730815789883,0.10605123812067735,0.05476029975922189,-0.03882014868087674,-0.225835547882656,-0.2294117225322119,-0.019597752460103497,0.11619644616818971,0.10549435773303943,0.17671441745116165,S348
-0.01544291737210163,-0.07242973714035962,0.23969791201151106,-0.014741780289488516,-0.15449112558274938,0.027354113368238592,-0.08044632041219228,0.10000925132365605,-0.11789548119073621,-0.08030070848481034,-0.0962902758797908,-0.0001441597611669185,-0.18745027518597143,0.031547489498856926,0.01712874786771547,0.18863402165293364,-0.06911248683254193,0.039746159122373684,-0.11006499318202363,0.11386271420968272,-0.1225765319352083,0.12508789886047272,0.1961121630572257,0.1464582534308084,0.01486637051124892,-0.003950761343755607,0.17734635101654073,-0.05927636477951698,-0.1880531367301995,0.12866246239332413,-0.025885819323748872,0.017954035401065778,-0.17043728307699443,-0.09754007801502688,0.010834765588522054,0.014708989964239532,-0.18033255460377778,0.13573643687498696,0.19463821109552712,-0.11033072929645886,0.16535019516296456,-0.07953340240205659,-0.16064054466102104,0.15859801106234223,-0.0880943316436515,0.1967923711602903,-0.004841790035893471,0.0033421139094931573,-0.19949451737099227,-0.2046275941635471,0.1603258367082601,0.1810014067453507,-0.0153022340252752,-0.05207696337240832,0.12153196188082624,0.07151643900755159,0.04979827544552398,0.0736280161146256,-0.18376468600860654,-0.16207915497482708,-0.10517786823043482,0.13436600571074644,0.14181875535432856,0.08108813720986059,S349
0.019594740834727585,-0.02583801225503834,0.10221743706883747,-0.0023047656436289933,-0.0682150605836438,-0.009506986790960832,-0.0072092130185698105,0.06835692008749808,-0.1251223484943916,-0.029384179377069365,-0.011024356245003746,0.04251197886311891,-0.19785361184422656,-0.001069387564149854,0.11348584725273296,0.14180391538688908,-0.10612177193207625,0.11409957943777864,-0.20773410088288963,0.08903117081151864,-0.20590979023362774,0.07330745936993285,0.11038927849090409,0.16664626435494317,0.11580711922182227,-0.008191333960874665,0.15029992499016498,-0.08285466867066149,-0.11627830920052526,0.14306984589394375,-0.08643567097186097,0.03157654366831017,-0.23474632996745087,-0.08848337391352973,0.12582752756616322,0.02656715261161387,-0.1314973505863204,0.17295223324137354,0.22913353348202004,-0.13708769217893715,0.10907322764364022,-0.13871010454790111,-0.22903182870571778,0.18271600021801457,-0.020267294969859278,0.1685405029349663,-0.1021075593839491,0.019655075683894924,-0.12930646123611908,-0.0935486229395315,0.15592965401563735,0.16673492945948695,0.008245913828698112,-0.10085993170223154,0.1428866750267892,0.09232646185009062,0.010865514855655635,0.020293607484203304,-0.24207007866485677,-0.2354473374504666,-0.0694301278573926,0.10096759643330218,0.0539298819130077,0.1552791529603396,S350
0.07915900183328924,-0.04835097578397341,0.09107786926550886,-0.0644672425283797,-0.021908481106674108,-0.0001721439303120757,-0.18288053398181528,0.06733257594688892,-0.07644814724382741,-0.0005346504605178798,0.09938318288972389,-0.03787991147310928,-0.34538441892187677,0.09554918617941308,0.030314865943188957,0.04421525652619977,-0.15675510033014953,0.043459646681408594,-0.16747224184679815,0.01053618248810423,-0.14581054694966367,0.09939762529622563,0.04371262085757277,0.22677822881665477,0.03826609272948988,0.003786023334656609,0.09843486582415799,-0.12571113146565402,-0.03746522172110305,0.18391838676857672,-0.12433745795927255,0.05564757340345725,-0.18920583136091312,-0.019713919234334812,0.17314724207202586,0.007229745109979807,-0.10487404556803226,0.20684623093484092,0.26749949629203307,-0.02875179680895873,-0.05683563736204539,-0.06983431096940859,-0.15508868135462664,0.16511797796928226,-0.09712883836609919,-0.037956032297861576,-0.12118275065717349,0.013185193952289329,-0.15104468154961695,0.1726682178646232,0.1776709996306325,0.18979637367826083,-0.07622900399994352,-0.10813146079033126,0.10490673936736593,0.14763029780431258,0.030574472576793008,-0.1463070780959554,-0.14730768309772302,-0.14368232819489943,-0.0474016181190492,0.18505210777084743,0.04870535549497738,0.13555313873900338,S351
-0.012439232739834664,-0.08230840443922113,0.22601645448304417,-0.02288486173714616,-0.1508423238528065,0.023405808829285592,-0.0730743952447134,0.09701644000405328,-0.11231848107780784,-0.10632003238658375,-0.06163925910359243,0.03931068390262211,-0.19101058957706551,0.03836036443588184,-0.00016016467325396478,0.1823820080630114,-0.04309266638868229,0.0440777283841915,-0.14108499400118088,0.09740922543050265,-0.15264982123394094,0.1182554317739112,0.2407514732203249,0.13603154133345252,0.015777446946571863,-0.019351437262414558,0.16591605974605386,-0.04439806911600436,-0.19782898135647142,0.14021632343479667,-0.0466968190878079,0.005547015390963424,-0.16185785566871388,-0.1149537763231421,0.05179190185157024,-0.008882961753409862,-0.15108537029228208,0.10778653283999838,0.21296058062181192,-0.13878067336237077,0.16038185932891322,-0.09567712804384465,-0.16675395745995328,0.1734218311722411,-0.07650241023006513,0.16304988353053376,-0.03526720156658542,0.02426187640537995,-0.17015059779813632,-0.1980499544006683,0.11796927406445851,0.14634151659233788,0.011416541227545866,-0.03930675380382616,0.10856019249541476,0.09498372340217845,0.04150160798963504,0.026466878150736974,-0.20661041872023553,-0.20745751684475341,-0.06903973597776276,0.09444848124658814,0.14028113238499307,0.10324646037395624,S352
-0.027614357057015988,-0.09108010485196184,0.21191824905252465,-0.025440964387916817,-0.12638282432915138,0.009453348590387952,-0.06889338177636216,0.08263564159042013,-0.08296576516274669,-0.08334557836259705,-0.03768827939957468,0.05469459419887506,-0.2502686040864189,0.0486409037116026,0.0331645546952571,0.18006077067132964,-0.0714196789245191,0.06107293745215176,-0.12999646188335884,0.0876352694232612,-0.11426562696637191,0.18365687058216087,0.16587688199908843,0.1658866326768244,0.009490888292376048,-0.023127598038180455,0.1256526351467928,-0.08860745951148825,-0.20354213774323,0.13279709276116874,-0.05478091770101486,-0.0008195038698494397,-0.15433730272942825,-0.11650937331415273,0.08081672882316412,0.047358191872986746,-0.1504043870935701,0.1425667912430464,0.2159525701076547,-0.11346218361132994,0.054701450356291884,-0.08783916095513108,-0.17268096357413806,0.16311055688921353,-0.08988780631520918,0.11416184076340846,-0.028069956184470165,0.04705313929973402,-0.16725897689418584,-0.14761833634362734,0.21476960083254729,0.21056238622300152,-0.022591581750611447,-0.05133823659916353,0.15271459608099136,0.11756561744853185,0.043552159951953204,-0.019517784183329515,-0.21013217307056564,-0.2064697359674092,-0.06150024305078063,0.12003332635566549,0.11443283140355201,0.12573549499966483,S353
-0.019190720512646673,-0.09007534774791742,0.18590011584803626,-0.046062296862091116,-0.12997762606597038,0.010099412449534733,-0.0841932031400597,0.07272960703668471,-0.14854894267434118,-0.08708041738295634,0.01077355113676724,0.009488350013371318,-0.2371047678056194,0.04812698214737707,0.025488803912894285,0.10126282715546887,-0.07862453068691307,0.09567153348688084,-0.15299588833891367,0.06772150944329762,-0.1823886229859489,0.16040913328251494,0.1612224882522767,0.2003847140142677,0.04768646748082851,-0.007764460343266401,0.09998005796594907,-0.06880312342422729,-0.13430047476573487,0.10027558348998226,-0.033733431268297566,0.03684770591373173,-0.12626212736093673,-0.012376459147190459,0.03881287770138295,0.0036298473389643877,-0.19128061063804117,0.13886562467398103,0.28594597921118964,-0.16595939918528457,0.13047364349459462,-0.09094968600870672,-0.219615782175632,0.12873789136736705,-0.029383802008556188,0.0756224829561499,-0.04772900354461903,-0.0017803345082607108,-0.18358402533061938,-0.06468492163472424,0.18731154160720276,0.16855644097893838,-0.07540748514088721,-0.10002046852820953,0.13928163234585356,0.08702414555704553,0.00854526731664696,0.030959114294726222,-0.2724282130620444,-0.17727685797397322,-0.06021337948638379,0.14888409559548876,0.1177379930290097,0.15194616935517147,S354
0.022948396204983904,-0.07556483520816769,0.1683196305168623,-0.027950216169540073,-0.16095223795516533,-0.0393069054980154,-0.053759161706992555,0.09989610818995957,-0.11903920821141986,-0.08105992081637542,-0.05710271771623926,0.03529535749791267,-0.18846724914198928,0.010950501405651788,-0.035374861241244025,0.14090811952270518,-0.02567267135805857,0.00839344362101882,-0.15654658421360576,0.1626539714389059,-0.1645058476652831,0.11336641010582951,0.24414566042992988,0.14224137734917575,0.066105037521061,0.009759165606916479,0.12250650664411612,-0.016276785301272953,-0.15301897020555447,0.1629291007890948,-0.06368739714627401,-0.016336662676827735,-0.2028535126778408,-0.10087640555700157,0.06612272421827933,-0.038839099316874195,-0.2133186945350909,0.09715823151010794,0.21649690405612698,-0.19700888012705944,0.14908068173705616,-0.08821398861590492,-0.16364704105720815,0.22438821566450043,-0.06320982003042173,0.12342614015092035,-0.06631380099705904,0.04379697417892792,-0.1572048529354885,-0.19015998896754815,0.06023829402589066,0.11379575111941329,0.03837519305978188,-0.024594913264064183,0.08536991429591909,0.13308489733829074,0.023750068925740952,0.009433298786506143,-0.20228551744788045,-0.20699654553394198,-0.08328461569877581,0.10806409286845788,0.08405813530114821,0.17364431598527902,S355
0.043586361091221056,-0.06540824762293423,0.1728853562489035,-0.0562979316824092,-0.16881879982850856,-0.009677955370573175,-0.04973496134204998,0.08660220117712839,-0.12781031082215105,-0.0537480373300055,-0.07659275732372944,0.039795170735163955,-0.17438854006840224,0.017512497226870028,0.012628570273989928,0.1679067259671658,-0.054835137617646725,0.07021236589051291,-0.14874274570134816,0.1676963986176944,-0.15969722590516094,0.09610127230139565,0.242244299392689,0.11936611089964085,0.06931784275225887,-0.023096470258664594,0.16104385118197762,-0.028357364822728076,-0.13993118829705312,0.1616740613411537,-0.063576998952922,-0.0020458729056999233,-0.17725890451002385,-0.12335747750283688,0.05785125957321883,-0.031875786109763805,-0.1845730808155153,0.10972207854322587,0.21143063287152356,-0.17398132675807254,0.12508495043518397,-0.09279639601446563,-0.17697746957498112,0.23826588957910338,-0.07322450752118378,0.1835733102547127,-0.06684880596554375,0.028470394558310914,-0.14165412529602509,-0.1607308820781863,0.11389405855470942,0.13170116107670968,0.025790899244319654,-0.055708921653256215,0.10746320161035385,0.10497457976044872,0.03514225819692228,0.015817408408722283,-0.17942980449994272,-0.20940218764196394,-0.06977613572436336,0.10940752663285463,0.07035309419917525,0.1321853638336361,S356
-0.01619969665486525,-0.10183331367992818,0.23729351144960525,0.028320623843784334,-0.12005500597608688,0.02183617769871874,-0.06827162913905441,0.11976226572588743,-0.11349408616979416,-0.09221470491753692,-0.03414351766176004,0.021101402670938508,-0.18019643013813288,0.04355475543367573,0.002787293305556796,0.18133922372939587,-0.06348966331596861,0.05089240785870973,-0.13234519540285689,0.0789648116861445,-0.1524158832830971,0.1350005066425408,0.2173279915740931,0.11054904194025725,0.01878028562535546,-0.010340585739296474,0.1889766111416428,-0.04630651291905994,-0.18706498135935506,0.13156511217727873,-0.050775207563259844,0.02831625077926097,-0.189194321518853,-0.11788835640058826,0.04550954072874806,0.010791072039471968,-0.14407159147992818,0.09892116139427891,0.19239838060005143,-0.11174095140940091,0.1543596993618325,-0.10149076977575655,-0.16732124652823255,0.1608229203034476,-0.05068049483824561,0.1694905437709077,-0.029230978901456338,0.04022944251053114,-0.19854946763033418,-0.20637979789868766,0.122440782097678,0.15904090707052027,-0.005839386363733522,-0.04652363516647767,0.10057256432262562,0.07933060837934879,0.046487936337955754,0.03377296664862365,-0.20502597023231256,-0.20327094165066353,-0.05197404082558341,0.11722145837443819,0.1566025057883109,0.09520635382988318,S357
0.08082343264346319,-0.058581318455334846,0.05714961682256141,-0.04961791395506384,-0.021940116430216986,-0.006670252577699262,-0.1455501798226506,0.10863650877952608,-0.029167667772383297,0.04124897051691937,0.11782593460305492,-0.019065984111230724,-0.3604208878176604,0.09098107556383261,0.05828595802875059,0.055880627631505746,-0.16826931425556957,0.06979900188316718,-0.13935032923277235,-0.05168437204704051,-0.16234488321426674,0.0578252310998881,0.03777187814721574,0.21602137622338857,0.05652027148600761,-0.01333682325947557,0.11716868620681245,-0.135343493460007,-0.020404763650406194,0.15999441829809813,-0.09833199548857385,0.028418601415334307,-0.17034285547385053,-0.013908779849985344,0.2170624094063846,0.03191348907035069,-0.05904899607996448,0.20369421918394795,0.247570031698344,-0.0003682386406454968,-0.09549088415180643,-0.09541438889463692,-0.16932224002779353,0.1871898155194588,-0.11721213595758977,0.024044913435202344,-0.12005529479035815,0.029510229058335558,-0.13351246688917212,0.19250721931210524,0.15170527161586622,0.2272311999260882,-0.08938086560965781,-0.10084598541407716,0.10252495883898433,0.11718764884278653,0.023124160968841078,-0.147839191519745,-0.07444440953155866,-0.19125485533079356,-0.03208193199395576,0.18130817752606396,0.0181819737616889,0.12764477443082417,S358
-0.015079104300679125,-0.08201663887136766,0.2518169306551709,0.03752110806508342,-0.14580662383953694,0.039406153666328055,-0.06829779084987642,0.10580825659972921,-0.12221487480135726,-0.10858224442326649,-0.025639203787781676,0.026320604890138412,-0.20578414597569214,0.04412583989535567,-0.003156931949927115,0.19861761252409066,-0.026453732104756357,0.08094143312067309,-0.1266824342678486,0.0800658578195755,-0.1525582753899402,0.12819551809222327,0.24764271303099195,0.11761044341141405,0.02989686084526473,-0.016246432271095054,0.18584169908041479,-0.045554308244264756,-0.1962861630849527,0.13123306497764886,-0.04441449056396397,0.03300433729844855,-0.17284931266068346,-0.11966437722202045,0.016477133624643377,-0.006708693524164033,-0.15198322813353252,0.0854227991705301,0.2146213404477929,-0.10283964950072168,0.169738189502179,-0.0861956472971318,-0.16594488121321024,0.1292780269997646,-0.03721514217903712,0.16595249624864122,-0.02659738359722372,0.024873750865525703,-0.18797723299871671,-0.1807320492910295,0.09651743093671078,0.13586397464280878,-0.02131071347268447,-0.02201354269130846,0.11315923320507898,0.06519315812295004,0.06653807170845348,0.03790340677606991,-0.2028812136841736,-0.18583561636511098,-0.03609213886948957,0.11078057585253653,0.17173993725406253,0.10309045619383365,S359
0.07739112695037585,-0.07075504360886413,0.09892485410438752,-0.03922253307584298,-0.026105119818886875,0.013986242715041864,-0.10647629590394289,-0.0011104783808850963,-0.08241672551276048,0.02277232917654944,0.08163113050174135,-0.008167752689846937,-0.3283804951999387,0.06702813270287324,0.07127817371847123,0.0866178326624183,-0.15164582626832326,0.07880353524576096,-0.23585509697484414,0.004036107804897867,-0.22770344875626128,0.09009356522091218,0.04312004212962866,0.21593848367006302,0.04898327073833365,0.029776670240678364,0.1410193122961854,-0.08312596616527648,-0.02381843987607211,0.11929644273282537,-0.11232738886150831,0.06025149266626402,-0.20678553100131175,-0.02576963255617739,0.1529799866529118,0.016436659816318352,-0.14522752763379002,0.17180645625480806,0.297982779642544,-0.05965616637350745,-0.023394027141261736,-0.033234381310846134,-0.19761949153973568,0.13479780340294212,-0.07068242615125629,0.006000084964291675,-0.16434451726981011,0.010806793247090479,-0.16951412566818955,0.14202750120045454,0.15564229825844195,0.15492963393241355,-0.04941734222691753,-0.12720320170771138,0.11508283431818464,0.1348431886318322,0.05436671739695175,-0.10937975876089154,-0.22419454356263158,-0.1434938539085111,-0.046538157766247916,0.12312656042419502,0.045831827836479405,0.12450980746856845,S360
0.07974081520272035,-0.061000082960043174,0.08297389064095845,-0.06113349778346582,-0.011541016548213275,0.01793884163280812,-0.1137340104756446,0.04752035982122093,-0.05656179869149135,0.04404357546533906,0.08304572524024253,-0.012017902509447821,-0.34561947165673135,0.0979763576859782,0.06786733969828743,0.08694316304792102,-0.14884855157411053,0.07047937367215436,-0.19206631864064916,-0.018188051461995224,-0.17874148459727884,0.090092735848337,0.042418578936204834,0.2243687092545525,0.05442824697905716,0.027743585680392615,0.1442169530617916,-0.12490621134929392,-0.024738379369512675,0.15599439159170334,-0.0940666477753424,0.04689861288811457,-0.1912113117959086,-0.020722416272124313,0.18259640019517148,0.02306885326128657,-0.09983062283106615,0.20268874129585995,0.2845506780045552,-0.0328510435715434,-0.05880672941528953,-0.08309001929963324,-0.19068959803966376,0.1894205960813506,-0.09779513290836397,0.02399309690119752,-0.12635617857740222,0.024679674448394973,-0.1551835266998802,0.1467048354419713,0.150082801292045,0.1888404696228767,-0.05172478174927313,-0.10628986785555822,0.11414304386513853,0.12664912092595185,0.0261214088454609,-0.13407233609405533,-0.1413915158859274,-0.1750210343933275,-0.050303426348588906,0.17603722830479404,0.040790752354363025,0.10361477893349696,S361
-0.028529312566849006,-0.08782026038239565,0.2406264945605708,-0.03131863580613373,-0.1633684134567208,0.02346349816886175,-0.08599820716011447,0.08284925141773207,-0.10115118694361136,-0.0840994663195964,-0.09127210643722981,0.03237541871618667,-0.15260902931320527,0.02346157730528961,-0.001241133223711144,0.196904174189227,-0.06962164270275169,0.03971413356459599,-0.11717330300667592,0.12871901539694025,-0.1250189078908606,0.16227486414442618,0.183638643192486,0.1549549643254854,-0.0027666480493213305,-0.030123757280847357,0.15972857053773856,-0.05247710311002724,-0.17266005018486463,0.11204095451373136,-0.026137450861354678,0.00707647658009081,-0.15469072658077537,-0.10937708865916104,0.016127470252392532,0.03062381179646544,-0.17726370957838525,0.11717137455290076,0.2022717078397407,-0.12044084212044173,0.1561419539188391,-0.08071687056815778,-0.1436724059073423,0.15231248332633082,-0.08232408796770392,0.18574420405898065,-0.013278443558891373,0.030038139246364573,-0.18455577666427408,-0.21929910240459205,0.1784600687354566,0.16634749123435677,-0.0145837535773026,-0.042855354889896766,0.11139979757808982,0.09192535077149984,0.060437714211249174,0.04794211282719859,-0.21179782058361007,-0.19169721616725635,-0.09197958819508277,0.13210437615098058,0.14984545909128952,0.09851136359989854,S362
0.04432508023864712,-0.1116781564160736,0.17333677979638118,-0.03187017721306626,-0.10383991287793383,-0.03712111302502812,-0.15797109371473014,0.11405834822825744,-0.10379209917903649,-0.09621720149047552,0.06702615818733006,0.04835166222576004,-0.28744645609451114,0.05532246567485265,-0.03044187632967107,0.14790576737667338,-0.044151662410469535,-0.049324713807479714,-0.1886133755688032,0.05691989151898997,-0.1950796687636092,0.13165011859168457,0.18700095782771098,0.16338566481071556,0.028196998936887877,0.010695880221718848,0.10138513534620029,-0.052630039195911686,-0.170551640527819,0.24847734784455003,-0.1395658896207186,0.032374075752758,-0.18219573541485728,-0.06577303095944081,0.12637609191191057,-0.0460738489457186,-0.13666797701800165,0.13573289520226117,0.24197169412944683,-0.10003897751959719,0.052320490423434333,-0.07899304986826683,-0.13846087229523346,0.22693066171601675,-0.08682017986690795,0.035751053238347034,-0.05868329900180262,0.021787211112213906,-0.14308988613579257,-0.08814155727650534,0.09335720432739716,0.15149405476975178,0.007897657540547685,-0.05871042577345917,0.07030756314472807,0.09617640566825807,0.00632814076737152,-0.07989191502903982,-0.20714381926234915,-0.17303067585716148,-0.056788954172852416,0.10568137373061738,0.12072525284429594,0.1374783212095952,S363
0.05552113464785186,-0.05596162538845941,0.09508988336016641,-0.05463156684839638,-0.05740163500199032,0.02393785521792557,-0.08041445819017155,-0.006627903177862003,-0.04251334908856933,0.027564723578698498,0.04645295264318932,-0.012191000773399414,-0.2995267747061195,0.04966728999798376,0.07731157204343811,0.10039896180528696,-0.1716489306605648,0.08198077018040421,-0.22218288177957962,0.022370766674583712,-0.22369306241405154,0.10465683636167852,0.010177467915611998,0.222817537556372,0.030215999312242583,0.011295193244108121,0.16777500809899232,-0.09123665522902785,-0.007158075426707257,0.08165034027921032,-0.11459506257211793,0.05567877711343464,-0.21286529352472025,-0.04410241648774073,0.1507245078045154,0.0888172783503695,-0.15697078700858882,0.14860873424833065,0.3004580191607384,-0.05207915801218864,-0.02315847768340224,-0.020119094139876035,-0.18807550438987986,0.11419815437299635,-0.10062274780996747,0.0397953285606718,-0.19245461679868653,0.031155049709296972,-0.17225601989417627,0.10265819344557746,0.2024109429221031,0.15251629051556284,-0.050650322681162874,-0.11346933525156111,0.10536681724397305,0.14481082160069758,0.06687976769375532,-0.0926292645213348,-0.23137662892697902,-0.16433318054841964,0.00041431565827190563,0.15396031505065436,0.045689146036095786,0.10580042986474142,S364
0.05741162870182873,-0.08227041977949395,0.16237003880954848,-0.027454452625097773,-0.10121900500027806,-0.0578775363165855,-0.13648577879594662,0.12418269396570374,-0.07991205351922512,-0.09087068584251824,0.019257974067136346,0.061526124621980434,-0.26865052297053255,0.03134419682014387,-0.040429966383654495,0.10836667278392806,-0.0433997792671323,-0.05619369148008139,-0.1961485908269439,0.12340169109399347,-0.1949779904056891,0.13621435426137443,0.25636798545669504,0.15130075308814783,0.06328385340264055,0.0003921741824782847,0.09915120382112973,-0.044595970511096324,-0.12294174907455115,0.2640450181840385,-0.13509034405823128,0.0237711868178383,-0.1743584782883778,-0.08212744599332777,0.11570180772949168,-0.11416196146399402,-0.17576089634251385,0.11763281860682415,0.24744085867216203,-0.18388749229012932,0.03283864663862981,-0.06783995171448587,-0.13902901385062746,0.24820064806298492,-0.05525452235977742,0.032863173554277925,-0.08433926258777213,0.003488427910266435,-0.11083469102212334,-0.08721303422262788,0.04906130853076913,0.10404648472395607,0.028022081274233553,-0.04821229874185631,0.05849883847926225,0.09554256799704304,0.010055372511445974,-0.08147627075485163,-0.20890139210615646,-0.15080374439454866,-0.09760506268162547,0.06017019028657697,0.10127222045781656,0.11874144345325621,S365
0.03609163538963414,-0.05279162854994798,0.0693463987095976,0.006644334194568821,-0.027951110313600362,0.01061733085235802,-0.02331162941699634,0.07807431267536193,-0.07106621853954835,-0.013417378898573648,0.06654924082470234,0.02614296400276909,-0.25716710950783256,-0.001162162116645487,0.1199632292163579,0.12386306785082819,-0.11796995014526006,0.13893492448665756,-0.21403138932499355,0.014356922536668528,-0.29303830870801756,0.07448526145393479,0.10168367705880647,0.14380528200884832,0.08422964080999053,-0.01257478550466752,0.17510106736591127,-0.09728426371809326,-0.08097130498986889,0.12171223044016732,-0.121643705367176,0.026140952841639663,-0.2322448572920373,-0.09464466254297113,0.1809961343005808,0.057030443992340786,-0.12187496770978103,0.17095543246293288,0.2677937817744594,-0.08624487641490904,0.019421075154136005,-0.0786645460922873,-0.16496800097048528,0.16808056400737573,-0.03574181884697013,0.18240541987823614,-0.17261785053813208,0.032393320315655595,-0.10762539456542072,0.01701583292303364,0.11774497824963445,0.179511187885095,-0.004667355198707554,-0.097856852482852,0.12584546915874575,0.09668781645432917,0.02661952226828552,-0.04007659959699646,-0.21975879267748297,-0.21886104283648378,-0.037322822381604816,0.05842432424958905,0.04853691993661004,0.10952074225861812,S366
0.08039835458821977,-0.09633098434120067,0.1054476826597454,-0.07099738835160786,-0.05092723625982022,0.0016991176321855099,-0.10708431397116353,0.03261330006263176,-0.04487866781088636,0.0026251669231401953,0.06742238028619969,0.01240877144197416,-0.3212499384921139,0.09930821614533011,0.05707940121146764,0.08091832702519097,-0.13173574241093042,0.08049168853802034,-0.1872020751848055,-0.008048817645951077,-0.20160510860768507,0.09414893465174348,0.0592034029271224,0.20991093004034778,0.01642295832828145,0.00451496392243315,0.13203644600593425,-0.1133844049219073,-0.03703692268458941,0.14093207800923585,-0.07999748588170649,0.02453528069963441,-0.18337081350654902,-0.04995914997327943,0.15986364554178575,0.02148858203247795,-0.13425717708041807,0.16589018417569004,0.30847496062856467,-0.043431762338895764,-0.017897252233691575,-0.0759205493505212,-0.19489577328104837,0.1724819749995221,-0.07391090716985864,0.021476521461104087,-0.15335226397895868,0.021920825016245697,-0.18189809027766565,0.11351109762052028,0.16916463257480083,0.17847434528564093,-0.07691936605142902,-0.10021684079467529,0.1007543289190661,0.1355988030651624,0.04075629669434918,-0.10453461257603686,-0.1930456177366754,-0.19736398976616407,-0.00874607154109237,0.19750545641937656,0.02931365814287402,0.13403188449497777,S367
0.07204412338592495,-0.07644641253326384,0.14429025594813114,-0.035429217809884284,-0.08886450887405009,-0.037250870536822106,-0.10088359364718152,0.0983447536345435,-0.09248889334476972,-0.058831868662916294,0.015887976571388438,0.04387042397445488,-0.25600419448012385,0.014487913506200774,-0.003768223405585428,0.1228572740603461,-0.05439040200800828,-0.059203180115611626,-0.22009518578382103,0.13379091221724632,-0.1644403376686681,0.13811232257327422,0.25561920147535744,0.12086300439253159,0.06428128575293661,0.024904113950505374,0.1333702515095083,-0.04135936941661273,-0.10908543570414679,0.2595849442034257,-0.09204908824831758,0.010304707481591572,-0.1761965442197313,-0.08265517261376436,0.10417422597728361,-0.06576735017386581,-0.19115090896318943,0.13153956036986364,0.2287826022676909,-0.23151292910917323,0.07348861426108358,-0.08847810477237568,-0.13564718682648885,0.2918415008635441,-0.04423138104155629,0.03963603470367538,-0.11302183620486739,0.05377343249890234,-0.11204401290616875,-0.12228942768289533,0.021913260896323276,0.05613544782753365,0.05577659870874099,-0.032675567101980996,0.04972330769771535,0.10691490013800409,0.0016032262317370832,-0.0735698344117391,-0.20134912102635663,-0.18833688276727753,-0.10322756367721712,0.08294500843986168,0.1016642705095601,0.11475463766038996,S368
0.0654641973876735,-0.06523957262704515,0.08502615043899747,-0.051685825981419395,-0.007035175214667841,-0.021917354656228193,-0.15749849624006276,0.10923359965814165,-0.119951985234156,-0.05264039148113832,0.029499185738242874,0.04152980308492476,-0.2946640855487773,0.12058120414461165,-0.015307109969266118,0.07038069470555489,-0.09201275476171897,-0.023089741576941356,-0.18322734883074576,0.05951528509798545,-0.20367507139173305,0.07355346858257424,0.10283716213813555,0.21345710916637542,0.02926148669567501,0.06951974822133934,0.0997454162979925,-0.10596176496669385,-0.13197240848116812,0.2509021302950398,-0.15668444054146943,0.039405767940018856,-0.23203823360139744,-0.027081962220995476,0.19154424497613898,-0.08797445447428352,-0.15108574586953044,0.19413271769437349,0.2635973895211629,-0.06728046596494287,0.01194871379985399,-0.11049536714431335,-0.14875926991334212,0.21832853490466908,-0.12232061876733964,-0.0078098673312632615,-0.07528196142321773,-0.006770568287440823,-0.11966465050498411,0.032248872840600525,0.10347696844587763,0.13440687327133197,-0.017107969571392535,-0.04906325146872089,0.0764616895357843,0.14161435211735096,-0.0032522701805981357,-0.13331009877204578,-0.17114288189442312,-0.12928802296590758,-0.11654850657537584,0.1205754257789334,0.07852921201342837,0.12104302882531243,S369
0.018288276210820766,-0.04875982902732969,0.19173014605540498,-0.05992119174312417,-0.15986464121944524,-0.0011915215867837595,-0.1125695662493637,0.07493115279913262,-0.1294196208862162,-0.04842248722206132,0.0030672377238786476,0.001655960291839966,-0.19823547719741466,0.018304925094917112,-0.02226863727662237,0.1623984635815884,-0.016499393507644778,-0.012320771136315486,-0.1543059592247769,0.10389755322015082,-0.1358959983420986,0.1557524307630773,0.2019060591711643,0.1569156822337545,-0.023920991222029207,-0.05572479655125394,0.09108449683775734,-0.04130868451336916,-0.11974137057847431,0.16411452711958388,-0.054792148672904724,0.011605660479762114,-0.1276858137771097,-0.11197225279870973,0.07419797249448573,0.049710300641895154,-0.1473176696133839,0.11843011915676231,0.19582874198524997,-0.09383196895573777,0.08244594244860409,-0.06868448953623296,-0.1363738403277925,0.2193449487154572,-0.08988976810509934,0.14650308381077592,-0.08647450278405833,0.0753018053723406,-0.18205453794620624,-0.1740936766089811,0.13565147852078885,0.17415258821167773,0.0023601387029654297,-0.07812839557449622,0.11994823663309111,0.10003843266819039,0.028374474823769504,0.05528961215147014,-0.2136624760899456,-0.15776664620289804,-0.0789279081706551,0.11370757058672913,0.09724624629601988,0.12894890547006554,S370
-0.0033964652440126052,-0.07755275814952409,0.2191287447502927,0.021519018353034,-0.11349670421034366,0.009086070573095914,-0.07450901796862414,0.0979216154284228,-0.101914937374648,-0.10586402329413883,-0.01894080339688785,0.016014253770641605,-0.20281897917355748,0.020921243915657795,0.007915296213702176,0.1629392072203163,-0.055856304858348305,0.04880373062323543,-0.13595201938084375,0.10119211908336963,-0.12690099881474873,0.1647754213782999,0.19839060091835115,0.1683629949475771,0.038913751134907554,-0.020603053107553566,0.16425790109315783,-0.06577771758865354,-0.18390740461228325,0.15696969754223447,-0.06834279712167736,0.033001778684109,-0.18202949038878063,-0.09832067907445001,0.04022216193151862,0.01637241373290311,-0.16262042643960725,0.12184098960428223,0.21883133679716724,-0.1213607865762349,0.14581826235887338,-0.11817617784006325,-0.15908231142774548,0.1775430445268787,-0.06894212910840086,0.14612434924784057,-0.021551395876233018,0.04102301100719789,-0.14008302218830268,-0.19847622387546618,0.16380444619865128,0.1673310683924756,-0.01952364594726828,-0.03792420129893719,0.1080438480073322,0.09420451876419797,0.006543573067705892,0.01598607323345793,-0.198160432505991,-0.19795996534073432,-0.08364500975901179,0.17450540668888273,0.14203702662515819,0.12466309891027157,S371
-0.018087902708240355,-0.056079787328253916,0.23660747959314446,-0.024544391904209893,-0.1809512339596678,0.027239096796902222,-0.0591918750635479,0.08509294469252358,-0.12594060428871978,-0.11000018850033809,-0.0795012478898566,0.015139303172926869,-0.1875949805571588,0.036719770504971216,0.01252862633759522,0.20165288317230062,-0.02749093379097042,0.03998788990349772,-0.10702962643962367,0.12136315639059964,-0.1258954243758524,0.14288234308928913,0.21882236724145462,0.14900933532002608,0.012328604034657997,-0.011242841001753394,0.13995271555064448,-0.05574454781065822,-0.18226927006367524,0.1366307471208873,-0.0315512034337254,0.0063810527428147645,-0.16190942413742848,-0.12066455489371704,0.012261116848107389,0.00832759261041272,-0.1984546192075659,0.1078911345092743,0.19682965522556298,-0.11543124344458207,0.1478692511242021,-0.07635105788056702,-0.18619157697282537,0.15275434621002007,-0.07486201036681393,0.17696158350908495,-0.0038001012318639427,0.024476878156864,-0.19613368812593251,-0.19743384339410858,0.1487847605431142,0.16517046698119758,-0.013219755036018278,-0.051774701414312396,0.13392614318239024,0.08550936809415072,0.05356753179107003,0.08179316862035542,-0.22383878106764468,-0.16554277127559977,-0.0772103039461578,0.08639216979080562,0.13697226474320945,0.09022642061667357,S372
0.07063906364204178,-0.07114256889628416,0.09840019712839354,-0.03436408034184365,-0.03226164878800265,0.036752916070727656,-0.11820707792933194,0.02088139731664835,-0.08481338559165505,0.013254689689244339,0.08441618424328988,0.0029892549371983534,-0.31975352536538165,0.06395838560711092,0.06813544515538512,0.10554961341270598,-0.15913918144974296,0.08674760593861634,-0.21981968341966668,-0.0097665581473796,-0.246432893796544,0.0685058632233915,0.030938807597172917,0.20587272156699993,0.0309899623907209,0.03158777549299954,0.14839774639791883,-0.0909279179334263,-0.03716490846287965,0.09691701108761246,-0.11245909489279526,0.056946278466319764,-0.2160107191532281,-0.027213822286373073,0.17477870272296736,0.04570070219177061,-0.14074844087242988,0.16319268733415399,0.2854851645578352,-0.04278227449118899,-0.019722004938677432,-0.029038386382009552,-0.19655750069791017,0.11060458022999255,-0.07975109558365402,0.03627339692731546,-0.17472271948201995,0.01445975552211539,-0.17895612692956459,0.11609145589787473,0.16490092378720825,0.165839515550872,-0.06223430071031356,-0.13106367809792038,0.10930914627829792,0.11889235170997632,0.08267665814093608,-0.09921409594388345,-0.22684180774641619,-0.1624877427481279,-0.013962956050558778,0.11740394854406266,0.040174589725098034,0.1261638581118013,S373
0.05632610134315248,-0.1297227945288977,0.12466690492487775,-0.03176325583629539,-0.10895395146797954,-0.07870426761993027,-0.13198238178769248,0.13747030516580652,-0.11702493782286974,-0.07207341936453537,0.09735307208104962,0.030866276688096824,-0.29908139843554876,-0.01717238677258692,-0.06995381621971038,0.10157570339068626,-0.027480280892212276,-0.05939446422774913,-0.17529406749100707,0.09344664352260128,-0.20749739781548668,0.14081166031138875,0.2689904379252776,0.10095540429671407,0.0763627018901959,0.00867495045774948,0.0914354594357929,0.01045291962939024,-0.14907702084389385,0.23090810276269064,-0.11020989157079518,0.03517717667548825,-0.1269678582342939,-0.0621873258271309,0.08374015018547469,-0.14458476363341471,-0.16869639580074378,0.057522938478122565,0.2475474302073709,-0.23846616496702025,0.05505728111206089,-0.06693305746826408,-0.1428661683673145,0.29595706601284527,-0.006875124921399997,0.0220881624948828,-0.07946437599432989,0.022617164815855722,-0.10424802214888473,-0.0702423578067887,-0.008196552674144689,0.06505967641982979,0.03804773006624007,-0.04212078259253819,0.054467318352589646,0.07759736062433366,-0.01536940174435486,-0.09535792707143832,-0.15984115395296433,-0.17496485212898233,-0.02601957107447579,-0.005288068549001553,0.11386058154991305,0.10296812062034857,S374
0.015658947424114222,-0.12529169574391674,0.17990389799181483,-0.02043364554954171,-0.14427001179992233,-0.0009541387213861391,-0.13034422637628654,0.07596284676404641,-0.1623940788107764,-0.08988829400666422,0.020976810330766205,0.02594954487572177,-0.22531863661767165,0.038813152497943905,-0.060738171459232757,0.17082092707089355,0.008407892780494095,0.027365786279927716,-0.14532041721660421,0.09657006155324692,-0.17988897141874158,0.1429259151375988,0.20961451222003274,0.176312999268138,-0.0005606618552084314,0.008219148751566197,0.10645198079352641,-0.035110487657603814,-0.1756051359954959,0.15528181387372364,-0.07299286898376561,0.025006740096049328,-0.1565393692548029,-0.09194565562465315,0.05362893172481256,-0.024872319102920683,-0.19975343934651124,0.07824103137352126,0.23508022953426944,-0.12270572521935293,0.15485346750963275,-0.07792629648886042,-0.13460601499855132,0.211985831556689,-0.05116886263311631,0.09070186052570028,-0.036910640933137076,0.04719164520814295,-0.18470458511169233,-0.16803867877648693,0.10952621479565308,0.12261102965670354,0.008164584003052174,-0.03595587733560712,0.07868033610329127,0.09504486624600313,0.05150812756463054,-0.015723084754873207,-0.20851928155976368,-0.17483822870172133,-0.03739259765988832,0.1549057013021238,0.13428778666061794,0.12577489246773382,S375
-0.0014621212562872363,-0.038909172695258384,0.028541834971351713,-0.03859362036217946,0.044590519325024155,0.09577000817244886,-0.08404412338321715,0.062302695496718644,-0.09176930680988193,0.02537647810916571,0.039066586111568824,0.020290750445332104,-0.22592342935884246,0.062020396722606445,0.06582968488085354,0.09365446029192459,-0.1910874453407166,0.057221387385299666,-0.2177904263055012,-0.00930785122072099,-0.2738644292614384,0.06668448043035831,-0.05454220419926362,0.2152646270080434,0.014082119355939685,0.07983941129183499,0.11460459355660778,-0.13630117133208097,-0.11023951095268715,0.13537544311184832,-0.13640968983593937,0.05547488085922179,-0.27649491445657565,0.018582086677735327,0.20295841331140588,0.032925399835814516,-0.1589970719851572,0.1877314318675457,0.2305041563368946,0.0013833248151806346,0.015374712429244514,-0.07137161596056014,-0.1946271053448818,0.14148936202564888,-0.08837210945769966,0.07168456412883692,-0.1352365185019491,-0.010018037618767019,-0.1965139034764591,0.08390933412592878,0.13462564111585604,0.16011649682694065,-0.04305732575280822,-0.11064622214558067,0.10648585722430517,0.13081703427345287,0.07393819929354387,-0.07230156462969801,-0.19856980103661295,-0.16657395329938524,-0.09784527714032243,0.08715842901467233,0.06646934554301524,0.05320850907030701,S376
0.04386288291388161,-0.11044323544103131,0.1438654579448627,-0.014821749168336713,-0.10803755334635186,-0.030591990849436954,-0.10688794102376847,0.10133738433451607,-0.15875817098390488,-0.07746023270680684,0.030613266959149503,0.019970081943071993,-0.2259412688160376,0.037026256417569466,-0.025840270927729222,0.11219840049478684,-0.03320602036002031,0.017875864396535768,-0.15830424417860028,0.11806078457468742,-0.20862066988721203,0.09726597678053674,0.23015959021731805,0.14332433629463198,0.038883730060488474,0.038853997554177545,0.13129455081060776,-0.034471276546172845,-0.1693768949995622,0.19974293082357872,-0.07855831218718012,0.009764247245364514,-0.19892411713911332,-0.08258008667732035,0.06009347479574305,-0.029210581737096186,-0.18079221319945923,0.09971277055573934,0.25144951123202164,-0.1803736034257121,0.17438073305755009,-0.09822907614114222,-0.1811637953351778,0.21487578982089284,-0.06311567450548321,0.06208800542560581,-0.08006828398094777,0.03981004802217173,-0.17400970872448912,-0.1473616702295801,0.05813124527219529,0.104014414135147,0.0322836324700704,-0.04534159013947612,0.08068108977133472,0.11595493332262899,0.02011801716494843,-0.020900556888443243,-0.21193214172266792,-0.21043512936345699,-0.02225639481060885,0.1357099438907725,0.10436665459910686,0.13752419378485317,S377
0.03516632159284632,-0.09191878510952198,0.14751409658250686,-0.00018462254897382116,-0.12767519361872484,-0.05788772684449808,-0.07343050425981308,0.13266085116056434,-0.09543192726240125,-0.10129302273643809,0.0042036780664312925,0.05780522902543004,-0.23486368225752743,-0.0013232568779605923,-0.028951637291724796,0.13808329809268216,-0.02629211978485254,-0.020513657252113526,-0.1679998475669304,0.14518625693780876,-0.19119134793913733,0.18622203421781885,0.27990178269023136,0.1335942326522202,0.07390249760349664,0.01479208443397411,0.11263760728811824,-0.0078018457465926895,-0.1310764198353219,0.23073763164064615,-0.08604811657824991,-0.01241554435004273,-0.1598025809960252,-0.09618075023891084,0.07809458391914272,-0.0778052427275836,-0.203707577885942,0.08355260001454726,0.23580278772218385,-0.21754221333427348,0.09536771978368301,-0.08350889855514798,-0.15249104443846542,0.25545991438636495,-0.030148011140176543,0.08560556197284383,-0.054268580488544334,0.038085203777379936,-0.1286689036585896,-0.16535978874643312,0.03850334087338442,0.1022696232631475,0.03425392583155738,-0.02347639067008405,0.06674593321940628,0.09167637474438257,-0.0032607305721146437,-0.03240752506278248,-0.19667940729556527,-0.18499546679164633,-0.07718714698088061,0.07646322068216121,0.10999061273583012,0.13091125434474435,S378
0.09886773510165879,-0.06258535763719657,0.0807101390972211,-0.08037373509987387,-0.05985651220287316,0.0027973144058151584,-0.13651864275657158,0.047992950877041175,-0.0844702603950965,-0.037119015619266046,0.07273336383209246,0.01227444438032907,-0.32351832790979024,0.11609053003582293,0.03238815647102109,0.08415318831303507,-0.11449529381090098,0.06906484101457226,-0.1654273482758442,0.006686800807924817,-0.23820421191528768,0.0920353867640494,0.06983294260758621,0.20467947553226742,0.01745816887922349,0.01902624906682634,0.10048431786880237,-0.10182201652695834,-0.039645711010310336,0.17295644083991868,-0.11494757319727678,0.04162120098324532,-0.21273552822059522,-0.03605479112087234,0.18322388072596305,-0.029188308047714356,-0.1678790086250325,0.173367710358295,0.29269491299271944,-0.015015329063874993,-0.036478226892820764,-0.0524408672279429,-0.18732436005359665,0.15863628180267347,-0.08864981492011786,0.0029869171824736425,-0.11269688278657469,-0.02084457033954998,-0.18606416021266153,0.14329197876844257,0.15946707993772977,0.15629204096923233,-0.08742396621270031,-0.10388271061104326,0.09390203837007158,0.13699269766552555,0.06477344689539025,-0.12645848051001388,-0.1980397088501593,-0.1427025036148026,-0.02748343381905196,0.13183525925141004,0.05927714833972457,0.12770563651367373,S379
0.010914477472285515,-0.09901058505230349,0.15113190007477045,0.036619854027947624,-0.08733286644092884,0.028095609036075365,-0.15753659800673475,0.07379204401521126,-0.1984169983965926,-0.10965424580479498,0.05088707132286916,-0.003626915525479336,-0.24752914151604619,0.029813104651748943,-0.026538926836316187,0.10799854766438298,-0.017928174060022176,0.023374974773971473,-0.14103107615782948,0.035223632038164504,-0.23832265022704788,0.14317292022426403,0.17007978347716396,0.2459191854436251,-0.0022996750352771065,0.0879917235601709,0.10870750631354745,-0.04426115416368016,-0.15525458001302864,0.1496651980373237,-0.09948835115387149,0.04823483165388094,-0.1324746633827191,-0.013048660062441304,-0.00012098252872047254,-0.004472160666355297,-0.1922356779917354,0.09692065574811999,0.2416410276151057,-0.16160182202721127,0.19099086415681626,-0.07387392702633072,-0.2109151031785051,0.10482404662652037,-0.05330706533715439,0.02152742938281204,-0.027345402878049895,-0.009346432458440258,-0.23211048425534467,-0.10331790597206898,0.07678601721168869,0.11569687238345559,-0.039925293010453645,-0.05703707630474806,0.10048694681099325,0.09557363843815687,0.010425867243078701,0.03666867728875878,-0.26442210586433157,-0.13662924416516445,-0.009964910163293698,0.1454808611465965,0.19310496066855495,0.10781055529565238,S380
0.025895936768572627,-0.12138687377441673,0.14704024618609593,-0.009110723274822437,-0.13598084002786043,-0.06083581777187515,-0.1108684228483248,0.13457461985309507,-0.14699095495796413,-0.1253064699393557,0.07157635902955155,0.029214272676376225,-0.26037565270631435,0.04384620293612103,-0.06036052290211669,0.14573498464098983,-0.01922977589280854,-0.05663155310593337,-0.17420022423577344,0.1118127809619488,-0.18618089917326716,0.17561173901506605,0.25270180018248395,0.14107163481576845,0.048259808369776745,0.027763270146547323,0.10927280614534685,-0.009098172177282954,-0.15435539576033436,0.2111721602492798,-0.09719184660455898,-0.005072395982951982,-0.15903415329684437,-0.06679574596908826,0.08428104456544504,-0.09201194043399082,-0.20835129755260573,0.11109499656686428,0.22514327462708816,-0.20134572075037524,0.07780327053399048,-0.0829250385414767,-0.127066989388646,0.22357046636896874,-0.033750374132418895,0.07884814316818858,-0.026442247338109254,0.039585913285491436,-0.14173563158158078,-0.13245377989938784,0.05409496740017679,0.13692775705573695,0.027637390435892535,-0.0489485304615419,0.06954854013677553,0.10093420149067837,-0.012017246425930132,-0.04670141278000227,-0.18286621428679478,-0.190855305091452,-0.04161181095911153,0.0831444246337359,0.1219133214431122,0.13168584750895,S381
-0.03070887202353317,-0.07248804601741311,0.21529892053560723,-0.01388100949811401,-0.11765079046679722,0.029682156078770776,-0.04765097740800757,0.08229293965323328,-0.13612401745568173,-0.08412244205512645,-0.052562761327950694,0.026155365420188082,-0.2013949808469941,0.030111709922522007,0.01896529825464012,0.15658648914331016,-0.04540237659216958,0.03986546289263564,-0.14687752618959385,0.08098663417771382,-0.1485717740688625,0.11097423654424235,0.19935397765183732,0.13194472061375337,0.02308945858367291,-0.022699372198983294,0.1589350560512847,-0.024571846352345605,-0.2085141611522987,0.11319532329930854,-0.05363611210992051,0.014668806515187373,-0.1635730900245556,-0.07952354819903447,0.058190584480211326,0.01349266062679568,-0.15254709789691764,0.11995790743788379,0.18356168772854567,-0.15347651255093062,0.16788721920479324,-0.11556427374296863,-0.192253315467051,0.1921336969388975,-0.0618852993568449,0.16663698132388177,-0.04761742486502018,0.03513931867330137,-0.1856378926411093,-0.21118075858398958,0.1350017117196163,0.1557835276341462,-0.005082502467046443,-0.05587093638492938,0.1378887739093747,0.09172021028396468,0.018930083530271116,0.06279100123479774,-0.21293472793033927,-0.23061222582301694,-0.07083137904572634,0.08732265878363457,0.14353809648628915,0.10522825923099267,S382
0.017622912478327528,-0.14289560085191455,0.16499155235543206,-0.025103074146364503,-0.1303998939640994,-0.00858555761535534,-0.10645275580532676,0.0750681493946892,-0.1080609783369625,-0.022021924151020757,-0.04474565164046421,0.050328673428318094,-0.1390107281018695,0.03146957547161339,-0.021590153378106512,0.1672437290827721,-0.07829866918077252,0.045333414232510236,-0.16685688038184945,0.14947220324539093,-0.21375328892507695,0.15112958841805535,0.18887911230736767,0.116473536341093,0.018570513849909945,-0.030217864178694615,0.14721181739194494,-0.03508743325504652,-0.08073222045353484,0.1293231920281957,-0.07311386261782274,0.018509402189153118,-0.18392215532258535,-0.1156088027109457,0.03940625720859647,-0.018244833162821255,-0.19994460519633744,0.09916911357212824,0.23980732449523398,-0.12332895100108723,0.09763249575253895,-0.05941476774238536,-0.1366089328716522,0.1948728976331525,-0.033039844747814934,0.1545386813514111,-0.08268025908300015,0.033103705246640094,-0.20350516382140882,-0.1408940517247955,0.12863424640286655,0.12932014191790875,-0.006035110554272277,-0.070269952032085,0.08305909860286839,0.13672302997110597,0.08684263172309888,-0.02129494128249836,-0.2584779750535083,-0.23744950037883591,-0.054149274410447854,0.14443616501245635,0.13279472471261117,0.13058031755134908,S383
0.006811844409209649,-0.11616585085880919,0.17159516906279737,-0.04048751423979676,-0.13046659125952054,-0.021459909017669487,-0.06875251485682132,0.08331563262484164,-0.10275619304643331,-0.06907732680259472,-0.029838485671395108,0.0556934868006701,-0.22228253517935578,0.027261111843260463,-0.023949704271878806,0.16002532588750085,-0.045704463544126814,0.040914763438797366,-0.15584326681904492,0.1106626404049171,-0.1930858026323067,0.2014653381557125,0.20183452578666644,0.15320944293204233,0.024638012528119684,-0.031087819020949477,0.12717114403594532,-0.041127975116218775,-0.17899749421657085,0.16375476263182062,-0.05903479090788884,-0.004009773642991636,-0.1459996882384004,-0.10939569393331822,0.058936882494976556,-0.014520656021468957,-0.17520520481357588,0.10089712608710366,0.22564819218740126,-0.1747900669096315,0.09773719006219915,-0.09332171789769643,-0.18285350284449736,0.23192177732820624,-0.05173928959179323,0.12143742912976217,-0.055639382334675774,0.04948784186604681,-0.1706138815966639,-0.15193541787380074,0.11454193121396153,0.14012322608812336,0.014472173376913446,-0.05158109401241111,0.08906464057937767,0.12396224321683914,0.035323408645291245,-0.029279901189185383,-0.2221728390763289,-0.22362750193391803,-0.04559928976588,0.09685035343133455,0.11735343647596082,0.10071736679916093,S384
0.00805038531543056,-0.11700913553121195,0.15001729281490156,-0.008883651837703961,-0.1280997564252376,-0.029240231204890808,-0.0862236006748606,0.08822235401659625,-0.0937135984547429,-0.06441538287956096,0.04203839880937597,0.04895614057459385,-0.19923838667368649,0.01782951186786708,-0.018871428694521672,0.1555964231374452,-0.05310641886380976,-0.006595590278791906,-0.2111458258699678,0.10694682299786645,-0.18617292138737532,0.1517241672947038,0.2192316630785376,0.1146650656020516,0.06860247705535617,-0.014385229312868746,0.1516875038672166,-0.020418033402573015,-0.10794288761704211,0.2027482450851387,-0.10148978690752719,0.0008246940893573513,-0.20368998272454708,-0.1011662795660471,0.046239710744953776,-0.05384194988477726,-0.21032234602775352,0.1362377199940864,0.24927183845681455,-0.16848211039897165,0.048824133788631416,-0.08697510571924072,-0.1411803265553699,0.21675842014930882,-0.0484477828238145,0.12885633114133685,-0.08809657580847421,0.03112279661218943,-0.13618452153713348,-0.14423391342695197,0.060982363850343654,0.14837929349310722,0.02161034542635389,-0.04808545375496468,0.07644899580950798,0.1242984304116087,0.009732890213153458,-0.03311511737388376,-0.20650629821698893,-0.24310259758654382,-0.04937168220693118,0.10149906629487944,0.1319793281341458,0.14865580111472698,S385
0.025959044499498606,-0.13251376786318692,0.16233624712451752,-0.002752759703570378,-0.08341034640089919,-0.05244430938070472,-0.11298542341688442,0.09070135253333876,-0.1114132755143264,-0.08184872510998992,0.043004431548245875,0.05606177504941438,-0.28532402370678095,0.03488731793147973,-0.0190859477266684,0.09369560001503169,-0.03668268037845911,0.004941018118124833,-0.19014776790137733,0.08162471364607499,-0.18864929162312039,0.16472064870658176,0.2157854068433479,0.15707570554687847,0.02539981493064767,-5.25201432191372e-05,0.11744445127091721,-0.0413910229760494,-0.15169673510959217,0.2168133955326835,-0.10456062667512343,0.01305217981028077,-0.16679421585734294,-0.05864302280358274,0.07782095501708389,-0.03397379901877662,-0.16358668709614235,0.14623977893409762,0.27234231427131,-0.19146770435573351,0.06332002171062791,-0.10972600911661193,-0.15018055831566257,0.22596725255313774,-0.05745219816440091,0.05067148379528961,-0.04843336634062056,0.026929212553832592,-0.1521389461708703,-0.1306650557818534,0.0971547631635197,0.13178714340041028,0.016269388863313347,-0.05818573432948834,0.08166921899406028,0.12005954150338895,-0.023997381022884953,-0.059683130857831744,-0.1920615711509385,-0.20930272950762258,-0.042991382805829564,0.09542951986048342,0.13475166491641555,0.11459375515590385,S386
0.01527976821579953,-0.043260412495883915,0.07619944279891053,0.01670642870062052,-0.02627170709545019,0.03364522209361935,0.0005535703742628889,0.09197953270451865,-0.08230942013260581,-0.049026578824540375,-0.0005697856819208607,0.04366164316709014,-0.23278102450632324,0.021947074087174383,0.11184543969206641,0.12440702208662825,-0.11821237637040882,0.16801212919206793,-0.18220454322449456,0.06580168163659507,-0.23215095922675394,0.07055174015220035,0.11042648514878176,0.13214506918459804,0.11381077279480106,-0.03983986672632621,0.20334965763558496,-0.09156643594518864,-0.12371024276990018,0.12341623704630603,-0.10367729281345658,0.02652353438271721,-0.25516770294657115,-0.07839071590612418,0.15537623191953087,0.03254268248130486,-0.13911383805496405,0.17616118078655682,0.232215187144278,-0.08762692340118212,0.09113025982594627,-0.11665076168378588,-0.1816195081863894,0.17516546359692736,-0.06081825130365969,0.18332968165888777,-0.14349876691357613,0.008465131178312803,-0.10638291151392479,-0.04642201121694896,0.16403422833877257,0.1725295407602651,-0.034466115610447885,-0.08239299904322095,0.13956209046377277,0.11666208384858945,0.021350692505231996,0.0003269027910800116,-0.20524453316516414,-0.2353360441667072,-0.043930324492686725,0.11670465505823055,0.04848286083025373,0.12875091507293857,S387
-0.008388179556499445,-0.05362911158169405,0.220821184092131,-0.04408506998054617,-0.13443096624754938,0.033973423055981083,-0.04634552142813085,0.0729815657659822,-0.1087254347296893,-0.09282602933209111,-0.09222202341115565,0.024527574593139104,-0.20009115690817536,0.059159732215326395,0.03869908507581201,0.17072370021840738,-0.06489728126544753,0.05607919732405203,-0.13870319691178298,0.10929296844857499,-0.12506464329619488,0.12617557458228976,0.20635872703959324,0.13684804338583637,0.01137413842322212,-0.020882013226496157,0.16555311910288176,-0.05231817690523337,-0.1723786132995921,0.12303814772096174,-0.03999966150585146,0.020367188579619694,-0.16478805180750575,-0.11018285817352806,0.059474116792686944,0.005837857234397037,-0.17818162570765392,0.1420320970024415,0.18063623067237014,-0.15215499668761195,0.13214155022454363,-0.11046450808839603,-0.19519231227712555,0.18641398512442972,-0.07844830268103378,0.1887584465885119,-0.023603019595637847,0.028344804569128527,-0.18619883520583255,-0.18792650825520257,0.16291183136047926,0.15816212106725955,-0.007132414544127998,-0.06304646632315494,0.13242682159283434,0.09934359746319218,0.027002803290282415,0.04026628152108104,-0.19593170772060925,-0.21138615333812064,-0.10358002097958516,0.0971334747794056,0.13073388053841695,0.08962812267971818,S388
-0.005769608894150732,-0.06722141029735547,0.19890979280116775,0.030285189185817046,-0.0697742311836378,0.037704543158342936,-0.11010887875847489,0.04440579264385488,-0.19202246375190082,-0.07475106291366705,0.0412809020001125,0.016277654165030808,-0.2677278799973152,0.0344035297779242,-0.0018584972405810563,0.11429479775449249,-0.03210121354763156,0.056531298571231924,-0.1617249070531139,-0.001613674838126971,-0.2337251734002725,0.18417502697036175,0.1450555674218364,0.24606436515056207,0.01409455947956524,0.055671949263849746,0.12953680954347338,-0.02811377688814566,-0.12625146887610023,0.09633827065563576,-0.06507021977030954,0.07531695786520855,-0.11068346932091622,0.024761536432534745,-0.00928260369265111,0.027650343138950047,-0.1929492780893524,0.1425993074160187,0.24120058070190048,-0.16072679304595205,0.14911865318385853,-0.06174864070053099,-0.20813258826648554,0.11784947995174809,-0.0374009361478796,0.03677591972155596,-0.07801309956081193,-0.006041309033901623,-0.22672146474663477,-0.08198062853318522,0.09000677069665898,0.12280493393193609,-0.057143465781374324,-0.07508782878922568,0.11099610175709085,0.09924359739538503,-0.009483128385704316,0.043986375068061585,-0.2758633243081789,-0.14096222549053466,-0.02858327315433551,0.14938002870961944,0.17649334003269623,0.1198081389127907,S389
0.03224717076131083,-0.06215987632953215,0.14305968198891866,0.030188543132331484,-0.08755562648414626,-0.05678358398071348,-0.029936334340983316,0.11802739025752423,-0.08007576420010112,-0.07567220510909081,0.08394556416945008,0.05825882659146756,-0.16233491989481033,-0.01596533183902305,-0.0071926268273236555,0.13117019449185238,0.010395701835781996,-0.005824465117046317,-0.20112683419125857,0.13081929700045006,-0.12087774625791112,0.11643330357482609,0.2768208947905958,0.09558337128300852,0.13281476661453503,-0.008086288593905203,0.14762207722507809,0.04388518273452451,-0.10471374987147555,0.24263384617177203,-0.09956197394945926,0.01823422026420019,-0.22333805130403267,-0.09720679137532025,0.009497363524321773,-0.07393165190232494,-0.19467742139209304,0.13747305893147996,0.27867602090808236,-0.1683025683618748,0.10373384760965121,-0.14589644192007692,-0.13629864459493524,0.229383766474491,-0.01735483960019108,0.10721665847719164,-0.05451546513413503,0.023370166713181744,-0.07071937446808865,-0.17904082047104788,0.02509994961326383,0.14036226835392,0.008148038063181349,-0.014881903371108228,0.10019564008997069,0.10921741542142326,-0.06162180214815073,0.015091417350891327,-0.18054852466583202,-0.24527460744081903,-0.06759467291055056,0.10100332962990537,0.1020772435049487,0.17197898569439038,S390
0.013228482553145932,-0.11588015713711336,0.1425145480413415,0.026513254639422064,-0.04148391965086855,0.023446006076199757,-0.0895161506981596,0.0657033816488236,-0.17485091415648768,-0.06167318858662973,0.05133744884984306,0.02179672476332393,-0.2830843089656889,0.056397217407305904,0.03309971825861985,0.11078219294411078,-0.04618341490083051,0.10299300798762964,-0.19120185871208592,-0.012222134514871422,-0.249745538319263,0.13222370958423363,0.1077469965675898,0.20261901529688753,-0.0002671518422962957,0.06163193777778719,0.14858242448202058,-0.06251934352384232,-0.17230286380644474,0.1368441198010777,-0.08969513175838469,0.05999846088183325,-0.16387857940871903,-0.012774757843429978,0.05029199513595257,0.014914088411410892,-0.15350512700339786,0.1302863232582681,0.2468173652604643,-0.1493813229970793,0.15495841759225218,-0.10711367379373317,-0.22216123434265309,0.1484094181035118,-0.02904113921768793,0.06297198345710499,-0.06802809991575288,-0.012281385883860732,-0.22945894990397042,-0.0709604785861148,0.11447198380644158,0.12403271615780119,-0.047248600258852726,-0.08132950071881696,0.11943615420048405,0.08462767751362393,-0.01617677959893648,0.02661080909054332,-0.24746229877819048,-0.17568531345972926,-0.012815485528460105,0.11579673191286315,0.14790228918152734,0.11471935896386273,S391
-0.00956755997072214,-0.07856112811790164,0.2399790711060495,0.0016466263356489732,-0.13795168717819928,0.01282344406478234,-0.05227085829318027,0.10706575429997997,-0.0925558581955487,-0.07577721865690444,-0.044821522979336705,0.029579070104356408,-0.18397449932336593,0.02664255780236048,0.03195577929865962,0.1787799676622244,-0.08330664883111012,0.09101214583667278,-0.12306602286209394,0.1142133763222221,-0.1235739447507219,0.1521341437980236,0.1738917684527568,0.14648252970621461,0.028713621111039714,-0.04751569425083172,0.1807833760592775,-0.06260164363668712,-0.15781990697043535,0.10027674446000089,-0.046081554151628235,0.019331200064866425,-0.1918004496858722,-0.09457594830666602,0.029835986044110096,0.033972732214435045,-0.1648309916889567,0.13307998288051845,0.23039063097240628,-0.09063467907791817,0.12801424137243322,-0.0740903718959223,-0.15916354488589637,0.14076456236270454,-0.06938520264036921,0.1669561572687015,-0.04334668976382075,0.02303847588834373,-0.1733918671500106,-0.1703994051295023,0.1954536161993576,0.1845276306117624,-0.04049892532853095,-0.057565870628391226,0.12043831692366665,0.0994841461888898,0.047116475585196355,0.02945137694090356,-0.20513917456608508,-0.19209197223644367,-0.08337871985685522,0.16650491064945874,0.13558575620455118,0.12785286099023915,S392
-0.0217966027702009,-0.07461910762664428,0.22992790744414282,0.0033310014217252343,-0.1436229227555004,0.043603593571835644,-0.08127051800749482,0.0880801884774013,-0.13390965298819493,-0.08190796041201305,-0.05923549156046681,-0.0012276590406182348,-0.17462347049681717,0.021480929056413703,0.007262951302388202,0.17241972041990974,-0.07315350426503679,0.05850997619685136,-0.12788093885501087,0.12228241405091167,-0.14812441732288095,0.11189935240937719,0.2077099053427446,0.15920733089619635,0.03460906636903225,-0.0016175434367594417,0.15836429309814096,-0.06188199887398845,-0.19025979330856815,0.14127066455264742,-0.04863178850001639,0.016794001864865033,-0.1735410584441249,-0.08213342900928813,0.021486929680511715,0.016500819375161697,-0.1788636179838721,0.11078296302925388,0.2169765602519081,-0.1110585834176865,0.17755774911010244,-0.09031595019744984,-0.16308032868491676,0.1588181617380079,-0.07460239578550244,0.1688082128675574,-0.023378272604228912,0.012880491458488347,-0.17852197608940243,-0.18969982706248537,0.16217357831426168,0.16062577572934475,-0.0063060605279878276,-0.05680182095027825,0.12565508960636204,0.08607893262204293,0.04327835063579502,0.07150307181212073,-0.21539685664442806,-0.1632554470247032,-0.10651626877251347,0.15295321323666555,0.14452470712981666,0.0999256574134518,S393
-0.028460443792475646,-0.05969650676040433,0.2586396930543119,-0.03889550270906031,-0.17082545481026049,0.02516438154744268,-0.07787100541242586,0.07280675043069436,-0.0975273062151756,-0.0708354771140274,-0.09071817393059953,0.016225822687038073,-0.1904242580577156,0.017763953068923508,0.02021835250371037,0.17984355266055554,-0.07764163781838325,0.05047949526768977,-0.10781944074666332,0.12320339127321518,-0.10575342722630568,0.12522095160253266,0.18758194889894128,0.16771208644526958,0.017816904035975353,-0.02714053446024774,0.15237615576560845,-0.05869917089474684,-0.18148391321197263,0.103078950249966,-0.010975694521878793,0.009097983949392366,-0.15283717862030563,-0.08609058016086968,0.011394033791372748,0.03215274204357985,-0.16831364459747966,0.15241770799174295,0.21985853462608074,-0.13050995328699858,0.16927417332832398,-0.0856826378968185,-0.15523768501196103,0.15589030943670468,-0.09961124358717,0.16977583236626617,-0.030394492358565353,0.013200776259571613,-0.1622247324590536,-0.19194970430990374,0.18712968729755328,0.1698513806850013,-0.022285826594524993,-0.049349263218846744,0.14157122975310546,0.07929700813117888,0.04451200355667623,0.07036016312248008,-0.21131736970636514,-0.18863571550144342,-0.10707368854896301,0.15163606849862535,0.1265856320564244,0.0930190426246071,S394
0.054301346481277435,-0.12785868928535912,0.15772210365369757,-0.015430692445597942,-0.14426112797286533,-0.047355904577091656,-0.07387917861966317,0.10612783366043936,-0.11360170227351472,-0.008831895832162009,0.005878033233636114,0.04240487354008784,-0.153802689734284,0.012660353772943615,-0.032810657387447366,0.15839037622242252,-0.05619497085294278,0.024655279755093427,-0.17067412624639108,0.15253281054851403,-0.19726093330165684,0.1221421827809899,0.2508220054081113,0.06606627606760697,0.07761585076463973,-0.006831213128790988,0.1577214942905649,0.017207233514127302,-0.10470124956816432,0.15722201205964786,-0.07214592779138973,0.012816502940271911,-0.20367988925082312,-0.12565801035191465,0.02864601678548972,-0.042883510135306835,-0.2340172370143091,0.09826258762777247,0.24782949889550854,-0.16862648954078222,0.10143260730830571,-0.07116959263885002,-0.15766216615431375,0.21851400652305653,-0.02623792634971762,0.14454886491085525,-0.08745850995385193,0.035420552101414496,-0.17092621192035576,-0.14805669276257466,0.05328927014979725,0.13068490357816903,0.013468467326598819,-0.0537275409061409,0.06950692664427034,0.11973083590863692,0.034491781939213324,-0.00271096016238417,-0.1883052712131758,-0.24437566982549652,-0.01279685111465788,0.10682027384183326,0.09746745973788792,0.1749841809330759,S395
0.0412394228124416,-0.1328329274273324,0.14678513281656594,0.019147295071087134,-0.10259369721344937,-0.05592090886158523,-0.11501652663948876,0.09337660911463364,-0.12890384760881254,-0.05695162426792063,0.03559561361237265,0.05125472376766844,-0.2607385488059187,0.01655616586103932,-0.05807987615866902,0.09964609869825172,0.0031429299336082177,0.03748313228748462,-0.15965295976101757,0.10732179835777593,-0.2669635253351427,0.17850174664715848,0.2513476631343816,0.12423213625464818,0.02964173060842084,0.017638643398263185,0.11905316492234386,-0.02140774292356398,-0.12859366792747337,0.2101617024646996,-0.09471913580105493,0.0459522249358412,-0.15348317090560734,-0.06530144406160582,0.034008802658487824,-0.10998287401605832,-0.21479734761362362,0.09838031524978595,0.27883906604613645,-0.19007025305170103,0.09138149885454659,-0.07286166345123297,-0.16423295083235817,0.2072175468671904,-0.018771121699874792,0.050173645984710365,-0.06703003415956285,-0.011260148901371243,-0.17483555620846591,-0.09302455082719392,0.01100844018090861,0.06990418955566748,-0.02340902285305498,-0.03248541067192836,0.05846993793731617,0.10678575328560702,0.03898475369722288,-0.06913337669897493,-0.2075620645079103,-0.1946192442898151,-0.02923055903687074,0.04476696970864654,0.14520131032174985,0.14364334907429047,S396
0.09067950507152235,-0.06867256299327774,0.07548280391347913,-0.06723613146489804,-0.04903048969580248,0.0002945467690039996,-0.12575699347256733,0.0657967232468305,-0.0736982996998772,-0.011240818443200375,0.10813169937620866,-0.011555762239840475,-0.33380174927183,0.11724863119772842,0.05752768257204106,0.07322008049549064,-0.14026959607919695,0.08357463454510841,-0.16754890902766306,-0.023989673551743182,-0.21140192768519428,0.05399754060006761,0.0550383209115841,0.1837846203968733,0.04456288230568119,0.013661387616910317,0.11996053011385378,-0.09942966861284683,-0.03641136310550965,0.15375279159604255,-0.11885170612035616,0.041666298378296454,-0.20352869627194156,-0.022642536174220376,0.18921131044665912,-0.002300605636387399,-0.1234695224385539,0.16758210276905983,0.28279657911621947,0.014699468634391004,-0.0620059399932645,-0.05983694524169308,-0.18156427584075094,0.14252671763096375,-0.10703452654507568,0.0067545890306266575,-0.13985183550240168,-0.00562147956553041,-0.1750873544079429,0.1778370897640097,0.17102826361613113,0.19618347413018933,-0.10863943642086683,-0.10209473126231758,0.10066177889669312,0.14186965943331173,0.049315278568639896,-0.12593055704361092,-0.15118058455241024,-0.1619235709921599,0.0061097444163863875,0.15475956178367317,0.025482267072507593,0.16424963490062322,S397
0.030599709379027076,-0.11284405092273088,0.12580147431414923,-0.01008140953798888,-0.1005259396368828,-0.07822241099056414,-0.1019053838464869,0.13166608854325415,-0.11142154298474316,-0.07097047598098999,0.019004284874372508,0.0688553744980148,-0.22512245501049044,-0.013600130177385712,-0.04708885485655279,0.08971740487219045,-0.03476180748592867,-0.020975649257233456,-0.1762466704785541,0.14215831957672462,-0.19650228472621112,0.1688342791198839,0.2284948416274151,0.1368058019274992,0.09870637682444448,-0.001962566778888388,0.1185896862470983,-0.033521737416542956,-0.15976813100137308,0.25743197872158236,-0.13733338229036976,0.0008504051822720659,-0.1776331614603278,-0.08088645309301856,0.07100211965913066,-0.12234200227913579,-0.17096324225973591,0.08796244145376143,0.2575691067574776,-0.1946042749824986,0.06675432528666875,-0.10545453224826527,-0.15655725481683536,0.2424901020676157,-0.05207642128296002,0.07710852951667745,-0.05170484741937345,-0.01168174366229876,-0.09088410781200293,-0.11123619213171469,0.05684321726829566,0.11838491441176946,0.002895290924306889,-0.036970983051531285,0.05555212435424086,0.09695149866674542,-0.0016949963430546151,-0.06957044266278038,-0.20867434275262692,-0.20800885071543368,-0.07964695160951911,0.07279631061616203,0.10667197889889235,0.15563260871827417,S398
-0.00046916310794139295,-0.05125510319599087,0.14317215435982963,0.0052405994750902105,-0.07843889614106442,0.018838099320696095,-0.048203976935257825,0.11624866945566825,-0.13266979422230632,-0.0671913115203062,-0.021778735297505666,-0.0009644987923904649,-0.2077820326112417,0.03859790429223624,0.06628863450461914,0.14196841325883763,-0.11360701707835916,0.10775391791804846,-0.17711419392220476,0.09368963754378709,-0.21068518242085318,0.10459093246145969,0.18300751436178747,0.11747200161720311,0.08367193405904022,-0.013110125978574676,0.19521289097424196,-0.06190511979333612,-0.13861337173608523,0.11946096991037354,-0.0838740595463334,0.029974639909875467,-0.21339515727946917,-0.08550088121163298,0.09637940413830283,0.016490270005234873,-0.1703873086216867,0.18339863321885708,0.21488607213157743,-0.14075906580180675,0.0969804817612057,-0.09379197184608062,-0.17150488474345532,0.15939475164304032,-0.04161046888959002,0.19896487953458042,-0.11273632075244464,0.022963941309243226,-0.14267768265188913,-0.08199919255754741,0.14328593296112407,0.18666024379045562,-0.014686533828176822,-0.08146177855957337,0.14288867081346185,0.07985302826732271,0.03270076999025053,0.025510330649619817,-0.2077322322025948,-0.1780733656729957,-0.06355640560701914,0.08913834380116713,0.06912349654384478,0.13287115823877838,S399
-0.03205246116844218,-0.055986121739908856,0.22527371930616827,-0.044322935894280394,-0.13603286539500786,0.02891440017304424,-0.0599799181836863,0.08075651597845633,-0.10455820017670583,-0.08953406904277068,-0.07780004461721761,0.011386361099753398,-0.19535292503832777,0.04237744619997605,0.038131378312641954,0.14126632017125382,-0.08776906724926702,0.029802045746887544,-0.11975612690004558,0.11064923801522529,-0.10699652921444511,0.1266998119702974,0.17496591719234236,0.15093969040533167,0.014882265198502557,-0.009392410868971185,0.1561720510426389,-0.06260647980325043,-0.188962636674132,0.1033001693148815,-0.038767343180312594,0.019782208850618425,-0.15619094433222286,-0.07386780040508097,0.0491100470786233,0.03721614600814911,-0.17736762593684255,0.15317740958402212,0.20018530384799765,-0.15232303299436442,0.14109426641632164,-0.10097796818073608,-0.20050050482550796,0.15740924715565202,-0.10694729838679573,0.15581311434280756,-0.022715086518751777,0.015701137874660907,-0.1756395883553126,-0.18833115522655433,0.201912509840538,0.19356637679036692,-0.030064564232858484,-0.05694320255335268,0.15646955539417393,0.09518641141278558,0.024816808621294005,0.06359437389092666,-0.21340362728485274,-0.21029895190223333,-0.09936209692785351,0.11406892017518698,0.12092190454492109,0.09341124828532216,S400
0.07752112724820692,-0.0603308490323553,0.09497106090465898,-0.04761436645642265,0.006590578933585878,0.03283811389284499,-0.16821040209545865,0.07603285229226725,-0.1158621307500542,-0.008213322088057931,0.09877561248066631,-0.017812028029471526,-0.3571568441094629,0.1217838877544355,0.04718671778537766,0.08678853062185223,-0.1484027215892859,0.08751834637438777,-0.17443470135150368,-0.008456500622600923,-0.15233571898148485,0.08148130891412396,0.051603053956201766,0.20086742238335856,0.04039020210054069,-0.008870172975976367,0.12261881122634183,-0.13367595162330806,-0.05079630101322862,0.15519489906181635,-0.0922934948618411,0.06486983417601233,-0.19057039313997778,-0.03324678506944489,0.1969145453407828,-0.010587674723254989,-0.09512929424961168,0.1886033546247865,0.26045535528868025,-0.024610785997758972,-0.03690966157534246,-0.06743310001107099,-0.16545304494761137,0.15587364416018312,-0.06810297864229119,0.010438920568788052,-0.13234859299785295,0.029714548606456455,-0.15045329635804633,0.13530355615315162,0.15978443770366788,0.1958872474920765,-0.08284631725899813,-0.1371259875914508,0.11965159688084986,0.10338740412016287,0.07347756332870496,-0.15576516646244598,-0.14626319926965733,-0.17244245325742064,-0.05221155212583412,0.1612379157625814,0.021897555852333158,0.14360655756505006,S401
-0.026447767103342835,-0.0732335146385524,0.24067363568629976,0.002273812901280532,-0.1677871917645153,0.03548713909019953,-0.09470087231054303,0.07651850742462334,-0.12075534164871905,-0.10983632902559108,-0.05727540947003162,0.01869895465925352,-0.1880759578608591,0.016047963957974205,-0.007959899248591239,0.18474206573269772,-0.03211381477199456,0.06224342681031183,-0.10907398798964815,0.10426817925591803,-0.1507182392105607,0.13141546816256516,0.23568947344161295,0.170836722892757,0.013229429821596039,-0.016652530150362648,0.15479024390382687,-0.04808511605097138,-0.1932093982587522,0.14311135326570118,-0.0407353617941354,0.008115059267136137,-0.15570456466316523,-0.10498277032340166,-0.0014169022704713834,0.002232890862775452,-0.1678401090348957,0.1087606681958144,0.21182692576001572,-0.12147559771859191,0.18738154372216415,-0.08455385329322447,-0.16551565971930224,0.14923967358696977,-0.08292090618907631,0.15633258729429136,-0.027791025427068912,0.007570779890297374,-0.16553403234835457,-0.19308139436085775,0.12975993966167867,0.14072629021366242,-0.019935369487348486,-0.040290320529300976,0.12371656889485262,0.08454658350501157,0.05108870530559255,0.06403180284306177,-0.21855436792933455,-0.17631057577272213,-0.06502451305263034,0.12645890443894459,0.14740545164245386,0.09251467366719221,S402
0.010077962106448743,-0.10195872394575053,0.2038689246658425,-0.01139356633280601,-0.1263198827961233,-0.012556099460825525,-0.09083132188892495,0.11717151205973592,-0.1114357053339984,-0.11051872954685893,0.03491792117593001,0.04844662391769359,-0.2647396439711948,0.06657466262347618,-0.00658798956912602,0.16616647490425832,-0.04346424235279736,0.03566018535465008,-0.15272552132201223,0.0787733686750869,-0.16389466895690316,0.1737616634892881,0.22233604161514745,0.15184958144570687,0.03203030799934244,-0.031831427555690135,0.11982059729043472,-0.04947211639692832,-0.17162895665973532,0.1643071668329964,-0.071937834371298,0.023012876292715978,-0.1639706321062791,-0.0895746097341418,0.0872497491079811,-0.015886949196218955,-0.14172228607294401,0.13360750116907033,0.24777228718196861,-0.10872852342328589,0.07770654079242566,-0.09262274822779082,-0.15921382489006508,0.20657559385825808,-0.04024071079656797,0.09961776125224281,-0.032500558573014565,0.04370808086662183,-0.15620800491683268,-0.12708719909620217,0.14982440873381803,0.1855854335700719,0.0032493942608016056,-0.06499573441774086,0.1153603951679972,0.08908940406294456,0.010063708537769143,-0.020097826447765647,-0.22040150339177933,-0.19861047006912105,-0.039555887343975776,0.11220638332992186,0.12495189286626329,0.11829096220164383,S403
0.0564677893794693,-0.07776107140790324,0.08313040755493531,-0.07979642730337609,-0.043665218753993,0.0353486994283409,-0.11324921595611875,0.006152383320685555,-0.07082615331863741,0.023184998612986545,0.05180304349514192,0.010024580982661414,-0.2604705461078493,0.0715430445772498,0.07661073838962551,0.10948671336101082,-0.18076918658914187,0.055824797409686225,-0.21848147037664445,0.010494587400821466,-0.2447031964554227,0.08539258045639583,-0.01717772797244127,0.21590443137893453,0.004118132452127577,0.05664190287708379,0.10488431609652278,-0.11463777040383714,-0.03804521993869089,0.11188575025775047,-0.1117979178073336,0.028612747846964152,-0.24270329637168409,-0.0344367864715019,0.1584784696146658,0.04719470691562142,-0.16661304475814592,0.14829646731626406,0.28601846824661575,-0.03515193588028114,0.00566533438619206,-0.025350360242866816,-0.19541466707953764,0.1238010115552798,-0.07680027751727776,0.03975652737352205,-0.15986654494454047,0.011962784548864324,-0.21009975009748083,0.10457564688207346,0.17752751182781226,0.14768900755513656,-0.05229834820849649,-0.11925198900069796,0.09272528258744157,0.1369898941332373,0.09247768234437918,-0.09790718434203594,-0.2541532556643999,-0.15687184560858589,-0.02849454216292942,0.16134100118330585,0.034625315522700414,0.10796753381812041,S404
-0.043655177593852894,-0.08825662809978396,0.21748524656201565,-0.018476731969028864,-0.14528346462947364,0.022168575712461617,-0.08821496541233816,0.09476159347881646,-0.10811966367670041,-0.08492610391147712,-0.1041619883816723,0.024255076744644173,-0.18886989973869484,0.026800512018284553,0.010709105248746366,0.1727070241629132,-0.06673494761934555,0.039960107196697486,-0.10522950880376569,0.08645757763326602,-0.1452863949910781,0.14209516988293147,0.20443538420049034,0.15943735917602922,0.015233123933898661,-0.004196768382299104,0.15849349295908352,-0.05710010262438389,-0.20931955626538082,0.1272411272941005,-0.04526691771861399,0.01798537761769051,-0.14528929442108823,-0.08808947050597485,0.03842241296841297,0.010767271298622786,-0.16558445034545977,0.12677744640950253,0.19568728182160572,-0.14148788879852872,0.13318438793689755,-0.09834856337903072,-0.19049547605416672,0.16876814388162253,-0.08460348900655505,0.1747330479581687,0.00022566497654669465,0.01118387104010386,-0.19411774921448485,-0.193765375944807,0.16612412039040625,0.18811186294557672,-0.022243505058696142,-0.05058340006180499,0.1373113751841739,0.07486947514829172,0.04681698458478545,0.039530669215430025,-0.18821185176746785,-0.20018160509051006,-0.0950267700403274,0.10907480147529287,0.15091992021086584,0.09282248637939754,S405
-0.018746485700406646,-0.09240587829954063,0.21817431600362414,-0.021295769666343313,-0.1423245021074132,0.02348833649411375,-0.05729816767546969,0.07438799702039635,-0.09449449788307766,-0.07575174908599297,-0.05586967084248999,0.019692165940068628,-0.253977328917206,0.039021928787112935,0.058567738922158635,0.18696367612260273,-0.08362148131465065,0.0794006042351496,-0.13130853446810056,0.08141741122921872,-0.10935171610246101,0.1683300872377971,0.1939050003664142,0.1567005765201222,0.013898286491762425,-0.018997846046347303,0.16903896015820885,-0.07340994005496196,-0.17895541360411282,0.10796949933809874,-0.01252776078005782,-0.00028547933164941257,-0.13685064487210727,-0.128172584904192,0.06297335905785584,0.025856852036101958,-0.15879084066677662,0.15120384900227957,0.21535872842054132,-0.1362862210404704,0.09780798590555106,-0.08475634438816575,-0.20287854382023038,0.15331248557848218,-0.07475702124393928,0.1557800504975176,-0.029035428893122446,0.025114227578572384,-0.17641824295819505,-0.14153520408019052,0.1941638247493154,0.1967296645267293,-0.028909128616732394,-0.06578175615507015,0.15146978028599384,0.10117709272700512,0.03806135629569514,0.02541411067788339,-0.20330763313353312,-0.1933637046283629,-0.069184697013178,0.123273086181481,0.10913151018653669,0.10149275386256315,S406
0.0013738458006509772,-0.11190946448597035,0.16228159035617842,-0.06132389614894645,-0.10012797071898002,-0.03305853726170054,-0.08173436805614413,0.09375336752263026,-0.0720151581892783,-0.08477509873769143,-0.042308730742492404,0.03817089693061671,-0.25027395977630157,0.06096740409484623,-0.02118102923367985,0.16009271637870814,-0.055647787255383836,0.004254691711272141,-0.18792613368816205,0.06927517088906102,-0.20593814918478484,0.19367479436180116,0.19678955722790176,0.15230143024986334,0.025111404174656293,-0.009286553367337793,0.10862481827430165,-0.040720973290646285,-0.15963408783264735,0.16296825501481177,-0.05987758066189446,0.01673469174171748,-0.1466995737258754,-0.08816368478382992,0.10279013810860796,-0.04548224060332221,-0.16455575150663249,0.1204001381620232,0.23405897318726818,-0.16297721953535285,0.10063718690964127,-0.08596784915401431,-0.15377839657923764,0.2503495098783359,-0.043479284877650695,0.07563591384605929,-0.08446588394153519,0.05294213196484815,-0.17772017411415963,-0.13977811520452685,0.095760399661366,0.13907869068798226,0.0370983941756875,-0.027795559621095284,0.09319113512813199,0.11780108721655091,0.033850727086958805,-0.0551090597478444,-0.24129081103888614,-0.185418712875293,-0.0780203855176047,0.10808282387344396,0.11992211539307053,0.11663339385567134,S407
-0.0479901751075995,-0.08283734937301804,0.2120189290115451,-0.007445831121232409,-0.1593546127855451,0.01570831834376205,-0.07352453338679114,0.10060624771429756,-0.14479511605515855,-0.08512568873260287,-0.0816718155988054,0.024748715429820527,-0.18554914234311007,0.03859350072786742,0.013237694956068411,0.18070530755564718,-0.09229474335706025,0.04845638753317052,-0.11179477893632957,0.10770300060150689,-0.14503068158076954,0.12628858919367783,0.16984183439368464,0.14226850034266778,0.0144864149730467,-0.013019443274617567,0.15585363489430404,-0.05751025798920624,-0.19021794528370417,0.10611034267748874,-0.04176131192766312,-0.004706742055418797,-0.16503380247422136,-0.0880336811483033,0.026678036855298886,0.025835165249004484,-0.16767725099454203,0.13205925642972097,0.1848652197510791,-0.12329207777797681,0.14677508295471625,-0.08538214676300256,-0.1943063547339758,0.13538415521987818,-0.09308330084717674,0.190535595050103,-0.02176450112030317,0.01243981679501698,-0.19245909044643253,-0.18345624544646638,0.1654828013361867,0.1950333036462239,-0.01993973003201076,-0.056931116650663256,0.13340378123547805,0.08803190265912991,0.04151105015137548,0.06744407837976882,-0.21138823425336828,-0.20659137683994291,-0.08064762482594728,0.10387993783310322,0.1454408740366338,0.1144229598778449,S408
0.035755710470405114,0.04844266052386762,0.05911190239278694,0.004710743953266753,-0.09159342582425559,0.06065276031543034,0.043629234015919796,-0.03803300168970853,0.005069335332853307,0.08070470091705591,-0.054660707835619986,-0.03722084179941618,-0.14303538910210184,-0.1185411085069287,0.12840724796625905,0.1775814077548283,-0.1623387181267367,0.205896226379424,-0.16822644518307694,0.10381910953927635,-0.227483349193523,0.2092434733342861,0.059338427847475256,0.2006462932150685,0.0631926929748329,-0.14699676026803765,0.23984558959465765,-7.248588845462303e-07,0.10442072505156029,-0.11862065905671274,-0.06351994885675698,0.07437264513055176,-0.1096588228329011,-0.14165382597260562,0.10578097808943406,0.14252220257581963,-0.17322238150060276,0.13502718992268192,0.16495532251762848,-0.14271810274263588,-0.02614691002162464,0.03983954860660846,-0.13337594944738615,0.10080049602375582,-0.003683214164816872,0.2251483421706563,-0.27277748911941246,0.09320148565281086,-0.10062789551258187,0.09052220267076791,0.17687251367019013,0.11852197733243189,-0.02436967377203004,-0.10967875156919471,0.1427894872362278,0.11568939320701568,0.11800880491268419,0.019913085635393565,-0.21477228456073058,-0.12640384706374086,-0.04069457554451251,0.06315444690261011,0.04013164394960073,0.0030062442544056796,S409
-0.00030227571337797314,-0.056550515553609536,0.1757776797533249,-0.03883402858392119,-0.10714150663720393,0.026353675312441774,-0.04026131831852809,0.07945115499079954,-0.12348395801753445,-0.07750260756469401,-0.027920664570676147,0.006341597878113292,-0.23037253159974366,0.06594515475902958,0.06821864196024689,0.1462330772355508,-0.0893349665228254,0.09803567259616973,-0.1518136040104476,0.08713992654457339,-0.17955898439791948,0.1120348043689292,0.18769415737343592,0.15228987092523813,0.05111757581669282,-0.011727233138518634,0.15982507051901423,-0.06292158951162909,-0.1667625800587974,0.11441966915197863,-0.042722658852723236,0.032790255285974027,-0.16861448035001012,-0.0760023923552911,0.09594443616839804,-0.00319818992311399,-0.1782596830477362,0.1650464244156935,0.2241231693154538,-0.13845331534222907,0.12635404025167143,-0.10530803350597699,-0.21816159581640787,0.17542715531792205,-0.06179156572830968,0.15423423134654315,-0.05994654579239395,0.00842630214451018,-0.1771418840167737,-0.11196158385130799,0.1732814509473964,0.17472739129354012,-0.030682720996253843,-0.10120017231667054,0.16202607480967426,0.09308173922498178,0.017912282052832715,0.03384663713940171,-0.21467479868962602,-0.20394349345504778,-0.07009248877338169,0.1043173171213536,0.10756644423576522,0.11229327327340725,S410
0.06841190796444271,-0.13077762452317052,0.1216385715279882,-0.06654540049568464,-0.08255673068862925,-0.04930461903735143,-0.14363882175511333,0.12062392932968828,-0.1324829419364956,-0.05916206780611822,0.05411408868351367,0.044077485768264424,-0.28771157135300407,0.04259592008095498,-0.03616439900372013,0.11315669829926474,-0.064963172988596,-0.05489896903273654,-0.19356637323380285,0.08991561706818434,-0.2144132795958905,0.13729253055734375,0.17041747185094241,0.14120707424569068,0.043394200022089165,0.013781681016697925,0.08925253474481849,-0.04726656310979641,-0.16425416969603898,0.23850924772849436,-0.14108674411755723,0.022265907662496764,-0.18287485161439127,-0.05833631014516712,0.13796631462654668,-0.08713827471602664,-0.16837626716868523,0.1103072024178261,0.2493015414501555,-0.13963668336169402,0.04076624967397416,-0.062207374833333766,-0.14975193452024402,0.26882466700533725,-0.07584980385746357,0.04616965453391093,-0.07332059815256756,0.021851470480940792,-0.14829818663564412,-0.05962015728888098,0.06957446394705767,0.11124659774501107,0.03304103371726302,-0.07152005372657798,0.05872599950552183,0.08918300517778903,0.006560652615810604,-0.09497550072180673,-0.19866536044413302,-0.17027108789637949,-0.05250226907543165,0.061352267910131805,0.11716234400123361,0.11823810278945625,S411
-0.023362947316116014,-0.051849991094433466,0.23368410508572637,-0.021126533802269715,-0.1511165955058448,0.024501980294747025,-0.05954972774899796,0.09556291683987572,-0.10601955851801788,-0.07493032235507477,-0.1050549313525091,0.01551842405044283,-0.19399660957417988,0.030941386880145957,0.03441988511714067,0.17614270423295364,-0.08086882920271564,0.06868029548789852,-0.1098682685827776,0.12555905793048486,-0.10606756025725549,0.1215072951187089,0.17344481691450436,0.15590582612623619,0.036050089187502125,-0.03375194939113979,0.19100450242697953,-0.07668346438787743,-0.17307149252733908,0.11303959733404662,-0.030668478322647165,0.02381252290149293,-0.17864917457086926,-0.07882652281002762,0.018450050481144953,0.01398299904059018,-0.1776490983904358,0.15540454409677487,0.20800817583677697,-0.11542699871846179,0.14578051476947032,-0.08431640519235918,-0.15985878307156173,0.15054488504173272,-0.10386249086727811,0.18995207017769475,-0.025083186776318503,-0.010435364026869936,-0.17391466480531229,-0.18880995229480768,0.18508990101159578,0.1767971973896983,-0.036734998665130886,-0.04770487210644585,0.137317574754177,0.07724359981837357,0.044633223341096484,0.05541690933547606,-0.17896200088928885,-0.1902309094080437,-0.12637295805139556,0.14786299053066843,0.12988286114512562,0.10896964502880017,S412
0.07369766044729704,-0.06913773817705894,0.1763147566647421,-0.0002534205642956944,-0.11205913841240157,-0.021819144521060797,-0.09419554599439978,0.05413123062345887,-0.18021201719829164,-0.012944462162005064,0.011920599167467173,0.044131922713026614,-0.16893600714516532,0.012252422669598,-0.05102560226925001,0.07697176901520997,0.0016337663594469026,0.07585147106217544,-0.16338011361441065,0.17603395486495288,-0.22582717091943846,0.08513975738009298,0.23710562356997653,0.14418437609847595,0.08151695774573403,0.02299559460544483,0.1201626106986772,-0.002227064176252647,-0.055088569650691394,0.17609587081160716,-0.08711805502794501,0.042093792797031626,-0.1991600459950778,-0.07312690414504669,0.01723555579889497,-0.08020541394313516,-0.2022343098177469,0.11134199570974822,0.289236099482535,-0.16072623910432154,0.1489497521015016,-0.08273383736468984,-0.18684068197284542,0.17863395256216072,-0.012463372787919931,0.05079777321814088,-0.13075371037405276,0.004538535467624551,-0.1632546852628198,-0.08216382055447548,0.030629158139170713,0.07301461341624309,-0.020315482744687904,-0.06009571624099013,0.06913001898457014,0.12434208488796739,0.04807085952357777,-0.004631614020101775,-0.2622483858131602,-0.24447670153637543,-0.05258764710426381,0.13965623195561658,0.09545381443042147,0.1849699062504704,S413
0.04486211995091713,-0.045661480699370253,0.15053604594208042,0.02452736741912789,-0.10300607284566131,-0.02707030603502211,-0.024159957047216976,0.10658696596364185,-0.05941662399180606,-0.07676914293315235,0.04339891257392363,0.05560375170244301,-0.193765186225403,0.013134322611040635,0.03025273086506919,0.15337330989302528,-0.015269634953677348,0.00633084620908275,-0.21884805444551916,0.10563424987874953,-0.12956227869851966,0.097602039898145,0.2700471485105982,0.0951361371838884,0.12181594006947291,-0.01853229431415719,0.19275818124798724,-0.008539781751641839,-0.10397747180592741,0.2217703167268141,-0.11199663200971707,0.026344438416869027,-0.23650850888201858,-0.11919232848012722,0.06164389935111024,-0.047087808460829245,-0.19579532264557312,0.1515690756830921,0.24617044841553085,-0.16638619462707122,0.07802149390346909,-0.12437857501988146,-0.13640087118871635,0.22444049757659945,-0.04429996717266299,0.1516634157221075,-0.07492013279769708,0.02585518749409029,-0.09301765368255122,-0.1653374232100193,0.0449934003046239,0.14997180500443152,0.033713541539910186,-0.034783262837460936,0.09265314386321774,0.1154480261858598,-0.03217217532687309,-0.007177612999212256,-0.15222080795218518,-0.23397579699017998,-0.08230467139120853,0.1105618779045597,0.09876111740034982,0.1575349752556935,S414
-0.0012409917206368238,-0.07272351316161407,0.2221735958563701,0.043900042811118103,-0.12736780850397053,-0.00890580934941783,-0.06299810662041849,0.10849607262723865,-0.09838921445947377,-0.09659218017347888,0.023743096316259833,0.039137855517452476,-0.22021521499404864,0.0375906999381462,0.007726811697897868,0.19298117819695268,-0.02082835039033279,0.04936832610839188,-0.17231407571030447,0.06841785978477324,-0.15887140671943656,0.1072725378318513,0.2612560808413291,0.12602754993698853,0.08076123367950852,-0.0002882650751609917,0.15586710832297132,-0.01794957606393905,-0.19853418876414522,0.19492187063282707,-0.08179854121241277,0.018604046758186388,-0.1917571516648279,-0.10690184369187475,0.0597240908946761,-0.034202992726996055,-0.1210516073402317,0.14082570398465635,0.22396420449318155,-0.11358782600257418,0.109462157488225,-0.11930855729032656,-0.17283589513365713,0.18171436890833437,-0.048185747507424055,0.14420143981885528,-0.04379431941261945,0.026415506571026946,-0.12492643264992578,-0.16299442571070435,0.07740098185987852,0.1797600835028073,0.0044408397756115,-0.037391835529458704,0.12205923988933136,0.08469322568907121,-0.006680360680899912,0.016860993997494494,-0.18881561828526416,-0.21277708529033154,-0.06311933192468,0.0993792312312138,0.13184071743034523,0.1660934314100084,S415
-0.004532387927438867,-0.044815167589840374,0.24122523418767236,-0.0325694335271739,-0.1600134704420859,0.04047662857323264,-0.05033343779689389,0.07234510845948058,-0.10230215451679615,-0.0695115278295326,-0.07334154166372858,0.024464589047100197,-0.21099277869082267,0.052956365348238,0.042824243731211374,0.20232573436410464,-0.053482102942924194,0.07535218649679587,-0.1345915540020439,0.10817054182289541,-0.11017349940657281,0.10620925716568438,0.2155597990890824,0.14963502341779236,0.0250286425298001,-0.017725369593170833,0.17638416062431386,-0.0595278131188146,-0.18596535547295284,0.12289253522929258,-0.01977236445161799,0.020190771151194907,-0.15281286205205763,-0.1125712212911107,0.040784061080154435,-0.0028269137207334455,-0.16413155092184456,0.1584786755087241,0.21179741938715382,-0.1225515377594156,0.1315500847539368,-0.09623107788174336,-0.1760017488370367,0.16949444316308881,-0.08634272539997066,0.1786568658980817,-0.034586904663723425,0.010392439563930213,-0.17140484851948443,-0.1794997427852941,0.16170076936502334,0.16845613968709072,-0.018580616885159974,-0.06011229942858344,0.15531376353270032,0.07915874118146717,0.040122140601446234,0.052957076116553925,-0.17617635658270475,-0.1879023184082588,-0.10108604239800059,0.1201712147892882,0.12353052759234866,0.10019204711857163,S416
0.028553825830908527,-0.1900852740059551,0.1704838733265666,-0.06180767112893828,-0.15105138810754967,-0.0379089062240513,-0.15092256440805746,0.07098681674007737,-0.151865130009926,-0.06208121884326331,0.056720512159692454,0.07634721142972409,-0.24113361204790595,0.06663200230008869,-0.10307042753675658,0.1513473343856624,-0.0068030551355012375,0.008043702765555308,-0.15619995842247625,0.06893116677386059,-0.23022940653230878,0.16490849857365655,0.20927098828083635,0.17710567732526739,-0.019896213812902665,-0.03417351780407404,0.030305889459469344,-0.0047031605309486605,-0.07482973419092663,0.12968608590514347,-0.06782779755364281,0.0025969339663776763,-0.10128408195083716,-0.06010430509365855,0.0261741858827299,-0.08762272600574428,-0.19568578918592194,0.07299816681903473,0.2884883997300823,-0.14084442997139274,0.0852587670021792,-0.05093584039950835,-0.11903278958642234,0.18699309680943896,-0.014161500079785972,0.03304272724288682,-0.0962974337741438,0.014699288773017826,-0.23231213226289102,-0.06006162096659861,0.06536443381931821,0.11717584779203041,-0.03583955831626845,-0.05262172502523865,0.0450240284070469,0.12139719383131636,0.08639008838636185,-0.05831958880934162,-0.27201008802020377,-0.1975746886912705,-0.00242538659892932,0.14060227772897424,0.12765413014414856,0.1535314922658547,S417
-0.018226291251311245,-0.09548492901434062,0.2527331946043682,0.026361500859770775,-0.15403892167533365,0.03200074228554398,-0.08036915651901001,0.09521984576017027,-0.1261861732742752,-0.1014483093775079,-0.027576497281048825,0.022536870802774448,-0.1983186257447631,0.039727402350505946,-0.007997034757748106,0.18710239597250447,-0.03144664161832109,0.09134776662724485,-0.11988238912380482,0.08686240385468495,-0.14454850145960046,0.14954858324967388,0.2342051862706648,0.14458637676364533,0.009245475736026708,-0.023026421768769366,0.16175270928265298,-0.04975235428123389,-0.1791745929914675,0.12167691913366617,-0.030739330268209623,0.015271066929304895,-0.15699035007126538,-0.11790684413921004,0.014629747169007218,0.011344268070379334,-0.16832915553969566,0.0901918291391274,0.2260015032040591,-0.09940021009757481,0.17244396648708574,-0.07827766354250246,-0.1585752759548336,0.1307071141872841,-0.05272584541416076,0.14581923592037993,-0.03752512661482575,0.02821764154476421,-0.2013817170910593,-0.18110617499890835,0.12139258704603384,0.1431085292530592,-0.031333523779624325,-0.038212515852920424,0.11514946729745736,0.07705403366436114,0.06389555071748326,0.049588502222252605,-0.21977310025220584,-0.1715993918935091,-0.04602533336496611,0.1513455377123194,0.1719142750111605,0.1011728604502092,S418
-0.03369366340042661,-0.07112634649347396,0.18749275484953706,-0.05003948336713219,-0.12301093006552496,0.02499626516934602,-0.04971135940741097,0.08380818689672159,-0.1071688458260596,-0.08207346579230808,-0.06963182441741156,0.010914155856121625,-0.20999250267842706,0.02957232623854653,0.06118398957023629,0.1257741021217857,-0.10840450253384777,0.06996071581389325,-0.12012325861472062,0.10451598399082146,-0.12962695953273728,0.12755172972059609,0.1533304555132755,0.16582042099797614,0.02975420603902834,-0.021839252160537028,0.14258077952395715,-0.07283161266994848,-0.18775532343915463,0.0943770960044506,-0.04104403764669168,0.018772837908702156,-0.15781373754580014,-0.0649244329529605,0.051822642476558455,0.03376431259813101,-0.1663451622557742,0.1441523696062483,0.2172160963718345,-0.1614301165052047,0.15260140469197567,-0.11611526291347828,-0.22312396719545585,0.16490577359589778,-0.09418197886897436,0.14728353219928178,-0.026505141295802222,-0.0030256723087539357,-0.18311405302434106,-0.1625304505195129,0.21270974839019738,0.1901365902183384,-0.03359990757675024,-0.07057865860535384,0.15931388062157084,0.10392864104532239,0.01238569713329933,0.054728089715228606,-0.21681666587634987,-0.22166842005967116,-0.0832537146506942,0.1168879659716099,0.11374537697739402,0.09388494287753624,S419
0.06825680954893643,-0.1231746709568198,0.15183437230932087,-0.03403214806163089,-0.16928302404341616,-0.04356427934377409,-0.11477007462028982,0.09812517736487934,-0.12507641926421817,-0.0509045376201844,0.05808229047172978,0.049469247550491494,-0.23730389887852987,0.020799622339177724,-0.05909285554353575,0.1428606943741793,-0.02015939435667356,0.017920359026677452,-0.165232047505356,0.10925704162846848,-0.2243551951927556,0.13900212335250448,0.28721805480207135,0.08656830233357674,0.05542467555075996,-0.014796191515156286,0.13915265138851393,0.0252122202579613,-0.0665735987004415,0.18101346384609318,-0.08340154427275798,0.0377089347691803,-0.14859104311822655,-0.11174459476303296,0.017176939397160276,-0.1123931393524225,-0.2344401685388555,0.0922123881748471,0.2751065298195225,-0.1887128545402231,0.042387272598203095,-0.06372133494283577,-0.1843947358134206,0.19897163450464836,-0.030989924370025745,0.07255314903606144,-0.10511708601863566,-0.009460709973579094,-0.17194078971203636,-0.07858500609507861,-0.003545296798365957,0.10236051123001846,-0.005427461467656757,-0.029807373581369836,0.028879594998000392,0.11278536142166001,0.031157493939879998,-0.052264686493249835,-0.1787850204364395,-0.23179710022389155,0.013678197594394204,0.04023294389128395,0.13263314249046765,0.14437348391939012,S420
-0.015247925286319389,-0.04917254418131334,0.2628186230366637,-0.055140065071335065,-0.17206225056440663,0.021416970841059566,-0.047625141782605095,0.0735902386449858,-0.09183332453181221,-0.06070007710430527,-0.11228859314558672,0.033916013264735756,-0.1974167760620808,0.034288030810759075,0.041937294657586645,0.19344431790182282,-0.07709415575557675,0.05395551172486306,-0.1125551768088618,0.1163828467312371,-0.10505255463685557,0.11957784991296824,0.185118533304531,0.1361713731282862,0.01858669997267904,-0.044315772648711116,0.16869629195552288,-0.04928221363923137,-0.17643804111263905,0.08585913061810098,-0.013939801704886786,0.0061063703211876015,-0.15052606924057804,-0.09604209047921408,0.03216463031602618,0.01977329817307064,-0.16652162044966676,0.16680413456068705,0.2120442831254792,-0.11797287601051128,0.12629264642726235,-0.07150309512920325,-0.1849139698274644,0.16190793113009483,-0.09481359256587936,0.1937597107261033,-0.029216372298327017,0.0015647709139674831,-0.17429433143894865,-0.1742868770218623,0.18870041026745724,0.18785030956240048,-0.02778223506857906,-0.06996669785123132,0.15094013616267934,0.08622554338817304,0.054796179314357416,0.06422966523833949,-0.20265108640896615,-0.20533527141670424,-0.10261124415743533,0.09626265869333568,0.11664998729320623,0.09762425268326555,S421
0.025144407952124723,-0.12330889707887134,0.15127591230333415,-0.025897365820863546,-0.13788162875145601,-0.038564980200541325,-0.09801927506475053,0.10340202916401393,-0.12753432636409096,-0.08064144511686036,-0.017407490157430146,0.04156754150512332,-0.18539854177388368,0.0057171945317037185,-0.04067003292946209,0.11144555682762929,-0.020972653522419976,-0.0007357577870591236,-0.16618612153403986,0.1306558731913311,-0.19712277364798225,0.12201285192872455,0.22372390121273225,0.15853370455339,0.051594012536239096,0.02960015585321512,0.1190524727446131,-0.018605375015363204,-0.13405802300846906,0.18707201374077143,-0.08708433275664049,-0.0036308371431623336,-0.18256597658804324,-0.07349171091531911,0.047324172604353565,-0.05708122988483045,-0.21226092555612508,0.07001385407451821,0.25741384270358886,-0.20752141234744526,0.1620438696044582,-0.10087906924210613,-0.1631766204731511,0.2061022991143698,-0.052787275044969446,0.08232158531971932,-0.05867129741619926,0.015952190471516095,-0.17519790914436983,-0.1735350817501968,0.05392304894846769,0.10628512043659476,0.011412213276717844,-0.01758933128311092,0.04820398466594332,0.11944057990321662,0.028892237842940247,-0.018099788973893128,-0.2242501910863334,-0.21677875677185596,-0.06936170829241785,0.1416257706265227,0.12540495495145296,0.15667254591521118,S422
-0.022719092656535073,-0.09500098605497072,0.24675288650774885,-0.0037358210194588935,-0.1215847283163765,0.031256915987158615,-0.036385661223721076,0.10038254045324141,-0.09490983243584473,-0.05879722806874218,-0.03794382933331805,0.04435794631128445,-0.23826144473887156,0.03177228610907323,0.05457712061584518,0.16364293983676248,-0.09740945445515721,0.10160426582831615,-0.12131592267418649,0.08684579693446742,-0.11065825590969801,0.1741889529221288,0.14855781954047617,0.1233610503375298,0.037209236268346366,-0.04622698217433645,0.16997225402255803,-0.08661057696937272,-0.16564162149319767,0.06405629333588062,-0.007326469835641728,0.03200014632842531,-0.17144759439463664,-0.08948506511985536,0.0591753971498228,0.04103999692477442,-0.14948069591391808,0.14083652669431457,0.24989033582830558,-0.09017921857527247,0.11495819683711034,-0.07130948306589838,-0.16894971456090563,0.13116944975499273,-0.07996548149273239,0.13642699704072447,-0.05624851670779229,0.017312202103383797,-0.17304738920449209,-0.15758810355047131,0.22327511400100347,0.19342833612926807,-0.05706408268105724,-0.059058289460445196,0.14301073151726373,0.08497178417197647,0.0694935927987596,0.02015816487583075,-0.22838768675139126,-0.20949167711218142,-0.06166614902376983,0.16128192148826664,0.1115514479753112,0.12541751330905085,S423
-0.0041566002030839705,-0.05023950830136927,0.16511147756216502,0.0003937688189162842,-0.08321950866549466,0.03335677439089018,-0.05806482827800804,0.09210107273659494,-0.11583668879294634,-0.048226591100043445,0.024522864617297985,-0.004479764840021077,-0.22930864839095327,0.004358219127879239,0.09432974108863275,0.12943797917955552,-0.12512103947166878,0.08245888771953072,-0.16003731261259477,0.059614367705615866,-0.1957756081486334,0.13617423534392606,0.13548650787362793,0.1569222542596559,0.05035979791207095,0.01200468457771187,0.18036685992344495,-0.06434640283899275,-0.15093333506345524,0.0903173479476341,-0.06272972164373793,0.038885505963920874,-0.15723437377317906,-0.048379488908879484,0.06566096452001208,0.061425547748072955,-0.18108457329029817,0.16824782184481601,0.23344186482305845,-0.17538001354885133,0.11378292876992618,-0.07859520700964265,-0.21788059138907256,0.11861925232195579,-0.046688443905055915,0.15707052195709553,-0.09193334468692287,0.018402940983086036,-0.17392076915766347,-0.08532905401917854,0.17252231931687112,0.20400400435213925,-0.042010264934457524,-0.11585711508501627,0.16883493157631738,0.06916799811351582,0.017288984017149792,0.058369564127885326,-0.21965192546408732,-0.16912454485432393,-0.04810419063148132,0.09546002032263352,0.08838206551678765,0.09506109530493052,S424
0.0007332274287291607,-0.10183878223138264,0.24017377357409236,0.03694007517536927,-0.1407254904127403,0.022389414132826437,-0.0786939777264504,0.08156652095033783,-0.12977560703671914,-0.08127340915868993,-0.04617691420459583,0.046497661291379846,-0.17924540802901207,0.04433790881089263,-0.015631481660227983,0.1946257984959078,-0.031080171171999772,0.05548619269806387,-0.1463218359239117,0.10275166074474015,-0.1510590850409851,0.123664453676431,0.24208365467082515,0.12494504952849343,0.01106380828233372,-0.018230744206256585,0.17797044106732635,-0.027246013383889375,-0.17049665803591793,0.1412624140811522,-0.05354969895294633,-0.0014685445667612304,-0.17689988591638817,-0.11991991993455899,0.010703684962402022,0.017331187725119063,-0.16092314018851123,0.09373530825487146,0.2091768083649908,-0.11648279662253547,0.16640374841199948,-0.07474579157570922,-0.15351653118222142,0.16475137550862842,-0.042367933134502225,0.16139175614554868,-0.04754901202465751,0.04520013868563247,-0.19222686204852782,-0.19098732427185966,0.09428012981113841,0.10894231026517395,-0.01664044726062293,-0.04117750785970115,0.11305454888766012,0.09187047128090502,0.05502074651262849,0.04439542619074166,-0.2332668618361991,-0.18521637266114216,-0.04681824317304762,0.13448537306402583,0.14828678990643276,0.13352741088700604,S425
0.07354282468585384,-0.10354433268050543,0.12910739109533084,-0.06884337860841079,-0.06639782861050483,-0.02532447876751753,-0.16671598563397866,0.08504268144734071,-0.14015911606918488,-0.02678284027959698,0.06554096863155877,0.03937321578882243,-0.2935833460000179,0.11463232566426906,-0.030080045565064547,0.12482888207471887,-0.0839061517213726,-0.03378090643260399,-0.1783369453467184,0.041968347176220784,-0.2361814662234713,0.09445850031089956,0.12571001787826608,0.18183854065305646,-0.0015461748511663334,0.0660143193757885,0.09714035563260238,-0.06605760411309257,-0.13524415341481383,0.1853188680054125,-0.1176254374679452,0.050708227486398465,-0.1820625268609519,-0.025996492516395228,0.1498150111471425,-0.0522270203994288,-0.13652239363530227,0.1592469598601647,0.2790089062218051,-0.08153371901387299,0.04522162696225271,-0.07217343905403663,-0.17029024631330886,0.20717706979497774,-0.09016413488360789,-0.005622555075362605,-0.10271300712707622,0.03350386413779711,-0.18294543704072497,0.024566161345699007,0.10154598825784958,0.15127112180485192,-0.006056049214270392,-0.05492961425495438,0.06943104972211463,0.13196795683118928,0.026924598803987294,-0.11369110558474192,-0.20089991616502156,-0.1511450766891189,-0.04230986848012724,0.11288822190135647,0.07766118847450804,0.1510669031632909,S426
-0.0037275943761542747,-0.07125774468349119,0.2635281057663176,-0.02953331007905034,-0.14494362619381077,0.02230577940794365,-0.06729578596779927,0.0809811321028456,-0.10605320429575693,-0.09816925160824677,-0.06531230416951957,0.007098130528457741,-0.20025690894689271,0.04492926841470528,0.01355835135072482,0.17678775615392464,-0.06821842338991879,0.03758701869329856,-0.10318660617027754,0.11064703355980927,-0.10510599805013414,0.1617499554020598,0.199452841860188,0.14216808728736194,-0.011141680517222287,-0.0070718294130721355,0.15374598753706425,-0.0582903906873776,-0.1887261824653913,0.11833463470472863,-0.013036486760473556,0.020765201363796146,-0.157059757232838,-0.11060807651734983,0.037426399331698126,0.01233581320149938,-0.18168371577937495,0.12631846806633062,0.18869069814206854,-0.1198446774435325,0.1386338972796943,-0.08329837567365653,-0.17395885842710712,0.16564691683416954,-0.08494906001216825,0.1744174135522909,-0.013614340608047412,0.030547975914187103,-0.19537127093910428,-0.21330585747022798,0.16901353661838228,0.18092625135775542,-0.020747013383747973,-0.06611092489583532,0.13888258909407739,0.07003096312421976,0.03370641966375548,0.06740900702493116,-0.20718181408362465,-0.17352929180186577,-0.09673762680506887,0.11857238227431115,0.13741739394943392,0.0575548820077677,S427
0.006127065410744196,-0.06301957182311567,0.1693634389608783,0.011786486787865876,-0.15191292044982233,-0.019335550328758545,-0.0680850847357804,0.10767739754849226,-0.07894308791546316,-0.1215601431410871,0.008945991356745585,0.028331549042046617,-0.20753713420272127,-0.006002528640733764,-0.023881520038276944,0.15882973922557342,0.006123233568471482,0.008348249424747087,-0.18488164116482628,0.11729062191716307,-0.15480737264087358,0.1310618632291738,0.2864806262683809,0.15559596014633412,0.08610666964063775,0.004689489620096684,0.15036431170656728,-0.0010297996198882083,-0.14835011164429013,0.21814807809228814,-0.08729103558195414,0.004193343246051419,-0.17603383284313331,-0.0962724274620233,0.05097130297606688,-0.07965605382676551,-0.22214177276684416,0.1044125037799771,0.2401542615835118,-0.20606038238913216,0.11863862155501226,-0.10623604300768885,-0.16827558581995777,0.20030183207046673,-0.040728602758676555,0.11123386022078781,-0.039187211292779967,0.009537613609638658,-0.1367666328587034,-0.17132161329593448,0.030526098691331043,0.13185704770103546,0.0038606799602894054,-0.0115273956321989,0.09092419577640892,0.111339257282661,0.0022751770716058976,0.011127515559435485,-0.17510700375867422,-0.19187483078369044,-0.08338160730675108,0.08541264352939955,0.1154640856936289,0.15350151134938567,S428
0.06652762594170612,-0.09674216761233595,0.1506233091813553,-0.038396644381358064,-0.16717754179100217,-0.04367964343506249,-0.079221093523609,0.0847171278500163,-0.13061710423238743,-0.05478132928838723,0.008066289630636072,0.03582325188178755,-0.21436670187145104,0.012232896551030981,-0.02566881167795788,0.1227372941710478,-0.016927659566115846,0.023161276997962835,-0.19102998558948972,0.14900704119372582,-0.17939408637459753,0.08814862557686617,0.24163987113214747,0.133156230696886,0.07844277290247509,0.0021725213106034273,0.14071510686596114,-0.03167381019555322,-0.1209304055595873,0.19411085002785616,-0.08386305538609672,0.016690837595352517,-0.18236469794325635,-0.11368463924537812,0.09153219904418822,-0.053777363970125065,-0.18995957497202776,0.09653761803611155,0.2550970725139027,-0.18196868956950568,0.10151756044618801,-0.10039402001241206,-0.16247685362427366,0.23001483460502653,-0.05868260442035797,0.10177088924076727,-0.06972240240858533,0.02870126021486115,-0.13087392487590732,-0.1403976837735925,0.05793351700193457,0.09977509696205661,0.024194008242515077,-0.03862429138231344,0.06612416713511077,0.10791401423507774,0.017918435560710214,-0.04603264660823069,-0.18164356156003034,-0.22961671130462863,-0.046206360813809674,0.1303873363487682,0.09222617166905901,0.18186743028188737,S429
0.031814498896168074,-0.07498982692412466,0.1376781703031752,-0.022015748287478765,-0.11008064505975822,-0.043896562544163374,-0.09080819414816975,0.11757099998830911,-0.09469907446644818,-0.09367297260239246,0.03419861976179977,0.039781663446481874,-0.22821924703177068,0.024738668325277685,-0.025582052305193958,0.13275102551393822,-0.03837657838641704,-0.02419860751123516,-0.20397335247679121,0.1268978221974423,-0.1837079588915159,0.15461800674524157,0.2447344529772515,0.12740457776452238,0.08031394430360529,0.0026377842468224763,0.14075800596032337,-0.030979472719748633,-0.12182025703483138,0.22339994901932608,-0.10099165130807244,0.00484898713705984,-0.19465144080977634,-0.09960014571045517,0.10359683887244618,-0.08835523827611182,-0.18803690419815813,0.14577410518745354,0.24383411778517383,-0.19606070069937967,0.046448943320081905,-0.10152657516512899,-0.13046067732489522,0.2575058852849312,-0.04517796264592454,0.10212713164278557,-0.08940453544747519,0.03387231358649205,-0.10170082556758639,-0.11613184627767477,0.04450498001571499,0.12949141156520114,0.03035366908398125,-0.0329122064982322,0.08506650422621553,0.11796361911474218,-0.0013897876680217123,-0.05686512835885419,-0.19722283609088873,-0.21008603103237702,-0.07280035063084214,0.08769422034140409,0.11261545289276947,0.14355031102435883,S430
0.021072236632180597,-0.13890563539055284,0.1930527903453455,-0.01347160624883706,-0.15983852154622213,-0.05046855419842652,-0.1256183298475233,0.13064469717575697,-0.15922946982187539,-0.07983819146785398,0.07185998284100198,0.05023737803182045,-0.22869073660274672,0.025946641728284627,-0.08987953232809776,0.17542612509836802,0.02973156454516814,0.025456652710396786,-0.14690552250320904,0.09574706660535022,-0.18694423441380442,0.17427832644675448,0.28037504498003185,0.11909915696691653,0.04769660533995395,0.014122781280274143,0.10317615209239492,0.029811383397672014,-0.17088003073221825,0.20354228773194719,-0.0759381295175733,0.0251313530316806,-0.12452912592807557,-0.0952353628174075,0.024835616893810225,-0.10260145018062886,-0.20348884373869017,0.07779985491647658,0.23963572805765213,-0.14363125989589845,0.10222684291321647,-0.08968032529399224,-0.15440907302035795,0.20490536354976016,-0.007690815158824714,0.09561735528369365,-0.010783765907771085,0.019173654016518115,-0.15607122421020259,-0.13070810904834768,0.042904048848159765,0.1425212797229059,-0.02187744913825564,-0.028705770873643087,0.05262870997619142,0.06983488733328984,0.02404573962836784,-0.003854813323640429,-0.18783536369269715,-0.1780937052887364,-0.015900960838432086,0.07816973494175602,0.12907991016899564,0.1540855458543584,S431
0.009101002076376883,-0.09702938620847897,0.17507668663490816,0.027405081660239687,-0.06897875694493837,0.041048554629654906,-0.13429022980118827,0.0633959252845876,-0.1957619417610404,-0.07766244756137151,0.0744739501278164,0.011047423427955273,-0.2953229057621831,0.042411388620907216,0.013599404696077113,0.13005663126194186,-0.043774263846647,0.058766539145284416,-0.15921660821796665,-0.03246258323775565,-0.22303784336794386,0.13619294856422562,0.10776268693876112,0.25758158381523943,-0.012312444874517457,0.08374073057793129,0.1169972209345764,-0.05074497782169552,-0.1502334141573372,0.09824338377474233,-0.08259504716362347,0.07259036416695364,-0.11141724747527659,0.007010290402050119,0.033579765482854046,0.03792083954338792,-0.13748474258687907,0.1037841915242379,0.24038527904518672,-0.1378468638556142,0.1599452351750828,-0.0694260740903239,-0.21780712113426579,0.1024239124435301,-0.03707333084617483,0.013262708829323504,-0.06748980401848328,-0.003687301262105263,-0.2377996379564531,-0.054460719486397344,0.11513461735967356,0.13488184595026712,-0.057726067153367346,-0.08646143197493525,0.12922158568855888,0.07664975242233875,0.007762774765506936,0.03822633717991761,-0.26407487350091596,-0.12801693912744158,0.006524745631449366,0.15264962382228028,0.1683092022568186,0.1064506082610802,S432
0.06657567915743733,-0.04926632766509932,0.05113101977489168,-0.08253577883735023,0.013596066296033146,0.04045069413064945,-0.13902376551241405,0.07584773014418465,-0.08457174799995565,-0.003225457090403358,0.06236160277162341,0.010567717000611404,-0.3321121713788016,0.11897206940241771,0.05045908730877841,0.09526001518921341,-0.1557976554420496,0.06315002250054454,-0.1689378206716081,-0.03868834183890853,-0.2121386275639915,0.08272377326774466,0.01978212417053311,0.22325469995959465,0.028757536312331453,0.021239669778627342,0.11532233292481829,-0.14922423622235761,-0.049886083351624526,0.1647705641759128,-0.09660084615024613,0.0351936001747532,-0.2020977658774561,-0.0003055390027180192,0.23474636533836282,-0.027954752660119615,-0.11636661610366048,0.2076746471587324,0.2500994433952443,-0.016571614459419223,-0.06440698411553332,-0.08047137628259267,-0.17846259426103092,0.16382023049974465,-0.10398780478810933,0.02524738377580356,-0.12132207857617282,-0.003971441573772769,-0.16323920047824772,0.16968239122843107,0.1296454939072948,0.18300843027120683,-0.08457960938793245,-0.10936803576934222,0.1026941863231013,0.11723052904068346,0.08212156924635054,-0.15335506979571925,-0.14101638225844887,-0.15178680332405756,-0.0771970288512038,0.13902298302703256,0.023030675212770205,0.0970695298106686,S433
0.012438984334113428,-0.06163592009878957,0.1895583076019591,0.0016434139111807483,-0.15860007622184852,-0.028263774396326918,-0.08077374655628589,0.1145077759610628,-0.08582581433393252,-0.10901538834197833,0.0041973772144120805,0.04462505913530684,-0.20889852332625872,0.01731130623731104,-0.039864874131576335,0.1463223223311057,-0.0042055020561807864,0.018640559600101796,-0.16716575240530465,0.13100273872166293,-0.19558331543159807,0.17330337487510716,0.2864805519995833,0.13718380526205878,0.08338735811453392,-0.00814979207446604,0.15320085616332585,-0.010786424559381717,-0.1090128793908401,0.20848996782454307,-0.08460131726434623,0.02210873822398974,-0.17375489562340735,-0.09226749763215031,0.02179799931729661,-0.11014483072108812,-0.23695159240940528,0.10927233050469663,0.24777067937435204,-0.18096614010108814,0.07822824229664802,-0.08041935666636232,-0.17406449596894044,0.1739479651550449,-0.030638395358917,0.10852228248688159,-0.033559460137847094,-0.02439268053587988,-0.15538789077915988,-0.1295572399977507,0.0320773535852056,0.12806167599885968,-0.013909527070293666,-0.038060249818301424,0.07377641887090926,0.10037744060767737,0.024993018594296153,-0.021306645178085157,-0.19886335901108282,-0.20381444638032303,-0.07847161976520514,0.07164678734548312,0.11398445111114772,0.15423733789451088,S434
0.03810193077642754,-0.05195266322822,0.04185721166047124,-0.035140195532876776,-0.002441462803114468,0.04111547152119153,-0.04681926703090346,0.012633011664978936,-0.06906878813196589,0.02537356914853569,0.005482309796310434,0.03415141903231071,-0.23513802423276065,0.046024167771269636,0.11322391604784726,0.11776256871436369,-0.17680054260394143,0.1200637483342245,-0.22087821556360576,0.02488577040515621,-0.2862036517242001,0.10779649551751701,-0.004115102570764072,0.18030414046256416,0.04524799253171034,0.04044620176456278,0.15276132540280624,-0.10377838441801297,-0.05590477553850708,0.08904443695339086,-0.1050386162859801,0.03671815616251103,-0.2521349664594522,-0.05808913784734915,0.15854985156652587,0.0447531686566647,-0.20281198431835462,0.17747218536914505,0.27701104994554676,-0.04592990577847184,0.0083643360803282,-0.03851690976391283,-0.20034282768086623,0.12204502434397918,-0.07124060739548237,0.10601169282643147,-0.1529687815969117,0.00918168823196894,-0.16463825297329027,0.05201690914636852,0.18482883839749495,0.15510078541220326,-0.04727440865627364,-0.1148849521757496,0.11468809563830451,0.13223823218285313,0.0969510553265759,-0.08053995088835746,-0.2569117830445635,-0.17984665858236065,-0.06111856688624184,0.0878327401255438,0.03538348213665171,0.08619093972415612,S435
0.05402003838069479,-0.11049122668629272,0.13612305068241698,-0.015121340329455899,-0.11430125643212626,-0.056287729560250355,-0.09488498234846865,0.12531093945288893,-0.13175417318360585,-0.07561374243601061,0.09032997020309796,0.03468573086224949,-0.2461550608183416,0.004410076719917517,-0.03162384229471494,0.12917740239270356,-0.01638678876998676,-0.02177070960337884,-0.19456024672112968,0.10887874771431298,-0.18802703499833703,0.12505149097277174,0.2856733672674857,0.08458096084555178,0.07008281739952561,0.012572358327736587,0.1187971654504541,0.00994531130289965,-0.12065009791037463,0.22898952999734276,-0.09057447986246142,0.011384095422110947,-0.17177869264762163,-0.08458865921584588,0.05172264968923478,-0.10223579365854193,-0.1822253474979627,0.1085756015286857,0.2732723235859859,-0.22353009633858179,0.08223863307348586,-0.0988295211625816,-0.1396542208131689,0.2525198529899641,-0.010897398798656956,0.07430635472383569,-0.09051410280678024,0.03224265584361742,-0.12252323581170184,-0.13080716675330795,-0.0019289471524058144,0.09722392617976883,0.0337915083737935,-0.021793761852096392,0.064467184789531,0.09122646872674914,-0.02092863517756377,-0.04031277240384922,-0.17744476208902818,-0.22091403287905842,-0.012851298784116031,0.05899809574999979,0.12264169164294825,0.14307935374666256,S436
-0.030635626180016307,-0.06832378434407167,0.2584219848475435,-0.027094535132644804,-0.15888476779788302,0.026154795428151793,-0.07499422200659342,0.07793028573234279,-0.09031845813947519,-0.07102072813406178,-0.08399093559258501,0.02494612245761695,-0.18748508487902657,0.01057163393798934,0.018001482952897847,0.17849993765052746,-0.06548499297989768,0.03979387238049605,-0.11268751643591621,0.11617740425438157,-0.09278578506051582,0.1310160366557005,0.19320864672525978,0.15515135636859068,0.015469603502025168,-0.03245546916779793,0.15981511126033981,-0.048424913378224375,-0.19042823970917988,0.11261819258027213,-0.01926429927377929,0.020623191735672158,-0.15667224561759296,-0.09607501474212346,0.007977912703703094,0.03886169446012071,-0.16376620283905632,0.13747201734877673,0.21971696979517982,-0.13010492165253457,0.1631358862434368,-0.09228092629903296,-0.15452021987927536,0.1695468514106231,-0.09622307821672633,0.16689545781264914,-0.018725236521131658,0.020884259011006875,-0.1718521934742243,-0.21790521675055027,0.1813549755987067,0.1707073979226412,-0.01854355848952237,-0.045696187320114996,0.14137192955792696,0.07955393499120077,0.03188937812059573,0.07225017499843307,-0.195658225008369,-0.1964747778541205,-0.09720478270509031,0.13576560817211103,0.13638911292606073,0.08305265727268829,S437
0.015272606452409113,-0.03754540696937219,0.1497736898099832,-0.025343150206100378,-0.10274228213677114,0.007793807157334013,-0.04941119620929963,0.1078218598598962,-0.11026743831398432,-0.06146950562360036,0.0009639928205608059,0.009554928202217724,-0.21886244213492748,0.049413760410966755,0.07291124414907565,0.1446617316498131,-0.09016558791998999,0.0602722870799252,-0.18341801193002005,0.0897208152881097,-0.18006174154968185,0.10210548025552486,0.20851445794488233,0.13045161167831895,0.0642223857734815,0.004543706768594636,0.18330148097970655,-0.05908608586983579,-0.160846013505862,0.14852563042161862,-0.07464507030602104,0.012981254937220606,-0.1773629108869397,-0.10271170266218296,0.12143974309162012,0.037740294975409684,-0.16573673048013746,0.18725404677484633,0.2118819322645545,-0.15237063373400644,0.07536449079752959,-0.10294663116275302,-0.17610760859172966,0.1727875201981056,-0.06899189743193353,0.19280237596854247,-0.07739376918523391,0.04743089911830149,-0.13733785147077449,-0.11236259504043662,0.1577618186466065,0.21088664175425742,-0.005964303784936894,-0.0897174921869014,0.15892887757862723,0.07061275659138036,0.01402700928350038,0.04073709433422381,-0.1911967056490958,-0.15896955546198088,-0.07043323372437836,0.09192129360095495,0.0567032009802228,0.1050341479026854,S438
-0.0385431115901885,-0.07351442589110771,0.24903450910630023,-0.029557318305706768,-0.17031600621750112,0.026195385256063453,-0.07352222699354592,0.06962560587314749,-0.09248746387296196,-0.06323925876203332,-0.07317004481706653,0.004805058387926293,-0.1898117939647595,0.016804454573706166,0.019875608022293136,0.1641946038243107,-0.06946246800886062,0.03401891186555225,-0.12647126074762996,0.1017473231310088,-0.09555967886568516,0.12397796898787283,0.18311650552275535,0.16396492915427952,0.0167527907711722,-0.032504255909963496,0.18049709440413175,-0.059711677659466576,-0.18129314461689064,0.12227528960242454,-0.008391093271964918,0.017251686154327067,-0.13915263452412777,-0.08151108774683906,0.0018332108210152398,0.03751413484747588,-0.17668269795521868,0.1492396784663861,0.2301810124879071,-0.12915677115099797,0.16527265936320346,-0.08506415566750482,-0.15916508360949355,0.15919391879152772,-0.11758139895733558,0.1584094935171579,-0.03310481176426467,0.006419642079697664,-0.16794987692739563,-0.2086775335809478,0.17809754707571923,0.17663974553735215,-0.041959309713440945,-0.05514373993093051,0.14077151372876429,0.06868570287601247,0.041608594614812484,0.07540143986765023,-0.18807700422458798,-0.18705895574804077,-0.09723963264053423,0.15719503280972047,0.12997411893183583,0.08448303452854941,S439
-0.07227562310778916,-0.08236046059183608,0.2919582928840194,0.009854441556500004,-0.16990584157398894,0.007144075009529043,-0.06255596132591014,0.09825410281963007,-0.11178740316608168,-0.034185454872117826,-0.03833090335934574,0.023064024892018475,-0.20841030672149033,0.029877786598401037,0.01623850705238581,0.17939815758332853,-0.07195470419533603,0.022690972016833417,-0.06704755226619094,0.09348727861898908,-0.05399710983313031,0.19015648414535263,0.1361292662955659,0.11758014242304972,0.02504345298687049,-0.024588998320720794,0.16785481316370882,-0.052298281363410706,-0.18090618576666254,0.09251366502102204,0.009176818751477023,0.04078732105799076,-0.14388648154578268,-0.08323529513400396,-0.05426191716823559,0.053141451643138334,-0.16347371242174233,0.12940406261729148,0.21651856678869855,-0.05558588717074434,0.1159685379790436,-0.07184302363974497,-0.17043971247613762,0.11143899383045545,-0.1269072112572886,0.14173357297133315,0.009175941161116825,-0.0011534751731299738,-0.1664650509870372,-0.2108480353772445,0.21075884747884766,0.24617861774395727,-0.040492051742977035,-0.04761481252733416,0.1388712803012088,0.07030686974237707,0.04556617296246293,0.09652797310464685,-0.20270087133366693,-0.20062440635436649,-0.09055224351923691,0.1281287790946916,0.14201586869296767,0.06155212208490712,S440
0.012695326419002657,-0.06454705060395428,0.14250991713766184,-0.016394715524735134,-0.10374366453006569,-0.054837544955726104,-0.09162106595125397,0.12030196481532777,-0.06598731632060531,-0.10467242112996913,0.017223230247472226,0.04876967516705502,-0.2240468788512296,-0.017528989757692025,-0.05231687283241315,0.13166342474229045,-0.020928784849600503,-0.0674407083676745,-0.18285392293493444,0.1319707396156418,-0.15423268906096158,0.19199738125307697,0.25620304513263825,0.14807605003173438,0.07564796194461568,0.013640538467476737,0.09613566580217152,-0.005733284178860348,-0.14078347058068344,0.2475905572562412,-0.09745856163298874,-0.014935546957868877,-0.18046922692585066,-0.08947142317682287,0.08727362227449505,-0.0885952865271706,-0.2054146232492723,0.10462597645485498,0.23519907914679675,-0.22708762952825715,0.0793715240988659,-0.10436081338918285,-0.1370424886853169,0.2557485819331117,-0.02395766087509842,0.05966364443801239,-0.058469211388517926,0.05472882871268802,-0.10887383288685198,-0.17483780789521408,0.025710922913801955,0.09887065153634592,0.030379175040392933,-0.014555823764699157,0.08019607082568485,0.10004937395139944,0.003473360019518371,-0.04043246592095073,-0.21442520803049797,-0.18725673167193535,-0.09044888605739988,0.06112266523723217,0.12167917829454045,0.1379390976731642,S441
-0.008323119245277389,-0.0563849085313139,0.18449773340466602,-0.027172536407446025,-0.10624003222203876,0.03210047797380867,-0.030430979266555275,0.08780619094406086,-0.09493895591642587,-0.08601673240586483,-0.06323603932010959,0.021897686617614858,-0.22240155848347593,0.06453905789863774,0.06059030450233831,0.16243793141560622,-0.0753986575506505,0.07712421012946452,-0.14718918283362709,0.09483102239201151,-0.1622742575606853,0.1061144877801032,0.20619002296633984,0.1371375198929725,0.04889507020431036,0.0007134718908139372,0.16137780083226652,-0.07000576335109217,-0.19000488402574717,0.1312778362954957,-0.04826226732765259,0.02968698160455173,-0.17107892975636105,-0.11664075043718741,0.10277501191713638,-0.01375193125422523,-0.1506154260300096,0.1462413536511185,0.198202603665528,-0.1400326749920491,0.12133805868994864,-0.12187550819892184,-0.21367359752421977,0.19298504346788323,-0.06101279456348021,0.16720304861717095,-0.03729322828623098,0.025370836206668534,-0.1712606859253015,-0.15177830314890386,0.16093219769631337,0.17012434045513564,-0.005557852053917667,-0.07453953010882394,0.16304611264016564,0.09078420496254623,0.027825364684726392,0.03262173400950787,-0.2087276658617936,-0.22441637275583223,-0.07870158418245046,0.08857637416622431,0.11261779196306915,0.08791732117683647,S442
0.0777208765040593,-0.0571375648515392,0.10949038039305754,-0.032872120706077076,-0.04792570592319555,0.013632819631699131,-0.12039787767056012,0.0017090970828891217,-0.08040922022458535,0.013873867905174213,0.09021921750356399,-0.016043714440904,-0.3166674021581654,0.07327921929301735,0.062229097316079854,0.07392874851313368,-0.14850604272563264,0.056642116546479125,-0.23104943420830193,0.022020430317140356,-0.21866535190355046,0.0738115703663848,0.05639228426470483,0.20099780213199123,0.05213332940498127,0.04252721674164903,0.1498813551342684,-0.08995674899958617,-0.008335554493099341,0.12979683040857873,-0.12959104042615166,0.0725362703380617,-0.23435016368549216,-0.032071461678950114,0.13647237707506044,0.030458394863502786,-0.14126716189897356,0.18293001399446404,0.3043500710028501,-0.04261417482157063,-0.027988851216482796,-0.02676798049272278,-0.18081370548172956,0.12158556848674466,-0.0845655647246555,0.0015131270257335405,-0.17060087731538154,0.004175102893336773,-0.15830375854849388,0.12340186987720919,0.1576039960879252,0.15436748363872482,-0.04387263437666944,-0.12045760881783596,0.1074744259276668,0.15039578942868465,0.05388930364114503,-0.10353635590150126,-0.2229654814610558,-0.1535502941493535,-0.02505145952013033,0.147820417966505,0.04290359954438077,0.1390512994728674,S443
0.06599676263314214,-0.07137893735521134,0.08593794533587028,-0.09205083247065535,-0.050261660309696164,0.023016103390395646,-0.08649943738834301,0.016308916635849276,-0.054810633931227544,0.0031527779400553446,0.04026515906525977,0.00895752080186359,-0.3199612046714126,0.08563812930122232,0.06870741284937114,0.09646241196714335,-0.1501528951172401,0.11389286687865888,-0.17138900493651887,0.013852480497276966,-0.2169688808656814,0.11540570151149598,0.052139484512318944,0.2045164799442129,0.015199676631995248,-0.0076097167864346855,0.107544730454022,-0.10119447271651899,-0.04924427189900411,0.09652532353181537,-0.06877525887889793,0.020440304558730832,-0.18138365636996762,-0.053550748548021464,0.18741775017058895,0.03947320389760703,-0.16637244783677252,0.15995823559665986,0.2901647027911568,-0.041491213569881925,-0.024516616308486002,-0.0589381586767854,-0.2207768686178951,0.15210534526375563,-0.08471115973884202,0.02907945288132774,-0.14465753736831571,0.03142625896039237,-0.2004927386996519,0.11273206932240225,0.20712466000889318,0.18194516804908173,-0.08383958364696346,-0.10980365933488545,0.12596133415954622,0.15254494169597702,0.06560927384447802,-0.08435471484562902,-0.21253658163250286,-0.1777065984902546,-0.012280108991784814,0.1369694143287081,0.031225872038186768,0.10962923518864776,S444
0.07809180061827792,-0.10897826722413784,0.12232213602142956,-0.03234156099507994,-0.11728777586971845,-0.09837558836760105,-0.1278987416803419,0.13308582034038433,-0.1347077212226802,-0.03845862138465714,0.048853081769386894,0.059992612097133934,-0.24811889187914568,-0.009078704689817875,-0.07339839183790106,0.11173187375820372,-0.013227922528483692,-0.0430512707665723,-0.16958987696815725,0.13652633293822936,-0.2218655999282171,0.14708274084236678,0.2791210024924424,0.10480080612619723,0.06761808697596794,0.0103595472968469,0.10126578176936415,0.02373415450205391,-0.10193877729807319,0.2145978158400551,-0.10851689155733558,0.0318630085253376,-0.13619424591074938,-0.09208724888488372,0.07452708030253742,-0.14756388613946994,-0.19728464472407847,0.050674936418445206,0.2660187110778707,-0.21803987067635952,0.06182657565153467,-0.06998791219054795,-0.15184442107888058,0.2833601954562045,-0.0073684023951391935,0.03748126656116422,-0.08994081761660673,0.02192782642822449,-0.12105112043630824,-0.10505467149191387,0.017829934958385737,0.07632875072939373,0.02188234287484165,-0.037839634048302914,0.042650219306702424,0.08417819206036282,0.020582934256408097,-0.07371957792021104,-0.19332030394171784,-0.173994486131212,-0.05140390510976327,0.0361309532203789,0.08695530335045663,0.14044670038875207,S445
0.009166842912315738,-0.12342690568079659,0.18197625282438143,-0.01989409198333174,-0.1456781517780649,-0.03250238412388687,-0.07363819960780785,0.09628362058304699,-0.055695077261798766,-0.07354897769417587,0.02873712505438208,0.06173043482855806,-0.245952476087384,0.046505469781090346,0.028807249150244334,0.16732074114895606,-0.07272649248149601,0.021529500204647115,-0.19001127395578188,0.0634595386488887,-0.1960589309013886,0.1213968922524824,0.2294306377269312,0.11895279376707169,0.056888920146079554,-0.01751276347147428,0.15383795259053398,-0.05088146179243624,-0.13732519835105536,0.16181423028228994,-0.057346298039929494,-0.011944596168664815,-0.17860553981198407,-0.12144198020704884,0.07845269038703484,0.010979104425735315,-0.14861251278378698,0.1371381251515248,0.2679805035173872,-0.14315462095742076,0.08422103666032274,-0.07884988570809673,-0.17015542699001,0.1931616292020948,-0.04202453500876219,0.11123319730147047,-0.09793739620236909,0.04370386772255478,-0.1574918910212895,-0.11673899077220284,0.09362929090153431,0.1746720725597684,-0.0010590766393953792,-0.04618640061371009,0.10122804413849008,0.11411557260700375,0.01546265373180635,-0.028133461881242314,-0.20846413921485998,-0.23364719798857342,0.009581260077060784,0.11982236826276182,0.09518833118613106,0.1718005303669603,S446
0.012406136501869955,-0.08995349845028297,0.1771680672099548,-0.008782724708271024,-0.1446180548050724,-0.0049864839879467816,-0.08043511730086689,0.09357291819039047,-0.11843357492580109,-0.07888111699184987,-0.01686489930841405,0.005152533577566149,-0.1899672638132536,-0.0017843579457745512,-0.023109884391985667,0.14474596201990658,-0.027337052274490015,0.043387718999010616,-0.14146451301857155,0.11573572935126492,-0.20076530621801716,0.11844821101005097,0.23726104131470155,0.14025640468832487,0.07353265845829143,0.014718910959569842,0.15728517383627155,-0.034618207738495554,-0.17281108388286442,0.15895894604720553,-0.07938818257527383,0.03919163613036713,-0.17580131079355446,-0.10797054742764338,0.06148008045551362,-0.04871442826584972,-0.19187875343374056,0.0708881305897654,0.23334309878444,-0.14283181897912545,0.15138427222176384,-0.09745114125169728,-0.19013960226911172,0.19402111609186315,-0.05681725087657705,0.13493066444017252,-0.04833935191557426,0.028024567780592667,-0.1492162397817224,-0.16363592015561068,0.08151886227152928,0.13579928834641675,-0.0008457143101023469,-0.03402871703541659,0.08330008174570903,0.10383426677763874,0.03542902057523591,-0.009350894832427074,-0.19027749070158825,-0.2176004754044691,-0.04996440221381897,0.12502805112298396,0.13735179664847452,0.14290662201891352,S447
0.04167763771666799,-0.09505157392333323,0.14161948808224248,-0.013304079370634861,-0.11190858812946151,-0.042057570494579755,-0.09131906761401724,0.12390773786333553,-0.11353809601341973,-0.07490484569818073,0.0280385561514161,0.052437978710095534,-0.249649921705419,0.03581714785069608,-0.0018686584931419936,0.14363600990866454,-0.05977340802526625,-0.0541039386644386,-0.19897656117032494,0.14175897655058786,-0.17649197960367902,0.1542829469933058,0.2304502906922105,0.12169999474773331,0.07819138895741655,0.02411986009232711,0.13389361901482832,-0.06539769175280746,-0.14884537125541358,0.24552932753037654,-0.1318463397874069,-0.006931440439121743,-0.1868455896623188,-0.08972686269062848,0.11110045680470926,-0.06600323361333166,-0.1471822591784229,0.11426878710616989,0.21816606615620965,-0.19058433709919426,0.036755150631134485,-0.08770153187162681,-0.14822562311036147,0.24804685110973132,-0.039478148452919345,0.10504932520996373,-0.04488775117599594,0.04047183135980601,-0.12747557738620638,-0.11807741227146826,0.06855256301194892,0.11683467250519476,0.03502527840487175,-0.055354995773733484,0.09092054657565901,0.07727386072204291,-0.012470635690872344,-0.06330498269529908,-0.19442976869156758,-0.20433295503857313,-0.058460791073228734,0.08710732237061987,0.1268670796590783,0.13193387294449924,S448
0.061612793845693035,-0.10942485783707069,0.1508553566972153,0.005871822317487339,-0.13126835304016596,-0.06901229088031696,-0.06430169130402835,0.12008971267405687,-0.13004832327685842,0.0062932763432315235,0.01778253805482551,0.041255121913744856,-0.17854851212250455,0.0034063816868459404,-0.05870691061204643,0.10489414474381197,-0.010193679473778467,0.0406833043291183,-0.14186161905084785,0.1539248369516261,-0.22700865073734736,0.11460531896176424,0.27053277738956694,0.08489605839955527,0.12698574027938558,0.026106678560048197,0.1474800440768344,0.031327991959951555,-0.11036469249441169,0.2031611357605394,-0.07382828049928446,0.05475537809849287,-0.21674368516705525,-0.10275655722832366,0.02387573004326697,-0.12510712158330067,-0.22005574296607977,0.10130729765059567,0.27795988078173234,-0.17289036234085467,0.13069650350373646,-0.09744948952239618,-0.18603503991059375,0.22757718486807835,-0.005462520807892261,0.09715742134316568,-0.09102255987154328,-0.006289992347780183,-0.10215919174042909,-0.1042070131032072,-0.011864867608230108,0.08727686791127114,-0.024684437210068907,-0.0401801863696527,0.037716532873739106,0.07674804056331443,0.00509039278374763,-0.024400254627435836,-0.18589765907317493,-0.24446493922426932,-0.029836541380635746,0.07854354991277236,0.07808655573440784,0.19147648444292933,S449
0.053934084906446196,-0.07944606452927146,0.13614764162406814,-0.05019356444763461,-0.14991292732340025,-0.04317384144349436,-0.07044552890150639,0.07189956244613203,-0.146995043390599,-0.047701059900382904,-0.02282482377183062,0.04212466229059596,-0.18193403101600253,0.015186553963127533,-0.037876660844472505,0.12273577584649754,-0.01248333453133171,0.047679876727509556,-0.1571148097832549,0.16972537292743828,-0.19300488728102616,0.13905041671520219,0.21978774342319693,0.15864567732860776,0.07264774287365254,-0.008421074032527879,0.12901133580925045,-0.03355525237437562,-0.10863062307541095,0.16930966834020766,-0.07288457510532029,0.024056904051729402,-0.1697007101885461,-0.0934369587183381,0.05080205965450435,-0.07442855526889335,-0.2322280105992987,0.09220067455017004,0.2670516282200678,-0.1654145647182961,0.12746023928800096,-0.08815881434899298,-0.179778952748013,0.22967186707746073,-0.023710805423131018,0.10654654302618666,-0.057251532317172525,0.03371544144471135,-0.1430258067959913,-0.136713800303847,0.10046466553195135,0.10560140604177382,-0.008636012865164045,-0.05143123979162145,0.07981386842829312,0.0993631085552591,0.04845184756270936,-0.01916460603661806,-0.23496066863428378,-0.21458924251408512,-0.0832930668647465,0.13346818223913895,0.0757620650608975,0.1688074603755047,S450
