id,ndvi_min_am,bsi_max_am,ndvi_peak_jja,greenup,drop_son,drop_vs_500m,texture_jja,edge_density,ndvi_min_jfm,water_occurrence,s1_vv_min,dist_buildings_m,burned,vh_jun,vh_jul,vh_aug,vh_sep,vh_range
S001,0.35187557339668274,0.13783150911331177,0.8510990738868713,0.4992235004901886,0.29856741428375244,0.02604946494102478,2.0625,0.0,0.3280453085899353,0,-13.417743682861328,2500.0,1,-16.849811553955078,-15.254246711730957,-15.822887420654297,-16.909523010253906,8.568962097167969
S002,0.1312725841999054,0.23028452694416046,0.6104637980461121,0.47919121384620667,0.4439268112182617,-0.015150293707847595,338.125,0.17325811088085175,0.16060663759708405,0,-17.070119857788086,10.0,0,-25.358383178710938,-16.962047576904297,-14.100993156433105,-16.251800537109375,15.187016487121582
S003,0.17407405376434326,0.25036633014678955,0.8828417062759399,0.7087676525115967,0.6482940316200256,0.20899154245853424,23.25,0.10459475964307785,0.17844748497009277,0,-17.60454559326172,10.0,0,-21.78521728515625,-16.67633628845215,-17.463512420654297,-16.657901763916016,11.250045776367188
S004,0.15529625117778778,0.2854704260826111,0.9243385195732117,0.7690422534942627,0.3730543851852417,0.09003236889839172,1.5625,0.049764495342969894,0.16898253560066223,0,-15.95652961730957,40.0,0,-32.855804443359375,-15.559425354003906,-15.798748016357422,-15.786102294921875,18.15755271911621
S005,0.17178504168987274,0.26069483160972595,0.7493784427642822,0.5775933861732483,0.4814501702785492,0.03396925330162048,119.79166412353516,0.13758772611618042,0.1712000072002411,0,-17.22690200805664,36.055511474609375,0,-22.169771194458008,-15.240233421325684,-15.549358367919922,-12.476791381835938,12.553975105285645
S006,0.2510263919830322,0.15882062911987305,0.671867311000824,0.42084091901779175,0.14201027154922485,0.009599834680557251,2.125,0.01116874348372221,0.17342688143253326,0,-14.200749397277832,667.5327758789062,1,-19.612138748168945,-17.244325637817383,-16.07109260559082,-16.993925094604492,14.778020858764648
S007,0.3888486623764038,0.17608880996704102,0.7031764984130859,0.31432783603668213,0.18359816074371338,0.01455409824848175,5.458333492279053,0.025646943598985672,0.09115402400493622,0,-15.507425308227539,2500.0,1,-16.49620246887207,-16.640657424926758,-15.568580627441406,-16.36661148071289,13.65989875793457
S008,0.15226517617702484,0.2714847922325134,0.8096784949302673,0.6574133038520813,0.40238845348358154,0.09946683049201965,331.8958435058594,0.2281821072101593,0.1735537350177765,0,-18.064741134643555,10.0,0,-31.0433292388916,-18.318323135375977,-14.826092720031738,-13.085258483886719,17.958070755004883
S009,0.2685031592845917,0.22704774141311646,0.8764175772666931,0.6079144477844238,0.46543338894844055,-0.0720379650592804,4.5625,0.03083827532827854,0.24381844699382782,0,-11.191707611083984,1082.5894775390625,1,-15.097129821777344,-13.731285095214844,-14.764873504638672,-8.474173545837402,7.947595596313477
S010,0.1393493115901947,0.2047201246023178,0.608774721622467,0.46942541003227234,0.3975335359573364,0.04810129106044769,31.375,0.13399691879749298,0.17424824833869934,0,-16.78968620300293,130.38404846191406,0,-23.862743377685547,-17.4318904876709,-15.89261245727539,-17.834421157836914,7.970131874084473
S011,0.17463155090808868,0.21656258404254913,0.7822580933570862,0.6076265573501587,0.5691257119178772,0.0670648068189621,6.458333492279053,0.1995563507080078,0.17693741619586945,0,-17.331628799438477,14.142135620117188,0,-22.949995040893555,-17.255107879638672,-16.61065101623535,-14.329057693481445,18.96687126159668
S012,0.1777130365371704,0.272095650434494,0.8134205937385559,0.6357075572013855,0.4743330478668213,0.05848398804664612,6.229166507720947,0.01253468170762062,0.1826944500207901,0,-15.50829029083252,370.5401611328125,0,-21.930206298828125,-19.30550193786621,-17.1898136138916,-12.363340377807617,12.935596466064453
S013,0.2545068860054016,0.18754072487354279,0.756547212600708,0.5020403265953064,0.2711245119571686,-0.03949606418609619,2.25,0.04580115154385567,0.231072336435318,0,-11.969218254089355,2500.0,0,-16.82624626159668,-14.03941535949707,-16.54046630859375,-16.767803192138672,5.489466667175293
S014,0.16234157979488373,0.25157079100608826,0.6646019816398621,0.5022603869438171,0.19305726885795593,-0.08588287234306335,10.208333015441895,0.14043179154396057,0.18275316059589386,0,-19.559219360351562,10.0,0,-24.269758224487305,-14.99396800994873,-14.512815475463867,-15.06368350982666,15.121400833129883
S015,0.34412041306495667,0.19467034935951233,0.6842465996742249,0.3401261866092682,0.13365840911865234,0.004328697919845581,24.125,0.02401600405573845,0.15305571258068085,0,-15.880768775939941,2500.0,1,-21.447572708129883,-18.629680633544922,-18.002323150634766,-14.944791793823242,11.475541114807129
S016,0.21859614551067352,0.18695107102394104,0.6698464155197144,0.45125025510787964,0.015696823596954346,-0.06350905448198318,2.1875,0.002081942046061158,0.03785104304552078,0,-15.479732513427734,2500.0,1,-21.297014236450195,-18.21186065673828,-15.936894416809082,-16.85856056213379,9.126084327697754
S017,0.13619007170200348,0.3028680384159088,0.3020584285259247,0.1658683568239212,-0.04806753993034363,-0.1984340101480484,13.833333015441895,0.11125500500202179,0.15461120009422302,0,-18.76262855529785,80.0,0,-27.570720672607422,-21.027719497680664,-20.093585968017578,-16.550962448120117,14.518146514892578
S018,0.1829356551170349,0.21747930347919464,0.867112398147583,0.6841767430305481,0.4329170882701874,0.09085562825202942,2.9583332538604736,0.0,0.20476190745830536,0,-12.74345588684082,2500.0,0,-15.512042045593262,-14.16711711883545,-14.880023956298828,-15.522665977478027,3.5871498584747314
S019,0.23577235639095306,0.2467603087425232,0.9017572999000549,0.6659849286079407,0.2940850853919983,0.04604057967662811,3.3125,0.06313179433345795,0.2668810188770294,0,-16.1403751373291,89.44271850585938,0,-22.963232040405273,-19.715452194213867,-17.825214385986328,-14.80372142791748,11.598048210144043
S020,0.2079334706068039,0.2872369587421417,0.906347930431366,0.6984144449234009,0.5354247689247131,0.22715836763381958,7.541666507720947,0.04750628396868706,0.25484564900398254,0,-12.770742416381836,356.0898742675781,0,-20.256031036376953,-19.63282012939453,-16.487350463867188,-12.434465408325195,9.71823501586914
S021,0.12592589855194092,0.21777629852294922,0.8840680122375488,0.7581421136856079,0.4838002622127533,0.11439475417137146,258.7083435058594,0.2144218236207962,0.1579996943473816,0,-17.335840225219727,10.0,0,-22.456523895263672,-16.308547973632812,-15.225203514099121,-14.813249588012695,13.690714836120605
S022,0.35575219988822937,0.1710638403892517,0.7745605111122131,0.41880831122398376,0.13333618640899658,-0.1020209789276123,5.020833492279053,0.03275011107325554,0.3722584545612335,0,-11.750049591064453,2500.0,1,-16.944175720214844,-13.167325019836426,-14.675209045410156,-12.815298080444336,7.794223308563232
S023,0.3175697922706604,0.16015326976776123,0.660126805305481,0.34255701303482056,0.09846365451812744,-0.01773645728826523,3.0208332538604736,0.027667423710227013,0.08616778254508972,0,-14.93992805480957,2500.0,1,-21.248924255371094,-16.414493560791016,-16.48984146118164,-17.970596313476562,13.321943283081055
S024,0.1736360788345337,0.23426860570907593,0.8259601593017578,0.6523240804672241,0.4811686873435974,0.08555763959884644,0.7291666865348816,0.0,0.1706637740135193,0,-14.436736106872559,166.43316650390625,1,-20.468711853027344,-14.548062324523926,-15.28799819946289,-15.413102149963379,6.845929145812988
S025,0.1715514063835144,0.22606457769870758,0.8327673077583313,0.6612159013748169,0.5394165515899658,0.14287659525871277,7.4375,0.06329090893268585,0.18315376341342926,0,-17.384323120117188,90.0,0,-22.70972442626953,-18.459692001342773,-14.788146018981934,-14.497466087341309,9.849799156188965
S026,0.12258061021566391,0.2932240664958954,0.3229927122592926,0.2004120945930481,0.14452813565731049,-0.025573596358299255,20.47916603088379,0.23454201221466064,0.14109846949577332,0,-20.906259536743164,104.40306854248047,0,-29.7259578704834,-18.193302154541016,-17.330320358276367,-14.978439331054688,15.415170669555664
S027,0.17476937174797058,0.2198255956172943,0.7596293091773987,0.5848599672317505,0.39399203658103943,0.12258771061897278,24.66666603088379,0.061031728982925415,0.17275065183639526,0,-11.268967628479004,130.0,0,-18.050661087036133,-15.98163890838623,-13.651982307434082,-13.21950912475586,4.831151962280273
S028,0.2109704613685608,0.2269195169210434,0.7984121441841125,0.5874416828155518,0.4083917737007141,0.11739790439605713,4.6875,0.022165313363075256,0.23315508663654327,0,-16.560956954956055,2500.0,0,-20.127914428710938,-18.643798828125,-17.485490798950195,-15.595090866088867,5.475169658660889
S029,0.1214071586728096,0.21950246393680573,0.4986666738986969,0.3772595226764679,0.01917320489883423,-0.058153778314590454,1.7916666269302368,0.014583117328584194,0.18918919563293457,0,-13.331073760986328,1428.6357421875,0,-18.91353416442871,-17.336210250854492,-15.137404441833496,-15.800780296325684,15.763381958007812
S030,0.13870540261268616,0.2653310298919678,0.6010728478431702,0.462367445230484,0.2902262806892395,-0.09847202897071838,115.25,0.12699760496616364,0.15565180778503418,0,-16.635080337524414,92.19544219970703,0,-32.06821823120117,-17.539371490478516,-17.28696632385254,-15.569287300109863,23.095184326171875
S031,0.17692306637763977,0.18172983825206757,0.8068344593048096,0.6299114227294922,0.5328803658485413,0.11723771691322327,12.458333015441895,0.054699938744306564,0.1756569892168045,0,-15.188546180725098,36.055511474609375,0,-19.687131881713867,-17.30036735534668,-15.282638549804688,-9.925313949584961,21.44297981262207
S032,0.1269349604845047,0.2290782630443573,0.6635259389877319,0.5365909934043884,0.3583724796772003,0.0009527802467346191,94.97916412353516,0.13805468380451202,0.13983839750289917,0,-17.261606216430664,1020.0,0,-23.006174087524414,-16.976572036743164,-15.636678695678711,-11.772878646850586,11.361690521240234
S033,0.20494182407855988,0.2565188407897949,0.4406733810901642,0.2357315570116043,-0.022013187408447266,-0.08657833933830261,66.70833587646484,0.06976186484098434,0.21076448261737823,0,-15.599863052368164,523.5455932617188,1,-25.97260093688965,-15.013075828552246,-13.60423469543457,-14.923651695251465,14.539472579956055
S034,0.1731448471546173,0.23708178102970123,0.45651301741600037,0.28336817026138306,-0.01747879385948181,-0.24990111589431763,97.70833587646484,0.13702872395515442,0.18914955854415894,0,-15.945304870605469,70.71067810058594,0,-19.247066497802734,-18.400754928588867,-17.816062927246094,-14.174400329589844,10.392265319824219
S035,0.7462417483329773,-0.16994795203208923,0.7644455432891846,0.018203794956207275,0.06710714101791382,0.02398168295621872,1.6875,0.036861248314380646,0.6320458054542542,0,-12.891307830810547,2500.0,0,-14.793909072875977,-16.799840927124023,-14.380383491516113,-17.415908813476562,5.466587066650391
S036,0.2898230254650116,0.18684931099414825,0.8538028001785278,0.5639797449111938,0.44221511483192444,0.11311441659927368,5.145833492279053,0.0,0.2762336730957031,0,-11.015183448791504,2500.0,0,-16.371551513671875,-14.038511276245117,-15.967488288879395,-12.767196655273438,8.223660469055176
S037,0.3777441382408142,0.25307124853134155,0.796413779258728,0.4186696410179138,0.17361587285995483,-0.06750302016735077,6.9375,0.021297920495271683,0.24850746989250183,0,-13.879646301269531,1218.072265625,1,-15.190978050231934,-14.743454933166504,-14.60931396484375,-9.127917289733887,13.068450927734375
S038,0.21220722794532776,0.2677062749862671,0.8383561372756958,0.6261489391326904,0.5475243330001831,0.08750608563423157,1.2291666269302368,0.0020157236140221357,0.2234146147966385,0,-13.714773178100586,2500.0,0,-19.966550827026367,-16.577749252319336,-16.619009017944336,-18.2796573638916,3.3888018131256104
S039,0.1164383590221405,0.25959011912345886,0.3049115836620331,0.18847322463989258,0.0663636326789856,-0.1698058843612671,198.8333282470703,0.19558492302894592,0.13389119505882263,0,-18.37687110900879,40.0,0,-23.170808792114258,-19.20281219482422,-18.68813133239746,-14.962441444396973,10.9362211227417
S040,0.3942287862300873,0.23861634731292725,0.6629292368888855,0.2687004506587982,0.2298828363418579,-0.013089150190353394,2.8958332538604736,0.051235951483249664,0.13633395731449127,0,-17.018535614013672,500.0999755859375,0,-22.059011459350586,-19.43478012084961,-16.64919662475586,-15.50123405456543,19.56016731262207
S041,0.1262376457452774,0.26206281781196594,0.7289742231369019,0.6027365922927856,0.3566390573978424,0.011277437210083008,38.375,0.16326209902763367,0.17628459632396698,0,-18.1254825592041,50.0,0,-21.045230865478516,-22.516605377197266,-16.770307540893555,-16.10118293762207,6.719541072845459
S042,0.21312658488750458,0.18757063150405884,0.8025267720222473,0.5894001722335815,0.5187982320785522,0.14188769459724426,18.875,0.08091721683740616,0.20407800376415253,0,-17.455181121826172,107.70329284667969,0,-22.770448684692383,-17.98719024658203,-18.985172271728516,-16.376134872436523,10.23629093170166
S043,0.14226378500461578,0.26304423809051514,0.8466827273368835,0.704418957233429,0.24587899446487427,0.014394700527191162,12.020833015441895,0.05190809816122055,0.15387387573719025,0,-13.780303001403809,2500.0,1,-15.90853500366211,-16.04054832458496,-15.714064598083496,-16.52389907836914,9.406466484069824
S044,-0.10906447470188141,0.043620508164167404,0.0044150035828351974,0.11347948014736176,0.12709157168865204,-0.04916422814130783,8.458333015441895,0.020463740453124046,-0.1078341081738472,67,-26.105976104736328,2500.0,0,-32.34473419189453,-30.37520408630371,-40.72773742675781,-26.211259841918945,16.61453628540039
S045,0.19524620473384857,0.22103315591812134,0.7708088159561157,0.575562596321106,0.4674380421638489,0.03184601664543152,21.14583396911621,0.054586462676525116,0.2125435620546341,0,-18.966358184814453,2500.0,1,,-19.23807144165039,-17.44146156311035,-14.609152793884277,7.2550201416015625
S046,0.24448144435882568,0.2207057923078537,0.7708369493484497,0.526355504989624,0.25020384788513184,-0.06803527474403381,13.854166984558105,0.05300503224134445,0.2596774697303772,0,-14.132147789001465,1062.308837890625,0,-17.748865127563477,-13.97571086883545,-16.30260467529297,-16.101043701171875,5.792809009552002
S047,0.19393232464790344,0.23237113654613495,0.789642870426178,0.5957105159759521,0.3275986611843109,-0.05719217658042908,116.29166412353516,0.1397394835948944,0.2282446324825287,0,-14.616673469543457,757.4298706054688,0,-16.818418502807617,-14.707757949829102,-17.0075740814209,-13.002901077270508,7.499806880950928
S048,0.23439668118953705,0.18488238751888275,0.8452968597412109,0.6109001636505127,0.31368768215179443,0.009902000427246094,0.8958333134651184,0.0,0.2502768635749817,0,-12.2908935546875,2500.0,0,-16.509963989257812,-14.791430473327637,-16.140241622924805,-15.604177474975586,3.29122257232666
S049,0.17990653216838837,0.20787778496742249,0.8398587107658386,0.6599521636962891,0.3622758388519287,-0.08510690927505493,25.1875,0.09619463980197906,0.20971299707889557,0,-14.806303977966309,516.6236572265625,0,-19.75897979736328,-19.617206573486328,-16.278730392456055,-14.201085090637207,7.578794479370117
S050,0.16125039756298065,0.23144590854644775,0.37646833062171936,0.2152179330587387,-0.03939241170883179,0.0006430037319660187,1.7083333730697632,0.009330986998975277,0.08019040524959564,0,-15.661972999572754,2500.0,1,-20.854881286621094,-17.489656448364258,-17.09452247619629,-16.788684844970703,11.114690780639648
S051,0.24932490289211273,0.2110569179058075,0.8295354843139648,0.5802105665206909,0.4281749427318573,0.07837051153182983,45.1875,0.15392868220806122,0.2549625039100647,0,-17.231245040893555,0.0,0,-20.72789764404297,-11.748014450073242,-17.86629295349121,-14.656370162963867,10.399309158325195
S052,0.14656102657318115,0.21589116752147675,0.5661255121231079,0.41956448554992676,0.27016595005989075,-0.11093717813491821,184.7916717529297,0.15527160465717316,0.15614134073257446,0,-16.48367691040039,28.284271240234375,0,-18.651704788208008,-16.21946907043457,-15.019614219665527,-15.872743606567383,7.4408674240112305
S053,0.16014759242534637,0.24960198998451233,0.5420592427253723,0.38191163539886475,0.32002532482147217,-0.0060476213693618774,19.6875,0.09827561676502228,0.16613078117370605,0,-18.323917388916016,44.72135925292969,0,-24.367582321166992,-16.655776977539062,-14.698801040649414,-15.769495964050293,13.838678359985352
S054,0.11675124615430832,0.30859217047691345,0.8949494957923889,0.7781982421875,0.30504411458969116,0.002455383539199829,2.9791667461395264,0.01687699928879738,0.10156562179327011,0,-13.880011558532715,1043.934814453125,1,-24.149879455566406,-18.642757415771484,-17.552461624145508,-12.948942184448242,11.200937271118164
S055,0.17211738228797913,0.22154785692691803,0.5398354530334473,0.36771807074546814,0.2977302074432373,0.04562051594257355,66.95833587646484,0.12161307036876678,0.17849142849445343,0,-16.550870895385742,82.46211242675781,0,-23.505836486816406,-22.159894943237305,-21.03832244873047,-16.59718894958496,8.902743339538574
S056,0.17422637343406677,0.26232385635375977,0.5426095128059387,0.36838313937187195,0.3356401324272156,-0.07676851749420166,147.0833282470703,0.1479543149471283,0.20065255463123322,0,-22.304584503173828,53.851646423339844,0,-26.843748092651367,-17.70697593688965,-17.344568252563477,-16.851285934448242,13.190375328063965
S057,0.21656754612922668,0.1639682948589325,0.7692481875419617,0.5526806116104126,0.5332158207893372,0.1173519492149353,57.04166793823242,0.06855640560388565,0.2125885784626007,0,-12.556731224060059,557.3150024414062,0,-16.806255340576172,-16.63270378112793,-16.4520206451416,-14.147278785705566,7.709763050079346
S058,0.3103879690170288,0.15563279390335083,0.8159894943237305,0.5056015253067017,0.27348291873931885,0.030286267399787903,5.4375,0.01674230955541134,0.24017299711704254,0,-13.426886558532715,2500.0,0,-13.820268630981445,-14.969260215759277,-14.408019065856934,-15.076712608337402,4.473968029022217
S059,0.18975552916526794,0.24542778730392456,0.7417001128196716,0.5519446134567261,0.20559507608413696,0.03965672850608826,23.47916603088379,0.03553865849971771,0.19259263575077057,0,-11.752396583557129,313.84710693359375,0,-17.7305965423584,-14.438040733337402,-14.447872161865234,-13.304314613342285,7.720642566680908
S060,0.1600000262260437,0.26483097672462463,0.9204790592193604,0.7604790329933167,0.5251302123069763,0.0736764669418335,9.270833015441895,0.0,0.16740240156650543,0,-17.31446075439453,64.03124237060547,0,-21.675905227661133,-18.45777130126953,-18.593570709228516,-15.284744262695312,10.866070747375488
S061,0.17722058296203613,0.2693602740764618,0.5625640749931335,0.3853434920310974,0.27141278982162476,-0.04673737287521362,98.79166412353516,0.15224330127239227,0.19967855513095856,0,-15.985086441040039,10.0,0,-28.523441314697266,-16.368825912475586,-18.517627716064453,-16.441638946533203,15.619731903076172
S062,0.2067226767539978,0.1965237408876419,0.6941529512405396,0.48743027448654175,0.4499092400074005,0.049397051334381104,145.0833282470703,0.24832795560359955,0.22845777869224548,0,-18.029949188232422,134.53623962402344,0,-19.704669952392578,-18.847312927246094,-17.501834869384766,-12.973763465881348,8.454164505004883
S063,0.2060428112745285,0.20187456905841827,0.8406566977500916,0.6346138715744019,0.5548893213272095,0.06375342607498169,0.6666666865348816,0.02919911779463291,0.2251613885164261,0,-12.51988697052002,2500.0,0,-18.36664390563965,-14.641420364379883,-16.01512336730957,-14.354984283447266,4.468119144439697
S064,0.25382697582244873,0.18976826965808868,0.6992099285125732,0.4453829526901245,0.19311672449111938,-0.04408682882785797,9.625,0.05296395346522331,0.1370992362499237,0,-14.828275680541992,2500.0,1,-18.882080078125,-15.453204154968262,-16.92586326599121,-16.110544204711914,8.522223472595215
S065,0.21212121844291687,0.21338611841201782,0.8353800177574158,0.6232588291168213,0.44840124249458313,0.04809093475341797,52.4375,0.07963487505912781,0.20166130363941193,0,-10.544572830200195,547.0831909179688,0,-16.856159210205078,-16.386857986450195,-16.584613800048828,-15.549386978149414,5.185849666595459
S066,0.31778985261917114,0.18577450513839722,0.8176487684249878,0.49985891580581665,0.18564879894256592,0.016733884811401367,2.8541667461395264,0.015786629170179367,0.25305768847465515,0,-13.803098678588867,2500.0,0,-14.161968231201172,-15.61354923248291,-15.614029884338379,-12.12573528289795,6.413564682006836
S067,0.20950640738010406,0.19692954421043396,0.886224627494812,0.6767182350158691,0.5088141560554504,0.04987591505050659,14.125,0.09974583238363266,0.21196848154067993,0,-14.01754093170166,50.0,0,-21.254928588867188,-15.99612045288086,-16.437660217285156,-17.189725875854492,5.2588090896606445
S068,0.1245526373386383,0.2470179796218872,0.40002110600471497,0.27546846866607666,0.2238835096359253,-0.21932297945022583,225.9583282470703,0.19198355078697205,0.13762101531028748,0,-19.166521072387695,22.360679626464844,0,-25.660295486450195,-20.088836669921875,-20.369565963745117,-16.21234130859375,10.058053016662598
S069,0.1731289178133011,0.28459039330482483,0.36524707078933716,0.19211815297603607,0.04275098443031311,-0.08418402075767517,168.4583282470703,0.1896333247423172,0.18535058200359344,0,-17.830455780029297,234.3074951171875,0,-22.938459396362305,-19.911012649536133,-23.41031265258789,-17.712478637695312,7.047812461853027
S070,0.10924047231674194,0.27804696559906006,0.22349321842193604,0.11425274610519409,-0.051654696464538574,-0.366415798664093,67.29166412353516,0.2036781907081604,0.13686910271644592,0,-19.993858337402344,243.3105010986328,0,-25.45671844482422,-21.170934677124023,-19.781614303588867,-16.19446563720703,10.683087348937988
S071,0.2166874259710312,0.30258968472480774,0.6237918138504028,0.40710437297821045,0.22345110774040222,0.017971768975257874,9.1875,0.044111523777246475,0.23418425023555756,0,-14.39639949798584,953.3624877929688,1,-20.8331356048584,-12.962050437927246,-15.982813835144043,-19.825414657592773,12.851212501525879
S072,0.2502215802669525,0.31002330780029297,0.8337337970733643,0.5835121870040894,0.31644827127456665,0.02259841561317444,2.0208332538604736,0.007055721711367369,0.028532585129141808,0,-15.407609939575195,2500.0,1,-17.960229873657227,-16.840198516845703,-16.6823787689209,-16.579221725463867,11.958011627197266
S073,0.15039944648742676,0.20107780396938324,0.7075431942939758,0.5571437478065491,0.2958073914051056,-0.010917901992797852,47.0625,0.1068950816988945,0.175876185297966,0,-16.478965759277344,22.360679626464844,0,-18.654008865356445,-15.386890411376953,-14.673810005187988,-15.330148696899414,5.465007305145264
S074,0.13676626980304718,0.2457309365272522,0.8184902667999268,0.6817240118980408,0.5138779878616333,0.21064123511314392,2.5,0.060024820268154144,0.14847712218761444,0,-13.442264556884766,2500.0,0,-17.494991302490234,-16.67146873474121,-16.133445739746094,-15.474797248840332,8.0115327835083
S075,0.4893617033958435,0.17653845250606537,0.7036724090576172,0.21431070566177368,0.10662984848022461,0.017876766622066498,0.7291666865348816,0.0,0.0010581795359030366,0,-16.241174697875977,2500.0,1,-15.06941032409668,-16.765209197998047,-16.681177139282227,-18.519412994384766,18.337427139282227
S076,0.11069940775632858,0.23080305755138397,0.7032175064086914,0.5925180912017822,0.39347201585769653,0.10534965991973877,45.0625,0.06441221386194229,0.1494772583246231,0,-16.74177360534668,2500.0,1,,-16.57693862915039,-17.296903610229492,-17.332555770874023,4.893035411834717
S077,0.5397225618362427,0.062381844967603683,0.8057511448860168,0.26602858304977417,0.11524611711502075,-0.055646881461143494,0.9791666865348816,0.0,0.2674139142036438,0,-11.912430763244629,2500.0,0,-17.628650665283203,-12.85470199584961,-14.682559967041016,-14.362655639648438,4.773949146270752
S078,0.1527722328901291,0.26293447613716125,0.6151963472366333,0.462424099445343,0.41029345989227295,-0.05261823534965515,113.14583587646484,0.14405457675457,0.16594401001930237,0,-17.16802215576172,53.851646423339844,0,-23.77339744567871,-13.296683311462402,-14.79353141784668,-16.131824493408203,11.853346824645996
S079,0.2034139335155487,0.22323864698410034,0.6202287077903748,0.41681477427482605,0.07940530776977539,0.00028385967016220093,1.0,0.021933166310191154,0.1284046769142151,0,-14.755480766296387,1654.6903076171875,1,-20.60177230834961,-18.250490188598633,-16.380767822265625,-18.192718505859375,15.971113204956055
S080,0.27628815174102783,0.15272514522075653,0.6652506589889526,0.3889625072479248,0.36224061250686646,0.10595470666885376,38.02083206176758,0.2002551108598709,0.36367470026016235,16,-11.580175399780273,791.5806884765625,0,-16.154197692871094,-17.270763397216797,-16.080564498901367,-23.75670051574707,7.676135540008545
S081,0.11929824203252792,0.24697525799274445,0.38680708408355713,0.2675088346004486,0.17739956080913544,-0.19553960859775543,238.8333282470703,0.31060364842414856,0.15852613747119904,0,-22.226608276367188,89.44271850585938,0,-27.0433292388916,-15.51037311553955,-17.85304069519043,-17.771814346313477,19.334518432617188
S082,0.25732338428497314,0.1640625149011612,0.7717831134796143,0.5144597291946411,0.46998131275177,0.07448381185531616,6.979166507720947,0.018801026046276093,0.2746050953865051,0,-11.811196327209473,2500.0,0,-18.836761474609375,-14.408549308776855,-16.020566940307617,-17.47866439819336,4.428212642669678
S083,0.15836459398269653,0.22064559161663055,0.5911068320274353,0.43274223804473877,0.37669557332992554,0.054332032799720764,36.125,0.17633546888828278,0.15305788815021515,0,-19.967369079589844,63.24555206298828,0,-22.43931770324707,-18.870399475097656,-17.28995132446289,-16.567773818969727,11.877115249633789
S084,0.3243435025215149,0.19635432958602905,0.6887023448944092,0.3643588423728943,0.09517866373062134,0.017853356897830963,8.791666984558105,0.03652961924672127,0.155068501830101,0,-15.914127349853516,2500.0,1,-18.986724853515625,-17.513254165649414,-17.826196670532227,-15.933659553527832,10.22618579864502
S085,0.20016558468341827,0.23476016521453857,0.7911126017570496,0.5909470319747925,0.36441412568092346,0.0814669132232666,60.60416793823242,0.10720150172710419,0.22776423394680023,0,-19.240705490112305,123.69316864013672,0,-23.847055435180664,-18.04462242126465,-17.41204071044922,-14.607682228088379,10.985493659973145
S086,0.2474362701177597,0.18428167700767517,0.8505905866622925,0.6031543016433716,0.3434531092643738,0.021170049905776978,8.041666984558105,0.03176729753613472,0.24080790579319,0,-9.84627628326416,2500.0,0,-16.605335235595703,-16.288360595703125,-16.003299713134766,-15.21029281616211,2.689601421356201
S087,0.36796876788139343,0.1780119091272354,0.7386667132377625,0.370697945356369,0.16346579790115356,0.04325214773416519,1.125,0.0018854051595553756,0.09595202654600143,0,-15.90664005279541,1601.7802734375,1,-16.611797332763672,-15.701788902282715,-16.329030990600586,-16.012866973876953,10.418362617492676
S088,0.1097477599978447,0.19170984625816345,0.8481118083000183,0.738364040851593,0.5492188334465027,0.17202046513557434,27.22916603088379,0.1504838615655899,0.14164072275161743,0,-19.70477294921875,67.08203887939453,0,-24.978801727294922,-16.45729637145996,-13.870063781738281,-12.723160743713379,23.73042869567871
S089,0.12262238562107086,0.22864055633544922,0.8950253129005432,0.7724029421806335,0.6258691549301147,0.23715534806251526,6.958333492279053,0.17415347695350647,0.14307990670204163,0,-18.97195053100586,22.360679626464844,0,-25.531635284423828,-16.576208114624023,-13.344039916992188,-15.63513469696045,14.588916778564453
S090,0.4457652270793915,0.186713308095932,0.7338877320289612,0.2881225049495697,0.11766308546066284,0.005845263600349426,1.0416666269302368,0.0,-0.010682032443583012,0,-15.52479076385498,1384.232666015625,1,-16.15488052368164,-15.570948600769043,-16.162561416625977,-17.017351150512695,12.974385261535645
S091,0.17156679928302765,0.22616882622241974,0.732344388961792,0.5607776045799255,0.25338292121887207,0.04733899235725403,1.8541666269302368,0.0,0.04673806577920914,0,-16.019073486328125,715.541748046875,0,-19.51351547241211,-16.257944107055664,-15.597918510437012,-18.6337890625,6.358914852142334
S092,0.1994408220052719,0.2471442073583603,0.8170886039733887,0.6176477670669556,0.2914862036705017,0.06692026555538177,5.854166507720947,0.08428385853767395,0.2562321126461029,0,-14.817349433898926,41.231056213378906,0,-24.07223892211914,-20.66973114013672,-18.46622085571289,-13.99026107788086,16.00870704650879
S093,0.19622385501861572,0.22737643122673035,0.7145035266876221,0.5182796716690063,0.15140408277511597,0.05294053256511688,9.625,0.04782181233167648,0.1592920571565628,0,-14.750003814697266,2500.0,1,-22.789602279663086,-17.691312789916992,-19.228546142578125,-16.50326156616211,11.23691463470459
S094,0.1628980189561844,0.22903047502040863,0.5544857382774353,0.3915877342224121,0.3526875078678131,-0.07274723052978516,351.7291564941406,0.1722813844680786,0.1700623780488968,0,-15.752707481384277,10.0,0,-22.20833969116211,-19.80402946472168,-15.68386459350586,-14.082388877868652,16.26213264465332
S095,0.14792902767658234,0.2580203413963318,0.8536184430122375,0.7056894302368164,0.2999444007873535,0.05160744488239288,53.47916793823242,0.08171502500772476,0.16096022725105286,0,-15.792962074279785,58.30952072143555,0,-27.463171005249023,-14.403067588806152,-14.89614200592041,-15.384621620178223,17.646331787109375
S096,0.23290202021598816,0.30513712763786316,0.718971312046051,0.48606929183006287,0.1651638150215149,0.015326663851737976,2.8125,0.0017816192703321576,0.10053667426109314,0,-13.681780815124512,660.302978515625,1,-18.306617736816406,-15.157072067260742,-15.542909622192383,-15.019816398620605,10.308432579040527
S097,0.29606878757476807,0.1768072545528412,0.7354109287261963,0.4393421411514282,0.192466139793396,-0.043585821986198425,11.583333015441895,0.04361243173480034,0.26256632804870605,0,-13.545560836791992,2500.0,0,-17.158464431762695,-11.538656234741211,-18.833309173583984,-16.93423843383789,7.902967929840088
S098,0.18665607273578644,0.27709558606147766,0.8245805501937866,0.6379244923591614,0.2929112911224365,0.014591991901397705,1.2708333730697632,0.0035304054617881775,0.031595610082149506,0,-15.510041236877441,2500.0,1,-18.600629806518555,-16.117809295654297,-17.303138732910156,-16.50119972229004,7.265446186065674
S099,0.2258566915988922,0.23408329486846924,0.8250569701194763,0.5992002487182617,0.31996238231658936,0.09035032987594604,35.77083206176758,0.08402366191148758,0.23243802785873413,0,-11.703832626342773,474.13079833984375,0,-17.8980655670166,-14.837926864624023,-14.550811767578125,-13.231819152832031,6.946904182434082
S100,0.14370077848434448,0.20595534145832062,0.5295663475990295,0.38586556911468506,0.2682161033153534,-0.007468611001968384,77.375,0.12628208100795746,0.1596214324235916,0,-16.133527755737305,72.80110168457031,0,-23.169452667236328,-17.190664291381836,-16.991106033325195,-11.009529113769531,18.307174682617188
S101,0.19072163105010986,0.2198636531829834,0.6753088235855103,0.4845871925354004,0.21538662910461426,-0.08309167623519897,20.33333396911621,0.07709109038114548,0.17743170261383057,0,-18.415395736694336,22.360679626464844,1,-19.149070739746094,-16.027517318725586,-15.677960395812988,-16.040279388427734,18.044897079467773
S102,0.14161072671413422,0.19765198230743408,0.597749650478363,0.4561389088630676,0.10862797498703003,0.03688567876815796,0.8333333134651184,0.0,0.1900668442249298,0,-15.965020179748535,829.7589721679688,1,-19.813243865966797,-17.56394386291504,-16.21129035949707,-15.414944648742676,14.86977767944336
S103,0.23912203311920166,0.19111032783985138,0.6520324945449829,0.41291046142578125,0.06232774257659912,-0.049907974898815155,8.791666984558105,0.04896201193332672,0.1871192306280136,0,-15.114662170410156,63.24555206298828,1,-15.8546724319458,-14.721081733703613,-15.907949447631836,-16.65794563293457,8.496976852416992
S104,0.17020486295223236,0.32262155413627625,0.7210591435432434,0.5508542656898499,0.25116080045700073,0.025788813829421997,17.47916603088379,0.05791498348116875,0.18179558217525482,0,-17.105607986450195,891.0667724609375,0,-23.606952667236328,-21.19198226928711,-20.79273223876953,-21.105649948120117,16.63313865661621
S105,0.21234513819217682,0.24514155089855194,0.6727694272994995,0.4604243040084839,0.34753185510635376,-0.037569254636764526,25.14583396911621,0.1109684407711029,0.1830427646636963,0,-19.93736457824707,50.990196228027344,0,-23.594348907470703,-17.288616180419922,-15.333470344543457,-14.235098838806152,13.550113677978516
S106,0.2165367752313614,0.21755751967430115,0.7563188672065735,0.5397821068763733,0.10164260864257812,-0.2364533245563507,8.458333015441895,0.01174132153391838,0.22092586755752563,0,-13.89312744140625,2500.0,1,-18.83273696899414,-19.295804977416992,-18.805322647094727,-20.83584213256836,4.583494663238525
S107,0.24555155634880066,0.21387286484241486,0.8996192216873169,0.6540676355361938,0.3657846450805664,0.023065418004989624,2.9375,0.013470061123371124,0.22611720860004425,0,-10.180706024169922,508.0354309082031,1,-16.373523712158203,-13.871325492858887,-14.221750259399414,-14.462037086486816,2.9452168941497803
S108,0.2170400321483612,0.2633809447288513,0.7349138259887695,0.5178737640380859,0.17199993133544922,-0.045791253447532654,1.2708333730697632,0.009815027937293053,0.12670044600963593,0,-15.005331993103027,2500.0,1,-19.422142028808594,-17.019765853881836,-14.468280792236328,-17.514789581298828,10.101648330688477
S109,0.33429813385009766,0.20289626717567444,0.7729300856590271,0.43863195180892944,0.1990821361541748,-0.001145675778388977,4.125,0.0,0.14611399173736572,0,-16.472309112548828,2500.0,1,-19.58844757080078,-17.219263076782227,-17.11203956604004,-17.640235900878906,12.956178665161133
S110,0.1734563112258911,0.2742023766040802,0.7102396488189697,0.5367833375930786,0.4283219575881958,0.27799004316329956,127.625,0.14578913152217865,0.18437008559703827,0,-15.992842674255371,374.8332824707031,0,-23.702354431152344,-19.271642684936523,-15.224906921386719,-13.122814178466797,10.948616027832031
S111,0.23862309753894806,0.1497734785079956,0.6808199286460876,0.4421968460083008,0.1536824107170105,-0.0069831907749176025,0.875,0.0,0.11014068871736526,0,-16.595991134643555,984.7842407226562,1,-19.15873146057129,-15.335929870605469,-17.024227142333984,-16.971925735473633,10.916492462158203
S112,0.17511793971061707,0.29996246099472046,0.7685250639915466,0.593407154083252,0.17330068349838257,-0.001451641321182251,1.75,0.0036840802058577538,0.12141280621290207,0,-14.727822303771973,2500.0,1,-19.162750244140625,-15.561305046081543,-14.733695983886719,-16.38741111755371,11.533448219299316
S113,0.28677478432655334,0.3900323808193207,0.7479748129844666,0.4612000286579132,0.041918039321899414,-0.14657606184482574,4.3125,0.004273556172847748,0.05996757745742798,0,-17.593852996826172,2500.0,1,-21.858076095581055,-20.717321395874023,-18.186262130737305,-16.833005905151367,17.098676681518555
S114,0.1629679650068283,0.1851317584514618,0.792792797088623,0.6298248171806335,0.515848696231842,0.17623668909072876,25.83333396911621,0.09156589210033417,0.18417900800704956,0,-14.087621688842773,161.55494689941406,0,-20.24305534362793,-18.359464645385742,-17.537738800048828,-20.90709686279297,8.122020721435547
S115,0.2315470278263092,0.21785588562488556,0.3817671537399292,0.15022012591362,0.11959099769592285,-0.07784642279148102,321.5625,0.21225817501544952,0.1538461595773697,0,-16.783309936523438,0.0,0,-18.364187240600586,-18.378801345825195,-17.513519287109375,-19.32451629638672,10.03054141998291
S116,0.31302520632743835,0.19664937257766724,0.7216419577598572,0.4086167514324188,0.09974807500839233,0.040019840002059937,2.0416667461395264,0.025541916489601135,0.17720641195774078,0,-16.572139739990234,2500.0,1,-19.478639602661133,-14.819328308105469,-15.030403137207031,-15.23919677734375,12.341543197631836
S117,0.15439671277999878,0.23929154872894287,0.8513414859771729,0.6969447731971741,0.6360206007957458,0.13418029248714447,4.333333492279053,0.026808716356754303,0.1579539030790329,0,-16.081260681152344,50.990196228027344,0,-23.841276168823242,-19.954320907592773,-16.98931121826172,-17.703521728515625,11.069276809692383
S118,0.2185833752155304,0.21021074056625366,0.5065168738365173,0.28793349862098694,-0.007952570915222168,0.024283908307552338,6.229166507720947,0.02694876492023468,0.03581720218062401,0,-14.396431922912598,2500.0,1,-21.033714294433594,-17.556406021118164,-19.246337890625,-16.453632354736328,9.7572021484375
S119,0.12030652165412903,0.24683870375156403,0.7644506692886353,0.6441441774368286,0.47501128911972046,0.05895945429801941,59.14583206176758,0.10133139789104462,0.08254566788673401,0,-14.399683952331543,1079.1199951171875,1,-28.440481185913086,-16.057170867919922,-16.880035400390625,-15.631939888000488,15.823244094848633
S120,0.18785424530506134,0.33595287799835205,0.7658288478851318,0.5779746174812317,0.20009517669677734,-0.09049385786056519,4.104166507720947,0.04496446251869202,0.3252156376838684,0,-15.192296981811523,114.01753997802734,0,-22.674081802368164,-15.12976360321045,-15.933714866638184,-13.153380393981934,10.800056457519531
S121,0.19538603723049164,0.26237043738365173,0.7049375176429749,0.509551465511322,0.28975602984428406,0.0768822729587555,1.6666666269302368,0.028049807995557785,0.23028239607810974,0,-16.1218204498291,718.4010009765625,0,-26.244565963745117,-16.098085403442383,-15.427234649658203,-15.419584274291992,17.520156860351562
S122,0.19548533856868744,0.21994970738887787,0.8328399062156677,0.6373545527458191,0.5437285304069519,0.12382060289382935,2.3125,0.13029983639717102,0.2053406834602356,0,-16.516836166381836,31.62277603149414,0,-23.216537475585938,-14.403897285461426,-17.17664337158203,-13.177781105041504,10.038756370544434
S123,0.15468022227287292,0.2577716112136841,0.755987286567688,0.6013070344924927,0.3602480888366699,-0.032508254051208496,27.60416603088379,0.04854762181639671,0.18917612731456757,0,-18.03683853149414,85.4400405883789,0,-22.263919830322266,-20.29391098022461,-16.53089141845703,-15.344779968261719,17.479642868041992
S124,0.16282764077186584,0.29818668961524963,0.6504383683204651,0.48761072754859924,0.17351529002189636,-0.0032124370336532593,2.8541667461395264,0.009987516328692436,-0.027501491829752922,0,-18.788650512695312,2500.0,1,-16.968833923339844,-14.645273208618164,-14.367506980895996,-18.423503875732422,13.68339729309082
S125,0.26624202728271484,0.12270762026309967,0.6346564292907715,0.36841440200805664,0.03480571508407593,-0.011545337736606598,1.4583333730697632,0.015134918503463268,0.1687595546245575,0,-17.78432846069336,1060.0,1,-20.255390167236328,-16.52220344543457,-16.680713653564453,-16.873231887817383,11.932936668395996
S126,0.13190802931785583,0.24431933462619781,0.24932684004306793,0.1174188107252121,0.08122530579566956,-0.1628456562757492,67.89583587646484,0.12388444691896439,0.17307692766189575,0,-16.908788681030273,80.62257385253906,0,-23.140554428100586,-16.490306854248047,-18.493640899658203,-16.268423080444336,14.123682022094727
S127,0.4716391861438751,0.0697588250041008,0.7727905511856079,0.3011513650417328,0.22319084405899048,-0.06302270293235779,7.541666507720947,0.029531005769968033,0.23752309381961823,0,-13.647448539733887,2500.0,0,-16.781068801879883,-14.917703628540039,-17.6778564453125,-18.61730194091797,6.125807285308838
S128,0.22586414217948914,0.18382097780704498,0.642307698726654,0.4164435565471649,0.06509536504745483,-0.07057516276836395,12.25,0.024948980659246445,0.12141057103872299,0,-17.497440338134766,2500.0,0,-17.504030227661133,-16.0159969329834,-16.0902042388916,-16.071979522705078,16.69266700744629
S129,0.1336960792541504,0.27963998913764954,0.5558620691299438,0.42216598987579346,0.17098429799079895,-0.08099141716957092,65.3125,0.17554455995559692,0.1626579612493515,0,-17.122697830200195,263.0589294433594,0,-27.665874481201172,-17.84103012084961,-20.224882125854492,-15.400071144104004,12.93464183807373
S130,0.21944037079811096,0.20000000298023224,0.7421875,0.5227471590042114,0.2565362751483917,0.04207073152065277,0.8333333134651184,0.0,0.11696157604455948,0,-16.739500045776367,2500.0,1,-18.563213348388672,-18.34139633178711,-16.287975311279297,-16.870389938354492,13.76339054107666
S131,0.14963661134243011,0.24244219064712524,0.8420820832252502,0.6924454569816589,0.33954399824142456,-0.06073653697967529,3.8958332538604736,0.07310101389884949,0.19947360455989838,0,-16.673656463623047,50.990196228027344,0,-22.953216552734375,-13.795714378356934,-17.215776443481445,-11.894753456115723,13.60600471496582
S132,0.11438030749559402,0.21466948091983795,0.4238346219062805,0.3094543218612671,0.2377997189760208,-0.19816647469997406,179.125,0.08472845703363419,0.14326444268226624,0,-17.796735763549805,72.11102294921875,0,-23.98343849182129,-17.0460205078125,-18.18223762512207,-12.814920425415039,24.056625366210938
S133,0.23847925662994385,0.23081067204475403,0.7807881832122803,0.5423089265823364,0.34237852692604065,0.026949197053909302,7.520833492279053,0.05819527432322502,0.2425098717212677,0,-13.98885440826416,427.2001953125,0,-17.262351989746094,-17.26799774169922,-14.29770278930664,-15.838078498840332,6.069071292877197
S134,0.4787631630897522,0.13071683049201965,0.733052134513855,0.2542889714241028,0.18434274196624756,-0.0065407902002334595,2.6458332538604736,0.01578182354569435,0.07223325967788696,0,-14.180513381958008,2500.0,1,-18.542469024658203,-14.857051849365234,-15.52637004852295,-12.465984344482422,11.41540813446045
S135,0.5079136490821838,0.07078586518764496,0.7031078338623047,0.19519418478012085,0.13836520910263062,-0.014987155795097351,3.4375,0.023621996864676476,0.178571417927742,0,-16.23426628112793,2500.0,1,-16.976280212402344,-15.935153007507324,-15.859485626220703,-15.625125885009766,10.1478853225708
S136,0.11193110793828964,0.2618872821331024,0.7352911233901978,0.6233600378036499,0.4299086928367615,0.07262620329856873,63.10416793823242,0.20087707042694092,0.10733259469270706,0,-19.887521743774414,240.83189392089844,0,-29.870025634765625,-14.894099235534668,-16.187721252441406,-15.564840316772461,21.544572830200195
S137,0.20576561987400055,0.2347920835018158,0.6758383512496948,0.47007274627685547,0.34250500798225403,0.23211443424224854,2.3125,0.025517527014017105,0.16954314708709717,0,-14.114985466003418,2500.0,1,-18.478168487548828,-13.626557350158691,-17.532739639282227,-17.42292594909668,13.657617568969727
S138,0.12641596794128418,0.2882298231124878,0.4839641749858856,0.35754820704460144,0.2414749264717102,-0.03797754645347595,127.60416412353516,0.1893395483493805,0.14960631728172302,0,-19.935239791870117,170.2938690185547,0,-25.56395149230957,-20.142091751098633,-18.170930862426758,-16.515825271606445,14.63436222076416
S139,0.4211154580116272,0.11430202424526215,0.7779433727264404,0.35682791471481323,0.26084405183792114,0.01178625226020813,1.0,0.005121501628309488,0.15400411188602448,0,-15.736358642578125,1506.320068359375,1,-17.515531539916992,-16.362051010131836,-15.714632987976074,-15.045957565307617,11.650917053222656
S140,0.3155555725097656,0.2316354215145111,0.6590829491615295,0.3435273766517639,0.06211119890213013,-0.06436780095100403,12.145833015441895,0.007244529668241739,-0.01882612332701683,0,-16.487285614013672,2500.0,1,-16.43241310119629,-17.374292373657227,-17.49750518798828,-21.65939712524414,17.31208610534668
S141,0.1938551664352417,0.2177601158618927,0.2814415395259857,0.08758637309074402,-0.15708422660827637,-0.29162734746932983,15.25,0.24373316764831543,0.20148499310016632,0,-15.931868553161621,142.126708984375,0,-22.630699157714844,-20.65231704711914,-24.68585777282715,-22.582521438598633,10.724949836730957
S142,0.16865979135036469,0.20341986417770386,0.8110464811325073,0.6423866748809814,0.4743233025074005,0.031013667583465576,25.29166603088379,0.08045222610235214,0.1834562122821808,0,-17.809648513793945,107.70329284667969,0,-24.27906036376953,-20.539737701416016,-17.48661231994629,-14.84102725982666,10.829646110534668
S143,0.20073123276233673,0.278218150138855,0.7536702156066895,0.5529389977455139,0.24365687370300293,0.01224777102470398,19.875,0.07734710723161697,0.25359344482421875,0,-12.781974792480469,1856.0711669921875,0,-16.85862922668457,-16.10988426208496,-15.97338581085205,-18.03963851928711,3.53973650932312
S144,0.1622953861951828,0.24664680659770966,0.584185004234314,0.42188960313796997,0.21173107624053955,-0.01666976511478424,234.5625,0.2185249924659729,0.17451123893260956,0,-17.557003021240234,166.43316650390625,0,-24.687572479248047,-20.773351669311523,-18.765697479248047,-18.094337463378906,8.881943702697754
S145,0.2902137041091919,0.17610064148902893,0.8335976600646973,0.5433839559555054,0.30880123376846313,-0.0007427334785461426,0.625,0.0021551609970629215,0.20971961319446564,0,-14.705856323242188,2500.0,1,-16.15039825439453,-13.476417541503906,-15.810608863830566,-15.722050666809082,5.169393062591553
S146,0.17515920102596283,0.24722136557102203,0.4564356207847595,0.2812764048576355,0.21421925723552704,0.04051294922828674,142.0625,0.18270225822925568,0.18025079369544983,0,-18.044509887695312,260.7680969238281,0,-23.189434051513672,-20.432004928588867,-20.508867263793945,-21.21018409729004,8.827656745910645
S147,0.13557779788970947,0.22783687710762024,0.6836221218109131,0.5480443239212036,0.48454272747039795,0.013636007905006409,20.58333396911621,0.08255530893802643,0.16810564696788788,0,-15.76937484741211,2500.0,0,-21.4080753326416,-19.745946884155273,-20.221630096435547,-16.37026023864746,5.825136661529541
S148,0.13188545405864716,0.1910550892353058,0.7828661799430847,0.6509807109832764,0.5280023813247681,0.09643828868865967,76.79166412353516,0.16757528483867645,0.1531396061182022,0,-18.389759063720703,22.360679626464844,0,-22.99163818359375,-16.305255889892578,-13.373384475708008,-15.202115058898926,12.258829116821289
S149,0.1100352331995964,0.283999502658844,0.225258007645607,0.11522277444601059,0.039011597633361816,-0.3695700466632843,71.66666412353516,0.21103034913539886,0.13591590523719788,0,-20.14499282836914,140.356689453125,0,-25.961624145507812,-22.744617462158203,-19.702281951904297,-15.540355682373047,10.975727081298828
S150,0.25860804319381714,0.16507162153720856,0.9016715884208679,0.6430635452270508,0.3761661648750305,-0.016295045614242554,0.9166666865348816,0.0023757764138281345,0.20749415457248688,0,-11.091704368591309,604.648681640625,0,-14.29771900177002,-16.178449630737305,-10.708600044250488,-14.553524017333984,10.12048625946045
S151,0.3018709719181061,0.14911623299121857,0.6525307893753052,0.3506598174571991,0.09964293241500854,-0.04413950443267822,5.854166507720947,0.012429065071046352,0.2652037739753723,0,-14.54271411895752,988.5848388671875,1,-17.899782180786133,-15.411849021911621,-16.213117599487305,-14.949408531188965,19.644071578979492
S152,0.4165867269039154,0.08854202926158905,0.8023757934570312,0.38578906655311584,0.12445574998855591,-0.03273440897464752,4.708333492279053,0.017820104956626892,0.334389865398407,0,-11.279472351074219,1324.122314453125,0,-14.409899711608887,-14.478819847106934,-15.974324226379395,-13.575952529907227,4.950491905212402
S153,0.1355990320444107,0.21885932981967926,0.8325134515762329,0.6969144344329834,0.48395124077796936,0.24350643157958984,20.60416603088379,0.15448428690433502,0.17775504291057587,0,-18.00628089904785,136.01470947265625,0,-21.445144653320312,-18.902297973632812,-15.094870567321777,-16.092302322387695,11.695767402648926
S154,0.2584823966026306,0.1943526566028595,0.8277207016944885,0.5692383050918579,0.3818065822124481,-0.06930214166641235,9.458333015441895,0.04161219298839569,0.2925495505332947,0,-14.355380058288574,1090.733642578125,0,-18.005020141601562,-16.51836395263672,-17.834659576416016,-15.73625659942627,3.767693519592285
S155,0.13502651453018188,0.24826578795909882,0.6848845481872559,0.549858033657074,0.44798147678375244,0.07887475192546844,80.9375,0.15905551612377167,0.1489361822605133,0,-19.285518646240234,58.30952072143555,0,-26.86971092224121,-17.027782440185547,-15.888070106506348,-13.638142585754395,19.298282623291016
S156,0.20684818923473358,0.2356785535812378,0.5991590619087219,0.39231085777282715,-0.04797852039337158,-0.04317065328359604,16.4375,0.05703768506646156,0.18365120887756348,0,-14.164692878723145,2500.0,1,-18.336627960205078,-15.592129707336426,-17.916959762573242,-17.536672592163086,5.057535648345947
S157,0.30092722177505493,0.13994312286376953,0.707844614982605,0.40691739320755005,0.15860742330551147,-0.0206129252910614,6.375,0.0131905572488904,0.215502068400383,0,-15.188542366027832,1006.578369140625,0,-15.771873474121094,-15.02919864654541,-14.983345985412598,-14.989730834960938,13.539694786071777
S158,0.2289780080318451,0.2007233202457428,0.6994279623031616,0.47044995427131653,0.17377835512161255,0.01857323944568634,0.6458333134651184,0.009242135100066662,0.17447654902935028,0,-14.715594291687012,2500.0,1,-22.012235641479492,-15.47756290435791,-18.28973388671875,-14.427268028259277,11.798548698425293
S159,0.1835557222366333,0.22875019907951355,0.7747232913970947,0.5911675691604614,0.13898444175720215,-0.01511228084564209,52.79166793823242,0.12397769838571548,0.1926029473543167,0,-13.183438301086426,256.3200988769531,0,-17.616470336914062,-15.017012596130371,-13.135147094726562,-14.646695137023926,10.90082836151123
S160,0.22606924176216125,0.29096853733062744,0.732692539691925,0.5066232681274414,0.3975690007209778,0.0633685290813446,8.895833015441895,0.09694428741931915,0.2617606222629547,0,-16.442771911621094,50.0,0,-24.67289924621582,-15.546052932739258,-15.425013542175293,-11.55805778503418,15.770139694213867
S161,0.1383669227361679,0.21277321875095367,0.8073895573616028,0.6690226197242737,0.5243538618087769,0.16287767887115479,21.77083396911621,0.2192937582731247,0.15682770311832428,0,-17.20720672607422,184.39088439941406,0,-21.840229034423828,-16.68383026123047,-15.650786399841309,-14.088969230651855,7.95116662979126
S162,0.3203463554382324,0.1451680213212967,0.8440411686897278,0.5236948132514954,0.4586203098297119,0.06884106993675232,2.375,0.0,0.2597723603248596,0,-11.56005859375,1823.3211669921875,0,-17.74215316772461,-12.864644050598145,-14.3456392288208,-18.08749771118164,5.222853660583496
S163,0.22737924754619598,0.23384355008602142,0.41155868768692017,0.18417944014072418,0.017990559339523315,-0.1595340520143509,22.89583396911621,0.10535077005624771,0.2141219973564148,0,-18.809593200683594,276.5863342285156,0,-22.187602996826172,-25.169639587402344,-23.56635284423828,-16.63035774230957,14.659968376159668
S164,0.28382939100265503,0.1612856239080429,0.6572141647338867,0.3733847737312317,0.17593815922737122,-0.014027699828147888,5.229166507720947,0.026755180209875107,0.121663399040699,0,-13.200098037719727,987.9271240234375,1,-14.69605541229248,-16.368942260742188,-15.335494995117188,-16.534439086914062,11.741918563842773
S165,0.19266460835933685,0.23032605648040771,0.7060232162475586,0.5133585929870605,0.3640638589859009,0.037810951471328735,15.708333015441895,0.06990201026201248,0.22036954760551453,0,-15.199019432067871,2500.0,0,-17.755096435546875,-19.08162498474121,-17.2264404296875,-14.389734268188477,5.889163970947266
S166,0.11302213370800018,0.21363040804862976,0.8334312438964844,0.720409095287323,0.49795302748680115,0.08578497171401978,101.41666412353516,0.17628489434719086,0.14399363100528717,0,-17.771568298339844,395.6007995605469,0,-23.92051887512207,-15.462963104248047,-15.398652076721191,-14.513888359069824,15.248672485351562
S167,0.17955109477043152,0.2378183752298355,0.8137189149856567,0.6341677904129028,0.33631089329719543,0.014894932508468628,5.3125,0.017675600945949554,0.2198275923728943,0,-11.012984275817871,1312.4404296875,0,-16.179927825927734,-15.748770713806152,-12.062421798706055,-12.915213584899902,5.344661235809326
S168,0.1412460058927536,0.20357069373130798,0.8011810779571533,0.6599350571632385,0.5739420056343079,0.09134094417095184,43.20833206176758,0.0777103453874588,0.16164760291576385,0,-18.554929733276367,104.40306854248047,0,-20.35017204284668,-17.72589683532715,-18.381214141845703,-14.620150566101074,6.599478244781494
S169,0.12252476811408997,0.21319769322872162,0.6393136382102966,0.5167888402938843,0.44125163555145264,-0.009587958455085754,83.20833587646484,0.12912215292453766,0.145894855260849,0,-14.159821510314941,82.46211242675781,0,-22.55211067199707,-19.072656631469727,-17.02515983581543,-13.985950469970703,12.600574493408203
S170,0.20614388585090637,0.25486549735069275,0.8198380470275879,0.6136941909790039,0.39548376202583313,0.08120870590209961,10.916666984558105,0.04209639132022858,0.19941523671150208,0,-17.467668533325195,113.1370849609375,0,-25.167940139770508,-17.67913246154785,-18.494726181030273,-16.68538475036621,10.825474739074707
S171,0.21389538049697876,0.26706257462501526,0.7345466017723083,0.5206512212753296,0.21997153759002686,0.011964231729507446,1.0416666269302368,0.014466867782175541,-0.01214574370533228,0,-15.04872989654541,968.2974853515625,1,-18.778457641601562,-15.364255905151367,-15.65730094909668,-15.351720809936523,11.918378829956055
S172,0.17804153263568878,0.2839849889278412,0.8671479821205139,0.6891064643859863,0.48474621772766113,0.20590758323669434,186.8125,0.12608455121517181,0.20054292678833008,0,-15.740455627441406,111.80339813232422,0,-23.303794860839844,-17.51803207397461,-17.274372100830078,-16.447603225708008,11.344391822814941
S173,0.17795275151729584,0.23801343142986298,0.7341731190681458,0.5562203526496887,0.17948561906814575,-0.0016611367464065552,1.5625,0.019767487421631813,0.14865238964557648,0,-14.768558502197266,2500.0,1,-16.750131607055664,-17.707416534423828,-15.75137996673584,-16.166053771972656,10.312148094177246
S174,0.22649279236793518,0.19901573657989502,0.7183544039726257,0.49186161160469055,0.17983144521713257,0.0908818244934082,2.1458332538604736,0.025539737194776535,0.054410286247730255,0,-14.611007690429688,2500.0,1,-20.679485321044922,-15.089569091796875,-18.117170333862305,-17.892040252685547,11.60615348815918
S175,0.10604026168584824,0.21801576018333435,0.36372649669647217,0.25768622756004333,0.21093490719795227,-0.20499196648597717,149.7083282470703,0.3174905478954315,0.11287128180265427,0,-17.369979858398438,50.0,0,-21.110477447509766,-17.383041381835938,-16.969148635864258,-12.843849182128906,12.778388977050781
S176,0.2782765030860901,0.12133569270372391,0.6750174164772034,0.3967409133911133,0.11565709114074707,0.0018902942538261414,0.3125,0.0020262766629457474,0.0028328564949333668,0,-16.24383544921875,2500.0,1,-16.12925148010254,-14.07909870147705,-15.662738800048828,-14.825511932373047,17.722742080688477
S177,0.18436704576015472,0.20435205101966858,0.7865538001060486,0.6021867394447327,0.5459573268890381,0.243031844496727,18.64583396911621,0.08689673244953156,0.20684154331684113,0,-12.554476737976074,28.284271240234375,1,-21.547147750854492,-18.175243377685547,-14.575017929077148,-14.7319917678833,8.76014232635498
S178,0.14562253654003143,0.2848585844039917,0.6098777651786804,0.4642552137374878,0.17045122385025024,0.023000821471214294,62.89583206176758,0.11763552576303482,0.321543425321579,0,-18.821802139282227,1022.3991088867188,1,-24.002986907958984,-16.20398712158203,-17.934452056884766,-13.675145149230957,15.173457145690918
S179,0.11145998537540436,0.22124944627285004,0.8731840252876282,0.761724054813385,0.37502163648605347,0.07614806294441223,28.10416603088379,0.0554971843957901,0.22146426141262054,0,-17.41375160217285,660.6814575195312,0,-21.918296813964844,-14.21102237701416,-15.42077922821045,-12.347579002380371,14.788782119750977
S180,0.22484880685806274,0.18128980696201324,0.8410429954528809,0.6161941885948181,0.47262194752693176,-0.006011992692947388,2.0833332538604736,0.015181452967226505,0.22063344717025757,0,-13.705273628234863,2500.0,0,-17.465368270874023,-15.251547813415527,-15.44349193572998,-14.314629554748535,4.454806804656982
S181,0.15375587344169617,0.23303480446338654,0.8649147748947144,0.7111588716506958,0.5435807704925537,0.05729800462722778,10.875,0.05453689396381378,0.18170881271362305,0,-14.469453811645508,50.0,0,-21.291975021362305,-13.78337574005127,-18.32516098022461,-15.847724914550781,12.917987823486328
S182,0.13578450679779053,0.21736779808998108,0.7658263444900513,0.6300418376922607,0.4657304584980011,0.06143897771835327,96.8125,0.14044924080371857,0.17392724752426147,0,-15.628104209899902,20.0,0,-22.749406814575195,-16.347335815429688,-16.062911987304688,-15.341497421264648,18.36299705505371
S183,0.3543083965778351,0.1553293764591217,0.8300384879112244,0.4757300913333893,0.22056251764297485,0.022403687238693237,5.458333492279053,0.025174321606755257,0.31860849261283875,0,-11.057994842529297,2500.0,0,-12.814373016357422,-13.532476425170898,-15.206242561340332,-17.544458389282227,4.730086326599121
S184,0.17983651161193848,0.24726206064224243,0.7025495767593384,0.5227130651473999,0.23937129974365234,0.035250768065452576,1.0,0.008879256434738636,0.2530573904514313,0,-14.316848754882812,2500.0,1,-14.951306343078613,-15.700101852416992,-15.492015838623047,-14.527702331542969,12.920166969299316
S185,0.24951393902301788,0.20716553926467896,0.8272980451583862,0.5777841210365295,0.29589152336120605,-0.09628582000732422,5.104166507720947,0.059877946972846985,0.2595946788787842,0,-11.044330596923828,2500.0,0,-14.543335914611816,-17.356647491455078,-16.921491622924805,-13.368255615234375,4.1983795166015625
S186,0.2417946457862854,0.2408849596977234,0.8810465335845947,0.6392518877983093,0.42714086174964905,0.0510273277759552,15.479166984558105,0.0357697568833828,0.25776758790016174,0,-11.544116020202637,1100.72705078125,0,-15.722790718078613,-13.684402465820312,-15.799849510192871,-14.687772750854492,3.5404956340789795
S187,0.1424347162246704,0.23499435186386108,0.6921794414520264,0.549744725227356,0.3474695682525635,-0.021640509366989136,70.9375,0.13047079741954803,0.1524926722049713,0,-14.622605323791504,223.60679626464844,0,-22.132822036743164,-15.790617942810059,-16.789182662963867,-16.526973724365234,9.434574127197266
S188,0.25771522521972656,0.15175150334835052,0.7094406485557556,0.45172542333602905,0.26453128457069397,0.027295514941215515,25.16666603088379,0.051498882472515106,0.24205240607261658,0,-15.236008644104004,2500.0,1,-18.2010440826416,-15.072663307189941,-17.133481979370117,-13.716428756713867,6.3153276443481445
S189,0.20671284198760986,0.290727436542511,0.6111611127853394,0.4044482707977295,0.03773719072341919,-0.16739293932914734,17.27083396911621,0.062306541949510574,0.2162661850452423,0,-15.145733833312988,190.26296997070312,0,-19.559776306152344,-15.355603218078613,-17.618093490600586,-11.918644905090332,11.305283546447754
S190,0.296069860458374,0.24672579765319824,0.7539075613021851,0.45783770084381104,0.2580171525478363,-0.03306245803833008,12.25,0.0647490918636322,0.33075782656669617,0,-12.963740348815918,192.3538360595703,1,-19.579933166503906,-17.322017669677734,-16.901199340820312,-14.863174438476562,5.526186466217041
S191,0.2090909332036972,0.18749497830867767,0.74391770362854,0.5348267555236816,0.13707345724105835,-0.0479450523853302,1.7083333730697632,0.0016341996379196644,0.1325301080942154,0,-14.971999168395996,254.9509735107422,1,-17.99567985534668,-15.802165985107422,-15.329684257507324,-15.826658248901367,13.105236053466797
S192,0.1581532508134842,0.2547401189804077,0.6618008017539978,0.5036475658416748,0.3259964883327484,0.06618326902389526,445.9791564941406,0.1759181171655655,0.18291285634040833,0,-17.292814254760742,0.0,0,-23.824588775634766,-19.73245620727539,-19.191360473632812,-14.928001403808594,8.896587371826172
S193,0.37319380044937134,0.05581020191311836,0.8103975653648376,0.4372037649154663,0.25780391693115234,-0.002008110284805298,1.8125,0.011118954978883266,0.29618319869041443,0,-12.85044002532959,2500.0,0,-15.776031494140625,-13.142935752868652,-17.516677856445312,-15.66875171661377,5.9805378913879395
S194,0.17912977933883667,0.22101806104183197,0.7272264361381531,0.5480966567993164,0.2494308352470398,-0.029757171869277954,124.33333587646484,0.12157580256462097,0.17140774428844452,0,-16.269088745117188,92.19544219970703,0,-21.601909637451172,-16.563426971435547,-13.411537170410156,-16.14952850341797,9.950508117675781
S195,0.2609251141548157,0.1636456698179245,0.8050300478935242,0.5441049337387085,0.5492951273918152,0.1802525520324707,16.60416603088379,0.036563098430633545,0.17434212565422058,0,-11.109672546386719,494.06475830078125,0,-18.30598258972168,-16.152082443237305,-16.306564331054688,-10.628355979919434,8.17972469329834
S196,0.1355140060186386,0.1916254609823227,0.8542176485061646,0.7187036275863647,0.6204171776771545,0.10261125862598419,5.645833492279053,0.0886792317032814,0.15990860760211945,0,-18.727764129638672,22.360679626464844,0,-24.704435348510742,-15.212442398071289,-16.414169311523438,-18.938125610351562,10.442920684814453
S197,0.4487248957157135,0.05698200315237045,0.78293377161026,0.3342088758945465,0.21145737171173096,-0.06288701295852661,4.708333492279053,0.027174295857548714,0.3496183156967163,0,-12.793929100036621,2500.0,1,-17.021146774291992,-14.465057373046875,-16.23995018005371,-13.168185234069824,5.496975421905518
S198,0.24081635475158691,0.2044161856174469,0.7162649035453796,0.4754485487937927,0.22281822562217712,-0.024282291531562805,14.8125,0.17210593819618225,0.19203472137451172,0,-13.919079780578613,2500.0,1,-19.3504638671875,-13.30208969116211,-17.182737350463867,-17.763425827026367,6.366593837738037
S199,0.19185851514339447,0.24514105916023254,0.7316399812698364,0.5397814512252808,0.3567374050617218,-0.05165848135948181,3.9791667461395264,0.015424135141074657,0.16754566133022308,0,-11.701398849487305,2500.0,0,-17.82993507385254,-14.16534423828125,-14.622350692749023,-14.232791900634766,5.126526355743408
S200,0.4245579242706299,0.1251475065946579,0.6719231605529785,0.24736523628234863,0.14327073097229004,0.0012551695108413696,2.6041667461395264,0.0,0.17146147787570953,0,-16.425329208374023,2500.0,1,-18.681411743164062,-16.85984992980957,-17.623289108276367,-16.035823822021484,10.680663108825684
S201,0.44679155945777893,0.1806868016719818,0.80378657579422,0.35699501633644104,0.1991938352584839,0.0028009414672851562,1.0208333730697632,0.0,0.17976513504981995,0,-15.673737525939941,470.95648193359375,0,-18.289846420288086,-17.292091369628906,-16.23523712158203,-14.968206405639648,16.756420135498047
S202,0.13532625138759613,0.20358088612556458,0.8252426981925964,0.6899164319038391,0.5075955986976624,0.09534615278244019,17.4375,0.12005683779716492,0.15588068962097168,0,-14.317890167236328,56.56854248046875,0,-24.71692657470703,-15.19344711303711,-18.198408126831055,-16.27943992614746,10.679354667663574
S203,0.14320240914821625,0.2644478678703308,0.853499174118042,0.7102967500686646,0.22513127326965332,0.009381026029586792,9.8125,0.07990379631519318,0.15225160121917725,0,-14.936909675598145,2500.0,0,-18.992443084716797,-15.131722450256348,-13.599146842956543,-13.039650917053223,7.285299777984619
S204,0.25148987770080566,0.19727391004562378,0.8261786103248596,0.574688732624054,0.19289666414260864,-0.04694220423698425,3.2291667461395264,0.0016544787213206291,0.2533470690250397,0,-9.844457626342773,2500.0,0,-13.315393447875977,-15.456437110900879,-14.752161026000977,-15.024340629577637,2.141043186187744
S205,0.18811464309692383,0.24111472070217133,0.7257236242294312,0.5376089811325073,0.3668719232082367,0.06386101245880127,110.20833587646484,0.12619522213935852,0.20364880561828613,0,-15.427286148071289,50.990196228027344,0,-20.866846084594727,-14.23282241821289,-16.045217514038086,-13.003633499145508,9.851543426513672
S206,0.28538182377815247,0.2788156569004059,0.7582724094390869,0.47289058566093445,0.12729758024215698,-0.0040970295667648315,1.4583333730697632,0.0,-0.01615799590945244,0,-16.807559967041016,379.47332763671875,1,-16.32071304321289,-16.691911697387695,-15.26806926727295,-16.611679077148438,14.667834281921387
S207,0.19635255634784698,0.21132723987102509,0.7550088763237,0.5586563348770142,0.38598835468292236,0.18492038547992706,5.895833492279053,0.09046882390975952,0.19819657504558563,0,-16.49556541442871,53.851646423339844,0,-20.579818725585938,-15.682153701782227,-21.15387725830078,-14.641040802001953,12.309255599975586
S208,0.2130272090435028,0.25381964445114136,0.8954669237136841,0.6824396848678589,0.287891149520874,0.008309811353683472,72.79166412353516,0.15201784670352936,0.22440746426582336,0,-13.086913108825684,230.0,0,-16.018611907958984,-17.052412033081055,-15.831905364990234,-12.696464538574219,6.5227861404418945
S209,0.22844555974006653,0.2842998802661896,0.8374476432800293,0.6090021133422852,0.21111160516738892,-0.001676410436630249,4.895833492279053,0.001723353867419064,0.2025436908006668,0,-17.972318649291992,520.0,0,-26.504676818847656,-22.776866912841797,-17.378225326538086,-20.469778060913086,11.21080207824707
S210,0.16821542382240295,0.24625268578529358,0.8841915726661682,0.7159761190414429,0.5551263093948364,0.15105709433555603,14.354166984558105,0.1274721324443817,0.17669904232025146,0,-16.1005802154541,30.0,0,-19.447973251342773,-15.606754302978516,-16.25035285949707,-17.43984031677246,12.3694486618042
S211,0.20248666405677795,0.27795031666755676,0.7459853887557983,0.5434987545013428,0.18740642070770264,0.00913916528224945,1.8541666269302368,0.014653853140771389,0.06394554674625397,0,-17.263545989990234,2500.0,1,-17.250646591186523,-15.65649700164795,-16.815399169921875,-16.12457275390625,12.080138206481934
S212,0.14877592027187347,0.2198166400194168,0.7972065210342407,0.648430585861206,0.5142065286636353,0.06522339582443237,201.4791717529297,0.11045439541339874,0.1709090918302536,0,-17.319982528686523,10.0,0,-28.45292091369629,-18.846189498901367,-14.496153831481934,-14.646824836730957,14.643352508544922
S213,0.3037927448749542,0.2253437638282776,0.6773768067359924,0.3735840618610382,0.13397973775863647,0.019226640462875366,3.2708332538604736,0.017996584996581078,0.054469261318445206,0,-15.918253898620605,2500.0,1,-19.278093338012695,-16.630380630493164,-14.905287742614746,-16.55826187133789,18.256023406982422
S214,0.14236311614513397,0.2000645101070404,0.7664060592651367,0.6240429282188416,0.5031566619873047,0.07138299942016602,25.875,0.06994833797216415,0.1631367951631546,0,-17.39173126220703,20.0,0,-18.794029235839844,-17.906469345092773,-14.757057189941406,-17.507484436035156,12.15160083770752
S215,0.1746106743812561,0.24201373755931854,0.4543311595916748,0.2797204852104187,0.21000193059444427,-0.13178245723247528,485.9583435058594,0.31925085186958313,0.19124723970890045,0,-15.267400741577148,84.85281372070312,0,-16.889923095703125,-17.275991439819336,-18.47618865966797,-15.932796478271484,4.329419136047363
S216,0.20031015574932098,0.2248377799987793,0.8644859790802002,0.664175808429718,0.279751181602478,-0.10113739967346191,2.7291667461395264,0.037479013204574585,0.24269042909145355,0,-12.352415084838867,1532.090087890625,1,-18.729507446289062,-15.24502182006836,-15.482487678527832,-14.956121444702148,3.8696835041046143
S217,0.7071990370750427,-0.12437812238931656,0.7057704329490662,-0.0014286041259765625,0.0278814435005188,-0.0463942214846611,11.770833015441895,0.024695580825209618,0.6552188396453857,0,-13.069419860839844,960.4686279296875,0,-15.661639213562012,-17.327106475830078,-16.76056671142578,-14.586089134216309,6.783311367034912
S218,0.1402745544910431,0.21620377898216248,0.7822250723838806,0.6419504880905151,0.5030909180641174,0.2392679750919342,45.33333206176758,0.06075379252433777,0.1407850831747055,0,-17.3713436126709,164.01219177246094,0,-21.822864532470703,-16.46787452697754,-15.090665817260742,-15.780753135681152,11.57220458984375
S219,0.246262788772583,0.2756803333759308,0.707786500453949,0.46152371168136597,0.22725045680999756,0.020707115530967712,12.166666984558105,0.010346475057303905,0.004440840799361467,0,-14.262070655822754,2500.0,1,-20.508983612060547,-16.774490356445312,-15.918360710144043,-15.707164764404297,10.488129615783691
S220,0.19290301203727722,0.22643816471099854,0.7646375298500061,0.5717345476150513,0.33936378359794617,0.11853757500648499,202.7083282470703,0.23249922692775726,0.2044818103313446,0,-19.686994552612305,156.20498657226562,0,-27.075185775756836,-16.51593780517578,-16.998777389526367,-12.992546081542969,16.681344985961914
S221,0.1962491273880005,0.2110081911087036,0.8317234516143799,0.6354743242263794,0.504855215549469,0.031906723976135254,15.458333015441895,0.03729818016290665,0.2281350940465927,0,-15.502777099609375,50.0,1,-18.026458740234375,-14.983909606933594,-16.82341957092285,-15.976683616638184,9.258196830749512
S222,0.1563146859407425,0.25154909491539,0.518573522567749,0.3622588515281677,0.24661201238632202,-0.032557278871536255,135.5208282470703,0.17362958192825317,0.1948547214269638,0,-18.439626693725586,2500.0,0,-18.79972267150879,-16.29884147644043,-16.454675674438477,-13.803114891052246,8.544697761535645
S223,0.20661158859729767,0.20758822560310364,0.864618718624115,0.6580071449279785,0.41642311215400696,0.04717901349067688,2.0416667461395264,0.03925178572535515,0.2166045606136322,0,-11.80109691619873,962.6006469726562,0,-17.8271541595459,-15.627449035644531,-16.044843673706055,-12.878450393676758,7.068131923675537
S224,0.16246308386325836,0.24432674050331116,0.8480626940727234,0.6855996251106262,0.5936613082885742,0.24041461944580078,6.416666507720947,0.06086837872862816,0.20080973207950592,0,-16.688587188720703,64.03124237060547,1,-22.767284393310547,-16.708322525024414,-15.172998428344727,-14.656468391418457,12.35384750366211
S225,0.1951269954442978,0.23348529636859894,0.788583517074585,0.593456506729126,0.43977802991867065,0.09383499622344971,13.479166984558105,0.12386450916528702,0.18133936822414398,0,-16.20714569091797,30.0,1,-20.984848022460938,-14.816245079040527,-17.40408706665039,-12.642067909240723,13.241250038146973
S226,0.34799090027809143,0.19063663482666016,0.699656069278717,0.3516651690006256,0.23893755674362183,0.001599639654159546,4.020833492279053,0.027132432907819748,0.08400000631809235,0,-17.22100067138672,2500.0,1,-18.11981201171875,-15.843088150024414,-15.636173248291016,-18.649646759033203,14.220980644226074
S227,0.23376622796058655,0.2124183177947998,0.8216270208358765,0.5878608226776123,0.21950697898864746,-0.09090426564216614,5.3125,0.027532396838068962,0.27515435218811035,0,-12.233621597290039,275.8622741699219,0,-16.80451202392578,-16.46543312072754,-15.834522247314453,-14.17609691619873,3.243652105331421
S228,0.10633014142513275,0.23551878333091736,0.6841785311698914,0.5778483748435974,0.4025149941444397,-0.013519912958145142,22.08333396911621,0.05370504409074783,0.14905381202697754,0,-18.313385009765625,85.4400405883789,0,-28.015121459960938,-18.38261604309082,-14.987492561340332,-13.022809028625488,17.722579956054688
S229,0.10282405465841293,0.24777613580226898,0.3476884365081787,0.24486437439918518,0.1344975382089615,-0.1409577578306198,197.1458282470703,0.2202933430671692,0.1273857057094574,0,-16.57410430908203,250.19992065429688,0,-23.41446304321289,-19.689529418945312,-18.61121368408203,-19.884944915771484,6.716587066650391
S230,0.26348039507865906,0.2014819085597992,0.6536508798599243,0.39017048478126526,0.13164347410202026,0.019775934517383575,8.645833015441895,0.015560736879706383,0.04153353348374367,0,-18.745019912719727,563.2051391601562,1,-20.67245864868164,-16.826839447021484,-17.370464324951172,-19.5479736328125,20.434627532958984
S231,0.14842817187309265,0.23309145867824554,0.701287567615509,0.5528594255447388,0.5014552474021912,0.2338934987783432,16.5,0.122064970433712,0.16052141785621643,0,-15.1488037109375,40.0,0,-21.978248596191406,-17.198335647583008,-16.846759796142578,-14.357670783996582,13.840117454528809
S232,0.2985204756259918,0.24278567731380463,0.7203647494316101,0.4218442738056183,0.11164891719818115,0.00853072851896286,0.4791666567325592,0.001720922184176743,0.08734938502311707,0,-15.65054702758789,2500.0,1,-20.53419303894043,-17.726680755615234,-16.330942153930664,-20.41408348083496,18.316089630126953
S233,0.1567239612340927,0.22773440182209015,0.6473665237426758,0.4906425476074219,0.32258710265159607,0.0236167311668396,142.1041717529297,0.2035263180732727,0.1668631136417389,0,-17.313615798950195,41.231056213378906,0,-23.642629623413086,-14.129435539245605,-15.677369117736816,-17.779088973999023,15.968324661254883
S234,0.14147356152534485,0.2633894979953766,0.7791647911071777,0.6376912593841553,0.16006124019622803,0.021211981773376465,11.958333015441895,0.08428079634904861,0.12372879683971405,0,-14.764758110046387,661.8912353515625,1,-22.316112518310547,-16.76117515563965,-14.852739334106445,-13.071457862854004,9.244653701782227
S235,0.39337173104286194,0.14067384600639343,0.7377690672874451,0.34439733624458313,0.1966949701309204,0.041785284876823425,3.6875,0.00379582610912621,0.1022222563624382,0,-16.47403335571289,2500.0,1,-18.358388900756836,-15.393280029296875,-15.303156852722168,-13.887234687805176,21.689489364624023
S236,0.16249683499336243,0.24484537541866302,0.8605700731277466,0.6980732679367065,0.4900606870651245,0.13255128264427185,31.9375,0.06007800251245499,0.18280154466629028,0,-16.022220611572266,116.6190414428711,0,-23.001134872436523,-16.656795501708984,-15.480836868286133,-12.415298461914062,10.585837364196777
S237,0.26532888412475586,0.15111654996871948,0.6473616361618042,0.38203275203704834,0.12888634204864502,-0.022571101784706116,7.875,0.011100769974291325,0.1508379727602005,0,-14.779315948486328,2500.0,1,-17.52510643005371,-18.50475311279297,-17.665760040283203,-17.20287322998047,7.309451580047607
S238,0.21518079936504364,0.262584388256073,0.7154965400695801,0.5003157258033752,0.22660768032073975,0.0020337551832199097,25.89583396911621,0.065369613468647,0.20495988428592682,0,-13.356403350830078,815.8431396484375,1,-16.768220901489258,-14.743008613586426,-15.002670288085938,-15.671882629394531,5.332669734954834
S239,0.17140395939350128,0.17750272154808044,0.9151245951652527,0.7437206506729126,0.5233079195022583,0.048838287591934204,112.79166412353516,0.07827360928058624,0.18355776369571686,0,-12.349782943725586,508.0354309082031,0,-20.169408798217773,-13.30268383026123,-13.244409561157227,-16.17637825012207,6.924999237060547
S240,0.21403509378433228,0.19531939923763275,0.6387704610824585,0.4247353672981262,0.19965296983718872,-0.009897306561470032,0.8333333134651184,0.0025127611588686705,0.12945422530174255,0,-15.832207679748535,2500.0,1,-16.598093032836914,-13.570555686950684,-14.706382751464844,-15.47177791595459,16.864282608032227
S241,0.15688426792621613,0.20002682507038116,0.9068009853363037,0.7499167323112488,0.5656168460845947,0.3136802017688751,4.541666507720947,0.1087639257311821,0.22492338716983795,0,-16.138240814208984,1599.2811279296875,0,-20.596397399902344,-18.150766372680664,-18.909934997558594,-16.423900604248047,14.784331321716309
S242,0.6044284701347351,-0.03770638257265091,0.8052830100059509,0.20085453987121582,0.2077597975730896,-0.04419395327568054,6.25,0.03279440850019455,0.32098767161369324,0,-11.84434986114502,2500.0,0,-15.682973861694336,-15.28392219543457,-14.290390968322754,-16.349811553955078,2.9710235595703125
S243,0.15809522569179535,0.25238797068595886,0.6657643914222717,0.5076691508293152,0.3839416801929474,0.07359158992767334,25.5625,0.0877218246459961,0.16729751229286194,0,-20.233789443969727,82.46211242675781,0,-22.766895294189453,-17.2268123626709,-16.967378616333008,-19.207977294921875,6.588903427124023
S244,0.3700658082962036,0.2742645740509033,0.6091614365577698,0.23909562826156616,0.09766721725463867,0.017027676105499268,1.2291666269302368,0.006335210520774126,0.11874104291200638,0,-15.81141471862793,2500.0,0,-21.086490631103516,-18.43630027770996,-16.41138458251953,-15.477683067321777,13.307965278625488
S245,0.23361343145370483,0.21197007596492767,0.7858954668045044,0.5522820353507996,0.3530997633934021,0.03459513187408447,6.395833492279053,0.05097397044301033,0.23421357572078705,0,-11.607497215270996,2500.0,0,-20.090200424194336,-15.171777725219727,-15.933528900146484,-15.690778732299805,6.073559761047363
S246,0.14825233817100525,0.2322434037923813,0.5697459578514099,0.42149361968040466,0.3094373345375061,-0.08722388744354248,163.4375,0.15529973804950714,0.1658218652009964,0,-20.228607177734375,50.0,0,-27.19090461730957,-18.32634735107422,-14.64217758178711,-14.271162033081055,24.49542808532715
S247,0.7274447679519653,-0.1063309982419014,0.6867629885673523,-0.04068177938461304,0.015502452850341797,-0.054300643503665924,21.02083396911621,0.06817251443862915,0.6221198439598083,0,-13.394838333129883,1817.05810546875,0,-16.865283966064453,-16.430866241455078,-14.860514640808105,-15.52280044555664,4.529207229614258
S248,0.08207306265830994,0.2556706964969635,0.13988956809043884,0.057816505432128906,0.011349275708198547,-0.2990211844444275,152.2083282470703,0.15476186573505402,0.11697573959827423,0,-21.939041137695312,164.92422485351562,0,-35.771636962890625,-26.5704402923584,-27.281810760498047,-20.90296745300293,14.868669509887695
S249,0.23501762747764587,0.18692252039909363,0.8585377335548401,0.6235201358795166,0.4694429636001587,0.11987659335136414,1.4583333730697632,0.0,0.26110124588012695,0,-10.982230186462402,2500.0,0,-16.878408432006836,-18.65342903137207,-13.851383209228516,-13.415583610534668,5.30621337890625
S250,0.15956391394138336,0.2934861481189728,0.8245905041694641,0.6650266051292419,0.17258167266845703,-0.018530115485191345,6.979166507720947,0.04490138962864876,0.1578529179096222,0,-18.88178825378418,1303.8787841796875,0,-21.493120193481445,-16.6485538482666,-17.324234008789062,-14.527852058410645,15.262471199035645
S251,0.15429480373859406,0.28405848145484924,0.7323654294013977,0.5780706405639648,0.16292619705200195,-0.08120708167552948,42.54166793823242,0.117567278444767,0.19803602993488312,0,-14.610687255859375,70.71067810058594,0,-18.738218307495117,-16.22968864440918,-15.321937561035156,-11.360367774963379,16.126033782958984
S252,0.12042136490345001,0.27149903774261475,0.8428345322608948,0.722413182258606,0.36745572090148926,0.10519194602966309,6.5,0.04921487346291542,0.18405933678150177,0,-16.4822940826416,72.80110168457031,1,-24.496702194213867,-15.031094551086426,-15.656746864318848,-13.844197273254395,15.622251510620117
S253,0.18382088840007782,0.1866844892501831,0.6537356376647949,0.4699147343635559,0.179167240858078,-0.026813015341758728,1.6875,0.021598195657134056,0.1328338086605072,0,-17.256744384765625,1317.1180419921875,1,-18.229793548583984,-16.306812286376953,-16.011648178100586,-17.814271926879883,10.985175132751465
S254,0.17706036567687988,0.2269730418920517,0.8986718058586121,0.7216114401817322,0.6274389028549194,0.3129311800003052,5.166666507720947,0.12476194649934769,0.18118734657764435,0,-18.996524810791016,22.360679626464844,0,-24.460247039794922,-17.23140525817871,-17.903066635131836,-19.228246688842773,11.439431190490723
S255,0.16971048712730408,0.25135624408721924,0.7573385834693909,0.5876281261444092,0.20888102054595947,-0.06660681962966919,266.7708435058594,0.1465521901845932,0.19095472991466522,0,-19.007844924926758,14.142135620117188,0,-23.85589027404785,-16.818544387817383,-15.876264572143555,-15.363096237182617,12.215386390686035
S256,0.13857679069042206,0.23327688872814178,0.6640122532844543,0.5254354476928711,0.3778386116027832,0.012518554925918579,163.875,0.243844673037529,0.16143496334552765,0,-17.165206909179688,76.15773010253906,0,-23.93463134765625,-20.387218475341797,-15.421894073486328,-14.372894287109375,12.006854057312012
S257,0.3360133767127991,0.15873737633228302,0.7076467871665955,0.3716334104537964,0.1390615701675415,0.015129737555980682,2.1458332538604736,0.03707081079483032,0.1345519870519638,0,-15.960175514221191,2500.0,1,-19.188631057739258,-17.504369735717773,-16.043996810913086,-15.455535888671875,13.343853950500488
S258,0.13417522609233856,0.21974270045757294,0.6849337220191956,0.5507584810256958,0.10726487636566162,-0.0279712975025177,1.25,0.0017498588422313333,0.10638301074504852,0,-16.848573684692383,1591.383056640625,1,-19.27853775024414,-16.565731048583984,-14.768616676330566,-16.84012222290039,11.014145851135254
S259,0.13009198009967804,0.27607735991477966,0.5256394743919373,0.3955475091934204,0.23949488997459412,0.05002292990684509,55.91666793823242,0.17165009677410126,0.16074296832084656,0,-16.579875946044922,337.3425598144531,0,-20.286117553710938,-18.226276397705078,-20.96950912475586,-25.705944061279297,11.213052749633789
S260,0.4501766860485077,0.14677037298679352,0.667987048625946,0.21781036257743835,0.1875050961971283,0.012792572379112244,3.375,0.017253076657652855,0.059393905103206635,0,-15.44145393371582,1410.319091796875,1,-17.409360885620117,-14.618922233581543,-17.93943977355957,-16.353038787841797,9.78238296508789
S261,0.1906859576702118,0.20615965127944946,0.6703507900238037,0.4796648323535919,0.132016122341156,-0.0888114869594574,55.89583206176758,0.10305143147706985,0.20281508564949036,0,-10.723552703857422,456.0701599121094,0,-17.465595245361328,-14.244050025939941,-15.557332038879395,-13.484111785888672,7.206499099731445
S262,0.24174053966999054,0.21993978321552277,0.6268343925476074,0.3850938677787781,0.07001620531082153,-0.01700371503829956,2.5625,0.0,0.17124313116073608,0,-18.234615325927734,1753.681884765625,1,-18.81842041015625,-16.602636337280273,-16.21680450439453,-17.36603355407715,13.340234756469727
S263,0.1908397227525711,0.26267707347869873,0.7531664371490479,0.5623267292976379,0.18671965599060059,0.028077557682991028,1.7083333730697632,0.01705918088555336,0.034645698964595795,0,-15.683231353759766,1348.4805908203125,1,-17.59683609008789,-15.503239631652832,-17.019073486328125,-16.38779067993164,14.376631736755371
S264,0.15465527772903442,0.2293757051229477,0.39367780089378357,0.23902252316474915,0.1480226069688797,-0.1820441335439682,121.47916412353516,0.19920000433921814,0.18390804529190063,0,-17.47305679321289,60.0,0,-25.89519500732422,-22.792755126953125,-19.852069854736328,-18.9288272857666,8.767937660217285
S265,0.16685809195041656,0.19066277146339417,0.8160795569419861,0.6492214798927307,0.4707981050014496,-0.02326372265815735,11.083333015441895,0.13148854672908783,0.19437538087368011,0,-17.63023567199707,36.055511474609375,0,-20.996530532836914,-16.887147903442383,-17.116962432861328,-13.827497482299805,17.21222496032715
S266,0.13725492358207703,0.27224811911582947,0.5470680594444275,0.40981313586235046,0.23467513918876648,-0.044551849365234375,104.39583587646484,0.13831013441085815,0.15676137804985046,0,-19.50984764099121,248.3948516845703,0,-24.676313400268555,-20.490068435668945,-17.046510696411133,-19.50408363342285,15.553207397460938
S267,0.44764620065689087,0.12585970759391785,0.6971250772476196,0.24947887659072876,0.1518370509147644,0.014638930559158325,3.6875,0.006229389924556017,0.15158125758171082,0,-18.307287216186523,2500.0,1,-18.38751220703125,-15.86850357055664,-15.707540512084961,-15.742956161499023,15.0435152053833
S268,0.2021276354789734,0.21876241266727448,0.6125319600105286,0.4104043245315552,0.13159552216529846,-0.009763747453689575,9.270833015441895,0.06773953139781952,0.22964374721050262,0,-14.990288734436035,2500.0,0,-17.517791748046875,-14.44219970703125,-16.553071975708008,-16.548925399780273,11.60290813446045
S269,0.29100528359413147,0.21872341632843018,0.7178371548652649,0.4268318712711334,0.11337858438491821,-0.009206384420394897,0.9375,0.0,0.06493505835533142,0,-19.52187728881836,2500.0,1,-20.75178337097168,-16.744369506835938,-15.849676132202148,-14.002918243408203,13.72278118133545
S270,0.162193164229393,0.2004716843366623,0.8726367950439453,0.7104436159133911,0.5230693221092224,0.05257639288902283,10.270833015441895,0.16012784838676453,0.15695907175540924,0,-17.463367462158203,2500.0,0,-20.457298278808594,-15.45365047454834,-13.71939468383789,-14.480912208557129,14.765116691589355
S271,0.11881919205188751,0.2064426690340042,0.599640965461731,0.48082178831100464,0.05933767557144165,0.06600340455770493,5.645833492279053,0.06189938262104988,0.12899896502494812,0,-15.926834106445312,2500.0,1,-21.045700073242188,-16.619726181030273,-15.538902282714844,-14.250431060791016,12.568814277648926
S272,0.5057893395423889,0.10112986713647842,0.7762030959129333,0.27041375637054443,0.22841757535934448,-0.012148946523666382,2.3333332538604736,0.0,0.0017330885166302323,0,-18.401662826538086,2500.0,1,-16.548852920532227,-12.873066902160645,-13.58745288848877,-16.93967628479004,14.328874588012695
S273,0.12695983052253723,0.2200583815574646,0.7671549916267395,0.6401951313018799,0.516021728515625,0.08082866668701172,227.6458282470703,0.18084675073623657,0.15271687507629395,0,-13.253646850585938,10.0,0,-20.121252059936523,-17.910493850708008,-15.489582061767578,-17.149314880371094,6.700512886047363
S274,0.16262973845005035,0.24689757823944092,0.9347548484802246,0.7721251249313354,0.5652511119842529,0.2586052119731903,17.91666603088379,0.30350375175476074,0.158208966255188,0,-17.979751586914062,31.62277603149414,0,-27.20492172241211,-15.20166301727295,-15.155261993408203,-15.809197425842285,14.041329383850098
S275,0.13523462414741516,0.20611700415611267,0.706242024898529,0.5710073709487915,0.5320484638214111,0.0736454427242279,42.52083206176758,0.06739145517349243,0.1529759168624878,0,-17.774394989013672,1441.700439453125,0,-18.797483444213867,-18.20802116394043,-16.66231346130371,-18.001216888427734,5.68570613861084
S276,0.2534482777118683,0.16899831593036652,0.5581576824188232,0.30470940470695496,0.0974472165107727,0.00854279100894928,2.1666667461395264,0.05857210233807564,0.17421288788318634,0,-15.47220516204834,2500.0,1,-17.690542221069336,-15.159299850463867,-16.976301193237305,-17.903799057006836,13.362503051757812
S277,0.25186410546302795,0.24330496788024902,0.8437053561210632,0.5918412208557129,0.5237239599227905,0.1391180455684662,6.875,0.10383517295122147,0.2508918046951294,0,-15.492279052734375,28.284271240234375,0,-22.88193130493164,-14.825963973999023,-16.434383392333984,-14.25059986114502,9.236324310302734
S278,0.10663048923015594,0.2425774335861206,0.24978601932525635,0.1431555300951004,0.07767622172832489,-0.2838417887687683,42.89583206176758,0.0925360918045044,0.12724602222442627,0,-17.065670013427734,31.62277603149414,0,-23.3785343170166,-21.045421600341797,-19.544042587280273,-12.985478401184082,17.48196792602539
S279,0.13631798326969147,0.2690427601337433,0.7563312649726868,0.6200132966041565,0.5087879300117493,0.03016011416912079,27.60416603088379,0.05411882698535919,0.17581994831562042,0,-19.08912467956543,94.86833190917969,0,-21.712160110473633,-14.653755187988281,-14.236604690551758,-18.137630462646484,26.79296875
S280,0.1403825730085373,0.2226639986038208,0.7774277925491333,0.6370452046394348,0.5557162761688232,0.16328026354312897,392.2916564941406,0.22714433073997498,0.17161379754543304,0,-16.759538650512695,60.8276252746582,0,-24.423171997070312,-20.167438507080078,-19.962800979614258,-13.84540843963623,13.01422119140625
S281,0.1316891610622406,0.2977067530155182,0.39300698041915894,0.26131781935691833,0.16984789073467255,-0.12493403255939484,57.54166793823242,0.17798960208892822,0.164869025349617,0,-20.012983322143555,90.55384826660156,0,-27.829404830932617,-22.6378173828125,-17.977968215942383,-19.436315536499023,22.868419647216797
S282,0.1322418451309204,0.19291767477989197,0.7386012077331543,0.6063593626022339,0.48817092180252075,0.07973319292068481,159.875,0.19588786363601685,0.1432083547115326,0,-15.340286254882812,72.11102294921875,0,-21.961824417114258,-17.137372970581055,-14.892058372497559,-17.507186889648438,13.329253196716309
S283,0.15484686195850372,0.27483952045440674,0.7553726434707642,0.6005257964134216,0.44085654616355896,0.20457586646080017,46.27083206176758,0.18693606555461884,0.1641547977924347,0,-21.054946899414062,36.055511474609375,0,-27.347171783447266,-19.83281898498535,-18.003257751464844,-19.611207962036133,11.574400901794434
S284,0.15630686283111572,0.27389881014823914,0.43877550959587097,0.28246864676475525,0.2554748058319092,-0.15678918361663818,53.5625,0.20009899139404297,0.16917048394680023,0,-14.21949577331543,2500.0,1,-21.318490982055664,-20.516216278076172,-18.772035598754883,-19.559860229492188,3.1935389041900635
S285,0.28198760747909546,0.2225659042596817,0.7852659821510315,0.503278374671936,0.2920301556587219,0.05669638514518738,17.41666603088379,0.07568524777889252,0.28449326753616333,0,-12.242620468139648,537.5872192382812,0,-17.160282135009766,-14.890504837036133,-14.924570083618164,-10.842649459838867,6.31763219833374
S286,0.404833048582077,0.09415058046579361,0.8122325539588928,0.4073995053768158,0.4292868375778198,0.008344799280166626,2.4166667461395264,0.005394941195845604,0.29253366589546204,0,-11.634981155395508,1720.1163330078125,1,-18.6289005279541,-15.671709060668945,-14.645367622375488,-14.745588302612305,3.9835333824157715
S287,0.20214667916297913,0.1893780678510666,0.7027676105499268,0.50062096118927,0.46791911125183105,0.05586959421634674,8.625,0.09208156913518906,0.17338921129703522,0,-14.984369277954102,41.231056213378906,0,-22.23902702331543,-14.475796699523926,-13.116461753845215,-17.30249786376953,13.62368392944336
S288,0.1460147649049759,0.271022230386734,0.7447675466537476,0.5987527966499329,0.1284756064414978,-0.04538676142692566,61.29166793823242,0.09796682000160217,0.1398509293794632,0,-15.135997772216797,2500.0,1,-20.415555953979492,-15.654830932617188,-17.099939346313477,-14.201323509216309,7.274803161621094
S289,0.19969159364700317,0.2859807312488556,0.7558348178863525,0.5561432242393494,0.5323054790496826,0.1595466434955597,9.541666984558105,0.05336425080895424,-0.006075346376746893,0,-14.637917518615723,2500.0,1,-21.323715209960938,-14.514116287231445,-16.184415817260742,-16.580055236816406,13.677330017089844
S290,0.17463546991348267,0.2945364713668823,0.6920222640037537,0.517386794090271,0.1604834794998169,0.10969121009111404,26.60416603088379,0.10623419284820557,0.23739127814769745,0,-16.559900283813477,1335.21533203125,1,-25.536224365234375,-19.885427474975586,-17.808488845825195,-18.331953048706055,22.349647521972656
S291,0.2808034420013428,0.21990446746349335,0.7526669502258301,0.4718635082244873,0.20665466785430908,0.02552473545074463,1.2916666269302368,0.015593007206916809,0.08505422621965408,0,-17.256166458129883,1212.9715576171875,1,-20.055681228637695,-18.476715087890625,-16.633085250854492,-18.098085403442383,10.972406387329102
S292,0.30240607261657715,0.19181668758392334,0.7375072836875916,0.4351012110710144,0.10189086198806763,-0.014403514564037323,15.229166984558105,0.04377749562263489,0.20099808275699615,0,-13.45938777923584,2500.0,1,-19.4871883392334,-15.939231872558594,-17.976465225219727,-18.613739013671875,7.158291339874268
S293,0.17848411202430725,0.22790053486824036,0.8204225301742554,0.6419384479522705,0.337708055973053,0.06529143452644348,83.20833587646484,0.11871827393770218,0.19484379887580872,0,-11.9339017868042,2500.0,0,-16.56034278869629,-17.408090591430664,-14.840855598449707,-14.714926719665527,4.418057918548584
S294,0.4314197301864624,0.10533612966537476,0.8308172821998596,0.3993975520133972,0.11781281232833862,-0.19258490204811096,3.625,0.0,0.3874252438545227,0,-10.07672119140625,1672.0047607421875,1,-16.64533805847168,-14.54164981842041,-13.58759593963623,-16.989002227783203,3.618727684020996
S295,0.35798317193984985,0.21647590398788452,0.697158694267273,0.3391755223274231,0.13772112131118774,0.028867371380329132,2.7916667461395264,0.005423765629529953,0.0,0,-14.91551399230957,2500.0,1,-18.258813858032227,-16.6046199798584,-15.805305480957031,-16.727191925048828,11.720796585083008
S296,0.12079832702875137,0.22019124031066895,0.7663639187812805,0.6455655694007874,0.4110681116580963,0.02255985140800476,15.395833015441895,0.06123368814587593,0.13157892227172852,0,-20.124269485473633,2500.0,0,-34.55305099487305,-20.90814208984375,-20.959623336791992,-15.284595489501953,19.5775089263916
S297,0.4171141982078552,0.20657317340373993,0.5548150539398193,0.1377008557319641,0.21194332838058472,0.0175790935754776,6.4375,0.03910571336746216,0.35900577902793884,0,-13.08639907836914,1284.7178955078125,0,-16.869901657104492,-15.17699909210205,-13.868448257446289,-13.802168846130371,4.709249019622803
S298,0.3290253281593323,0.14418603479862213,0.8872058391571045,0.5581805109977722,0.5045323371887207,0.0015133321285247803,1.8333333730697632,0.005304624792188406,0.30482542514801025,0,-12.147475242614746,2500.0,0,-16.594552993774414,-15.107200622558594,-14.831931114196777,-11.26275634765625,7.834408760070801
S299,0.2063223272562027,0.22591519355773926,0.8559064865112305,0.649584174156189,0.5603090524673462,0.07390862703323364,3.7916667461395264,0.011941525153815746,0.2433212846517563,0,-12.753006935119629,2500.0,0,-15.761600494384766,-17.689422607421875,-16.169904708862305,-14.174314498901367,5.631228923797607
S300,0.22453391551971436,0.2502201199531555,0.5495384335517883,0.325004518032074,0.024494647979736328,-0.1013806164264679,40.1875,0.10341712087392807,0.22263950109481812,0,-14.477128982543945,737.9024047851562,0,-19.825531005859375,-14.095926284790039,-14.350723266601562,-15.770770072937012,7.0548601150512695
S301,0.24156691133975983,0.22376473248004913,0.8079332113265991,0.5663663148880005,0.2638583183288574,0.10465352237224579,27.25,0.07813341170549393,0.3098810315132141,0,-11.958661079406738,2500.0,1,-17.482938766479492,-13.5867919921875,-13.497422218322754,-13.073217391967773,5.550060749053955
S302,0.13124172389507294,0.29847070574760437,0.8329843878746033,0.7017426490783691,0.4742887318134308,0.12641748785972595,133.7291717529297,0.17746713757514954,0.1692376434803009,0,-18.743465423583984,58.30952072143555,0,-26.786319732666016,-20.638586044311523,-17.519412994384766,-18.08799934387207,17.522464752197266
S303,0.2291838377714157,0.24891242384910583,0.6217532753944397,0.3925694227218628,0.14507028460502625,-0.18088144063949585,86.95833587646484,0.16682159900665283,0.2933740019798279,0,-16.112089157104492,31.62277603149414,0,-22.288461685180664,-17.269014358520508,-15.758237838745117,-17.906246185302734,10.508585929870605
S304,0.24224744737148285,0.19994217157363892,0.8160862326622009,0.5738387703895569,0.32740774750709534,0.03957843780517578,1.4791666269302368,0.030032426118850708,0.2323637753725052,0,-14.246272087097168,2500.0,0,-17.469385147094727,-14.830984115600586,-16.4902400970459,-15.789558410644531,4.242131233215332
S305,0.15807057917118073,0.25550881028175354,0.33166584372520447,0.17359526455402374,0.055508047342300415,-0.2626594007015228,114.72916412353516,0.23904621601104736,0.21764221787452698,0,-16.75383758544922,150.3329620361328,0,-25.930341720581055,-20.992849349975586,-17.367677688598633,-14.034711837768555,11.895628929138184
S306,0.1691431999206543,0.191611647605896,0.8452730178833008,0.6761298179626465,0.32909655570983887,0.07343825697898865,10.541666984558105,0.03580581769347191,0.23481924831867218,0,-12.950445175170898,2500.0,0,-17.690433502197266,-15.634994506835938,-17.558685302734375,-15.96119213104248,4.1101393699646
S307,0.2954278886318207,0.21724867820739746,0.8333582878112793,0.5379303693771362,0.2803496718406677,-0.04976502060890198,1.375,0.0,0.2535496652126312,0,-12.6158447265625,170.2938690185547,0,-17.50196075439453,-16.528213500976562,-13.571290969848633,-12.73903751373291,7.746560096740723
S308,0.09055434167385101,0.2344442903995514,0.39833709597587585,0.30778276920318604,0.2312222570180893,-0.09120054543018341,164.6666717529297,0.19722490012645721,0.11132374405860901,0,-19.365549087524414,70.71067810058594,0,-28.584753036499023,-21.80497169494629,-19.664825439453125,-14.700401306152344,15.723138809204102
S309,0.27235355973243713,0.23575638234615326,0.8544017672538757,0.5820481777191162,0.319757878780365,-0.045277029275894165,26.1875,0.06361489742994308,0.3242321014404297,0,-12.113327980041504,230.86793518066406,0,-17.838062286376953,-17.937448501586914,-17.71014404296875,-13.841416358947754,4.722559928894043
S310,0.18038594722747803,0.2140718698501587,0.8504856824874878,0.6700997352600098,0.3739393353462219,-0.042071133852005005,4.958333492279053,0.030901579186320305,0.2096530795097351,0,-12.507376670837402,297.3213806152344,0,-20.70407485961914,-18.918842315673828,-14.951173782348633,-17.1309757232666,5.752901077270508
S311,0.17448750138282776,0.26960858702659607,0.9002132415771484,0.7257257699966431,0.46110108494758606,0.029796093702316284,22.5,0.11207491159439087,0.22624021768569946,0,-15.949422836303711,20.0,0,-20.13797950744629,-16.593215942382812,-15.907088279724121,-13.0948486328125,13.412642478942871
S312,0.14807835221290588,0.2334413379430771,0.7157057523727417,0.5676274299621582,0.30626559257507324,-0.08597475290298462,175.9375,0.17763961851596832,0.1992945373058319,0,-14.265857696533203,31.62277603149414,0,-22.267362594604492,-18.87368392944336,-16.301780700683594,-12.101155281066895,18.263240814208984
S313,0.2291666567325592,0.16688452661037445,0.6594883799552917,0.43032172322273254,0.30056220293045044,-0.0345630943775177,62.95833206176758,0.06350439786911011,0.22144848108291626,0,-12.932291984558105,2357.647216796875,1,-19.153785705566406,-13.013164520263672,-17.38658905029297,-12.387591361999512,7.89581298828125
S314,0.19440311193466187,0.1567654311656952,0.589813232421875,0.39541012048721313,-0.02030402421951294,-0.0017358660697937012,16.10416603088379,0.028674805536866188,0.20136520266532898,0,-16.244766235351562,2500.0,1,-23.39006805419922,-15.87459945678711,-14.356575012207031,-14.640103340148926,13.265969276428223
S315,0.28880971670150757,0.12856827676296234,0.752785325050354,0.46397560834884644,0.159479022026062,-0.08463841676712036,12.604166984558105,0.03826151043176651,0.24535246193408966,0,-14.617400169372559,2500.0,0,-18.166316986083984,-12.989773750305176,-14.898505210876465,-14.997535705566406,6.606934070587158
S316,0.43468207120895386,0.04929204285144806,0.6547034382820129,0.22002136707305908,0.15783235430717468,-0.0038420259952545166,0.3541666567325592,0.00912050623446703,0.22008731961250305,0,-17.717681884765625,2500.0,1,-16.9559326171875,-16.49625587463379,-17.45697021484375,-18.912263870239258,10.048605918884277
S317,0.19131408631801605,0.21055585145950317,0.8239288926124573,0.63261479139328,0.4139103293418884,0.02903759479522705,7.708333492279053,0.13595737516880035,0.20000001788139343,0,-15.051753997802734,30.0,0,-21.316688537597656,-15.183247566223145,-17.272443771362305,-16.39486312866211,8.46640396118164
S318,0.2536980211734772,0.2341586947441101,0.7004846930503845,0.44678667187690735,0.1812896728515625,0.053445905447006226,40.9375,0.05048909783363342,0.2874811589717865,0,-13.317255020141602,2500.0,0,-18.541887283325195,-15.736071586608887,-17.02496337890625,-16.778362274169922,8.266900062561035
S319,0.1021898165345192,0.20991195738315582,0.36498233675956726,0.26279252767562866,-0.2791971266269684,-0.05561073124408722,17.25,0.0476200208067894,0.08138240873813629,0,-15.33104133605957,2500.0,1,-21.730134963989258,-16.784395217895508,-15.906547546386719,-14.933693885803223,23.480926513671875
S320,0.48414739966392517,0.15909090638160706,0.7176981568336487,0.2335507571697235,0.17371249198913574,-0.005420699715614319,0.6458333134651184,0.0,0.11498255282640457,0,-18.57054901123047,2500.0,1,-20.141918182373047,-18.112089157104492,-16.377546310424805,-13.890020370483398,13.635740280151367
S321,0.20662251114845276,0.22450247406959534,0.7722251415252686,0.5656026601791382,0.4193994998931885,0.0502607524394989,9.708333015441895,0.0519377626478672,0.22145266830921173,0,-17.871976852416992,2500.0,0,-18.970571517944336,-17.60504150390625,-17.74777603149414,-15.959844589233398,10.34009838104248
S322,0.5468389391899109,0.08045974373817444,0.9320968985557556,0.3852579593658447,0.27569717168807983,-0.0820680558681488,5.895833492279053,0.2384292185306549,0.6010626554489136,0,-10.380621910095215,90.55384826660156,0,-17.316360473632812,-14.473515510559082,-12.956393241882324,-17.596670150756836,4.640276908874512
S323,0.18284423649311066,0.27284276485443115,0.7289459109306335,0.5461016893386841,0.2183542251586914,0.03626662492752075,1.8541666269302368,0.0,0.13753974437713623,0,-16.889423370361328,2500.0,1,-17.17670249938965,-16.606571197509766,-14.713756561279297,-17.470077514648438,10.799707412719727
S324,0.2327466607093811,0.2066354900598526,0.884372353553772,0.6516256928443909,0.4936073422431946,0.04200515151023865,12.395833015441895,0.1395537108182907,0.25813090801239014,0,-15.941184997558594,58.30952072143555,0,-21.28179359436035,-17.085262298583984,-17.745689392089844,-14.576009750366211,9.367080688476562
S325,0.3338073194026947,0.21891191601753235,0.7488789558410645,0.41507163643836975,0.1476306915283203,0.009939804673194885,5.041666507720947,0.043178025633096695,0.030716683715581894,0,-13.403544425964355,523.4500732421875,1,-15.773493766784668,-17.343156814575195,-16.202526092529297,-15.501919746398926,10.250897407531738
S326,0.1518862247467041,0.20369477570056915,0.7847844362258911,0.632898211479187,0.43776077032089233,0.03754377365112305,184.9375,0.12970349192619324,0.1876876801252365,0,-14.335336685180664,0.0,0,-23.58343505859375,-16.268047332763672,-16.603464126586914,-18.83245277404785,8.498449325561523
S327,0.26682016253471375,0.16661223769187927,0.8043795824050903,0.5375593900680542,0.3312375545501709,0.0842372328042984,0.875,0.0,0.26275235414505005,0,-12.19030475616455,2500.0,1,-16.83723258972168,-14.367916107177734,-15.154569625854492,-16.077774047851562,3.2907350063323975
S328,0.2375415563583374,0.1890048384666443,0.7145877480506897,0.4770461916923523,0.3538210988044739,0.012251019477844238,93.39583587646484,0.12207426130771637,0.2192598581314087,0,-14.76805591583252,123.69316864013672,0,-22.329708099365234,-16.637950897216797,-16.1795711517334,-17.214183807373047,10.8922758102417
S329,0.18414920568466187,0.2558777928352356,0.7624684572219849,0.578319251537323,0.2315303087234497,-0.02528241276741028,4.854166507720947,0.0307113416492939,0.17434869706630707,0,-18.63941764831543,1142.365966796875,1,-21.9704532623291,-18.13007164001465,-15.514193534851074,-14.872979164123535,14.52707290649414
S330,0.1768500655889511,0.21385601162910461,0.6404393911361694,0.46358931064605713,0.42697614431381226,0.23747994005680084,77.375,0.1717534214258194,0.1744862198829651,0,-17.43833351135254,36.055511474609375,0,-21.748920440673828,-19.861392974853516,-16.61212921142578,-12.35401725769043,12.617509841918945
S331,0.13256484270095825,0.2225026935338974,0.7363083362579346,0.6037434935569763,0.14660245180130005,-0.012625157833099365,7.291666507720947,0.015122045762836933,0.032055292278528214,0,-14.222169876098633,500.0999755859375,1,-18.73206901550293,-18.362340927124023,-15.049108505249023,-15.402937889099121,12.566211700439453
S332,0.1318754255771637,0.23630240559577942,0.6736428141593933,0.5417673587799072,0.056027352809906006,0.006758417934179306,12.3125,0.005108910612761974,0.03220679983496666,0,-13.736969947814941,2500.0,1,-18.8283748626709,-15.340779304504395,-17.08098793029785,-16.068012237548828,13.073144912719727
S333,0.15495868027210236,0.2655567526817322,0.5614510178565979,0.40649235248565674,0.33500176668167114,0.013220474123954773,112.04166412353516,0.11779452860355377,0.1831352859735489,0,-19.202072143554688,110.0,0,-25.16653823852539,-18.473493576049805,-21.71607208251953,-19.264768600463867,13.274741172790527
S334,0.165714293718338,0.22397704422473907,0.8466978073120117,0.6809835433959961,0.3860076665878296,0.10973060131072998,6.729166507720947,0.024220895022153854,0.17590205371379852,0,-14.129607200622559,2500.0,0,-17.817054748535156,-11.41543197631836,-14.61441421508789,-10.078396797180176,13.284605026245117
S335,0.2445753961801529,0.21353572607040405,0.8013646602630615,0.5567892789840698,0.34013471007347107,-0.0017116665840148926,20.47916603088379,0.07785190641880035,0.28289100527763367,0,-11.204995155334473,483.7354736328125,0,-17.725217819213867,-13.793685913085938,-14.29973030090332,-12.382187843322754,5.3430304527282715
S336,0.20596671104431152,0.20893794298171997,0.5336571931838989,0.3276904821395874,0.0014410018920898438,-0.0752466544508934,33.89583206176758,0.027922188863158226,0.09228826314210892,0,-13.82516860961914,2500.0,1,-17.617229461669922,-14.665701866149902,-14.98878002166748,-17.748432159423828,17.341068267822266
S337,0.25778332352638245,0.20831024646759033,0.8350785374641418,0.577295184135437,0.1902793049812317,-0.03330789506435394,1.4791666269302368,0.003748764982447028,0.13727743923664093,0,-15.730517387390137,2500.0,1,-16.48808479309082,-16.803329467773438,-14.93305778503418,-16.09917640686035,9.370903015136719
S338,0.22991305589675903,0.25913721323013306,0.7039755582809448,0.4740625023841858,0.27164968848228455,0.04027344286441803,0.9583333134651184,0.01200174167752266,0.12000000476837158,0,-16.006864547729492,2500.0,1,-17.864450454711914,-15.447571754455566,-16.611425399780273,-15.923335075378418,12.340461730957031
S339,0.14195141196250916,0.22541126608848572,0.6835846304893494,0.5416332483291626,0.5032802224159241,0.08692459762096405,101.97916412353516,0.21586354076862335,0.16455696523189545,0,-19.192584991455078,14.142135620117188,0,-26.539897918701172,-19.014755249023438,-16.37290382385254,-11.8108491897583,21.047624588012695
S340,0.1440972089767456,0.21526136994361877,0.49771225452423096,0.35361504554748535,0.2268008589744568,-0.1471354067325592,230.3958282470703,0.23568105697631836,0.18371212482452393,0,-15.595640182495117,2500.0,0,-20.16041374206543,-17.9042911529541,-18.7692928314209,-22.69834327697754,7.78987455368042
S341,0.4315858781337738,0.12841221690177917,0.6640880107879639,0.23250213265419006,0.09466999769210815,-0.01962210237979889,1.4375,0.0,0.17234790325164795,0,-15.241928100585938,1034.649658203125,1,-18.718313217163086,-17.33528709411621,-17.2209415435791,-16.179738998413086,14.973937034606934
S342,0.20236176252365112,0.19812102615833282,0.6915647387504578,0.48920297622680664,0.12610799074172974,-0.016384854912757874,12.6875,0.046865563839673996,0.21183589100837708,0,-14.639063835144043,41.231056213378906,0,-22.429262161254883,-20.025461196899414,-16.758089065551758,-14.17775821685791,10.148551940917969
S343,0.11105017364025116,0.29425013065338135,0.5498329997062683,0.43878281116485596,0.37554728984832764,0.16247069835662842,72.1875,0.14578337967395782,0.20013779401779175,0,-18.21169662475586,14.142135620117188,0,-24.363744735717773,-17.458702087402344,-17.898998260498047,-14.004793167114258,17.157527923583984
S344,0.44510436058044434,0.08466440439224243,0.769911527633667,0.32480716705322266,0.18407374620437622,0.011254340410232544,8.458333015441895,0.0468769408762455,0.21007777750492096,0,-18.394142150878906,2500.0,1,-18.01888084411621,-17.541187286376953,-14.722984313964844,-17.87397003173828,10.239324569702148
S345,0.17778384685516357,0.21075107157230377,0.7733678221702576,0.595583975315094,0.33248385787010193,-0.08840373158454895,12.208333015441895,0.05442794784903526,0.23160170018672943,0,-17.338281631469727,2500.0,1,,-17.919736862182617,-15.291532516479492,-12.58229923248291,6.606860637664795
S346,0.12373650819063187,0.23738516867160797,0.6382932066917419,0.5145567059516907,0.37781962752342224,0.07116732001304626,302.125,0.11844688653945923,0.15863056480884552,0,-19.048343658447266,14.142135620117188,0,-25.079553604125977,-23.022411346435547,-17.188493728637695,-11.785706520080566,17.64470672607422
S347,0.25851938128471375,0.23427782952785492,0.8793262839317322,0.6208069324493408,0.21003496646881104,-0.049729615449905396,12.5625,0.09637846797704697,0.2648967504501343,0,-11.836747169494629,233.4523468017578,0,-16.785140991210938,-14.565195083618164,-15.385153770446777,-12.41429615020752,4.698575496673584
S348,0.22228293120861053,0.2231459766626358,0.6216577887535095,0.3993748426437378,0.047934114933013916,-0.07886134088039398,132.8958282470703,0.1353689283132553,0.2598295509815216,0,-13.291171073913574,2500.0,0,-20.358327865600586,-17.098569869995117,-16.171619415283203,-19.27901840209961,5.284722805023193
S349,0.21238937973976135,0.21895620226860046,0.5813419818878174,0.36895260214805603,0.33220523595809937,-0.03322418034076691,111.4375,0.2066250890493393,0.18788325786590576,0,-15.315107345581055,31.62277603149414,0,-21.33546257019043,-17.752182006835938,-20.49224090576172,-16.33914566040039,4.996315956115723
S350,0.2656461000442505,0.22719159722328186,0.7889101505279541,0.5232640504837036,0.388054221868515,0.0816870927810669,16.35416603088379,0.03240751475095749,0.31335532665252686,0,-12.741311073303223,127.27922058105469,0,-22.76321029663086,-12.746294975280762,-15.530660629272461,-14.2822847366333,10.016915321350098
S351,0.29752880334854126,0.14640046656131744,0.5860326290130615,0.28850382566452026,0.05516839027404785,-0.04542103409767151,1.7708333730697632,0.025813523679971695,0.19726024568080902,0,-16.78535270690918,2500.0,1,-17.797279357910156,-16.041414260864258,-15.900223731994629,-16.94792366027832,15.788808822631836
S352,0.12877263128757477,0.25321847200393677,0.8760921359062195,0.7473195195198059,0.5316604375839233,0.17028763890266418,32.58333206176758,0.14592856168746948,0.15761208534240723,0,-15.945575714111328,70.0,0,-23.888946533203125,-16.19071388244629,-17.438766479492188,-15.003645896911621,9.178133010864258
S353,0.1655251383781433,0.16314969956874847,0.7578923106193542,0.5923671722412109,0.4512590169906616,0.07845202088356018,13.395833015441895,0.021536659449338913,0.15546220541000366,0,-17.62627601623535,878.179931640625,0,-22.87611198425293,-15.838874816894531,-15.474872589111328,-14.114831924438477,14.028783798217773
S354,0.1902242749929428,0.2941705882549286,0.7980189323425293,0.6077946424484253,0.5440928936004639,0.12008428573608398,1.4166666269302368,0.02490309067070484,0.21380728483200073,0,-15.189372062683105,152.9705810546875,0,-27.160381317138672,-16.075510025024414,-16.846181869506836,-12.843534469604492,14.31684684753418
S355,0.2292661964893341,0.19705800712108612,0.7645348906517029,0.5352686643600464,0.3634258210659027,0.02544918656349182,46.375,0.0833662897348404,0.24686941504478455,0,-13.631210327148438,213.7755889892578,0,-18.690156936645508,-15.79807186126709,-15.716187477111816,-13.578725814819336,5.22013521194458
S356,0.14950895309448242,0.2121802717447281,0.43570902943611145,0.28620007634162903,0.09727495908737183,-0.12769365310668945,338.6875,0.24358969926834106,0.15033556520938873,0,-12.642388343811035,80.0,0,-18.602956771850586,-17.19325065612793,-16.932756423950195,-16.89137840270996,3.532813310623169
S357,0.16171909868717194,0.2341880351305008,0.6129355430603027,0.451216459274292,0.2664104104042053,-0.03653952479362488,124.25,0.20378556847572327,0.21933087706565857,0,-16.251060485839844,22.360679626464844,0,-21.735454559326172,-16.523006439208984,-16.584487915039062,-14.375160217285156,7.360293865203857
S358,0.3854125142097473,0.2393268495798111,0.6960688829421997,0.3106563687324524,0.019812405109405518,-0.004992282018065453,4.041666507720947,0.009541514329612255,0.039721302688121796,0,-18.540672302246094,572.1887817382812,1,-17.523616790771484,-17.840662002563477,-16.620662689208984,-14.989005088806152,21.2575740814209
S359,0.1507565826177597,0.2741278409957886,0.6033254265785217,0.45256882905960083,0.21311846375465393,0.046836644411087036,222.3125,0.12191788852214813,0.17842325568199158,0,-19.98809814453125,192.3538360595703,0,-33.49002456665039,-24.77022361755371,-20.026269912719727,-13.446836471557617,20.04318618774414
S360,0.24535180628299713,0.18427762389183044,0.7374701499938965,0.49211835861206055,0.2190912961959839,0.0008498728275299072,2.3333332538604736,0.003910533618181944,0.11987744271755219,0,-15.53986930847168,1711.870361328125,1,-16.302001953125,-15.95527458190918,-16.163694381713867,-17.47007942199707,9.853010177612305
S361,0.3133421838283539,0.20436160266399384,0.7157425284385681,0.40240034461021423,0.19690197706222534,0.035827621817588806,1.3958333730697632,0.044800274074077606,0.07451923936605453,0,-18.003868103027344,2500.0,1,-20.79302215576172,-16.1611385345459,-15.773443222045898,-15.471274375915527,14.087918281555176
S362,0.17146436870098114,0.23953557014465332,0.6303630471229553,0.458898663520813,0.3715157210826874,-0.052614420652389526,34.60416793823242,0.19360481202602386,0.1914893537759781,0,-16.445003509521484,50.990196228027344,0,-23.040971755981445,-17.108051300048828,-17.889169692993164,-17.31336784362793,9.702645301818848
S363,0.25080177187919617,0.1725417673587799,0.6943438649177551,0.44354209303855896,0.2528670132160187,-0.06458735466003418,32.14583206176758,0.05579695478081703,0.20339339971542358,0,-14.154837608337402,2500.0,1,-18.465011596679688,-15.521584510803223,-16.672800064086914,-14.94117259979248,4.430822849273682
S364,0.14461001753807068,0.2848462462425232,0.7170345187187195,0.5724245309829712,0.18440663814544678,-0.052794039249420166,2.8541667461395264,0.005346124526113272,0.0793650671839714,0,-17.273197174072266,2500.0,1,-18.073732376098633,-17.39189338684082,-15.708609580993652,-17.933263778686523,14.779938697814941
S365,0.30749353766441345,0.19077365100383759,0.8068926334381104,0.4993990957736969,0.25075095891952515,0.009648814797401428,3.1666667461395264,0.01803072914481163,0.23639774322509766,0,-12.398734092712402,2500.0,1,-18.456867218017578,-19.50818634033203,-15.536657333374023,-16.311126708984375,5.901348114013672
S366,0.15246957540512085,0.29880598187446594,0.7155396938323975,0.5630701184272766,0.21300631761550903,0.05087380111217499,63.20833206176758,0.11349038034677505,0.15144595503807068,0,-18.948158264160156,1065.31689453125,1,-25.080167770385742,-16.540632247924805,-20.189239501953125,-14.022004127502441,14.245126724243164
S367,0.2578935921192169,0.2524208128452301,0.6713091731071472,0.4134155809879303,0.09620767831802368,-0.03957796096801758,0.8541666865348816,0.01052454300224781,0.1638125777244568,0,-15.853747367858887,550.0,1,-18.76192855834961,-16.475936889648438,-17.01583480834961,-16.346492767333984,9.550371170043945
S368,0.3983641564846039,0.1281891167163849,0.8373904824256897,0.4390263259410858,0.3168076276779175,0.08139616250991821,2.4166667461395264,0.0,0.35010355710983276,0,-10.914569854736328,2500.0,1,-14.918342590332031,-15.658209800720215,-17.194072723388672,-16.445667266845703,2.6643242835998535
S369,0.4345114231109619,0.10501173138618469,0.6752462387084961,0.24073481559753418,0.1435679793357849,-0.046319201588630676,17.25,0.0497417226433754,0.19966301321983337,0,-15.237581253051758,2500.0,1,-17.299440383911133,-15.414546966552734,-14.639139175415039,-15.553967475891113,5.598683834075928
S370,0.2237582951784134,0.2135000079870224,0.8986968398094177,0.6749385595321655,0.47805386781692505,0.08938559889793396,7.875,0.25850263237953186,0.23916535079479218,10,-14.648553848266602,344.81878662109375,0,-18.643871307373047,-15.826957702636719,-16.817686080932617,-15.58733081817627,6.9547929763793945
S371,0.1945776492357254,0.22117005288600922,0.6032339930534363,0.40865635871887207,0.3146592378616333,-0.023008614778518677,131.5625,0.15696612000465393,0.22419185936450958,0,-17.47171401977539,199.2485809326172,0,-20.64419937133789,-18.3101863861084,-17.093799591064453,-18.75908088684082,5.810227394104004
S372,0.14835700392723083,0.2349146008491516,0.7635020017623901,0.6151449680328369,0.5234148502349854,0.10307854413986206,68.6875,0.13801437616348267,0.1792086660861969,0,-15.249246597290039,40.0,0,-21.91738510131836,-17.46345329284668,-18.69887351989746,-11.946621894836426,15.230960845947266
S373,0.14107561111450195,0.2347855567932129,0.7233109474182129,0.5822353363037109,0.1708693504333496,-0.05911225080490112,0.4583333432674408,0.0017224985640496016,0.1233532726764679,0,-16.054616928100586,2500.0,1,-16.661285400390625,-16.5314998626709,-15.623598098754883,-17.95651626586914,12.977930068969727
S374,0.37866854667663574,0.1758389174938202,0.8072431683540344,0.4285746216773987,0.11100536584854126,-0.11658436059951782,2.9166667461395264,0.0,0.30108991265296936,0,-10.859538078308105,2500.0,0,-15.728044509887695,-13.779583930969238,-15.375312805175781,-14.14160442352295,2.418119192123413
S375,0.26799389719963074,0.2325344979763031,0.8450325727462769,0.5770386457443237,0.3183150291442871,-0.0547814667224884,113.9375,0.18939033150672913,0.29823434352874756,0,-11.956583976745605,80.62257385253906,0,-16.631206512451172,-14.095223426818848,-15.710166931152344,-14.433486938476562,5.400235176086426
S376,0.3875838816165924,0.10401975363492966,0.6801356673240662,0.29255178570747375,0.19401466846466064,-0.029614314436912537,8.479166984558105,0.04513271152973175,0.2880258858203888,0,-14.2735595703125,201.24612426757812,0,-16.757844924926758,-16.521150588989258,-16.00812339782715,-14.211450576782227,9.161518096923828
S377,0.23636364936828613,0.20391161739826202,0.6826056838035583,0.4462420344352722,0.25987568497657776,0.051870197057724,34.02083206176758,0.05520594120025635,0.22464700043201447,0,-12.427322387695312,1753.2825927734375,0,-20.32100486755371,-19.620698928833008,-16.97676658630371,-15.20924186706543,5.111763954162598
S378,0.3698042333126068,0.1312369704246521,0.8608430624008179,0.49103882908821106,0.3947761654853821,0.01019260287284851,6.270833492279053,0.01276607345789671,0.36699026823043823,0,-11.478705406188965,2500.0,0,-17.06174659729004,-15.034292221069336,-15.867122650146484,-14.131122589111328,5.321210861206055
S379,0.26664215326309204,0.19671568274497986,0.5904628038406372,0.32382065057754517,0.032993435859680176,-0.03261017054319382,2.1666667461395264,0.025637758895754814,0.1207183301448822,0,-15.837067604064941,780.8969116210938,1,-21.982982635498047,-16.049724578857422,-18.437236785888672,-16.628192901611328,11.115596771240234
S380,0.2798948884010315,0.2716282606124878,0.7187895774841309,0.43889468908309937,0.36878958344459534,-0.009053856134414673,10.645833015441895,0.038540687412023544,0.26293888688087463,0,-15.403162956237793,326.4965515136719,0,-22.913618087768555,-12.497143745422363,-16.635343551635742,-21.507904052734375,13.067404747009277
S381,0.17440001666545868,0.1701011061668396,0.7278572916984558,0.5534572601318359,0.4279671609401703,-0.024410545825958252,4.145833492279053,0.03383585810661316,0.19332879781723022,0,-13.460891723632812,1091.100341796875,1,-20.189647674560547,-16.568784713745117,-15.22901439666748,-13.601605415344238,6.588042259216309
S382,0.1206568032503128,0.1676621288061142,0.9125397205352783,0.7918829321861267,0.6700720191001892,0.22706782817840576,24.97916603088379,0.11732738465070724,0.18469585478305817,0,-15.429781913757324,58.30952072143555,0,-26.016889572143555,-17.181589126586914,-17.986488342285156,-17.997509002685547,14.512345314025879
S383,0.19718895852565765,0.25912338495254517,0.8733729124069214,0.6761839389801025,0.5036399364471436,0.048497140407562256,5.166666507720947,0.03710222244262695,0.15920399129390717,0,-17.766590118408203,220.9072265625,0,-21.970956802368164,-18.121414184570312,-15.472341537475586,-14.850990295410156,10.203207969665527
S384,0.12391432374715805,0.23562200367450714,0.6360931992530823,0.512178897857666,0.1723785698413849,-0.0988512635231018,190.7291717529297,0.17080219089984894,0.250174880027771,0,-15.96837043762207,1661.385009765625,0,-22.355308532714844,-13.59848403930664,-17.196300506591797,-15.036334991455078,11.029786109924316
S385,0.1469648778438568,0.2390572726726532,0.7709417939186096,0.6239769458770752,0.39771753549575806,-0.006523877382278442,3.4583332538604736,0.0,0.2049875408411026,0,-15.851666450500488,2500.0,0,-20.215206146240234,-16.846603393554688,-15.429841995239258,-14.726280212402344,6.472362041473389
S386,0.21594291925430298,0.23146066069602966,0.7194914221763611,0.5035485029220581,0.3644050657749176,-0.012564152479171753,36.875,0.08017674088478088,0.18849089741706848,0,-15.868694305419922,110.45361328125,0,-21.547504425048828,-15.336860656738281,-17.808740615844727,-14.986482620239258,7.968084812164307
S387,0.2532949149608612,0.3032832443714142,0.8795320391654968,0.626237154006958,0.2749295234680176,-0.01985996961593628,2.3541667461395264,0.03352714702486992,0.2800353169441223,0,-17.55336570739746,113.1370849609375,0,-26.84063148498535,-14.61408519744873,-16.878786087036133,-11.800765037536621,15.03986644744873
S388,0.1455717533826828,0.18953099846839905,0.7939835786819458,0.6484118103981018,0.48392197489738464,0.0914129912853241,11.125,0.16749988496303558,0.19383828341960907,0,-14.724225997924805,28.284271240234375,0,-23.46176528930664,-15.763575553894043,-17.064544677734375,-18.018352508544922,14.734862327575684
S389,0.2467464655637741,0.2636081576347351,0.8024518489837646,0.5557053685188293,0.5627983212471008,0.18578608334064484,15.979166984558105,0.1048102155327797,0.2609136998653412,0,-13.800187110900879,20.0,0,-18.978195190429688,-15.327800750732422,-15.05557632446289,-13.873279571533203,8.751985549926758
S390,0.3021564483642578,0.1906779706478119,0.7672795653343201,0.46512311697006226,0.34857454895973206,-0.14555492997169495,5.3125,0.04841386899352074,0.30693069100379944,0,-12.133569717407227,2500.0,0,-15.550782203674316,-15.411142349243164,-14.431883811950684,-14.879634857177734,2.608757734298706
S391,0.3103797733783722,0.24186992645263672,0.7786445617675781,0.46826478838920593,0.29805174469947815,0.0030459165573120117,6.166666507720947,0.06401503086090088,0.30998513102531433,0,-15.156621932983398,44.72135925292969,0,-21.164636611938477,-17.15739631652832,-18.181787490844727,-16.64960289001465,9.484015464782715
S392,0.13697992265224457,0.32785406708717346,0.42721667885780334,0.29023677110671997,0.24589800834655762,-0.02189701795578003,15.020833015441895,0.2644149661064148,0.1604078710079193,0,-20.38363265991211,228.4731903076172,0,-24.342348098754883,-23.210163116455078,-20.00499725341797,-20.046865463256836,19.31208038330078
S393,0.17404936254024506,0.22072598338127136,0.5887373685836792,0.41468799114227295,0.2338826060295105,-0.1273467242717743,85.625,0.15852093696594238,0.19780002534389496,0,-14.968912124633789,134.16407775878906,0,-19.44588279724121,-17.403738021850586,-16.31731605529785,-12.129875183105469,12.111370086669922
S394,0.12259704619646072,0.24217936396598816,0.8165841698646545,0.6939871311187744,0.6079009771347046,0.3126816749572754,22.54166603088379,0.18061968684196472,0.15231142938137054,0,-15.620672225952148,10.0,0,-24.35422706604004,-15.737020492553711,-15.959118843078613,-14.11475658416748,12.593267440795898
S395,0.23119163513183594,0.22673435509204865,0.7851813435554504,0.5539897084236145,0.20883071422576904,-0.03138226270675659,83.9375,0.10628681629896164,0.22915518283843994,0,-14.997796058654785,2500.0,1,-15.220181465148926,-19.057373046875,-15.515931129455566,-12.072980880737305,6.984391212463379
S396,0.30206984281539917,0.23102019727230072,0.7200300097465515,0.41796016693115234,0.04852503538131714,-0.044313251972198486,36.875,0.0537659116089344,0.23823317885398865,0,-11.323253631591797,328.0243835449219,1,-18.071449279785156,-14.023963928222656,-13.260722160339355,-14.32231330871582,4.810728073120117
S397,0.21335504949092865,0.25191110372543335,0.6260032057762146,0.41264814138412476,-0.03043419122695923,-0.04362891614437103,3.2916667461395264,0.03813694044947624,0.11581210047006607,0,-18.106435775756836,2500.0,1,-22.03767967224121,-16.748458862304688,-15.627903938293457,-15.017568588256836,9.84850025177002
S398,0.41494038701057434,0.182403102517128,0.8556287884712219,0.4406884014606476,0.206692636013031,-0.14783433079719543,1.8541666269302368,0.0,0.3381166160106659,0,-11.181340217590332,80.0,0,-14.970772743225098,-11.212221145629883,-15.157240867614746,-16.83824348449707,5.626023292541504
S399,0.19206377863883972,0.25358423590660095,0.7988316416740417,0.6067678928375244,0.5445809364318848,0.18328052759170532,72.125,0.12777042388916016,0.1969541311264038,0,-18.7244930267334,141.42135620117188,0,-22.798269271850586,-14.148837089538574,-14.785670280456543,-11.972640037536621,18.011247634887695
S400,0.1451902687549591,0.23836742341518402,0.8838516473770142,0.7386614084243774,0.6252796649932861,0.2053956389427185,15.479166984558105,0.08119018375873566,0.17975783348083496,0,-18.170103073120117,50.990196228027344,0,-21.370229721069336,-17.348064422607422,-17.725570678710938,-16.92169761657715,12.97197151184082
S401,0.27559056878089905,0.153766468167305,0.7074829936027527,0.43189242482185364,0.29183080792427063,0.02417638897895813,82.64583587646484,0.05929369106888771,0.18676471710205078,0,-14.111565589904785,1209.338623046875,1,-17.485401153564453,-16.625946044921875,-14.37837028503418,-16.55435562133789,12.985575675964355
S402,0.13922671973705292,0.2139032483100891,0.6682056784629822,0.5289789438247681,0.405812531709671,0.03284385800361633,51.70833206176758,0.11668504029512405,0.15624424815177917,0,-15.492914199829102,70.71067810058594,0,-23.8309326171875,-19.041301727294922,-17.476093292236328,-14.7096529006958,11.427224159240723
S403,0.20727621018886566,0.18745644390583038,0.6730741262435913,0.46579790115356445,0.32488471269607544,-0.079315185546875,44.83333206176758,0.09603206813335419,0.24014689028263092,0,-14.898476600646973,593.9697265625,0,-22.960119247436523,-17.463804244995117,-15.945479393005371,-15.375853538513184,8.61609172821045
S404,0.2502078115940094,0.21783877909183502,0.7513604164123535,0.5011526346206665,0.1296447515487671,-0.03006817400455475,1.0,0.0,0.13392069935798645,0,-15.820334434509277,2500.0,1,-19.03171157836914,-17.666282653808594,-16.737228393554688,-17.087120056152344,10.955207824707031
S405,0.1771511286497116,0.16879162192344666,0.5350289940834045,0.35787785053253174,0.29020071029663086,-0.06330619752407074,346.9791564941406,0.16453145444393158,0.1790940910577774,0,-14.650654792785645,10.0,0,-22.43440055847168,-20.28619384765625,-15.572769165039062,-12.89810562133789,13.624622344970703
S406,0.06657370179891586,0.23405469954013824,0.44188010692596436,0.3753063976764679,0.1902848184108734,-0.17123690247535706,36.08333206176758,0.12823854386806488,0.12528826296329498,0,-18.041349411010742,50.990196228027344,0,-24.024370193481445,-21.840526580810547,-17.50459098815918,-19.4356632232666,13.069191932678223
S407,0.2574705481529236,0.1818459928035736,0.8091155290603638,0.5516449809074402,0.43891382217407227,0.12859570980072021,1.1458333730697632,0.0017738183960318565,0.2508602440357208,0,-14.24060344696045,269.0724792480469,1,-18.585071563720703,-16.77426528930664,-14.426692008972168,-19.800756454467773,6.296919345855713
S408,0.14843249320983887,0.20891797542572021,0.8117130398750305,0.6632805466651917,0.551026463508606,0.04144391417503357,33.08333206176758,0.056498780846595764,0.16057036817073822,0,-16.603357315063477,28.284271240234375,0,-25.041894912719727,-16.417264938354492,-18.02059555053711,-16.475767135620117,10.415828704833984
S409,0.12079209834337234,0.33573880791664124,0.6529080867767334,0.5321159958839417,0.26702961325645447,-0.07080397009849548,12.104166984558105,0.023314641788601875,0.1000358909368515,0,-14.755556106567383,605.3924560546875,1,-22.858631134033203,-17.749601364135742,-20.935251235961914,-20.71263885498047,12.112730026245117
S410,0.14652752876281738,0.22713176906108856,0.7688526511192322,0.6223251223564148,0.4216866195201874,0.029008567333221436,210.75,0.1510576605796814,0.17471818625926971,0,-17.639087677001953,22.360679626464844,0,-22.95616912841797,-19.98125648498535,-16.114837646484375,-19.617996215820312,14.36906909942627
S411,0.37962809205055237,0.13720403611660004,0.7510621547698975,0.3714340627193451,0.25013792514801025,-0.0143965482711792,1.7291666269302368,0.031515419483184814,0.2687074840068817,0,-10.687933921813965,2500.0,1,-16.2751407623291,-14.12253189086914,-15.030828475952148,-15.56515884399414,3.6830897331237793
S412,0.169767826795578,0.23384833335876465,0.545059859752655,0.375292032957077,0.28011390566825867,-0.04999828338623047,28.5625,0.18035289645195007,0.17728164792060852,0,-18.15269660949707,31.62277603149414,0,-22.639400482177734,-17.337139129638672,-18.29081916809082,-21.081384658813477,16.14226531982422
S413,0.2474164068698883,0.24883951246738434,0.6875,0.4400835931301117,0.17110329866409302,0.052133068442344666,76.5,0.1577267050743103,0.259101927280426,0,-11.815308570861816,2500.0,0,-17.674522399902344,-11.948997497558594,-11.797728538513184,-16.5808048248291,5.87679386138916
S414,0.17858746647834778,0.19489531219005585,0.8212941884994507,0.6427067518234253,0.6529488563537598,0.09639301896095276,1.9791666269302368,0.0,0.20515023171901703,0,-14.328227043151855,2500.0,0,-17.834508895874023,-16.016263961791992,-15.479403495788574,-12.845379829406738,8.535348892211914
S415,0.17351338267326355,0.18936312198638916,0.7637966871261597,0.5902832746505737,0.3415611684322357,-0.023630499839782715,9.020833015441895,0.06235798820853233,0.189547598361969,0,-15.767501831054688,1216.0592041015625,0,-17.339946746826172,-19.820514678955078,-16.714807510375977,-13.236541748046875,11.396483421325684
S416,0.11704838275909424,0.1959865391254425,0.6765053272247314,0.5594569444656372,0.4512300193309784,0.14066895842552185,72.79166412353516,0.1686822921037674,0.13410183787345886,0,-20.883304595947266,36.055511474609375,0,-19.693483352661133,-18.236541748046875,-15.093647956848145,-14.113397598266602,21.360673904418945
S417,0.16903512179851532,0.24004194140434265,0.9321581125259399,0.7631229758262634,0.5883440375328064,0.06282401084899902,0.8333333134651184,0.0,0.1601642519235611,0,-11.57597827911377,890.5054931640625,1,-20.946794509887695,-15.67615032196045,-14.977827072143555,-16.073781967163086,8.089238166809082
S418,0.12764669954776764,0.29330605268478394,0.20919540524482727,0.08154870569705963,-0.041288137435913086,-0.19941559433937073,191.375,0.24768757820129395,0.1505531519651413,0,-18.34286880493164,64.03124237060547,0,-26.631946563720703,-22.80133819580078,-23.995296478271484,-18.40384292602539,10.039291381835938
S419,0.16623662412166595,0.25251197814941406,0.8752289414405823,0.7089923024177551,0.6528927087783813,0.18212063610553741,2.1875,0.11621802300214767,0.19054652750492096,0,-17.520282745361328,40.0,0,-19.092918395996094,-17.569982528686523,-15.592853546142578,-12.426183700561523,22.90281867980957
S420,0.1583956629037857,0.26978766918182373,0.835874080657959,0.6774784326553345,0.16582047939300537,-0.06251807510852814,5.333333492279053,0.05454377084970474,0.22841466963291168,0,-11.646217346191406,1011.1874389648438,0,-18.774723052978516,-14.115700721740723,-17.131710052490234,-12.066533088684082,8.286744117736816
S421,0.13676731288433075,0.23124395310878754,0.7533055543899536,0.6165382266044617,0.5369216203689575,0.1637943685054779,833.2708129882812,0.2834561765193939,0.15852443873882294,0,-14.942092895507812,0.0,0,-21.385160446166992,-17.08894920349121,-15.570880889892578,-17.698627471923828,9.285054206848145
S422,0.21282795071601868,0.21434901654720306,0.7814610004425049,0.5686330795288086,0.4177735447883606,-0.012864887714385986,191.2291717529297,0.15980426967144012,0.2008676826953888,0,-15.501171112060547,876.9264526367188,0,-17.14527130126953,-15.66450023651123,-16.964143753051758,-14.571744918823242,4.32676362991333
S423,0.14103969931602478,0.26294901967048645,0.6970660090446472,0.5560263395309448,0.43175989389419556,0.11670133471488953,29.9375,0.18115252256393433,0.1518164426088333,0,-17.642852783203125,101.98039245605469,0,-26.532175064086914,-20.827484130859375,-17.713016510009766,-14.810014724731445,18.460420608520508
S424,0.14614595472812653,0.24207904934883118,0.7380521893501282,0.5919062495231628,0.5504133701324463,0.1577916443347931,48.79166793823242,0.17384769022464752,0.1731013059616089,0,-16.602237701416016,89.44271850585938,0,-25.216293334960938,-16.063032150268555,-17.70545768737793,-13.12553882598877,19.421154022216797
S425,0.16310004889965057,0.225579172372818,0.725321888923645,0.5622218251228333,0.4278133511543274,0.15279367566108704,65.58333587646484,0.07792865484952927,0.18000611662864685,0,-13.95631217956543,108.16654205322266,0,-21.77182960510254,-19.986637115478516,-16.264530181884766,-13.231945991516113,9.352448463439941
S426,0.2644290626049042,0.15975715219974518,0.8175721168518066,0.5531430244445801,0.2185382843017578,0.010985761880874634,6.5625,0.05420060455799103,0.18869537115097046,0,-13.705973625183105,2500.0,1,-15.916348457336426,-16.10951805114746,-14.511943817138672,-15.317626953125,5.837448596954346
S427,0.14269809424877167,0.20596040785312653,0.6608086228370667,0.5181105136871338,0.38104942440986633,0.00020185112953186035,163.6875,0.25274375081062317,0.16241756081581116,0,-16.33967399597168,10.0,0,-21.445005416870117,-17.962350845336914,-18.364501953125,-12.658982276916504,13.278599739074707
S428,0.2402181625366211,0.2129826843738556,0.8498997688293457,0.6096816062927246,0.40167492628097534,-0.05640295147895813,28.83333396911621,0.07220830023288727,0.27591538429260254,0,-11.476799011230469,2500.0,0,-17.168102264404297,-14.230324745178223,-14.422369956970215,-13.364119529724121,5.6077656745910645
S429,0.22279493510723114,0.23980073630809784,0.7926158905029297,0.5698209404945374,0.24617958068847656,0.013658002018928528,130.8125,0.12696732580661774,0.23919659852981567,0,-14.764193534851074,636.3175048828125,0,-18.136137008666992,-15.663044929504395,-17.041088104248047,-12.463626861572266,5.67250919342041
S430,0.29119908809661865,0.19931268692016602,0.8776727914810181,0.5864737033843994,0.43507859110832214,0.11325472593307495,2.5208332538604736,0.0228575449436903,0.23961299657821655,0,-12.29980182647705,2500.0,0,-18.610809326171875,-14.579598426818848,-17.658824920654297,-14.160826683044434,4.449981689453125
S431,0.12055424600839615,0.20193526148796082,0.7560098767280579,0.6354556083679199,0.47975608706474304,0.07965540885925293,180.6458282470703,0.0975465327501297,0.13349397480487823,0,-14.513895034790039,2500.0,0,-21.255247116088867,-18.156845092773438,-16.959726333618164,-18.551185607910156,8.143061637878418
S432,0.29252076148986816,0.2413979470729828,0.8014705777168274,0.5089498162269592,0.4523301124572754,0.04024413228034973,4.916666507720947,0.05824374407529831,0.3103253245353699,0,-16.323877334594727,121.6552505493164,0,-20.12828826904297,-15.947564125061035,-18.237323760986328,-16.251239776611328,4.676529884338379
S433,0.3786259591579437,0.1778057962656021,0.7685645222663879,0.3899385631084442,0.1540493369102478,0.0031545013189315796,2.9166667461395264,0.02312273532152176,0.05942274630069733,0,-14.40224552154541,2500.0,1,-16.83689308166504,-16.286623001098633,-13.621047973632812,-12.720990180969238,13.13936710357666
S434,0.19382023811340332,0.18947970867156982,0.794946551322937,0.6011263132095337,0.43490779399871826,0.06470301747322083,10.458333015441895,0.049039799720048904,0.23418205976486206,0,-13.05615234375,2500.0,1,,-19.868864059448242,-16.619510650634766,-17.067419052124023,4.899003028869629
S435,0.2202688753604889,0.2027675062417984,0.7663125991821289,0.5460437536239624,0.15741413831710815,-0.052378639578819275,6.375,0.0212009958922863,0.1604032814502716,0,-16.912736892700195,2500.0,1,-17.61160659790039,-15.819814682006836,-15.694767951965332,-16.95290756225586,16.169363021850586
S436,0.38783034682273865,0.13641183078289032,0.8225396871566772,0.4347093403339386,0.17565250396728516,-0.1742303967475891,1.375,0.020717889070510864,0.39930954575538635,0,-11.058337211608887,2500.0,0,-17.03734016418457,-14.315357208251953,-13.207022666931152,-13.953587532043457,3.910142421722412
S437,0.1437722146511078,0.23502910137176514,0.5346372127532959,0.3908649981021881,0.3181053400039673,-0.12143729627132416,35.5625,0.20023055374622345,0.16137228906154633,0,-17.62851905822754,70.71067810058594,0,-24.40403938293457,-17.844839096069336,-18.77684211730957,-17.999601364135742,12.116838455200195
S438,0.1475953906774521,0.2315329611301422,0.8089345097541809,0.6613391041755676,0.5839963555335999,0.23814170062541962,94.8125,0.10517646372318268,0.1643986701965332,0,-19.681623458862305,14.142135620117188,0,-22.45392417907715,-14.342453956604004,-15.627012252807617,-14.875777244567871,11.5425386428833
S439,0.10871129482984543,0.2575496435165405,0.23548877239227295,0.12677747011184692,0.09624825417995453,-0.2883616089820862,58.04166793823242,0.2334783375263214,0.1381269097328186,0,-19.421878814697266,20.0,0,-26.135570526123047,-21.99955940246582,-19.627960205078125,-15.598563194274902,15.23375129699707
S440,0.14460408687591553,0.19928480684757233,0.7677775621414185,0.6231734752655029,0.5777360796928406,0.13426487147808075,16.64583396911621,0.109303317964077,0.15071702003479004,0,-18.694175720214844,63.24555206298828,0,-22.255279541015625,-14.866756439208984,-14.414093971252441,-12.98843002319336,14.031587600708008
S441,0.3017360270023346,0.1516900211572647,0.7843086123466492,0.4825725853443146,0.3961022198200226,0.006393700838088989,8.854166984558105,0.02778019569814205,0.29544171690940857,0,-11.200730323791504,2500.0,1,-17.313926696777344,-14.10021686553955,-16.822105407714844,-13.501891136169434,7.0505547523498535
S442,0.14375242590904236,0.2281794399023056,0.8532761931419373,0.7095237970352173,0.4561683237552643,0.09091657400131226,29.79166603088379,0.06666623055934906,0.2264910489320755,0,-16.026002883911133,44.72135925292969,0,-21.069156646728516,-17.090635299682617,-15.843104362487793,-11.608133316040039,13.259298324584961
S443,0.18331503868103027,0.19029031693935394,0.7244094610214233,0.5410944223403931,0.2140710949897766,0.018204346299171448,0.6041666865348816,0.0,0.14139942824840546,0,-17.70330810546875,2500.0,1,-16.06545639038086,-15.053951263427734,-15.149941444396973,-16.122020721435547,11.772862434387207
S444,0.24137933552265167,0.20875634253025055,0.5696202516555786,0.32824093103408813,0.009578466415405273,-0.001199987716972828,2.6666667461395264,0.010486838407814503,0.10000001639127731,0,-14.071322441101074,500.8992004394531,1,-25.2877140045166,-18.097280502319336,-16.99285316467285,-16.472557067871094,12.691499710083008
S445,0.2668136656284332,0.14321890473365784,0.8578133583068848,0.5909997224807739,0.19381332397460938,-0.10065427422523499,1.3125,0.0,0.29881399869918823,0,-9.368431091308594,1394.309814453125,0,-16.48149871826172,-15.530439376831055,-15.353239059448242,-13.039421081542969,3.930939197540283
S446,0.18438346683979034,0.2759459316730499,0.7535736560821533,0.5691902041435242,0.14667463302612305,-0.16363081336021423,10.3125,0.03383481875061989,0.25519534945487976,0,-14.799952507019043,1032.7633056640625,1,-24.709545135498047,-16.001571655273438,-18.785369873046875,-15.81575870513916,10.909523963928223
S447,0.14772501587867737,0.23908604681491852,0.5429773926734924,0.39525237679481506,0.21512648463249207,0.010148540139198303,290.7916564941406,0.285717636346817,0.18543897569179535,0,-15.625885009765625,141.42135620117188,0,-20.12788200378418,-15.821135520935059,-14.560542106628418,-15.17843246459961,11.018179893493652
S448,0.32667776942253113,0.10278495401144028,0.8123350143432617,0.4856572449207306,0.3223557472229004,0.07925805449485779,2.25,0.0,0.27309852838516235,0,-12.05970573425293,2500.0,0,-16.345600128173828,-11.621800422668457,-16.344274520874023,-19.442501068115234,7.834365367889404
S449,0.29193592071533203,0.22060175240039825,0.7942783832550049,0.5023424625396729,0.07735532522201538,-0.04478604346513748,15.458333015441895,0.049494147300720215,0.27390602231025696,0,-11.870437622070312,2500.0,0,-15.120384216308594,-13.781179428100586,-13.683369636535645,-12.462239265441895,3.253892421722412
S450,0.16496087610721588,0.25990116596221924,0.7155284881591797,0.550567626953125,0.32144153118133545,0.04999035596847534,45.8125,0.10943029075860977,0.17128604650497437,0,-16.035917282104492,172.0465087890625,0,-19.065105438232422,-15.795671463012695,-14.409759521484375,-15.84412956237793,6.0884904861450195
