product,version,year,aoi,file_path,source,access_date,licence,native_resolution,crs,band,class_codes,file_size_bytes,checksum_sha256,ee_task_id,export_params,status,notes
Digital Earth Africa cropland extent (crop_mask),dataset 1.1.5 (Sahel regional model),2019,aweil,data/cropland/deafrica_cropmask/x207y087/crop_mask_x207y087_2019--P1Y_filtered.tif,https://deafrica-services.s3.af-south-1.amazonaws.com/crop_mask/sahel/x207/y087/2019--P1Y/crop_mask_x207y087_2019--P1Y_filtered.tif (STAC item 1b625bf5-49b8-5c40-bc92-dcf120dbc72a),2026-09-27,CC-BY-4.0,10 x 10 (m),EPSG:6933,filtered,"object-based (segment-filtered) crop extent: 1 = crop, 0 = not crop; see README on the no-data value",149815,b5078ff0920fae2d1aca5deb87c681b92dc9b71c7dc16fc181c11eac81af637f,n/a (direct download),"{""collection"": ""crop_mask"", ""producer_sha1"": ""8c365f4aa87d255dd26bd1fe5283d2a06281bea2"", ""sha1_verified"": true, ""stac"": ""https://explorer.digitalearth.africa/stac/search"", ""tile"": ""x207y087""}",obtained,"Delivered 96 km tile, unmodified. Producer SHA-1 matches. Docs: https://docs.digitalearthafrica.org/en/latest/data_specs/Cropland_extent_specs.html"
Digital Earth Africa cropland extent (crop_mask),dataset 1.1.5 (Sahel regional model),2019,aweil,data/cropland/deafrica_cropmask/x207y087/crop_mask_x207y087_2019--P1Y_mask.tif,https://deafrica-services.s3.af-south-1.amazonaws.com/crop_mask/sahel/x207/y087/2019--P1Y/crop_mask_x207y087_2019--P1Y_mask.tif (STAC item 1b625bf5-49b8-5c40-bc92-dcf120dbc72a),2026-09-27,CC-BY-4.0,10 x 10 (m),EPSG:6933,mask,"pixel-based crop extent: 1 = crop, 0 = not crop; see README on the no-data value",192409,851f03d6c23f68dde18a68d4fe37f0c0eb5117872bedd2b127cbcaa9c437ed19,n/a (direct download),"{""collection"": ""crop_mask"", ""producer_sha1"": ""db5012de7c905993a21e68ed535ee8d414b0e52d"", ""sha1_verified"": true, ""stac"": ""https://explorer.digitalearth.africa/stac/search"", ""tile"": ""x207y087""}",obtained,"Delivered 96 km tile, unmodified. Producer SHA-1 matches. Docs: https://docs.digitalearthafrica.org/en/latest/data_specs/Cropland_extent_specs.html"
Digital Earth Africa cropland extent (crop_mask),dataset 1.1.5 (Sahel regional model),2019,aweil,data/cropland/deafrica_cropmask/x207y087/crop_mask_x207y087_2019--P1Y_prob.tif,https://deafrica-services.s3.af-south-1.amazonaws.com/crop_mask/sahel/x207/y087/2019--P1Y/crop_mask_x207y087_2019--P1Y_prob.tif (STAC item 1b625bf5-49b8-5c40-bc92-dcf120dbc72a),2026-09-27,CC-BY-4.0,10 x 10 (m),EPSG:6933,prob,pixel crop probability 0-100 (%); see README on the no-data value,67467526,b17e81556540db8e8e5a3808e18a52b34d09ac5f433d166023bbbf629a5e2b78,n/a (direct download),"{""collection"": ""crop_mask"", ""producer_sha1"": ""6af9f809e21f633f3f747568aad20a24620907bb"", ""sha1_verified"": true, ""stac"": ""https://explorer.digitalearth.africa/stac/search"", ""tile"": ""x207y087""}",obtained,"Delivered 96 km tile, unmodified. Producer SHA-1 matches. Docs: https://docs.digitalearthafrica.org/en/latest/data_specs/Cropland_extent_specs.html"
Digital Earth Africa cropland extent (crop_mask),dataset 1.1.5 (Sahel regional model),2019,aweil,data/cropland/deafrica_cropmask/x207y088/crop_mask_x207y088_2019--P1Y_filtered.tif,https://deafrica-services.s3.af-south-1.amazonaws.com/crop_mask/sahel/x207/y088/2019--P1Y/crop_mask_x207y088_2019--P1Y_filtered.tif (STAC item 7715d828-3155-529f-a4ff-f5fe0ba21dca),2026-09-27,CC-BY-4.0,10 x 10 (m),EPSG:6933,filtered,"object-based (segment-filtered) crop extent: 1 = crop, 0 = not crop; see README on the no-data value",225252,697719128a96f497bcdcdfce62ced81ba4861304abf70f6acc3b376570ae78d4,n/a (direct download),"{""collection"": ""crop_mask"", ""producer_sha1"": ""9d346b9d82bfb9ff2dde48ff0427c37b4c580705"", ""sha1_verified"": true, ""stac"": ""https://explorer.digitalearth.africa/stac/search"", ""tile"": ""x207y088""}",obtained,"Delivered 96 km tile, unmodified. Producer SHA-1 matches. Docs: https://docs.digitalearthafrica.org/en/latest/data_specs/Cropland_extent_specs.html"
Digital Earth Africa cropland extent (crop_mask),dataset 1.1.5 (Sahel regional model),2019,aweil,data/cropland/deafrica_cropmask/x207y088/crop_mask_x207y088_2019--P1Y_mask.tif,https://deafrica-services.s3.af-south-1.amazonaws.com/crop_mask/sahel/x207/y088/2019--P1Y/crop_mask_x207y088_2019--P1Y_mask.tif (STAC item 7715d828-3155-529f-a4ff-f5fe0ba21dca),2026-09-27,CC-BY-4.0,10 x 10 (m),EPSG:6933,mask,"pixel-based crop extent: 1 = crop, 0 = not crop; see README on the no-data value",485370,3305d0c5bf7540069edc25f5ba2c18f923aee2e24d3b52210c39f21f5c9a9255,n/a (direct download),"{""collection"": ""crop_mask"", ""producer_sha1"": ""c9327e4f975d3fa3387d1cf823850edcd2d806b0"", ""sha1_verified"": true, ""stac"": ""https://explorer.digitalearth.africa/stac/search"", ""tile"": ""x207y088""}",obtained,"Delivered 96 km tile, unmodified. Producer SHA-1 matches. Docs: https://docs.digitalearthafrica.org/en/latest/data_specs/Cropland_extent_specs.html"
Digital Earth Africa cropland extent (crop_mask),dataset 1.1.5 (Sahel regional model),2019,aweil,data/cropland/deafrica_cropmask/x207y088/crop_mask_x207y088_2019--P1Y_prob.tif,https://deafrica-services.s3.af-south-1.amazonaws.com/crop_mask/sahel/x207/y088/2019--P1Y/crop_mask_x207y088_2019--P1Y_prob.tif (STAC item 7715d828-3155-529f-a4ff-f5fe0ba21dca),2026-09-27,CC-BY-4.0,10 x 10 (m),EPSG:6933,prob,pixel crop probability 0-100 (%); see README on the no-data value,72896064,32aea7087cb92265f05f355ac84e8dbdc09e9af4f0015169f2d596225ed88b48,n/a (direct download),"{""collection"": ""crop_mask"", ""producer_sha1"": ""d2d18ffa63d30a363f17df4139b0e41fd883f194"", ""sha1_verified"": true, ""stac"": ""https://explorer.digitalearth.africa/stac/search"", ""tile"": ""x207y088""}",obtained,"Delivered 96 km tile, unmodified. Producer SHA-1 matches. Docs: https://docs.digitalearthafrica.org/en/latest/data_specs/Cropland_extent_specs.html"
Digital Earth Africa cropland extent (crop_mask),dataset 1.1.5 (Sahel regional model),2019,aweil,data/cropland/deafrica_cropmask/x207y089/crop_mask_x207y089_2019--P1Y_filtered.tif,https://deafrica-services.s3.af-south-1.amazonaws.com/crop_mask/sahel/x207/y089/2019--P1Y/crop_mask_x207y089_2019--P1Y_filtered.tif (STAC item a9982b00-7778-5d4f-92c6-550ce2a8b8eb),2026-09-27,CC-BY-4.0,10 x 10 (m),EPSG:6933,filtered,"object-based (segment-filtered) crop extent: 1 = crop, 0 = not crop; see README on the no-data value",333329,7319876c686f7b2bd8a1c3251ce4545afc8e8d9d66ce5a3d33fd748e35922686,n/a (direct download),"{""collection"": ""crop_mask"", ""producer_sha1"": ""d2ac4eb387cd6326644e74e0ddb04d821ad929a4"", ""sha1_verified"": true, ""stac"": ""https://explorer.digitalearth.africa/stac/search"", ""tile"": ""x207y089""}",obtained,"Delivered 96 km tile, unmodified. Producer SHA-1 matches. Docs: https://docs.digitalearthafrica.org/en/latest/data_specs/Cropland_extent_specs.html"
Digital Earth Africa cropland extent (crop_mask),dataset 1.1.5 (Sahel regional model),2019,aweil,data/cropland/deafrica_cropmask/x207y089/crop_mask_x207y089_2019--P1Y_mask.tif,https://deafrica-services.s3.af-south-1.amazonaws.com/crop_mask/sahel/x207/y089/2019--P1Y/crop_mask_x207y089_2019--P1Y_mask.tif (STAC item a9982b00-7778-5d4f-92c6-550ce2a8b8eb),2026-09-27,CC-BY-4.0,10 x 10 (m),EPSG:6933,mask,"pixel-based crop extent: 1 = crop, 0 = not crop; see README on the no-data value",1597316,b13a4865107fc0991e81ab50e418692ecbde273801c82e2435e4921f4d3404b6,n/a (direct download),"{""collection"": ""crop_mask"", ""producer_sha1"": ""e0094d9788e5896f95372ea283e1f44c50bc39e8"", ""sha1_verified"": true, ""stac"": ""https://explorer.digitalearth.africa/stac/search"", ""tile"": ""x207y089""}",obtained,"Delivered 96 km tile, unmodified. Producer SHA-1 matches. Docs: https://docs.digitalearthafrica.org/en/latest/data_specs/Cropland_extent_specs.html"
Digital Earth Africa cropland extent (crop_mask),dataset 1.1.5 (Sahel regional model),2019,aweil,data/cropland/deafrica_cropmask/x207y089/crop_mask_x207y089_2019--P1Y_prob.tif,https://deafrica-services.s3.af-south-1.amazonaws.com/crop_mask/sahel/x207/y089/2019--P1Y/crop_mask_x207y089_2019--P1Y_prob.tif (STAC item a9982b00-7778-5d4f-92c6-550ce2a8b8eb),2026-09-27,CC-BY-4.0,10 x 10 (m),EPSG:6933,prob,pixel crop probability 0-100 (%); see README on the no-data value,76977401,ed25ad10272c513d251375a8d9e5c2d0cb408f3941e25a4e464c1b6c6e405fe2,n/a (direct download),"{""collection"": ""crop_mask"", ""producer_sha1"": ""108d5c07b7f1479c9d41653fd5b01e6983ae248f"", ""sha1_verified"": true, ""stac"": ""https://explorer.digitalearth.africa/stac/search"", ""tile"": ""x207y089""}",obtained,"Delivered 96 km tile, unmodified. Producer SHA-1 matches. Docs: https://docs.digitalearthafrica.org/en/latest/data_specs/Cropland_extent_specs.html"
Digital Earth Africa cropland extent (crop_mask),dataset 1.1.5 (Sahel regional model),2019,aweil,data/cropland/deafrica_cropmask/x207y090/crop_mask_x207y090_2019--P1Y_filtered.tif,https://deafrica-services.s3.af-south-1.amazonaws.com/crop_mask/sahel/x207/y090/2019--P1Y/crop_mask_x207y090_2019--P1Y_filtered.tif (STAC item cd8a02a8-48e2-5b40-8287-7f2dd862d202),2026-09-27,CC-BY-4.0,10 x 10 (m),EPSG:6933,filtered,"object-based (segment-filtered) crop extent: 1 = crop, 0 = not crop; see README on the no-data value",730514,02e1dae90c59595d0427a396c568e6074b33a876f53ca797744220a3c3d31fb1,n/a (direct download),"{""collection"": ""crop_mask"", ""producer_sha1"": ""7070fa07cfc8654a125e094ff98873448d816d8e"", ""sha1_verified"": true, ""stac"": ""https://explorer.digitalearth.africa/stac/search"", ""tile"": ""x207y090""}",obtained,"Delivered 96 km tile, unmodified. Producer SHA-1 matches. Docs: https://docs.digitalearthafrica.org/en/latest/data_specs/Cropland_extent_specs.html"
Digital Earth Africa cropland extent (crop_mask),dataset 1.1.5 (Sahel regional model),2019,aweil,data/cropland/deafrica_cropmask/x207y090/crop_mask_x207y090_2019--P1Y_mask.tif,https://deafrica-services.s3.af-south-1.amazonaws.com/crop_mask/sahel/x207/y090/2019--P1Y/crop_mask_x207y090_2019--P1Y_mask.tif (STAC item cd8a02a8-48e2-5b40-8287-7f2dd862d202),2026-09-27,CC-BY-4.0,10 x 10 (m),EPSG:6933,mask,"pixel-based crop extent: 1 = crop, 0 = not crop; see README on the no-data value",2282618,da65cfc6f5a27a91a45e641d012bd5be0d6b2e5f8e7466842ebac7d9e323c457,n/a (direct download),"{""collection"": ""crop_mask"", ""producer_sha1"": ""1ca2d93c347b3d7385b525b029faf731241bbbde"", ""sha1_verified"": true, ""stac"": ""https://explorer.digitalearth.africa/stac/search"", ""tile"": ""x207y090""}",obtained,"Delivered 96 km tile, unmodified. Producer SHA-1 matches. Docs: https://docs.digitalearthafrica.org/en/latest/data_specs/Cropland_extent_specs.html"
Digital Earth Africa cropland extent (crop_mask),dataset 1.1.5 (Sahel regional model),2019,aweil,data/cropland/deafrica_cropmask/x207y090/crop_mask_x207y090_2019--P1Y_prob.tif,https://deafrica-services.s3.af-south-1.amazonaws.com/crop_mask/sahel/x207/y090/2019--P1Y/crop_mask_x207y090_2019--P1Y_prob.tif (STAC item cd8a02a8-48e2-5b40-8287-7f2dd862d202),2026-09-27,CC-BY-4.0,10 x 10 (m),EPSG:6933,prob,pixel crop probability 0-100 (%); see README on the no-data value,75009748,c53906f3d89c6a5b3832d7c3919af868c4d622866164605bfa4917ece0b4dfee,n/a (direct download),"{""collection"": ""crop_mask"", ""producer_sha1"": ""8531918fbc3681ce72b17aec0bfb073fb3b32fc8"", ""sha1_verified"": true, ""stac"": ""https://explorer.digitalearth.africa/stac/search"", ""tile"": ""x207y090""}",obtained,"Delivered 96 km tile, unmodified. Producer SHA-1 matches. Docs: https://docs.digitalearthafrica.org/en/latest/data_specs/Cropland_extent_specs.html"
Digital Earth Africa cropland extent (crop_mask),dataset 1.1.5 (Sahel regional model),2019,aweil,data/cropland/deafrica_cropmask/x208y087/crop_mask_x208y087_2019--P1Y_filtered.tif,https://deafrica-services.s3.af-south-1.amazonaws.com/crop_mask/sahel/x208/y087/2019--P1Y/crop_mask_x208y087_2019--P1Y_filtered.tif (STAC item a14221a5-b9d6-519a-8d06-18e2e1b5501a),2026-09-27,CC-BY-4.0,10 x 10 (m),EPSG:6933,filtered,"object-based (segment-filtered) crop extent: 1 = crop, 0 = not crop; see README on the no-data value",149355,9c5f8091b623a1d3ea8bf0a748f976dc04cfb5a0bb5e28ddd13d76a1d6d37cf9,n/a (direct download),"{""collection"": ""crop_mask"", ""producer_sha1"": ""3347d15221b9764e60d17d696fc0d9f18e05473b"", ""sha1_verified"": true, ""stac"": ""https://explorer.digitalearth.africa/stac/search"", ""tile"": ""x208y087""}",obtained,"Delivered 96 km tile, unmodified. Producer SHA-1 matches. Docs: https://docs.digitalearthafrica.org/en/latest/data_specs/Cropland_extent_specs.html"
Digital Earth Africa cropland extent (crop_mask),dataset 1.1.5 (Sahel regional model),2019,aweil,data/cropland/deafrica_cropmask/x208y087/crop_mask_x208y087_2019--P1Y_mask.tif,https://deafrica-services.s3.af-south-1.amazonaws.com/crop_mask/sahel/x208/y087/2019--P1Y/crop_mask_x208y087_2019--P1Y_mask.tif (STAC item a14221a5-b9d6-519a-8d06-18e2e1b5501a),2026-09-27,CC-BY-4.0,10 x 10 (m),EPSG:6933,mask,"pixel-based crop extent: 1 = crop, 0 = not crop; see README on the no-data value",174595,4a33b2a7b11a2b1497313adf2f2ae65dc104389cc76aaba588ddf19f742f2eea,n/a (direct download),"{""collection"": ""crop_mask"", ""producer_sha1"": ""49531e4e2cfbae84086d7dad553f33b1f7bf2388"", ""sha1_verified"": true, ""stac"": ""https://explorer.digitalearth.africa/stac/search"", ""tile"": ""x208y087""}",obtained,"Delivered 96 km tile, unmodified. Producer SHA-1 matches. Docs: https://docs.digitalearthafrica.org/en/latest/data_specs/Cropland_extent_specs.html"
Digital Earth Africa cropland extent (crop_mask),dataset 1.1.5 (Sahel regional model),2019,aweil,data/cropland/deafrica_cropmask/x208y087/crop_mask_x208y087_2019--P1Y_prob.tif,https://deafrica-services.s3.af-south-1.amazonaws.com/crop_mask/sahel/x208/y087/2019--P1Y/crop_mask_x208y087_2019--P1Y_prob.tif (STAC item a14221a5-b9d6-519a-8d06-18e2e1b5501a),2026-09-27,CC-BY-4.0,10 x 10 (m),EPSG:6933,prob,pixel crop probability 0-100 (%); see README on the no-data value,68440241,57f4ff778752a7e20a248db55444320cc42991d8dfac38551b07a9ba1b8b330c,n/a (direct download),"{""collection"": ""crop_mask"", ""producer_sha1"": ""3a3710bf4a7cbe57a25b4d2e9c3b30ee85bdc0be"", ""sha1_verified"": true, ""stac"": ""https://explorer.digitalearth.africa/stac/search"", ""tile"": ""x208y087""}",obtained,"Delivered 96 km tile, unmodified. Producer SHA-1 matches. Docs: https://docs.digitalearthafrica.org/en/latest/data_specs/Cropland_extent_specs.html"
Digital Earth Africa cropland extent (crop_mask),dataset 1.1.5 (Sahel regional model),2019,aweil,data/cropland/deafrica_cropmask/x208y088/crop_mask_x208y088_2019--P1Y_filtered.tif,https://deafrica-services.s3.af-south-1.amazonaws.com/crop_mask/sahel/x208/y088/2019--P1Y/crop_mask_x208y088_2019--P1Y_filtered.tif (STAC item c096b585-af00-5907-a3da-810c5a435b39),2026-09-27,CC-BY-4.0,10 x 10 (m),EPSG:6933,filtered,"object-based (segment-filtered) crop extent: 1 = crop, 0 = not crop; see README on the no-data value",760041,ffc632a87634c34d23c2219fbc208e9323449d47b5a439c36fbf16257c7a6e29,n/a (direct download),"{""collection"": ""crop_mask"", ""producer_sha1"": ""1739fdfb462f1997fb68e747503f9022e774bbbe"", ""sha1_verified"": true, ""stac"": ""https://explorer.digitalearth.africa/stac/search"", ""tile"": ""x208y088""}",obtained,"Delivered 96 km tile, unmodified. Producer SHA-1 matches. Docs: https://docs.digitalearthafrica.org/en/latest/data_specs/Cropland_extent_specs.html"
Digital Earth Africa cropland extent (crop_mask),dataset 1.1.5 (Sahel regional model),2019,aweil,data/cropland/deafrica_cropmask/x208y088/crop_mask_x208y088_2019--P1Y_mask.tif,https://deafrica-services.s3.af-south-1.amazonaws.com/crop_mask/sahel/x208/y088/2019--P1Y/crop_mask_x208y088_2019--P1Y_mask.tif (STAC item c096b585-af00-5907-a3da-810c5a435b39),2026-09-27,CC-BY-4.0,10 x 10 (m),EPSG:6933,mask,"pixel-based crop extent: 1 = crop, 0 = not crop; see README on the no-data value",2220964,b7753205276a366226e74307981a83b4372e666315ecb73ff0dbe4326d96f9ec,n/a (direct download),"{""collection"": ""crop_mask"", ""producer_sha1"": ""5a4b9b2304f491efe9033d8676b46613ba0cc4df"", ""sha1_verified"": true, ""stac"": ""https://explorer.digitalearth.africa/stac/search"", ""tile"": ""x208y088""}",obtained,"Delivered 96 km tile, unmodified. Producer SHA-1 matches. Docs: https://docs.digitalearthafrica.org/en/latest/data_specs/Cropland_extent_specs.html"
Digital Earth Africa cropland extent (crop_mask),dataset 1.1.5 (Sahel regional model),2019,aweil,data/cropland/deafrica_cropmask/x208y088/crop_mask_x208y088_2019--P1Y_prob.tif,https://deafrica-services.s3.af-south-1.amazonaws.com/crop_mask/sahel/x208/y088/2019--P1Y/crop_mask_x208y088_2019--P1Y_prob.tif (STAC item c096b585-af00-5907-a3da-810c5a435b39),2026-09-27,CC-BY-4.0,10 x 10 (m),EPSG:6933,prob,pixel crop probability 0-100 (%); see README on the no-data value,73771649,28fd303f187df2c51b2f5273d77027d36c31ff3d7628fdde03e917e8c9365c3f,n/a (direct download),"{""collection"": ""crop_mask"", ""producer_sha1"": ""9c55aa9f6b105347e6025de701c5c9ad0e4ed83d"", ""sha1_verified"": true, ""stac"": ""https://explorer.digitalearth.africa/stac/search"", ""tile"": ""x208y088""}",obtained,"Delivered 96 km tile, unmodified. Producer SHA-1 matches. Docs: https://docs.digitalearthafrica.org/en/latest/data_specs/Cropland_extent_specs.html"
Digital Earth Africa cropland extent (crop_mask),dataset 1.1.5 (Sahel regional model),2019,aweil,data/cropland/deafrica_cropmask/x208y089/crop_mask_x208y089_2019--P1Y_filtered.tif,https://deafrica-services.s3.af-south-1.amazonaws.com/crop_mask/sahel/x208/y089/2019--P1Y/crop_mask_x208y089_2019--P1Y_filtered.tif (STAC item cc270ae4-f195-555d-9182-0c392aaf628a),2026-09-27,CC-BY-4.0,10 x 10 (m),EPSG:6933,filtered,"object-based (segment-filtered) crop extent: 1 = crop, 0 = not crop; see README on the no-data value",521100,8c162cfc543e173d50624b1d45f066a4eaf99ef7b4e6487a87fd781a47dfc9f1,n/a (direct download),"{""collection"": ""crop_mask"", ""producer_sha1"": ""422a7c7336ecd85f8afea2c30346a29d1c7cd848"", ""sha1_verified"": true, ""stac"": ""https://explorer.digitalearth.africa/stac/search"", ""tile"": ""x208y089""}",obtained,"Delivered 96 km tile, unmodified. Producer SHA-1 matches. Docs: https://docs.digitalearthafrica.org/en/latest/data_specs/Cropland_extent_specs.html"
Digital Earth Africa cropland extent (crop_mask),dataset 1.1.5 (Sahel regional model),2019,aweil,data/cropland/deafrica_cropmask/x208y089/crop_mask_x208y089_2019--P1Y_mask.tif,https://deafrica-services.s3.af-south-1.amazonaws.com/crop_mask/sahel/x208/y089/2019--P1Y/crop_mask_x208y089_2019--P1Y_mask.tif (STAC item cc270ae4-f195-555d-9182-0c392aaf628a),2026-09-27,CC-BY-4.0,10 x 10 (m),EPSG:6933,mask,"pixel-based crop extent: 1 = crop, 0 = not crop; see README on the no-data value",2078925,a3b0971422aecfaf2837854063669da416d9fc07a035b996069bf5c15f2c1806,n/a (direct download),"{""collection"": ""crop_mask"", ""producer_sha1"": ""19365b36232ecf3af020210fa762fa72e48bb151"", ""sha1_verified"": true, ""stac"": ""https://explorer.digitalearth.africa/stac/search"", ""tile"": ""x208y089""}",obtained,"Delivered 96 km tile, unmodified. Producer SHA-1 matches. Docs: https://docs.digitalearthafrica.org/en/latest/data_specs/Cropland_extent_specs.html"
Digital Earth Africa cropland extent (crop_mask),dataset 1.1.5 (Sahel regional model),2019,aweil,data/cropland/deafrica_cropmask/x208y089/crop_mask_x208y089_2019--P1Y_prob.tif,https://deafrica-services.s3.af-south-1.amazonaws.com/crop_mask/sahel/x208/y089/2019--P1Y/crop_mask_x208y089_2019--P1Y_prob.tif (STAC item cc270ae4-f195-555d-9182-0c392aaf628a),2026-09-27,CC-BY-4.0,10 x 10 (m),EPSG:6933,prob,pixel crop probability 0-100 (%); see README on the no-data value,74182354,530b7a1b2162102c52a563cadd628cae25e8ee08d1eb1300c58708d32c81b1d0,n/a (direct download),"{""collection"": ""crop_mask"", ""producer_sha1"": ""2fe1d99ff6eee747332b0d639f32919d56a27eb2"", ""sha1_verified"": true, ""stac"": ""https://explorer.digitalearth.africa/stac/search"", ""tile"": ""x208y089""}",obtained,"Delivered 96 km tile, unmodified. Producer SHA-1 matches. Docs: https://docs.digitalearthafrica.org/en/latest/data_specs/Cropland_extent_specs.html"
Digital Earth Africa cropland extent (crop_mask),dataset 1.1.5 (Sahel regional model),2019,aweil,data/cropland/deafrica_cropmask/x209y088/crop_mask_x209y088_2019--P1Y_filtered.tif,https://deafrica-services.s3.af-south-1.amazonaws.com/crop_mask/sahel/x209/y088/2019--P1Y/crop_mask_x209y088_2019--P1Y_filtered.tif (STAC item c42688a3-eac5-5eac-84d1-10f0190a7d86),2026-09-27,CC-BY-4.0,10 x 10 (m),EPSG:6933,filtered,"object-based (segment-filtered) crop extent: 1 = crop, 0 = not crop; see README on the no-data value",1638617,8074bf37eed8b07d56aa3bc6cb19e80fd5dffc3e6517d094a3dc22fa74e99ddd,n/a (direct download),"{""collection"": ""crop_mask"", ""producer_sha1"": ""f0d791e9cbe174b615af778af34822a9c5f8f154"", ""sha1_verified"": true, ""stac"": ""https://explorer.digitalearth.africa/stac/search"", ""tile"": ""x209y088""}",obtained,"Delivered 96 km tile, unmodified. Producer SHA-1 matches. Docs: https://docs.digitalearthafrica.org/en/latest/data_specs/Cropland_extent_specs.html"
Digital Earth Africa cropland extent (crop_mask),dataset 1.1.5 (Sahel regional model),2019,aweil,data/cropland/deafrica_cropmask/x209y088/crop_mask_x209y088_2019--P1Y_mask.tif,https://deafrica-services.s3.af-south-1.amazonaws.com/crop_mask/sahel/x209/y088/2019--P1Y/crop_mask_x209y088_2019--P1Y_mask.tif (STAC item c42688a3-eac5-5eac-84d1-10f0190a7d86),2026-09-27,CC-BY-4.0,10 x 10 (m),EPSG:6933,mask,"pixel-based crop extent: 1 = crop, 0 = not crop; see README on the no-data value",3626784,450c607167887870c7432e23057fa01841be249f114b81ed2bb1927c7ff6c7aa,n/a (direct download),"{""collection"": ""crop_mask"", ""producer_sha1"": ""2863e727e24489ebb2a30aeaea51192218bd450d"", ""sha1_verified"": true, ""stac"": ""https://explorer.digitalearth.africa/stac/search"", ""tile"": ""x209y088""}",obtained,"Delivered 96 km tile, unmodified. Producer SHA-1 matches. Docs: https://docs.digitalearthafrica.org/en/latest/data_specs/Cropland_extent_specs.html"
Digital Earth Africa cropland extent (crop_mask),dataset 1.1.5 (Sahel regional model),2019,aweil,data/cropland/deafrica_cropmask/x209y088/crop_mask_x209y088_2019--P1Y_prob.tif,https://deafrica-services.s3.af-south-1.amazonaws.com/crop_mask/sahel/x209/y088/2019--P1Y/crop_mask_x209y088_2019--P1Y_prob.tif (STAC item c42688a3-eac5-5eac-84d1-10f0190a7d86),2026-09-27,CC-BY-4.0,10 x 10 (m),EPSG:6933,prob,pixel crop probability 0-100 (%); see README on the no-data value,73036246,4446321dd2a4d3a5845f092657ce1941c746882e2ed4596c819f375c34bf09a1,n/a (direct download),"{""collection"": ""crop_mask"", ""producer_sha1"": ""0e7b96e473fe5345b20000b266a5934e45fb1907"", ""sha1_verified"": true, ""stac"": ""https://explorer.digitalearth.africa/stac/search"", ""tile"": ""x209y088""}",obtained,"Delivered 96 km tile, unmodified. Producer SHA-1 matches. Docs: https://docs.digitalearthafrica.org/en/latest/data_specs/Cropland_extent_specs.html"
Digital Earth Africa cropland extent (crop_mask),dataset 1.1.5 (Sahel regional model),2019,aweil,data/cropland/deafrica_cropmask/x209y089/crop_mask_x209y089_2019--P1Y_filtered.tif,https://deafrica-services.s3.af-south-1.amazonaws.com/crop_mask/sahel/x209/y089/2019--P1Y/crop_mask_x209y089_2019--P1Y_filtered.tif (STAC item 96846c47-fab1-5ff6-b863-a42ed8fef906),2026-09-27,CC-BY-4.0,10 x 10 (m),EPSG:6933,filtered,"object-based (segment-filtered) crop extent: 1 = crop, 0 = not crop; see README on the no-data value",500066,e0eb06bb57483b965f88436c77624223dcb624a38993ce272a520291e78d5d17,n/a (direct download),"{""collection"": ""crop_mask"", ""producer_sha1"": ""82602e740037533ceb68d7d470ed131c782a46b6"", ""sha1_verified"": true, ""stac"": ""https://explorer.digitalearth.africa/stac/search"", ""tile"": ""x209y089""}",obtained,"Delivered 96 km tile, unmodified. Producer SHA-1 matches. Docs: https://docs.digitalearthafrica.org/en/latest/data_specs/Cropland_extent_specs.html"
Digital Earth Africa cropland extent (crop_mask),dataset 1.1.5 (Sahel regional model),2019,aweil,data/cropland/deafrica_cropmask/x209y089/crop_mask_x209y089_2019--P1Y_mask.tif,https://deafrica-services.s3.af-south-1.amazonaws.com/crop_mask/sahel/x209/y089/2019--P1Y/crop_mask_x209y089_2019--P1Y_mask.tif (STAC item 96846c47-fab1-5ff6-b863-a42ed8fef906),2026-09-27,CC-BY-4.0,10 x 10 (m),EPSG:6933,mask,"pixel-based crop extent: 1 = crop, 0 = not crop; see README on the no-data value",1490576,c68ae1f05ca946822802dfdb7bb773d27cd128131585e45f3ac5fa98256a974e,n/a (direct download),"{""collection"": ""crop_mask"", ""producer_sha1"": ""1df3251ed77ae6acf04ee92fd0c7f302171c2585"", ""sha1_verified"": true, ""stac"": ""https://explorer.digitalearth.africa/stac/search"", ""tile"": ""x209y089""}",obtained,"Delivered 96 km tile, unmodified. Producer SHA-1 matches. Docs: https://docs.digitalearthafrica.org/en/latest/data_specs/Cropland_extent_specs.html"
Digital Earth Africa cropland extent (crop_mask),dataset 1.1.5 (Sahel regional model),2019,aweil,data/cropland/deafrica_cropmask/x209y089/crop_mask_x209y089_2019--P1Y_prob.tif,https://deafrica-services.s3.af-south-1.amazonaws.com/crop_mask/sahel/x209/y089/2019--P1Y/crop_mask_x209y089_2019--P1Y_prob.tif (STAC item 96846c47-fab1-5ff6-b863-a42ed8fef906),2026-09-27,CC-BY-4.0,10 x 10 (m),EPSG:6933,prob,pixel crop probability 0-100 (%); see README on the no-data value,70300588,09eb94dca49cec5f049a53e9c6b314ffe370d2f587543a8f194a81c92ad1b0f7,n/a (direct download),"{""collection"": ""crop_mask"", ""producer_sha1"": ""40d88332a221a9adac9a622b8ddcd60b37454db9"", ""sha1_verified"": true, ""stac"": ""https://explorer.digitalearth.africa/stac/search"", ""tile"": ""x209y089""}",obtained,"Delivered 96 km tile, unmodified. Producer SHA-1 matches. Docs: https://docs.digitalearthafrica.org/en/latest/data_specs/Cropland_extent_specs.html"
Digital Earth Africa cropland extent (crop_mask),dataset 1.1.5 (Sahel regional model),2019,borsouth,data/cropland/deafrica_cropmask/x212y084/crop_mask_x212y084_2019--P1Y_filtered.tif,https://deafrica-services.s3.af-south-1.amazonaws.com/crop_mask/sahel/x212/y084/2019--P1Y/crop_mask_x212y084_2019--P1Y_filtered.tif (STAC item c36cf32c-ab71-57e3-b12c-0aab798b9c82),2026-09-27,CC-BY-4.0,10 x 10 (m),EPSG:6933,filtered,"object-based (segment-filtered) crop extent: 1 = crop, 0 = not crop; see README on the no-data value",234614,7a47f7caab772fd62c70741f4b5fb0edaf0009b3a6c21e51170c9442e980cadc,n/a (direct download),"{""collection"": ""crop_mask"", ""producer_sha1"": ""8eb1888b311d6faf769e938e39cb4fb8c87bf1c0"", ""sha1_verified"": true, ""stac"": ""https://explorer.digitalearth.africa/stac/search"", ""tile"": ""x212y084""}",obtained,"Delivered 96 km tile, unmodified. Producer SHA-1 matches. Docs: https://docs.digitalearthafrica.org/en/latest/data_specs/Cropland_extent_specs.html"
Digital Earth Africa cropland extent (crop_mask),dataset 1.1.5 (Sahel regional model),2019,borsouth,data/cropland/deafrica_cropmask/x212y084/crop_mask_x212y084_2019--P1Y_mask.tif,https://deafrica-services.s3.af-south-1.amazonaws.com/crop_mask/sahel/x212/y084/2019--P1Y/crop_mask_x212y084_2019--P1Y_mask.tif (STAC item c36cf32c-ab71-57e3-b12c-0aab798b9c82),2026-09-27,CC-BY-4.0,10 x 10 (m),EPSG:6933,mask,"pixel-based crop extent: 1 = crop, 0 = not crop; see README on the no-data value",260472,4fd45de74209bdce2ff59b466afdff443776791866f34a4548e8905ae7a9cc59,n/a (direct download),"{""collection"": ""crop_mask"", ""producer_sha1"": ""bb3a0b83d744853bc58755b57478f9a1fc92e2a9"", ""sha1_verified"": true, ""stac"": ""https://explorer.digitalearth.africa/stac/search"", ""tile"": ""x212y084""}",obtained,"Delivered 96 km tile, unmodified. Producer SHA-1 matches. Docs: https://docs.digitalearthafrica.org/en/latest/data_specs/Cropland_extent_specs.html"
Digital Earth Africa cropland extent (crop_mask),dataset 1.1.5 (Sahel regional model),2019,borsouth,data/cropland/deafrica_cropmask/x212y084/crop_mask_x212y084_2019--P1Y_prob.tif,https://deafrica-services.s3.af-south-1.amazonaws.com/crop_mask/sahel/x212/y084/2019--P1Y/crop_mask_x212y084_2019--P1Y_prob.tif (STAC item c36cf32c-ab71-57e3-b12c-0aab798b9c82),2026-09-27,CC-BY-4.0,10 x 10 (m),EPSG:6933,prob,pixel crop probability 0-100 (%); see README on the no-data value,69720154,535201da2011187128197a0fec30369bfbd2998dc12875b90d6a45efce8e3a27,n/a (direct download),"{""collection"": ""crop_mask"", ""producer_sha1"": ""ef02ccc0d49e2c14b0cf2990f5b18c21c196bb2d"", ""sha1_verified"": true, ""stac"": ""https://explorer.digitalearth.africa/stac/search"", ""tile"": ""x212y084""}",obtained,"Delivered 96 km tile, unmodified. Producer SHA-1 matches. Docs: https://docs.digitalearthafrica.org/en/latest/data_specs/Cropland_extent_specs.html"
Digital Earth Africa cropland extent (crop_mask),dataset 1.1.5 (Sahel regional model),2019,borsouth,data/cropland/deafrica_cropmask/x212y085/crop_mask_x212y085_2019--P1Y_filtered.tif,https://deafrica-services.s3.af-south-1.amazonaws.com/crop_mask/sahel/x212/y085/2019--P1Y/crop_mask_x212y085_2019--P1Y_filtered.tif (STAC item fb417d98-e785-5178-8e80-e66d1dd9f72c),2026-09-27,CC-BY-4.0,10 x 10 (m),EPSG:6933,filtered,"object-based (segment-filtered) crop extent: 1 = crop, 0 = not crop; see README on the no-data value",336910,ba61b0a79ce6065590b0e04fac16785841a242e0c883123db9ae06cc3784840d,n/a (direct download),"{""collection"": ""crop_mask"", ""producer_sha1"": ""c7f7a7fc25d09b6a8c733b65a515bb6cd82784d6"", ""sha1_verified"": true, ""stac"": ""https://explorer.digitalearth.africa/stac/search"", ""tile"": ""x212y085""}",obtained,"Delivered 96 km tile, unmodified. Producer SHA-1 matches. Docs: https://docs.digitalearthafrica.org/en/latest/data_specs/Cropland_extent_specs.html"
Digital Earth Africa cropland extent (crop_mask),dataset 1.1.5 (Sahel regional model),2019,borsouth,data/cropland/deafrica_cropmask/x212y085/crop_mask_x212y085_2019--P1Y_mask.tif,https://deafrica-services.s3.af-south-1.amazonaws.com/crop_mask/sahel/x212/y085/2019--P1Y/crop_mask_x212y085_2019--P1Y_mask.tif (STAC item fb417d98-e785-5178-8e80-e66d1dd9f72c),2026-09-27,CC-BY-4.0,10 x 10 (m),EPSG:6933,mask,"pixel-based crop extent: 1 = crop, 0 = not crop; see README on the no-data value",352578,f9598d71c09267be39d1b72ca9f7f7771f8eda0c7f2747456f3577a7439cef0d,n/a (direct download),"{""collection"": ""crop_mask"", ""producer_sha1"": ""1494a29b073bff0233814258087c97591c1d1d37"", ""sha1_verified"": true, ""stac"": ""https://explorer.digitalearth.africa/stac/search"", ""tile"": ""x212y085""}",obtained,"Delivered 96 km tile, unmodified. Producer SHA-1 matches. Docs: https://docs.digitalearthafrica.org/en/latest/data_specs/Cropland_extent_specs.html"
Digital Earth Africa cropland extent (crop_mask),dataset 1.1.5 (Sahel regional model),2019,borsouth,data/cropland/deafrica_cropmask/x212y085/crop_mask_x212y085_2019--P1Y_prob.tif,https://deafrica-services.s3.af-south-1.amazonaws.com/crop_mask/sahel/x212/y085/2019--P1Y/crop_mask_x212y085_2019--P1Y_prob.tif (STAC item fb417d98-e785-5178-8e80-e66d1dd9f72c),2026-09-27,CC-BY-4.0,10 x 10 (m),EPSG:6933,prob,pixel crop probability 0-100 (%); see README on the no-data value,64167186,53995a9d8b7549747d688ce8dd3c373f6d537294c2f8674ad8dc3d9f56c9db7f,n/a (direct download),"{""collection"": ""crop_mask"", ""producer_sha1"": ""d5502c9d0b5a0ef8eb1c605057f93129c27276e2"", ""sha1_verified"": true, ""stac"": ""https://explorer.digitalearth.africa/stac/search"", ""tile"": ""x212y085""}",obtained,"Delivered 96 km tile, unmodified. Producer SHA-1 matches. Docs: https://docs.digitalearthafrica.org/en/latest/data_specs/Cropland_extent_specs.html"
Digital Earth Africa cropland extent (crop_mask),dataset 1.1.5 (Sahel regional model),2019,borsouth,data/cropland/deafrica_cropmask/x212y086/crop_mask_x212y086_2019--P1Y_filtered.tif,https://deafrica-services.s3.af-south-1.amazonaws.com/crop_mask/sahel/x212/y086/2019--P1Y/crop_mask_x212y086_2019--P1Y_filtered.tif (STAC item 9b7a109e-64f7-5fb5-a717-1df69ca9e88e),2026-09-27,CC-BY-4.0,10 x 10 (m),EPSG:6933,filtered,"object-based (segment-filtered) crop extent: 1 = crop, 0 = not crop; see README on the no-data value",280254,fb3d23c83725e82aab31b1a0dd7ecdf41be1af68ad8bbe71a31f73bf8c6a6c53,n/a (direct download),"{""collection"": ""crop_mask"", ""producer_sha1"": ""a582a50d78b546a96c416a1c99bea4d695577f23"", ""sha1_verified"": true, ""stac"": ""https://explorer.digitalearth.africa/stac/search"", ""tile"": ""x212y086""}",obtained,"Delivered 96 km tile, unmodified. Producer SHA-1 matches. Docs: https://docs.digitalearthafrica.org/en/latest/data_specs/Cropland_extent_specs.html"
Digital Earth Africa cropland extent (crop_mask),dataset 1.1.5 (Sahel regional model),2019,borsouth,data/cropland/deafrica_cropmask/x212y086/crop_mask_x212y086_2019--P1Y_mask.tif,https://deafrica-services.s3.af-south-1.amazonaws.com/crop_mask/sahel/x212/y086/2019--P1Y/crop_mask_x212y086_2019--P1Y_mask.tif (STAC item 9b7a109e-64f7-5fb5-a717-1df69ca9e88e),2026-09-27,CC-BY-4.0,10 x 10 (m),EPSG:6933,mask,"pixel-based crop extent: 1 = crop, 0 = not crop; see README on the no-data value",288762,ee99a713b32fcbcb0d471abaee2cfd7f17083c33596ff4e2d82fa944b0501743,n/a (direct download),"{""collection"": ""crop_mask"", ""producer_sha1"": ""4cf99511d3b1ee091cf6cc4a00160b97c540501b"", ""sha1_verified"": true, ""stac"": ""https://explorer.digitalearth.africa/stac/search"", ""tile"": ""x212y086""}",obtained,"Delivered 96 km tile, unmodified. Producer SHA-1 matches. Docs: https://docs.digitalearthafrica.org/en/latest/data_specs/Cropland_extent_specs.html"
Digital Earth Africa cropland extent (crop_mask),dataset 1.1.5 (Sahel regional model),2019,borsouth,data/cropland/deafrica_cropmask/x212y086/crop_mask_x212y086_2019--P1Y_prob.tif,https://deafrica-services.s3.af-south-1.amazonaws.com/crop_mask/sahel/x212/y086/2019--P1Y/crop_mask_x212y086_2019--P1Y_prob.tif (STAC item 9b7a109e-64f7-5fb5-a717-1df69ca9e88e),2026-09-27,CC-BY-4.0,10 x 10 (m),EPSG:6933,prob,pixel crop probability 0-100 (%); see README on the no-data value,60012651,b76f7fe8c149ddc1b6dd65fdae11f44a2373c5286456c3650bba308358f219c1,n/a (direct download),"{""collection"": ""crop_mask"", ""producer_sha1"": ""45e8e5bbb71c933cb7759e3d9f9dbcb84484d561"", ""sha1_verified"": true, ""stac"": ""https://explorer.digitalearth.africa/stac/search"", ""tile"": ""x212y086""}",obtained,"Delivered 96 km tile, unmodified. Producer SHA-1 matches. Docs: https://docs.digitalearthafrica.org/en/latest/data_specs/Cropland_extent_specs.html"
Digital Earth Africa cropland extent (crop_mask),dataset 1.1.5 (Sahel regional model),2019,borsouth,data/cropland/deafrica_cropmask/x213y084/crop_mask_x213y084_2019--P1Y_filtered.tif,https://deafrica-services.s3.af-south-1.amazonaws.com/crop_mask/sahel/x213/y084/2019--P1Y/crop_mask_x213y084_2019--P1Y_filtered.tif (STAC item e3b0a703-c74d-53d1-b53c-932411a6b2ea),2026-09-27,CC-BY-4.0,10 x 10 (m),EPSG:6933,filtered,"object-based (segment-filtered) crop extent: 1 = crop, 0 = not crop; see README on the no-data value",235292,f9417266ede4110635bbdad722260d3624eaabcfc5f478913f687df62dd4bfca,n/a (direct download),"{""collection"": ""crop_mask"", ""producer_sha1"": ""266e8aac4ce02bf7cb94080ba46929bea0eda1b5"", ""sha1_verified"": true, ""stac"": ""https://explorer.digitalearth.africa/stac/search"", ""tile"": ""x213y084""}",obtained,"Delivered 96 km tile, unmodified. Producer SHA-1 matches. Docs: https://docs.digitalearthafrica.org/en/latest/data_specs/Cropland_extent_specs.html"
Digital Earth Africa cropland extent (crop_mask),dataset 1.1.5 (Sahel regional model),2019,borsouth,data/cropland/deafrica_cropmask/x213y084/crop_mask_x213y084_2019--P1Y_mask.tif,https://deafrica-services.s3.af-south-1.amazonaws.com/crop_mask/sahel/x213/y084/2019--P1Y/crop_mask_x213y084_2019--P1Y_mask.tif (STAC item e3b0a703-c74d-53d1-b53c-932411a6b2ea),2026-09-27,CC-BY-4.0,10 x 10 (m),EPSG:6933,mask,"pixel-based crop extent: 1 = crop, 0 = not crop; see README on the no-data value",236367,7bb0e6cbf92775fcd6c9c31fe30de510e511311b722fd69dd6029e73e54fe6c0,n/a (direct download),"{""collection"": ""crop_mask"", ""producer_sha1"": ""7d160f7c92fdab0c3fc11596a10eeb4eebc062a6"", ""sha1_verified"": true, ""stac"": ""https://explorer.digitalearth.africa/stac/search"", ""tile"": ""x213y084""}",obtained,"Delivered 96 km tile, unmodified. Producer SHA-1 matches. Docs: https://docs.digitalearthafrica.org/en/latest/data_specs/Cropland_extent_specs.html"
Digital Earth Africa cropland extent (crop_mask),dataset 1.1.5 (Sahel regional model),2019,borsouth,data/cropland/deafrica_cropmask/x213y084/crop_mask_x213y084_2019--P1Y_prob.tif,https://deafrica-services.s3.af-south-1.amazonaws.com/crop_mask/sahel/x213/y084/2019--P1Y/crop_mask_x213y084_2019--P1Y_prob.tif (STAC item e3b0a703-c74d-53d1-b53c-932411a6b2ea),2026-09-27,CC-BY-4.0,10 x 10 (m),EPSG:6933,prob,pixel crop probability 0-100 (%); see README on the no-data value,61981537,3b99ae14f51342f509dd91bfbc59583f65b39e012b76fa3e9a6af0d6385430cc,n/a (direct download),"{""collection"": ""crop_mask"", ""producer_sha1"": ""2afa58c6e30a71d468ea3d3f4f6089aab88eb2dd"", ""sha1_verified"": true, ""stac"": ""https://explorer.digitalearth.africa/stac/search"", ""tile"": ""x213y084""}",obtained,"Delivered 96 km tile, unmodified. Producer SHA-1 matches. Docs: https://docs.digitalearthafrica.org/en/latest/data_specs/Cropland_extent_specs.html"
Digital Earth Africa cropland extent (crop_mask),dataset 1.1.5 (Sahel regional model),2019,borsouth,data/cropland/deafrica_cropmask/x213y085/crop_mask_x213y085_2019--P1Y_filtered.tif,https://deafrica-services.s3.af-south-1.amazonaws.com/crop_mask/sahel/x213/y085/2019--P1Y/crop_mask_x213y085_2019--P1Y_filtered.tif (STAC item 475e1e88-374a-57f8-9575-ee50bcda51ee),2026-09-27,CC-BY-4.0,10 x 10 (m),EPSG:6933,filtered,"object-based (segment-filtered) crop extent: 1 = crop, 0 = not crop; see README on the no-data value",237069,38717a6c36b93547f16fc81370bd97339f08c236715a9c2e707d8ab622b67c35,n/a (direct download),"{""collection"": ""crop_mask"", ""producer_sha1"": ""22ee6d1c187d984532d8bf7c2cb1821505062401"", ""sha1_verified"": true, ""stac"": ""https://explorer.digitalearth.africa/stac/search"", ""tile"": ""x213y085""}",obtained,"Delivered 96 km tile, unmodified. Producer SHA-1 matches. Docs: https://docs.digitalearthafrica.org/en/latest/data_specs/Cropland_extent_specs.html"
Digital Earth Africa cropland extent (crop_mask),dataset 1.1.5 (Sahel regional model),2019,borsouth,data/cropland/deafrica_cropmask/x213y085/crop_mask_x213y085_2019--P1Y_mask.tif,https://deafrica-services.s3.af-south-1.amazonaws.com/crop_mask/sahel/x213/y085/2019--P1Y/crop_mask_x213y085_2019--P1Y_mask.tif (STAC item 475e1e88-374a-57f8-9575-ee50bcda51ee),2026-09-27,CC-BY-4.0,10 x 10 (m),EPSG:6933,mask,"pixel-based crop extent: 1 = crop, 0 = not crop; see README on the no-data value",239639,fcfd725f62b0ade149365415c303683bce051b1c1de5e2fcc2db75fb741d1b8c,n/a (direct download),"{""collection"": ""crop_mask"", ""producer_sha1"": ""f50e696722a5d656cbf3e53f928c74f904b99b57"", ""sha1_verified"": true, ""stac"": ""https://explorer.digitalearth.africa/stac/search"", ""tile"": ""x213y085""}",obtained,"Delivered 96 km tile, unmodified. Producer SHA-1 matches. Docs: https://docs.digitalearthafrica.org/en/latest/data_specs/Cropland_extent_specs.html"
Digital Earth Africa cropland extent (crop_mask),dataset 1.1.5 (Sahel regional model),2019,borsouth,data/cropland/deafrica_cropmask/x213y085/crop_mask_x213y085_2019--P1Y_prob.tif,https://deafrica-services.s3.af-south-1.amazonaws.com/crop_mask/sahel/x213/y085/2019--P1Y/crop_mask_x213y085_2019--P1Y_prob.tif (STAC item 475e1e88-374a-57f8-9575-ee50bcda51ee),2026-09-27,CC-BY-4.0,10 x 10 (m),EPSG:6933,prob,pixel crop probability 0-100 (%); see README on the no-data value,57887706,60197c31d6ab379688bd4863cd87af17a20a2d57629d72f399c9cb61b85e164b,n/a (direct download),"{""collection"": ""crop_mask"", ""producer_sha1"": ""131bb04b702ba5a86749779eab406c7fdbbb8a91"", ""sha1_verified"": true, ""stac"": ""https://explorer.digitalearth.africa/stac/search"", ""tile"": ""x213y085""}",obtained,"Delivered 96 km tile, unmodified. Producer SHA-1 matches. Docs: https://docs.digitalearthafrica.org/en/latest/data_specs/Cropland_extent_specs.html"
Digital Earth Africa cropland extent (crop_mask),dataset 1.1.5 (Sahel regional model),2019,borsouth,data/cropland/deafrica_cropmask/x213y086/crop_mask_x213y086_2019--P1Y_filtered.tif,https://deafrica-services.s3.af-south-1.amazonaws.com/crop_mask/sahel/x213/y086/2019--P1Y/crop_mask_x213y086_2019--P1Y_filtered.tif (STAC item 8a46a372-a30e-5bf8-81b8-c7bf32db93e7),2026-09-27,CC-BY-4.0,10 x 10 (m),EPSG:6933,filtered,"object-based (segment-filtered) crop extent: 1 = crop, 0 = not crop; see README on the no-data value",163311,b5b5240331bcc0486f5dbca5591a1d9412cdeda6b6525ee25a9e25c38cd88a88,n/a (direct download),"{""collection"": ""crop_mask"", ""producer_sha1"": ""f203935260e824d7c2dd41c0724ef9a674be269e"", ""sha1_verified"": true, ""stac"": ""https://explorer.digitalearth.africa/stac/search"", ""tile"": ""x213y086""}",obtained,"Delivered 96 km tile, unmodified. Producer SHA-1 matches. Docs: https://docs.digitalearthafrica.org/en/latest/data_specs/Cropland_extent_specs.html"
Digital Earth Africa cropland extent (crop_mask),dataset 1.1.5 (Sahel regional model),2019,borsouth,data/cropland/deafrica_cropmask/x213y086/crop_mask_x213y086_2019--P1Y_mask.tif,https://deafrica-services.s3.af-south-1.amazonaws.com/crop_mask/sahel/x213/y086/2019--P1Y/crop_mask_x213y086_2019--P1Y_mask.tif (STAC item 8a46a372-a30e-5bf8-81b8-c7bf32db93e7),2026-09-27,CC-BY-4.0,10 x 10 (m),EPSG:6933,mask,"pixel-based crop extent: 1 = crop, 0 = not crop; see README on the no-data value",164222,baa0ae365738b07f676405217e6ff5bb5507777ed2a0fd043680779149e4fbe1,n/a (direct download),"{""collection"": ""crop_mask"", ""producer_sha1"": ""e640c0e6b4e1eea961272c8722757d48d9b8b687"", ""sha1_verified"": true, ""stac"": ""https://explorer.digitalearth.africa/stac/search"", ""tile"": ""x213y086""}",obtained,"Delivered 96 km tile, unmodified. Producer SHA-1 matches. Docs: https://docs.digitalearthafrica.org/en/latest/data_specs/Cropland_extent_specs.html"
Digital Earth Africa cropland extent (crop_mask),dataset 1.1.5 (Sahel regional model),2019,borsouth,data/cropland/deafrica_cropmask/x213y086/crop_mask_x213y086_2019--P1Y_prob.tif,https://deafrica-services.s3.af-south-1.amazonaws.com/crop_mask/sahel/x213/y086/2019--P1Y/crop_mask_x213y086_2019--P1Y_prob.tif (STAC item 8a46a372-a30e-5bf8-81b8-c7bf32db93e7),2026-09-27,CC-BY-4.0,10 x 10 (m),EPSG:6933,prob,pixel crop probability 0-100 (%); see README on the no-data value,57176662,6e9c507c8fb9a5045a91a2076a486d0bf9e61572916883c5f3f9bbd61bec2340,n/a (direct download),"{""collection"": ""crop_mask"", ""producer_sha1"": ""a40e218951aaf0e79ac40636831d0f379ffa4f18"", ""sha1_verified"": true, ""stac"": ""https://explorer.digitalearth.africa/stac/search"", ""tile"": ""x213y086""}",obtained,"Delivered 96 km tile, unmodified. Producer SHA-1 matches. Docs: https://docs.digitalearthafrica.org/en/latest/data_specs/Cropland_extent_specs.html"
ESA WorldCereal temporary crops,v100,2021,aweil,data/cropland/worldcereal/worldcereal_2021_v100_temporarycrops_aez32114_aweil.tif,Earth Engine ESA/WorldCereal/2021/MODELS/v100/32114_TC-ANNUAL_TEMPORARYCROPS_20201209_20211209,2026-09-27,CC-BY-4.0,8.333333333e-05 x 8.333333333e-05 (deg),EPSG:4326,classification; confidence,"classification: 100 = temporary crops, 0 = other (not temporary crops); confidence: 0-100 model confidence (%); 255 = no data / outside AOI",145156972,369af8939905f1d0640df44e43e5c62877128811657e5209f57662e64f70fb47,n/a (direct tiled download via geedim),"{""crs"": ""EPSG:4326"", ""crs_transform"": [8.333333333333329e-05, 0.0, 26.118030796491347, 0.0, -8.333333333333329e-05, 9.913871016959124], ""dtype"": ""uint8"", ""nodata"": 255, ""resampling"": ""near (none: native grid)"", ""season"": ""tc-annual"", ""shape"": [24476, 23235], ""software"": {""earthengine-api"": ""1.7.45"", ""geedim"": ""2.0.0"", ""geemap"": ""0.38.8""}}",obtained,"AEZ 32114, season tc-annual; one image per AEZ, each on its own 1/12000 deg grid, clipped to the buffered AOI (the AEZ image only covers its own zone)."
ESA WorldCereal temporary crops,v100,2021,aweil,data/cropland/worldcereal/worldcereal_2021_v100_temporarycrops_aez36124_aweil.tif,Earth Engine ESA/WorldCereal/2021/MODELS/v100/36124_TC-ANNUAL_TEMPORARYCROPS_20201217_20211217,2026-09-27,CC-BY-4.0,8.333333333e-05 x 8.333333333e-05 (deg),EPSG:4326,classification; confidence,"classification: 100 = temporary crops, 0 = other (not temporary crops); confidence: 0-100 model confidence (%); 255 = no data / outside AOI",2203676,e76633cd18c5b82146aef6b5a0ca1ef6a82823925733aeec1309465ec8406ad1,n/a (direct tiled download via geedim),"{""crs"": ""EPSG:4326"", ""crs_transform"": [8.333333333333332e-05, 0.0, 26.118067933200578, 0.0, -8.33333333333333e-05, 9.913894733975619], ""dtype"": ""uint8"", ""nodata"": 255, ""resampling"": ""near (none: native grid)"", ""season"": ""tc-annual"", ""shape"": [24476, 23235], ""software"": {""earthengine-api"": ""1.7.45"", ""geedim"": ""2.0.0"", ""geemap"": ""0.38.8""}}",obtained,"AEZ 36124, season tc-annual; one image per AEZ, each on its own 1/12000 deg grid, clipped to the buffered AOI (the AEZ image only covers its own zone)."
ESA WorldCereal temporary crops,v100,2021,aweil,data/cropland/worldcereal/worldcereal_2021_v100_temporarycrops_aez7091_aweil.tif,Earth Engine ESA/WorldCereal/2021/MODELS/v100/7091_TC-ANNUAL_TEMPORARYCROPS_20201029_20211029,2026-09-27,CC-BY-4.0,8.333333333e-05 x 8.333333333e-05 (deg),EPSG:4326,classification; confidence,"classification: 100 = temporary crops, 0 = other (not temporary crops); confidence: 0-100 model confidence (%); 255 = no data / outside AOI",2203668,87bb01db8bd5ddd996eca937f60a02ec57f7e634cbeacb8875a7429f2daff34d,n/a (direct tiled download via geedim),"{""crs"": ""EPSG:4326"", ""crs_transform"": [8.33333333333333e-05, 0.0, 26.11803882643101, 0.0, -8.33333333333333e-05, 9.91390793868105], ""dtype"": ""uint8"", ""nodata"": 255, ""resampling"": ""near (none: native grid)"", ""season"": ""tc-annual"", ""shape"": [24476, 23235], ""software"": {""earthengine-api"": ""1.7.45"", ""geedim"": ""2.0.0"", ""geemap"": ""0.38.8""}}",obtained,"AEZ 7091, season tc-annual; one image per AEZ, each on its own 1/12000 deg grid, clipped to the buffered AOI (the AEZ image only covers its own zone)."
ESA WorldCereal temporary crops,v100,2021,borsouth,data/cropland/worldcereal/worldcereal_2021_v100_temporarycrops_aez32114_borsouth.tif,Earth Engine ESA/WorldCereal/2021/MODELS/v100/32114_TC-ANNUAL_TEMPORARYCROPS_20201209_20211209,2026-09-27,CC-BY-4.0,8.333333333e-05 x 8.333333333e-05 (deg),EPSG:4326,classification; confidence,"classification: 100 = temporary crops, 0 = other (not temporary crops); confidence: 0-100 model confidence (%); 255 = no data / outside AOI",891756,df7085e414816522af988becea4d39591465be14b3301aba9c4ee383c96c8f8a,n/a (direct tiled download via geedim),"{""crs"": ""EPSG:4326"", ""crs_transform"": [8.333333333333329e-05, 0.0, 31.295614129824678, 0.0, -8.333333333333329e-05, 7.115454350292458], ""dtype"": ""uint8"", ""nodata"": 255, ""resampling"": ""near (none: native grid)"", ""season"": ""tc-annual"", ""shape"": [15402, 16257], ""software"": {""earthengine-api"": ""1.7.45"", ""geedim"": ""2.0.0"", ""geemap"": ""0.38.8""}}",obtained,"AEZ 32114, season tc-annual; one image per AEZ, each on its own 1/12000 deg grid, clipped to the buffered AOI (the AEZ image only covers its own zone)."
ESA WorldCereal temporary crops,v100,2021,borsouth,data/cropland/worldcereal/worldcereal_2021_v100_temporarycrops_aez36124_borsouth.tif,Earth Engine ESA/WorldCereal/2021/MODELS/v100/36124_TC-ANNUAL_TEMPORARYCROPS_20201217_20211217,2026-09-27,CC-BY-4.0,8.333333333e-05 x 8.333333333e-05 (deg),EPSG:4326,classification; confidence,"classification: 100 = temporary crops, 0 = other (not temporary crops); confidence: 0-100 model confidence (%); 255 = no data / outside AOI",37835856,4d5879b3b8a2ad097d91241ead2649c415a5b8a9c356d1b0eb19d8d71a2a8c5f,n/a (direct tiled download via geedim),"{""crs"": ""EPSG:4326"", ""crs_transform"": [8.333333333333332e-05, 0.0, 31.29565126653391, 0.0, -8.33333333333333e-05, 7.1154780673089535], ""dtype"": ""uint8"", ""nodata"": 255, ""resampling"": ""near (none: native grid)"", ""season"": ""tc-annual"", ""shape"": [15403, 16256], ""software"": {""earthengine-api"": ""1.7.45"", ""geedim"": ""2.0.0"", ""geemap"": ""0.38.8""}}",obtained,"AEZ 36124, season tc-annual; one image per AEZ, each on its own 1/12000 deg grid, clipped to the buffered AOI (the AEZ image only covers its own zone)."
ESA WorldCover,v100,2020,aweil,data/cropland/worldcover/worldcover_2020_v100_aweil.tif,Earth Engine ESA/WorldCover/v100,2026-09-27,CC-BY-4.0,8.333333333e-05 x 8.333333333e-05 (deg),EPSG:4326,Map,"10 tree cover, 20 shrubland, 30 grassland, 40 cropland, 50 built-up, 60 bare/sparse vegetation, 70 snow and ice, 80 permanent water bodies, 90 herbaceous wetland, 95 mangroves, 100 moss and lichen; 255 = no data / outside AOI (the product's own no-data 0 does not occur over land here)",63756388,93815cff0127fd9529d95f3951d6efaa7a33d102f1b85853f58f80e215e423bf,n/a (direct tiled download via geedim),"{""crs"": ""EPSG:4326"", ""crs_transform"": [8.333333333333333e-05, 0.0, 26.118083333333317, 0.0, -8.333333333333333e-05, 9.913916666666665], ""driver"": ""COG (geedim)"", ""dtype"": ""uint8"", ""nodata"": 255, ""resampling"": ""near (none: native grid)"", ""shape"": [24476, 23235], ""software"": {""earthengine-api"": ""1.7.45"", ""geedim"": ""2.0.0"", ""geemap"": ""0.38.8""}}",obtained,Cropland = 40.
ESA WorldCover,v100,2020,borsouth,data/cropland/worldcover/worldcover_2020_v100_borsouth.tif,Earth Engine ESA/WorldCover/v100,2026-09-27,CC-BY-4.0,8.333333333e-05 x 8.333333333e-05 (deg),EPSG:4326,Map,"10 tree cover, 20 shrubland, 30 grassland, 40 cropland, 50 built-up, 60 bare/sparse vegetation, 70 snow and ice, 80 permanent water bodies, 90 herbaceous wetland, 95 mangroves, 100 moss and lichen; 255 = no data / outside AOI (the product's own no-data 0 does not occur over land here)",8705476,5b136bf527d8a7fce451f9b1a3effe016dff891a8e1476d1265f16fa3defe277,n/a (direct tiled download via geedim),"{""crs"": ""EPSG:4326"", ""crs_transform"": [8.333333333333333e-05, 0.0, 31.295666666666648, 0.0, -8.333333333333333e-05, 7.115499999999997], ""driver"": ""COG (geedim)"", ""dtype"": ""uint8"", ""nodata"": 255, ""resampling"": ""near (none: native grid)"", ""shape"": [15403, 16256], ""software"": {""earthengine-api"": ""1.7.45"", ""geedim"": ""2.0.0"", ""geemap"": ""0.38.8""}}",obtained,Cropland = 40.
ESA WorldCover,v200,2021,aweil,data/cropland/worldcover/worldcover_2021_v200_aweil.tif,Earth Engine ESA/WorldCover/v200,2026-09-27,CC-BY-4.0,8.333333333e-05 x 8.333333333e-05 (deg),EPSG:4326,Map,"10 tree cover, 20 shrubland, 30 grassland, 40 cropland, 50 built-up, 60 bare/sparse vegetation, 70 snow and ice, 80 permanent water bodies, 90 herbaceous wetland, 95 mangroves, 100 moss and lichen; 255 = no data / outside AOI (the product's own no-data 0 does not occur over land here)",68175362,44788f1530017615adbc5482c5090acd3578c06df9d498dec4c1e7fcb54b6fe7,n/a (direct tiled download via geedim),"{""crs"": ""EPSG:4326"", ""crs_transform"": [8.333333333333333e-05, 0.0, 26.118083333333317, 0.0, -8.333333333333333e-05, 9.913916666666665], ""dtype"": ""uint8"", ""nodata"": 255, ""resampling"": ""near (none: native grid)"", ""shape"": [24476, 23235], ""software"": {""earthengine-api"": ""1.7.45"", ""geedim"": ""2.0.0"", ""geemap"": ""0.38.8""}}",obtained,Cropland = 40.
ESA WorldCover,v200,2021,borsouth,data/cropland/worldcover/worldcover_2021_v200_borsouth.tif,Earth Engine ESA/WorldCover/v200,2026-09-27,CC-BY-4.0,8.333333333e-05 x 8.333333333e-05 (deg),EPSG:4326,Map,"10 tree cover, 20 shrubland, 30 grassland, 40 cropland, 50 built-up, 60 bare/sparse vegetation, 70 snow and ice, 80 permanent water bodies, 90 herbaceous wetland, 95 mangroves, 100 moss and lichen; 255 = no data / outside AOI (the product's own no-data 0 does not occur over land here)",7387822,9ad0f2cc806dba1d879563f452a1ec534a7910a352b515039ef303fd04b47d2a,n/a (direct tiled download via geedim),"{""crs"": ""EPSG:4326"", ""crs_transform"": [8.333333333333333e-05, 0.0, 31.295666666666648, 0.0, -8.333333333333333e-05, 7.115499999999997], ""driver"": ""COG (geedim)"", ""dtype"": ""uint8"", ""nodata"": 255, ""resampling"": ""near (none: native grid)"", ""shape"": [15403, 16256], ""software"": {""earthengine-api"": ""1.7.45"", ""geedim"": ""2.0.0"", ""geemap"": ""0.38.8""}}",obtained,Cropland = 40.
Esri / Impact Observatory 10 m annual land cover,model v3 per community catalogue (sat-io mirror),2021,aweil,data/cropland/esri_lulc/esri_lulc_2021_aweil.tif,Earth Engine projects/sat-io/open-datasets/landcover/ESRI_Global-LULC_10m_TS,2026-09-27,CC-BY-4.0 (attribution: (c) Esri / Impact Observatory),10 x 10 (m),EPSG:32635,b1,"Esri original coding (checked on the pixel values: codes 3 and 6 never occur): 1 water, 2 trees, 4 flooded vegetation, 5 crops, 7 built area, 8 bare ground, 9 snow/ice, 10 clouds, 11 rangeland; 255 = no data / outside AOI. NOTE: crops = 5 in this asset; 4 is flooded vegetation. The 1-9 remap (crops = 4) exists only in the community catalogue's example script, not in the asset.",14081026,701281c99d16a34263da41b1ccd6afcbbc290712b2a35ea15c154290ccdfffd1,n/a (direct tiled download via geedim),"{""crs"": ""EPSG:32635"", ""crs_transform"": [10.0, 0.0, 403080.0, 0.0, -10.0, 1096020.0], ""dtype"": ""uint8"", ""nodata"": 255, ""resampling"": ""near (none: native grid)"", ""shape"": [22566, 21270], ""software"": {""earthengine-api"": ""1.7.45"", ""geedim"": ""2.0.0"", ""geemap"": ""0.38.8""}, ""source_images"": [""projects/sat-io/open-datasets/landcover/ESRI_Global-LULC_10m_TS/35N_2021"", ""projects/sat-io/open-datasets/landcover/ESRI_Global-LULC_10m_TS/35P_2021""]}",obtained,"Mosaic of the UTM-zone images listed in export_params; they share the same CRS and 10 m pixel lattice, so the mosaic is on the native grid."
Esri / Impact Observatory 10 m annual land cover,model v3 per community catalogue (sat-io mirror),2021,borsouth,data/cropland/esri_lulc/esri_lulc_2021_borsouth.tif,Earth Engine projects/sat-io/open-datasets/landcover/ESRI_Global-LULC_10m_TS,2026-09-27,CC-BY-4.0 (attribution: (c) Esri / Impact Observatory),10 x 10 (m),EPSG:32636,b1,"Esri original coding (checked on the pixel values: codes 3 and 6 never occur): 1 water, 2 trees, 4 flooded vegetation, 5 crops, 7 built area, 8 bare ground, 9 snow/ice, 10 clouds, 11 rangeland; 255 = no data / outside AOI. NOTE: crops = 5 in this asset; 4 is flooded vegetation. The 1-9 remap (crops = 4) exists only in the community catalogue's example script, not in the asset.",5757181,67e0cd2615858c2bbbbe11933cd155fa47d3b0248e658554be0440036f9a382c,n/a (direct tiled download via geedim),"{""crs"": ""EPSG:32636"", ""crs_transform"": [10.0, 0.0, 311580.0, 0.0, -10.0, 786600.0], ""dtype"": ""uint8"", ""nodata"": 255, ""resampling"": ""near (none: native grid)"", ""shape"": [14190, 14982], ""software"": {""earthengine-api"": ""1.7.45"", ""geedim"": ""2.0.0"", ""geemap"": ""0.38.8""}, ""source_images"": [""projects/sat-io/open-datasets/landcover/ESRI_Global-LULC_10m_TS/36N_2021""]}",obtained,"Mosaic of the UTM-zone images listed in export_params; they share the same CRS and 10 m pixel lattice, so the mosaic is on the native grid."
Esri / Impact Observatory 10 m annual land cover,model v3 per community catalogue (sat-io mirror),2022,aweil,data/cropland/esri_lulc/esri_lulc_2022_aweil.tif,Earth Engine projects/sat-io/open-datasets/landcover/ESRI_Global-LULC_10m_TS,2026-09-27,CC-BY-4.0 (attribution: (c) Esri / Impact Observatory),10 x 10 (m),EPSG:32635,b1,"Esri original coding (checked on the pixel values: codes 3 and 6 never occur): 1 water, 2 trees, 4 flooded vegetation, 5 crops, 7 built area, 8 bare ground, 9 snow/ice, 10 clouds, 11 rangeland; 255 = no data / outside AOI. NOTE: crops = 5 in this asset; 4 is flooded vegetation. The 1-9 remap (crops = 4) exists only in the community catalogue's example script, not in the asset.",14323183,927987cb97925e82bd299e4c966ab126bd5860f2061eee1e1fede03e158507e6,n/a (direct tiled download via geedim),"{""crs"": ""EPSG:32635"", ""crs_transform"": [10.0, 0.0, 403080.0, 0.0, -10.0, 1096020.0], ""dtype"": ""uint8"", ""nodata"": 255, ""resampling"": ""near (none: native grid)"", ""shape"": [22566, 21270], ""software"": {""earthengine-api"": ""1.7.45"", ""geedim"": ""2.0.0"", ""geemap"": ""0.38.8""}, ""source_images"": [""projects/sat-io/open-datasets/landcover/ESRI_Global-LULC_10m_TS/35N_2022"", ""projects/sat-io/open-datasets/landcover/ESRI_Global-LULC_10m_TS/35P_2022""]}",obtained,"Mosaic of the UTM-zone images listed in export_params; they share the same CRS and 10 m pixel lattice, so the mosaic is on the native grid."
Esri / Impact Observatory 10 m annual land cover,model v3 per community catalogue (sat-io mirror),2022,borsouth,data/cropland/esri_lulc/esri_lulc_2022_borsouth.tif,Earth Engine projects/sat-io/open-datasets/landcover/ESRI_Global-LULC_10m_TS,2026-09-27,CC-BY-4.0 (attribution: (c) Esri / Impact Observatory),10 x 10 (m),EPSG:32636,b1,"Esri original coding (checked on the pixel values: codes 3 and 6 never occur): 1 water, 2 trees, 4 flooded vegetation, 5 crops, 7 built area, 8 bare ground, 9 snow/ice, 10 clouds, 11 rangeland; 255 = no data / outside AOI. NOTE: crops = 5 in this asset; 4 is flooded vegetation. The 1-9 remap (crops = 4) exists only in the community catalogue's example script, not in the asset.",6463337,7c317e0bc6db87c1f5edd4b83cc82157101af5a62ce763d165848ef75a8123a3,n/a (direct tiled download via geedim),"{""crs"": ""EPSG:32636"", ""crs_transform"": [10.0, 0.0, 311580.0, 0.0, -10.0, 786600.0], ""dtype"": ""uint8"", ""nodata"": 255, ""resampling"": ""near (none: native grid)"", ""shape"": [14190, 14982], ""software"": {""earthengine-api"": ""1.7.45"", ""geedim"": ""2.0.0"", ""geemap"": ""0.38.8""}, ""source_images"": [""projects/sat-io/open-datasets/landcover/ESRI_Global-LULC_10m_TS/36N_2022""]}",obtained,"Mosaic of the UTM-zone images listed in export_params; they share the same CRS and 10 m pixel lattice, so the mosaic is on the native grid."
Esri / Impact Observatory 10 m annual land cover,model v3 per community catalogue (sat-io mirror),2023,aweil,data/cropland/esri_lulc/esri_lulc_2023_aweil.tif,Earth Engine projects/sat-io/open-datasets/landcover/ESRI_Global-LULC_10m_TS,2026-09-27,CC-BY-4.0 (attribution: (c) Esri / Impact Observatory),10 x 10 (m),EPSG:32635,b1,"Esri original coding (checked on the pixel values: codes 3 and 6 never occur): 1 water, 2 trees, 4 flooded vegetation, 5 crops, 7 built area, 8 bare ground, 9 snow/ice, 10 clouds, 11 rangeland; 255 = no data / outside AOI. NOTE: crops = 5 in this asset; 4 is flooded vegetation. The 1-9 remap (crops = 4) exists only in the community catalogue's example script, not in the asset.",14705238,445a90f04dd2798bd1aa5d9aacaea46c3ec15ffdb9db8ceb042899dde161d6d7,n/a (direct tiled download via geedim),"{""crs"": ""EPSG:32635"", ""crs_transform"": [10.0, 0.0, 403080.0, 0.0, -10.0, 1096020.0], ""dtype"": ""uint8"", ""nodata"": 255, ""resampling"": ""near (none: native grid)"", ""shape"": [22566, 21270], ""software"": {""earthengine-api"": ""1.7.45"", ""geedim"": ""2.0.0"", ""geemap"": ""0.38.8""}, ""source_images"": [""projects/sat-io/open-datasets/landcover/ESRI_Global-LULC_10m_TS/35N_2023"", ""projects/sat-io/open-datasets/landcover/ESRI_Global-LULC_10m_TS/35P_2023""]}",obtained,"Mosaic of the UTM-zone images listed in export_params; they share the same CRS and 10 m pixel lattice, so the mosaic is on the native grid."
Esri / Impact Observatory 10 m annual land cover,model v3 per community catalogue (sat-io mirror),2023,borsouth,data/cropland/esri_lulc/esri_lulc_2023_borsouth.tif,Earth Engine projects/sat-io/open-datasets/landcover/ESRI_Global-LULC_10m_TS,2026-09-27,CC-BY-4.0 (attribution: (c) Esri / Impact Observatory),10 x 10 (m),EPSG:32636,b1,"Esri original coding (checked on the pixel values: codes 3 and 6 never occur): 1 water, 2 trees, 4 flooded vegetation, 5 crops, 7 built area, 8 bare ground, 9 snow/ice, 10 clouds, 11 rangeland; 255 = no data / outside AOI. NOTE: crops = 5 in this asset; 4 is flooded vegetation. The 1-9 remap (crops = 4) exists only in the community catalogue's example script, not in the asset.",4410698,37c63a387e13b4219b761bd5fe2778c810e93c3d4b65944d60c0bd79480eef8b,n/a (direct tiled download via geedim),"{""crs"": ""EPSG:32636"", ""crs_transform"": [10.0, 0.0, 311580.0, 0.0, -10.0, 786600.0], ""dtype"": ""uint8"", ""nodata"": 255, ""resampling"": ""near (none: native grid)"", ""shape"": [14190, 14982], ""software"": {""earthengine-api"": ""1.7.45"", ""geedim"": ""2.0.0"", ""geemap"": ""0.38.8""}, ""source_images"": [""projects/sat-io/open-datasets/landcover/ESRI_Global-LULC_10m_TS/36N_2023""]}",obtained,"Mosaic of the UTM-zone images listed in export_params; they share the same CRS and 10 m pixel lattice, so the mosaic is on the native grid."
Esri / Impact Observatory 10 m annual land cover,model v3 per community catalogue (sat-io mirror),2024,aweil,data/cropland/esri_lulc/esri_lulc_2024_aweil.tif,Earth Engine projects/sat-io/open-datasets/landcover/ESRI_Global-LULC_10m_TS,2026-09-27,CC-BY-4.0 (attribution: (c) Esri / Impact Observatory),10 x 10 (m),EPSG:32635,b1,"Esri original coding (checked on the pixel values: codes 3 and 6 never occur): 1 water, 2 trees, 4 flooded vegetation, 5 crops, 7 built area, 8 bare ground, 9 snow/ice, 10 clouds, 11 rangeland; 255 = no data / outside AOI. NOTE: crops = 5 in this asset; 4 is flooded vegetation. The 1-9 remap (crops = 4) exists only in the community catalogue's example script, not in the asset.",15567780,f3cf382c59eff502a9e8758dee30db9f26f93485256dac9405705a2ed32aa301,n/a (direct tiled download via geedim),"{""crs"": ""EPSG:32635"", ""crs_transform"": [10.0, 0.0, 403080.0, 0.0, -10.0, 1096020.0], ""dtype"": ""uint8"", ""nodata"": 255, ""resampling"": ""near (none: native grid)"", ""shape"": [22566, 21270], ""software"": {""earthengine-api"": ""1.7.45"", ""geedim"": ""2.0.0"", ""geemap"": ""0.38.8""}, ""source_images"": [""projects/sat-io/open-datasets/landcover/ESRI_Global-LULC_10m_TS/35N_2024"", ""projects/sat-io/open-datasets/landcover/ESRI_Global-LULC_10m_TS/35P_2024""]}",obtained,"Mosaic of the UTM-zone images listed in export_params; they share the same CRS and 10 m pixel lattice, so the mosaic is on the native grid."
Esri / Impact Observatory 10 m annual land cover,model v3 per community catalogue (sat-io mirror),2024,borsouth,data/cropland/esri_lulc/esri_lulc_2024_borsouth.tif,Earth Engine projects/sat-io/open-datasets/landcover/ESRI_Global-LULC_10m_TS,2026-09-27,CC-BY-4.0 (attribution: (c) Esri / Impact Observatory),10 x 10 (m),EPSG:32636,b1,"Esri original coding (checked on the pixel values: codes 3 and 6 never occur): 1 water, 2 trees, 4 flooded vegetation, 5 crops, 7 built area, 8 bare ground, 9 snow/ice, 10 clouds, 11 rangeland; 255 = no data / outside AOI. NOTE: crops = 5 in this asset; 4 is flooded vegetation. The 1-9 remap (crops = 4) exists only in the community catalogue's example script, not in the asset.",5157065,c5eb9044882f73f5d6bdbe702ed00b83ff10160fdf4ecb1bfe4e16b6a8d12e30,n/a (direct tiled download via geedim),"{""crs"": ""EPSG:32636"", ""crs_transform"": [10.0, 0.0, 311580.0, 0.0, -10.0, 786600.0], ""dtype"": ""uint8"", ""nodata"": 255, ""resampling"": ""near (none: native grid)"", ""shape"": [14190, 14982], ""software"": {""earthengine-api"": ""1.7.45"", ""geedim"": ""2.0.0"", ""geemap"": ""0.38.8""}, ""source_images"": [""projects/sat-io/open-datasets/landcover/ESRI_Global-LULC_10m_TS/36N_2024""]}",obtained,"Mosaic of the UTM-zone images listed in export_params; they share the same CRS and 10 m pixel lattice, so the mosaic is on the native grid."
GLAD global cropland extent (Potapov et al. 2022),2003-2019 release,2012-2015,aweil,data/cropland/glad_cropland/glad_cropland_2012-2015_aweil.tif,Earth Engine users/potapovpeter/Global_cropland_2015 (author's copy; files also at https://glad.geog.umd.edu/Potapov/Global_Crop/Data/Global_cropland_NE_2015.tif),2026-09-27,not stated for the data by the producer (article is CC-BY-4.0); cite Potapov et al. 2022,0.00025 x 0.00025 (deg),EPSG:4326,b1,"1 = cropland, 0 = no cropland or no data (producer's coding); 255 = outside AOI",457010,758ed6c577304fdbb65241ebd1e68c86a83216363503948e54680e213b290f45,n/a (direct tiled download via geedim),"{""crs"": ""EPSG:4326"", ""crs_transform"": [0.00025000000000000017, 0.0, 26.118000000000016, 0.0, -0.00025000000000000017, 9.913999999999959], ""driver"": ""COG (geedim)"", ""dtype"": ""uint8"", ""nodata"": 255, ""resampling"": ""near (none: native grid)"", ""shape"": [8159, 7746], ""software"": {""earthengine-api"": ""1.7.45"", ""geedim"": ""2.0.0"", ""geemap"": ""0.38.8""}, ""source_images"": [""users/potapovpeter/Global_cropland_2015/Global_cropland_2015_NE""]}",obtained,"Cropland detected in any year of the 4-year interval (max fallow 4 years); shifting cultivation, permanent pasture and woody crops excluded."
GLAD global cropland extent (Potapov et al. 2022),2003-2019 release,2012-2015,borsouth,data/cropland/glad_cropland/glad_cropland_2012-2015_borsouth.tif,Earth Engine users/potapovpeter/Global_cropland_2015 (author's copy; files also at https://glad.geog.umd.edu/Potapov/Global_Crop/Data/Global_cropland_NE_2015.tif),2026-09-27,not stated for the data by the producer (article is CC-BY-4.0); cite Potapov et al. 2022,0.00025 x 0.00025 (deg),EPSG:4326,b1,"1 = cropland, 0 = no cropland or no data (producer's coding); 255 = outside AOI",193661,092176fda68e0d2b2eb472b3b4f6213b8fedc9357ff6341a632ffdb255d00a77,n/a (direct tiled download via geedim),"{""crs"": ""EPSG:4326"", ""crs_transform"": [0.00025000000000000017, 0.0, 31.295500000000022, 0.0, -0.00025000000000000017, 7.115499999999955], ""driver"": ""COG (geedim)"", ""dtype"": ""uint8"", ""nodata"": 255, ""resampling"": ""near (none: native grid)"", ""shape"": [5135, 5420], ""software"": {""earthengine-api"": ""1.7.45"", ""geedim"": ""2.0.0"", ""geemap"": ""0.38.8""}, ""source_images"": [""users/potapovpeter/Global_cropland_2015/Global_cropland_2015_NE""]}",obtained,"Cropland detected in any year of the 4-year interval (max fallow 4 years); shifting cultivation, permanent pasture and woody crops excluded."
GLAD global cropland extent (Potapov et al. 2022),2003-2019 release,2016-2019,aweil,data/cropland/glad_cropland/glad_cropland_2016-2019_aweil.tif,Earth Engine users/potapovpeter/Global_cropland_2019 (author's copy; files also at https://glad.geog.umd.edu/Potapov/Global_Crop/Data/Global_cropland_NE_2019.tif),2026-09-27,not stated for the data by the producer (article is CC-BY-4.0); cite Potapov et al. 2022,0.00025 x 0.00025 (deg),EPSG:4326,b1,"1 = cropland, 0 = no cropland or no data (producer's coding); 255 = outside AOI",596293,411ef9a07cbf558b2641f410bec7a335020f788f284977420073a32c55a92531,n/a (direct tiled download via geedim),"{""crs"": ""EPSG:4326"", ""crs_transform"": [0.00025000000000000017, 0.0, 26.118000000000016, 0.0, -0.00025000000000000017, 9.913999999999959], ""driver"": ""COG (geedim)"", ""dtype"": ""uint8"", ""nodata"": 255, ""resampling"": ""near (none: native grid)"", ""shape"": [8159, 7746], ""software"": {""earthengine-api"": ""1.7.45"", ""geedim"": ""2.0.0"", ""geemap"": ""0.38.8""}, ""source_images"": [""users/potapovpeter/Global_cropland_2019/Global_cropland_2019_NE""]}",obtained,"Cropland detected in any year of the 4-year interval (max fallow 4 years); shifting cultivation, permanent pasture and woody crops excluded."
GLAD global cropland extent (Potapov et al. 2022),2003-2019 release,2016-2019,borsouth,data/cropland/glad_cropland/glad_cropland_2016-2019_borsouth.tif,Earth Engine users/potapovpeter/Global_cropland_2019 (author's copy; files also at https://glad.geog.umd.edu/Potapov/Global_Crop/Data/Global_cropland_NE_2019.tif),2026-09-27,not stated for the data by the producer (article is CC-BY-4.0); cite Potapov et al. 2022,0.00025 x 0.00025 (deg),EPSG:4326,b1,"1 = cropland, 0 = no cropland or no data (producer's coding); 255 = outside AOI",195341,da845bc65b0715835ca4d093f226b95556ca53fb260d25e9b39cde10adbddaa3,n/a (direct tiled download via geedim),"{""crs"": ""EPSG:4326"", ""crs_transform"": [0.00025000000000000017, 0.0, 31.295500000000022, 0.0, -0.00025000000000000017, 7.115499999999955], ""driver"": ""COG (geedim)"", ""dtype"": ""uint8"", ""nodata"": 255, ""resampling"": ""near (none: native grid)"", ""shape"": [5135, 5420], ""software"": {""earthengine-api"": ""1.7.45"", ""geedim"": ""2.0.0"", ""geemap"": ""0.38.8""}, ""source_images"": [""users/potapovpeter/Global_cropland_2019/Global_cropland_2019_NE""]}",obtained,"Cropland detected in any year of the 4-year interval (max fallow 4 years); shifting cultivation, permanent pasture and woody crops excluded."
Google Dynamic World V1,V1,2022,aweil,data/cropland/dynamic_world/dynamic_world_v1_2022_aweil.tif,Earth Engine GOOGLE/DYNAMICWORLD/V1,2026-09-27,"CC-BY-4.0 (attribution required, see README)",10 x 10 (m),EPSG:32635,label_mode; crops_mean_pct; n_obs,"label_mode: most frequent per-image top class; 0 water, 1 trees, 2 grass, 3 flooded vegetation, 4 crops, 5 shrub and scrub, 6 built, 7 bare, 8 snow and ice; 255 = no observation / outside AOI. crops_mean_pct: mean of the per-image 'crops' probability x 100, rounded (0-100); 255 = no observation. n_obs: number of cloud-free Dynamic World observations of the pixel in the period (capped at 254).",122812121,f6564ac3db7075c91190255ed8feb048ac7ea9ba64738bfa99a7a8a7a92fbf0e,n/a (direct tiled download via geedim),"{""composite"": ""label: ee.Reducer.mode(); crops: mean x 100 rounded; n_obs: count of label"", ""crs"": ""EPSG:32635"", ""crs_transform"": [10.0, 0.0, 403080.0, 0.0, -10.0, 1096020.0], ""date_end_exclusive"": ""2023-01-01"", ""date_start"": ""2022-01-01"", ""driver"": ""COG (geedim)"", ""dtype"": ""uint8"", ""n_images"": 539, ""nodata"": 255, ""resampling"": ""near (none: native grid)"", ""shape"": [22566, 21270], ""software"": {""earthengine-api"": ""1.7.45"", ""geedim"": ""2.0.0"", ""geemap"": ""0.38.8""}}",obtained,"Composite made by this script from all DW images intersecting the AOI in the period (all in the AOI's UTM zone, 10 m, same pixel lattice as the export grid). Ties in the mode go to Earth Engine's default tie rule."
Google Dynamic World V1,V1,2022,borsouth,data/cropland/dynamic_world/dynamic_world_v1_2022_borsouth.tif,Earth Engine GOOGLE/DYNAMICWORLD/V1,2026-09-27,"CC-BY-4.0 (attribution required, see README)",10 x 10 (m),EPSG:32636,label_mode; crops_mean_pct; n_obs,"label_mode: most frequent per-image top class; 0 water, 1 trees, 2 grass, 3 flooded vegetation, 4 crops, 5 shrub and scrub, 6 built, 7 bare, 8 snow and ice; 255 = no observation / outside AOI. crops_mean_pct: mean of the per-image 'crops' probability x 100, rounded (0-100); 255 = no observation. n_obs: number of cloud-free Dynamic World observations of the pixel in the period (capped at 254).",76425356,b6e6e1df9b4ce791cf62e73b31de19d902aa46f005ac03be29597158b0d77318,n/a (direct tiled download via geedim),"{""composite"": ""label: ee.Reducer.mode(); crops: mean x 100 rounded; n_obs: count of label"", ""crs"": ""EPSG:32636"", ""crs_transform"": [10.0, 0.0, 311580.0, 0.0, -10.0, 786600.0], ""date_end_exclusive"": ""2023-01-01"", ""date_start"": ""2022-01-01"", ""driver"": ""COG (geedim)"", ""dtype"": ""uint8"", ""n_images"": 180, ""nodata"": 255, ""resampling"": ""near (none: native grid)"", ""shape"": [14190, 14982], ""software"": {""earthengine-api"": ""1.7.45"", ""geedim"": ""2.0.0"", ""geemap"": ""0.38.8""}}",obtained,"Composite made by this script from all DW images intersecting the AOI in the period (all in the AOI's UTM zone, 10 m, same pixel lattice as the export grid). Ties in the mode go to Earth Engine's default tie rule."
Google Dynamic World V1,V1,2022-06_2022-11,aweil,data/cropland/dynamic_world/dynamic_world_v1_2022-06_2022-11_aweil.tif,Earth Engine GOOGLE/DYNAMICWORLD/V1,2026-09-27,"CC-BY-4.0 (attribution required, see README)",10 x 10 (m),EPSG:32635,label_mode; crops_mean_pct; n_obs,"label_mode: most frequent per-image top class; 0 water, 1 trees, 2 grass, 3 flooded vegetation, 4 crops, 5 shrub and scrub, 6 built, 7 bare, 8 snow and ice; 255 = no observation / outside AOI. crops_mean_pct: mean of the per-image 'crops' probability x 100, rounded (0-100); 255 = no observation. n_obs: number of cloud-free Dynamic World observations of the pixel in the period (capped at 254).",121901435,6ebe3fc798cfd0b6c784cbbf7de43ed432f13a04215fcf6821f8af506f0b7186,n/a (direct tiled download via geedim),"{""composite"": ""label: ee.Reducer.mode(); crops: mean x 100 rounded; n_obs: count of label"", ""crs"": ""EPSG:32635"", ""crs_transform"": [10.0, 0.0, 403080.0, 0.0, -10.0, 1096020.0], ""date_end_exclusive"": ""2022-12-01"", ""date_start"": ""2022-06-01"", ""driver"": ""COG (geedim)"", ""dtype"": ""uint8"", ""n_images"": 229, ""nodata"": 255, ""resampling"": ""near (none: native grid)"", ""shape"": [22566, 21270], ""software"": {""earthengine-api"": ""1.7.45"", ""geedim"": ""2.0.0"", ""geemap"": ""0.38.8""}}",obtained,"Composite made by this script from all DW images intersecting the AOI in the period (all in the AOI's UTM zone, 10 m, same pixel lattice as the export grid). Ties in the mode go to Earth Engine's default tie rule."
Google Dynamic World V1,V1,2022-06_2022-11,borsouth,data/cropland/dynamic_world/dynamic_world_v1_2022-06_2022-11_borsouth.tif,Earth Engine GOOGLE/DYNAMICWORLD/V1,2026-09-27,"CC-BY-4.0 (attribution required, see README)",10 x 10 (m),EPSG:32636,label_mode; crops_mean_pct; n_obs,"label_mode: most frequent per-image top class; 0 water, 1 trees, 2 grass, 3 flooded vegetation, 4 crops, 5 shrub and scrub, 6 built, 7 bare, 8 snow and ice; 255 = no observation / outside AOI. crops_mean_pct: mean of the per-image 'crops' probability x 100, rounded (0-100); 255 = no observation. n_obs: number of cloud-free Dynamic World observations of the pixel in the period (capped at 254).",79796545,c454ac66246518d857d7682ecb64c59eb093e1cd5ecfe2702497c094245a993b,n/a (direct tiled download via geedim),"{""composite"": ""label: ee.Reducer.mode(); crops: mean x 100 rounded; n_obs: count of label"", ""crs"": ""EPSG:32636"", ""crs_transform"": [10.0, 0.0, 311580.0, 0.0, -10.0, 786600.0], ""date_end_exclusive"": ""2022-12-01"", ""date_start"": ""2022-06-01"", ""driver"": ""COG (geedim)"", ""dtype"": ""uint8"", ""n_images"": 91, ""nodata"": 255, ""resampling"": ""near (none: native grid)"", ""shape"": [14190, 14982], ""software"": {""earthengine-api"": ""1.7.45"", ""geedim"": ""2.0.0"", ""geemap"": ""0.38.8""}}",obtained,"Composite made by this script from all DW images intersecting the AOI in the period (all in the AOI's UTM zone, 10 m, same pixel lattice as the export grid). Ties in the mode go to Earth Engine's default tie rule."
Google Open Buildings,v3,2023 (imagery up to May 2023; see README),aweil,data/cropland/open_buildings/open_buildings_v3_conf070_aweil.gpkg,Earth Engine GOOGLE/Research/open-buildings/v3/polygons,2026-09-27,CC-BY-4.0 and ODbL (dual; see README),vector polygons,EPSG:4326,confidence; area_in_meters; full_plus_code,each feature = one building footprint; confidence = model score (0.65-1.0 in the release); kept >= 0.70,85598208,479fb4417a02e0a46bf9682b2cc02815abbe9ebd1e508d60166dd697b2e35469,n/a (getDownloadURL GeoJSON per spatial cell),"{""cell_deg"": 0.25, ""dedupe"": ""full_plus_code; centroid within buffered AOI"", ""filter"": ""confidence >= 0.7"", ""max_per_request"": 15000, ""selectors"": [""confidence"", ""area_in_meters"", ""full_plus_code""], ""software"": {""earthengine-api"": ""1.7.45"", ""geedim"": ""2.0.0"", ""geemap"": ""0.38.8""}}",obtained,361030 buildings in the buffered AOI; county counts in open_buildings_v3_county_counts_aweil.csv.
Google Open Buildings,v3,2023 (imagery up to May 2023; see README),aweil,data/cropland/open_buildings/open_buildings_v3_county_counts_aweil.csv,Earth Engine GOOGLE/Research/open-buildings/v3/polygons,2026-09-27,CC-BY-4.0 and ODbL (dual; see README),vector polygons,EPSG:4326,county counts,each feature = one building footprint; confidence = model score (0.65-1.0 in the release); kept >= 0.70,175,98ba585cdf2be8b326558cdf202110625c0ae9043a8dd006d88da74ef2f215d8,n/a (getDownloadURL GeoJSON per spatial cell),"{""cell_deg"": 0.25, ""dedupe"": ""full_plus_code; centroid within buffered AOI"", ""filter"": ""confidence >= 0.7"", ""max_per_request"": 15000, ""selectors"": [""confidence"", ""area_in_meters"", ""full_plus_code""], ""software"": {""earthengine-api"": ""1.7.45"", ""geedim"": ""2.0.0"", ""geemap"": ""0.38.8""}}",obtained,"Buildings (confidence >= 0.70) per county, centroid in county."
Google Open Buildings,v3,2023 (imagery up to May 2023; see README),borsouth,data/cropland/open_buildings/open_buildings_v3_conf070_borsouth.gpkg,Earth Engine GOOGLE/Research/open-buildings/v3/polygons,2026-09-27,CC-BY-4.0 and ODbL (dual; see README),vector polygons,EPSG:4326,confidence; area_in_meters; full_plus_code,each feature = one building footprint; confidence = model score (0.65-1.0 in the release); kept >= 0.70,15863808,ff9d921ce9b490b50d0bf671376de37ee719ccc3c88940139ab4407802668aa6,n/a (getDownloadURL GeoJSON per spatial cell),"{""cell_deg"": 0.25, ""dedupe"": ""full_plus_code; centroid within buffered AOI"", ""filter"": ""confidence >= 0.7"", ""max_per_request"": 15000, ""selectors"": [""confidence"", ""area_in_meters"", ""full_plus_code""], ""software"": {""earthengine-api"": ""1.7.45"", ""geedim"": ""2.0.0"", ""geemap"": ""0.38.8""}}",obtained,66640 buildings in the buffered AOI; county counts in open_buildings_v3_county_counts_borsouth.csv.
Google Open Buildings,v3,2023 (imagery up to May 2023; see README),borsouth,data/cropland/open_buildings/open_buildings_v3_county_counts_borsouth.csv,Earth Engine GOOGLE/Research/open-buildings/v3/polygons,2026-09-27,CC-BY-4.0 and ODbL (dual; see README),vector polygons,EPSG:4326,county counts,each feature = one building footprint; confidence = model score (0.65-1.0 in the release); kept >= 0.70,68,76e185658d1f27d63c3a54db0abdcb1cda47ff2f088df0bd1533ba1c810b9d2f,n/a (getDownloadURL GeoJSON per spatial cell),"{""cell_deg"": 0.25, ""dedupe"": ""full_plus_code; centroid within buffered AOI"", ""filter"": ""confidence >= 0.7"", ""max_per_request"": 15000, ""selectors"": [""confidence"", ""area_in_meters"", ""full_plus_code""], ""software"": {""earthengine-api"": ""1.7.45"", ""geedim"": ""2.0.0"", ""geemap"": ""0.38.8""}}",obtained,"Buildings (confidence >= 0.70) per county, centroid in county."
HydroSHEDS free-flowing rivers,v1,static,south_sudan,data/cropland/hydrosheds_ffr/hydrosheds_ffr_v1_south_sudan.gpkg,Earth Engine WWF/HydroSHEDS/v1/FreeFlowingRivers,2026-09-27,"HydroSHEDS licence: free for non-commercial and commercial use, attribution required",vector lines (HydroSHEDS 15 arc-second network),EPSG:4326,"REACH_ID, NOID, NDOID, NUOID, UPLAND_SKM, RIV_ORD, DIS_AV_CMS, LENGTH_KM, CSI, CSI_FF, BAS_ID, BB_NAME, COUNTRY",UPLAND_SKM = upstream catchment area (km2); RIV_ORD = river order by long-term mean discharge (1 = largest); DIS_AV_CMS = long-term mean discharge (m3/s); CSI = connectivity status index,8929280,18dda0a7bad2c6094705ab2b6afb3606f23b2eb06da66b1830bf8d2622f64d3b,n/a (getDownloadURL GeoJSON),"{""filter"": ""intersects South Sudan (+0.02 deg)"", ""selectors"": [""REACH_ID"", ""NOID"", ""NDOID"", ""NUOID"", ""UPLAND_SKM"", ""RIV_ORD"", ""DIS_AV_CMS"", ""LENGTH_KM"", ""CSI"", ""CSI_FF"", ""BAS_ID"", ""BB_NAME"", ""COUNTRY""], ""software"": {""earthengine-api"": ""1.7.45"", ""geedim"": ""2.0.0"", ""geemap"": ""0.38.8""}}",obtained,29838 river reaches.
JRC ASAP crop mask,v04 (last updated 01-12-2023),static,global (course pack file),data-JBG060-2026/data-JBG060-2026/farmland/asap_mask_crop_v04.tif,JRC ASAP download page https://agricultural-production-hotspots.ec.europa.eu/download.php (course pack copy: farmland/),2026-09-27,"EC reuse policy (Decision 2011/833/EU): reuse authorised, source acknowledged",0.004464285715 x 0.004464285715 (deg),EPSG:4326,band 1,% of the pixel covered by temporary crops (0-100); no no-data tag in the file,111509399,d30ba037896e9f993bad6dae2bbf5f27ef568356826bcab7fdd52c112f92548b,n/a,"{""note"": ""not downloaded: course-pack file documented in place""}",obtained (course pack),"~500 m (1/224 deg) area-fraction image combining existing maps. Fritz, S., Lesiv, M., Perez Guzman, K., See, L., Meroni, M., Collivignarelli, F. and Rembold, F. (2024). Development of a new cropland and rangeland Area Fraction Image at 500 m for the ASAP system. Publications Office of the European Union, Luxembourg. doi:10.2760/32935"
JRC ASAP rangeland mask,v04 (last updated 01-12-2023),static,global (course pack file),data-JBG060-2026/data-JBG060-2026/farmland/asap_mask_rangeland_v04.tif,JRC ASAP download page https://agricultural-production-hotspots.ec.europa.eu/download.php (course pack copy: farmland/),2026-09-27,"EC reuse policy (Decision 2011/833/EU): reuse authorised, source acknowledged",0.004464285715 x 0.004464285715 (deg),EPSG:4326,band 1,% of the pixel covered by rangeland (0-100); no no-data tag in the file,392986786,9e4e40d53e8609f80f49a4d9fa4f2a6b9fc4b1cc563658fb3151b8251a9535f3,n/a,"{""note"": ""not downloaded: course-pack file documented in place""}",obtained (course pack),"~500 m (1/224 deg) area-fraction image combining existing maps. Fritz, S., Lesiv, M., Perez Guzman, K., See, L., Meroni, M., Collivignarelli, F. and Rembold, F. (2024). Development of a new cropland and rangeland Area Fraction Image at 500 m for the ASAP system. Publications Office of the European Union, Luxembourg. doi:10.2760/32935"
MERIT Hydro,v1.0.1,static,aweil,data/cropland/merit_hydro/merit_hydro_v1_0_1_hnd_upa_aweil.tif,Earth Engine MERIT/Hydro/v1_0_1,2026-09-27,CC-BY-NC-4.0 or ODbL-1.0 (non-commercial use under CC-BY-NC),0.0008333333333 x 0.0008333333333 (deg),EPSG:4326,hnd; upa,hnd: height above nearest drainage (m); upa: upstream drainage area (km2); -9999 = no data / outside AOI,19737890,d2df45ad9256b0c05306878db3d7d4b0f890894cd1d5d9169e1dd1db86038f8b,n/a (direct tiled download via geedim),"{""crs"": ""EPSG:4326"", ""crs_transform"": [0.0008333333333333334, 0.0, 26.117916666666673, 0.0, -0.0008333333333333334, 9.914583333333326], ""dtype"": ""float32"", ""nodata"": -9999.0, ""resampling"": ""near (none: native grid)"", ""shape"": [2449, 2324], ""software"": {""earthengine-api"": ""1.7.45"", ""geedim"": ""2.0.0"", ""geemap"": ""0.38.8""}}",obtained,3 arc-second (~93 m) native grid.
MERIT Hydro,v1.0.1,static,borsouth,data/cropland/merit_hydro/merit_hydro_v1_0_1_hnd_upa_borsouth.tif,Earth Engine MERIT/Hydro/v1_0_1,2026-09-27,CC-BY-NC-4.0 or ODbL-1.0 (non-commercial use under CC-BY-NC),0.0008333333333 x 0.0008333333333 (deg),EPSG:4326,hnd; upa,hnd: height above nearest drainage (m); upa: upstream drainage area (km2); -9999 = no data / outside AOI,6426930,48185ba7787f8e13a1b207b0f8e2751605adbf2b2f38ebeb3dc31307cee95ad8,n/a (direct tiled download via geedim),"{""crs"": ""EPSG:4326"", ""crs_transform"": [0.0008333333333333334, 0.0, 31.295416666666682, 0.0, -0.0008333333333333334, 7.116249999999994], ""dtype"": ""float32"", ""nodata"": -9999.0, ""resampling"": ""near (none: native grid)"", ""shape"": [1542, 1626], ""software"": {""earthengine-api"": ""1.7.45"", ""geedim"": ""2.0.0"", ""geemap"": ""0.38.8""}}",obtained,3 arc-second (~93 m) native grid.
NASA GFSAD30 Africa cropland extent (GFSAD30AFCE),V001,2015 (nominal; 2013-2016 data),aweil,data/cropland/gfsad30/GFSAD30AFCE_2015_N00E20_001_2017261090100_aweil.tif,Earth Engine projects/sat-io/open-datasets/GFSAD/GCEP30/GFSAD30AFCE_2015_N00E20_001_2017261090100 (community copy of LP DAAC granule GFSAD30AFCE_2015_N00E20_001_2017261090100; DOI 10.5067/MEaSUREs/GFSAD/GFSAD30AFCE.001),2026-09-27,"NASA EOSDIS open data, shared without restriction (cite DOI 10.5067/MEaSUREs/GFSAD/GFSAD30AFCE.001)",0.0002694945852 x 0.0002694945852 (deg),EPSG:4326,b1,"0 = water bodies / no data, 1 = non-cropland, 2 = cropland (GFSAD30AFCE User Guide V1, p. 6, section 2.1.4); 255 = outside AOI",492771,cae3c13038db11956708d15fcc01ec8f82aaf735a0787afac9bcc6073134d997,n/a (direct tiled download via geedim),"{""crs"": ""EPSG:4326"", ""crs_transform"": [0.00026949458523585647, 0.0, 26.11806772813303, 0.0, -0.00026949458523585647, 9.913897307071453], ""driver"": ""COG (geedim)"", ""dtype"": ""uint8"", ""nodata"": 255, ""resampling"": ""near (none: native grid)"", ""shape"": [7569, 7185], ""software"": {""earthengine-api"": ""1.7.45"", ""geedim"": ""2.0.0"", ""geemap"": ""0.38.8""}}",obtained,"One file per 10 deg granule, each on its own ~0.000269 deg grid; cells outside the granule are 255. Cropland includes fallow."
NASA GFSAD30 Africa cropland extent (GFSAD30AFCE),V001,2015 (nominal; 2013-2016 data),borsouth,data/cropland/gfsad30/GFSAD30AFCE_2015_N00E30_001_2017261090100_borsouth.tif,Earth Engine projects/sat-io/open-datasets/GFSAD/GCEP30/GFSAD30AFCE_2015_N00E30_001_2017261090100 (community copy of LP DAAC granule GFSAD30AFCE_2015_N00E30_001_2017261090100; DOI 10.5067/MEaSUREs/GFSAD/GFSAD30AFCE.001),2026-09-27,"NASA EOSDIS open data, shared without restriction (cite DOI 10.5067/MEaSUREs/GFSAD/GFSAD30AFCE.001)",0.0002694945852 x 0.0002694945852 (deg),EPSG:4326,b1,"0 = water bodies / no data, 1 = non-cropland, 2 = cropland (GFSAD30AFCE User Guide V1, p. 6, section 2.1.4); 255 = outside AOI",159620,e30b10099d0beaf596bbfd7243338d80e84cc3bf5deb353aa5ac4c500da36c43,n/a (direct tiled download via geedim),"{""crs"": ""EPSG:4326"", ""crs_transform"": [0.00026949458523585647, 0.0, 31.295597699684304, 0.0, -0.00026949458523585647, 7.115465533982318], ""driver"": ""COG (geedim)"", ""dtype"": ""uint8"", ""nodata"": 255, ""resampling"": ""near (none: native grid)"", ""shape"": [4763, 5027], ""software"": {""earthengine-api"": ""1.7.45"", ""geedim"": ""2.0.0"", ""geemap"": ""0.38.8""}}",obtained,"One file per 10 deg granule, each on its own ~0.000269 deg grid; cells outside the granule are 255. Cropland includes fallow."
derived: Digital Earth Africa crop_mask 2019 (object-filtered),derived,deafrica2019filt,aweil,data/cropland/derived/aweil/deafrica2019filt_crop10m_aweil.tif,processing_data/cropland/derived_cropland_layers.py from crop_mask_x207y087_2019--P1Y_filtered.tif; crop_mask_x207y088_2019--P1Y_filtered.tif; crop_mask_x207y089_2019--P1Y_filtered.tif; crop_mask_x207y090_2019--P1Y_filtered.tif; crop_mask_x208y087_2019--P1Y_filtered.tif; crop_mask_x208y088_2019--P1Y_filtered.tif; crop_mask_x208y089_2019--P1Y_filtered.tif; crop_mask_x209y088_2019--P1Y_filtered.tif; crop_mask_x209y089_2019--P1Y_filtered.tif,2026-09-27,as source product,10 x 10 (m),EPSG:32635,0/1 crop on 10 m UTM grid,"crop rule: filtered == 1; 1 = crop, 0 = not crop, 255 = no data",1601100,c6caf34289d1b82086c0b1bdee10fd77054fd168ac210b509a5a99ad444247c5,,,obtained,Nearest-neighbour onto the Sentinel-2-aligned UTM grid; no class blending.
derived: Digital Earth Africa crop_mask 2019 (object-filtered),derived,deafrica2019filt,aweil,data/cropland/derived/aweil/deafrica2019filt_crop30m_aweil.tif,processing_data/cropland/derived_cropland_layers.py from crop_mask_x207y087_2019--P1Y_filtered.tif; crop_mask_x207y088_2019--P1Y_filtered.tif; crop_mask_x207y089_2019--P1Y_filtered.tif; crop_mask_x207y090_2019--P1Y_filtered.tif; crop_mask_x208y087_2019--P1Y_filtered.tif; crop_mask_x208y088_2019--P1Y_filtered.tif; crop_mask_x208y089_2019--P1Y_filtered.tif; crop_mask_x209y088_2019--P1Y_filtered.tif; crop_mask_x209y089_2019--P1Y_filtered.tif,2026-09-27,as source product,30 x 30 (m),EPSG:32635,0/1 crop on 30 m grid (>= 5 of 9 pixels crop),"crop rule: filtered == 1; 1 = crop, 0 = not crop, 255 = no data",323527,b7e695da61a4b99b6da7288bd8ddf1583c077296ca51d2d7ee0e5d9bb0de4960,,,obtained,Nearest-neighbour onto the Sentinel-2-aligned UTM grid; no class blending.
derived: Digital Earth Africa crop_mask 2019 (object-filtered),derived,deafrica2019filt,aweil,data/cropland/derived/aweil/deafrica2019filt_cropfrac30m_aweil.tif,processing_data/cropland/derived_cropland_layers.py from crop_mask_x207y087_2019--P1Y_filtered.tif; crop_mask_x207y088_2019--P1Y_filtered.tif; crop_mask_x207y089_2019--P1Y_filtered.tif; crop_mask_x207y090_2019--P1Y_filtered.tif; crop_mask_x208y087_2019--P1Y_filtered.tif; crop_mask_x208y088_2019--P1Y_filtered.tif; crop_mask_x208y089_2019--P1Y_filtered.tif; crop_mask_x209y088_2019--P1Y_filtered.tif; crop_mask_x209y089_2019--P1Y_filtered.tif,2026-09-27,as source product,30 x 30 (m),EPSG:32635,"crop fraction on 30 m grid, % of valid 10 m pixels (0-100)",0-100 = % of valid 10 m pixels that are crop; 255 = no data (< 5 valid pixels),577652,def3d9435e76c30a35be0a050dbb2f48ad939955cfc0f903ea908c4b33ea769a,,,obtained,Nearest-neighbour onto the Sentinel-2-aligned UTM grid; no class blending.
derived: Digital Earth Africa crop_mask 2019 (object-filtered),derived,deafrica2019filt,borsouth,data/cropland/derived/borsouth/deafrica2019filt_crop10m_borsouth.tif,processing_data/cropland/derived_cropland_layers.py from crop_mask_x212y084_2019--P1Y_filtered.tif; crop_mask_x212y085_2019--P1Y_filtered.tif; crop_mask_x212y086_2019--P1Y_filtered.tif; crop_mask_x213y084_2019--P1Y_filtered.tif; crop_mask_x213y085_2019--P1Y_filtered.tif; crop_mask_x213y086_2019--P1Y_filtered.tif,2026-09-27,as source product,10 x 10 (m),EPSG:32636,0/1 crop on 10 m UTM grid,"crop rule: filtered == 1; 1 = crop, 0 = not crop, 255 = no data",459084,28450286a22cb80e6ce043e37920ad547c48b30144fa6309c96a1761ea6ee7a5,,,obtained,Nearest-neighbour onto the Sentinel-2-aligned UTM grid; no class blending.
derived: Digital Earth Africa crop_mask 2019 (object-filtered),derived,deafrica2019filt,borsouth,data/cropland/derived/borsouth/deafrica2019filt_crop30m_borsouth.tif,processing_data/cropland/derived_cropland_layers.py from crop_mask_x212y084_2019--P1Y_filtered.tif; crop_mask_x212y085_2019--P1Y_filtered.tif; crop_mask_x212y086_2019--P1Y_filtered.tif; crop_mask_x213y084_2019--P1Y_filtered.tif; crop_mask_x213y085_2019--P1Y_filtered.tif; crop_mask_x213y086_2019--P1Y_filtered.tif,2026-09-27,as source product,30 x 30 (m),EPSG:32636,0/1 crop on 30 m grid (>= 5 of 9 pixels crop),"crop rule: filtered == 1; 1 = crop, 0 = not crop, 255 = no data",118763,d94bf531a8c79c86e9342985adda3fd8dc6503e3b0e9515937bf2ab09971c2b1,,,obtained,Nearest-neighbour onto the Sentinel-2-aligned UTM grid; no class blending.
derived: Digital Earth Africa crop_mask 2019 (object-filtered),derived,deafrica2019filt,borsouth,data/cropland/derived/borsouth/deafrica2019filt_cropfrac30m_borsouth.tif,processing_data/cropland/derived_cropland_layers.py from crop_mask_x212y084_2019--P1Y_filtered.tif; crop_mask_x212y085_2019--P1Y_filtered.tif; crop_mask_x212y086_2019--P1Y_filtered.tif; crop_mask_x213y084_2019--P1Y_filtered.tif; crop_mask_x213y085_2019--P1Y_filtered.tif; crop_mask_x213y086_2019--P1Y_filtered.tif,2026-09-27,as source product,30 x 30 (m),EPSG:32636,"crop fraction on 30 m grid, % of valid 10 m pixels (0-100)",0-100 = % of valid 10 m pixels that are crop; 255 = no data (< 5 valid pixels),118841,5ce527f26aa2dfbb09949f4d0746ad475480ff621dde653516fcda0086e251c6,,,obtained,Nearest-neighbour onto the Sentinel-2-aligned UTM grid; no class blending.
derived: Digital Earth Africa crop_mask 2019 (pixel mask),derived,deafrica2019,aweil,data/cropland/derived/aweil/deafrica2019_crop10m_aweil.tif,processing_data/cropland/derived_cropland_layers.py from crop_mask_x207y087_2019--P1Y_mask.tif; crop_mask_x207y088_2019--P1Y_mask.tif; crop_mask_x207y089_2019--P1Y_mask.tif; crop_mask_x207y090_2019--P1Y_mask.tif; crop_mask_x208y087_2019--P1Y_mask.tif; crop_mask_x208y088_2019--P1Y_mask.tif; crop_mask_x208y089_2019--P1Y_mask.tif; crop_mask_x209y088_2019--P1Y_mask.tif; crop_mask_x209y089_2019--P1Y_mask.tif,2026-09-27,as source product,10 x 10 (m),EPSG:32635,0/1 crop on 10 m UTM grid,"crop rule: mask == 1 (files' no-data is 255); 1 = crop, 0 = not crop, 255 = no data",5673067,e8b6de8f95d2378c774dd2ed1c8b808cd8046ce9d16bc5639dfcf0fdcf048dd1,,,obtained,Nearest-neighbour onto the Sentinel-2-aligned UTM grid; no class blending.
derived: Digital Earth Africa crop_mask 2019 (pixel mask),derived,deafrica2019,aweil,data/cropland/derived/aweil/deafrica2019_crop30m_aweil.tif,processing_data/cropland/derived_cropland_layers.py from crop_mask_x207y087_2019--P1Y_mask.tif; crop_mask_x207y088_2019--P1Y_mask.tif; crop_mask_x207y089_2019--P1Y_mask.tif; crop_mask_x207y090_2019--P1Y_mask.tif; crop_mask_x208y087_2019--P1Y_mask.tif; crop_mask_x208y088_2019--P1Y_mask.tif; crop_mask_x208y089_2019--P1Y_mask.tif; crop_mask_x209y088_2019--P1Y_mask.tif; crop_mask_x209y089_2019--P1Y_mask.tif,2026-09-27,as source product,30 x 30 (m),EPSG:32635,0/1 crop on 30 m grid (>= 5 of 9 pixels crop),"crop rule: mask == 1 (files' no-data is 255); 1 = crop, 0 = not crop, 255 = no data",648030,23499bf97082a086e9884e7c4b431f89879a1ec866bdb8f6908f5363e394fe7d,,,obtained,Nearest-neighbour onto the Sentinel-2-aligned UTM grid; no class blending.
derived: Digital Earth Africa crop_mask 2019 (pixel mask),derived,deafrica2019,aweil,data/cropland/derived/aweil/deafrica2019_cropfrac30m_aweil.tif,processing_data/cropland/derived_cropland_layers.py from crop_mask_x207y087_2019--P1Y_mask.tif; crop_mask_x207y088_2019--P1Y_mask.tif; crop_mask_x207y089_2019--P1Y_mask.tif; crop_mask_x207y090_2019--P1Y_mask.tif; crop_mask_x208y087_2019--P1Y_mask.tif; crop_mask_x208y088_2019--P1Y_mask.tif; crop_mask_x208y089_2019--P1Y_mask.tif; crop_mask_x209y088_2019--P1Y_mask.tif; crop_mask_x209y089_2019--P1Y_mask.tif,2026-09-27,as source product,30 x 30 (m),EPSG:32635,"crop fraction on 30 m grid, % of valid 10 m pixels (0-100)",0-100 = % of valid 10 m pixels that are crop; 255 = no data (< 5 valid pixels),2531868,4418b44ac4567adb7b917eaaba8e1f283bae34c9e72499f10ec4e92818012d89,,,obtained,Nearest-neighbour onto the Sentinel-2-aligned UTM grid; no class blending.
derived: Digital Earth Africa crop_mask 2019 (pixel mask),derived,deafrica2019,borsouth,data/cropland/derived/borsouth/deafrica2019_crop10m_borsouth.tif,processing_data/cropland/derived_cropland_layers.py from crop_mask_x212y084_2019--P1Y_mask.tif; crop_mask_x212y085_2019--P1Y_mask.tif; crop_mask_x212y086_2019--P1Y_mask.tif; crop_mask_x213y084_2019--P1Y_mask.tif; crop_mask_x213y085_2019--P1Y_mask.tif; crop_mask_x213y086_2019--P1Y_mask.tif,2026-09-27,as source product,10 x 10 (m),EPSG:32636,0/1 crop on 10 m UTM grid,"crop rule: mask == 1 (files' no-data is 255); 1 = crop, 0 = not crop, 255 = no data",476414,aadacb265f9390e5c805b1c540fc5e28eb9d815b46ef7e5c298698c6a7024be0,,,obtained,Nearest-neighbour onto the Sentinel-2-aligned UTM grid; no class blending.
derived: Digital Earth Africa crop_mask 2019 (pixel mask),derived,deafrica2019,borsouth,data/cropland/derived/borsouth/deafrica2019_crop30m_borsouth.tif,processing_data/cropland/derived_cropland_layers.py from crop_mask_x212y084_2019--P1Y_mask.tif; crop_mask_x212y085_2019--P1Y_mask.tif; crop_mask_x212y086_2019--P1Y_mask.tif; crop_mask_x213y084_2019--P1Y_mask.tif; crop_mask_x213y085_2019--P1Y_mask.tif; crop_mask_x213y086_2019--P1Y_mask.tif,2026-09-27,as source product,30 x 30 (m),EPSG:32636,0/1 crop on 30 m grid (>= 5 of 9 pixels crop),"crop rule: mask == 1 (files' no-data is 255); 1 = crop, 0 = not crop, 255 = no data",119527,cdb7789d142d6036394cf6e16dc76c4f8b19876d8df0e5a7267205006437de9a,,,obtained,Nearest-neighbour onto the Sentinel-2-aligned UTM grid; no class blending.
derived: Digital Earth Africa crop_mask 2019 (pixel mask),derived,deafrica2019,borsouth,data/cropland/derived/borsouth/deafrica2019_cropfrac30m_borsouth.tif,processing_data/cropland/derived_cropland_layers.py from crop_mask_x212y084_2019--P1Y_mask.tif; crop_mask_x212y085_2019--P1Y_mask.tif; crop_mask_x212y086_2019--P1Y_mask.tif; crop_mask_x213y084_2019--P1Y_mask.tif; crop_mask_x213y085_2019--P1Y_mask.tif; crop_mask_x213y086_2019--P1Y_mask.tif,2026-09-27,as source product,30 x 30 (m),EPSG:32636,"crop fraction on 30 m grid, % of valid 10 m pixels (0-100)",0-100 = % of valid 10 m pixels that are crop; 255 = no data (< 5 valid pixels),130427,a76cc1d649c44a18fb9474c056a62416d5a06afc53b72d08df13eaf8689e6a8c,,,obtained,Nearest-neighbour onto the Sentinel-2-aligned UTM grid; no class blending.
"derived: Dynamic World V1, mode of label Jan-Dec 2022",derived,dw2022year,aweil,data/cropland/derived/aweil/dw2022year_crop10m_aweil.tif,processing_data/cropland/derived_cropland_layers.py from dynamic_world_v1_2022_aweil.tif,2026-09-27,as source product,10 x 10 (m),EPSG:32635,0/1 crop on 10 m UTM grid,"crop rule: label_mode == 4 (crops); 1 = crop, 0 = not crop, 255 = no data",2007826,dee46feed4eb7dec86e12b1a783d868f6eeb1534767adb440abfd3e6efdf09e9,,,obtained,Nearest-neighbour onto the Sentinel-2-aligned UTM grid; no class blending.
"derived: Dynamic World V1, mode of label Jan-Dec 2022",derived,dw2022year,aweil,data/cropland/derived/aweil/dw2022year_crop30m_aweil.tif,processing_data/cropland/derived_cropland_layers.py from dynamic_world_v1_2022_aweil.tif,2026-09-27,as source product,30 x 30 (m),EPSG:32635,0/1 crop on 30 m grid (>= 5 of 9 pixels crop),"crop rule: label_mode == 4 (crops); 1 = crop, 0 = not crop, 255 = no data",300117,f73159000490ea61e80e3b37e6fd81b08deed762599cf8cdc5940e62ae983102,,,obtained,Nearest-neighbour onto the Sentinel-2-aligned UTM grid; no class blending.
"derived: Dynamic World V1, mode of label Jan-Dec 2022",derived,dw2022year,aweil,data/cropland/derived/aweil/dw2022year_cropfrac30m_aweil.tif,processing_data/cropland/derived_cropland_layers.py from dynamic_world_v1_2022_aweil.tif,2026-09-27,as source product,30 x 30 (m),EPSG:32635,"crop fraction on 30 m grid, % of valid 10 m pixels (0-100)",0-100 = % of valid 10 m pixels that are crop; 255 = no data (< 5 valid pixels),567779,7643bf1a637e70a7e73ed37bc31cc7480626226ba81cac3a77dbb6c28f56bec8,,,obtained,Nearest-neighbour onto the Sentinel-2-aligned UTM grid; no class blending.
"derived: Dynamic World V1, mode of label Jan-Dec 2022",derived,dw2022year,borsouth,data/cropland/derived/borsouth/dw2022year_crop10m_borsouth.tif,processing_data/cropland/derived_cropland_layers.py from dynamic_world_v1_2022_borsouth.tif,2026-09-27,as source product,10 x 10 (m),EPSG:32636,0/1 crop on 10 m UTM grid,"crop rule: label_mode == 4 (crops); 1 = crop, 0 = not crop, 255 = no data",5631296,a1fbc9ff30ea299097f153690420de79e38c48041cb9f757f2c3aaf464b9feec,,,obtained,Nearest-neighbour onto the Sentinel-2-aligned UTM grid; no class blending.
"derived: Dynamic World V1, mode of label Jan-Dec 2022",derived,dw2022year,borsouth,data/cropland/derived/borsouth/dw2022year_crop30m_borsouth.tif,processing_data/cropland/derived_cropland_layers.py from dynamic_world_v1_2022_borsouth.tif,2026-09-27,as source product,30 x 30 (m),EPSG:32636,0/1 crop on 30 m grid (>= 5 of 9 pixels crop),"crop rule: label_mode == 4 (crops); 1 = crop, 0 = not crop, 255 = no data",953497,24667b6d9c8cebf3e661dffcf57a43c68efa163ec2d9ce3d954ac15e3b31a9b8,,,obtained,Nearest-neighbour onto the Sentinel-2-aligned UTM grid; no class blending.
"derived: Dynamic World V1, mode of label Jan-Dec 2022",derived,dw2022year,borsouth,data/cropland/derived/borsouth/dw2022year_cropfrac30m_borsouth.tif,processing_data/cropland/derived_cropland_layers.py from dynamic_world_v1_2022_borsouth.tif,2026-09-27,as source product,30 x 30 (m),EPSG:32636,"crop fraction on 30 m grid, % of valid 10 m pixels (0-100)",0-100 = % of valid 10 m pixels that are crop; 255 = no data (< 5 valid pixels),2465798,85b6c053cdf1fce08d59f9f9b2b26b4c0407619e4c50891b7f7ae7d813426b7a,,,obtained,Nearest-neighbour onto the Sentinel-2-aligned UTM grid; no class blending.
"derived: Dynamic World V1, mode of label Jun-Nov 2022",derived,dw2022jjason,aweil,data/cropland/derived/aweil/dw2022jjason_crop10m_aweil.tif,processing_data/cropland/derived_cropland_layers.py from dynamic_world_v1_2022-06_2022-11_aweil.tif,2026-09-27,as source product,10 x 10 (m),EPSG:32635,0/1 crop on 10 m UTM grid,"crop rule: label_mode == 4 (crops); 1 = crop, 0 = not crop, 255 = no data",1406282,b153761c35e299f86938fbb6fcc311d621c6480d140225bd9103b6397d73cb2c,,,obtained,Nearest-neighbour onto the Sentinel-2-aligned UTM grid; no class blending.
"derived: Dynamic World V1, mode of label Jun-Nov 2022",derived,dw2022jjason,aweil,data/cropland/derived/aweil/dw2022jjason_crop30m_aweil.tif,processing_data/cropland/derived_cropland_layers.py from dynamic_world_v1_2022-06_2022-11_aweil.tif,2026-09-27,as source product,30 x 30 (m),EPSG:32635,0/1 crop on 30 m grid (>= 5 of 9 pixels crop),"crop rule: label_mode == 4 (crops); 1 = crop, 0 = not crop, 255 = no data",186100,d52a5f2e04451e043682581542137a34d65d5521565d03fe20560c33b414b254,,,obtained,Nearest-neighbour onto the Sentinel-2-aligned UTM grid; no class blending.
"derived: Dynamic World V1, mode of label Jun-Nov 2022",derived,dw2022jjason,aweil,data/cropland/derived/aweil/dw2022jjason_cropfrac30m_aweil.tif,processing_data/cropland/derived_cropland_layers.py from dynamic_world_v1_2022-06_2022-11_aweil.tif,2026-09-27,as source product,30 x 30 (m),EPSG:32635,"crop fraction on 30 m grid, % of valid 10 m pixels (0-100)",0-100 = % of valid 10 m pixels that are crop; 255 = no data (< 5 valid pixels),285787,430c03f2dc6cdcc608e97667dce83167f51e58597500095ceff29550d814ab6a,,,obtained,Nearest-neighbour onto the Sentinel-2-aligned UTM grid; no class blending.
"derived: Dynamic World V1, mode of label Jun-Nov 2022",derived,dw2022jjason,borsouth,data/cropland/derived/borsouth/dw2022jjason_crop10m_borsouth.tif,processing_data/cropland/derived_cropland_layers.py from dynamic_world_v1_2022-06_2022-11_borsouth.tif,2026-09-27,as source product,10 x 10 (m),EPSG:32636,0/1 crop on 10 m UTM grid,"crop rule: label_mode == 4 (crops); 1 = crop, 0 = not crop, 255 = no data",5218978,24efe29a9d2459151897ac4dd073c5da8e6539be8313e884e11040d69cb977c8,,,obtained,Nearest-neighbour onto the Sentinel-2-aligned UTM grid; no class blending.
"derived: Dynamic World V1, mode of label Jun-Nov 2022",derived,dw2022jjason,borsouth,data/cropland/derived/borsouth/dw2022jjason_crop30m_borsouth.tif,processing_data/cropland/derived_cropland_layers.py from dynamic_world_v1_2022-06_2022-11_borsouth.tif,2026-09-27,as source product,30 x 30 (m),EPSG:32636,0/1 crop on 30 m grid (>= 5 of 9 pixels crop),"crop rule: label_mode == 4 (crops); 1 = crop, 0 = not crop, 255 = no data",946076,77ab0bee7b563f651cbf766476dc4c85e8c1168633e55c7462fce9dea85eea65,,,obtained,Nearest-neighbour onto the Sentinel-2-aligned UTM grid; no class blending.
"derived: Dynamic World V1, mode of label Jun-Nov 2022",derived,dw2022jjason,borsouth,data/cropland/derived/borsouth/dw2022jjason_cropfrac30m_borsouth.tif,processing_data/cropland/derived_cropland_layers.py from dynamic_world_v1_2022-06_2022-11_borsouth.tif,2026-09-27,as source product,30 x 30 (m),EPSG:32636,"crop fraction on 30 m grid, % of valid 10 m pixels (0-100)",0-100 = % of valid 10 m pixels that are crop; 255 = no data (< 5 valid pixels),2353871,d9b715e46e9a27568d8dc95c0d6e5d8a2cd630568a6305aab5aa712368c80c07,,,obtained,Nearest-neighbour onto the Sentinel-2-aligned UTM grid; no class blending.
derived: ESA WorldCereal 2021 v100 temporary crops,derived,worldcereal2021,aweil,data/cropland/derived/aweil/worldcereal2021_crop10m_aweil.tif,processing_data/cropland/derived_cropland_layers.py from worldcereal_2021_v100_temporarycrops_aez32114_aweil.tif; worldcereal_2021_v100_temporarycrops_aez36124_aweil.tif; worldcereal_2021_v100_temporarycrops_aez7091_aweil.tif,2026-09-27,as source: CC-BY-4.0,10 x 10 (m),EPSG:32635,0/1 crop on 10 m UTM grid,"crop rule: classification == 100; 1 = crop, 0 = not crop, 255 = no data",2344357,e1b9af12f84bb95acd731e03c6e900ce4a2eb7b46cd9e08fb32e2d426c3c7abb,,,obtained,Nearest-neighbour onto the Sentinel-2-aligned UTM grid; no class blending.
derived: ESA WorldCereal 2021 v100 temporary crops,derived,worldcereal2021,aweil,data/cropland/derived/aweil/worldcereal2021_crop30m_aweil.tif,processing_data/cropland/derived_cropland_layers.py from worldcereal_2021_v100_temporarycrops_aez32114_aweil.tif; worldcereal_2021_v100_temporarycrops_aez36124_aweil.tif; worldcereal_2021_v100_temporarycrops_aez7091_aweil.tif,2026-09-27,as source: CC-BY-4.0,30 x 30 (m),EPSG:32635,0/1 crop on 30 m grid (>= 5 of 9 pixels crop),"crop rule: classification == 100; 1 = crop, 0 = not crop, 255 = no data",413085,4fef917c919c2b8f6b59efea38e0b483ac1d0d8b6b3287823d6a7ccc20b07c98,,,obtained,Nearest-neighbour onto the Sentinel-2-aligned UTM grid; no class blending.
derived: ESA WorldCereal 2021 v100 temporary crops,derived,worldcereal2021,aweil,data/cropland/derived/aweil/worldcereal2021_cropfrac30m_aweil.tif,processing_data/cropland/derived_cropland_layers.py from worldcereal_2021_v100_temporarycrops_aez32114_aweil.tif; worldcereal_2021_v100_temporarycrops_aez36124_aweil.tif; worldcereal_2021_v100_temporarycrops_aez7091_aweil.tif,2026-09-27,as source: CC-BY-4.0,30 x 30 (m),EPSG:32635,"crop fraction on 30 m grid, % of valid 10 m pixels (0-100)",0-100 = % of valid 10 m pixels that are crop; 255 = no data (< 5 valid pixels),786171,57068a8bfb76d40ad45e744e947e7fec269344bbda5cec47f3fd59c718648dd7,,,obtained,Nearest-neighbour onto the Sentinel-2-aligned UTM grid; no class blending.
derived: ESA WorldCereal 2021 v100 temporary crops,derived,worldcereal2021,borsouth,data/cropland/derived/borsouth/worldcereal2021_crop10m_borsouth.tif,processing_data/cropland/derived_cropland_layers.py from worldcereal_2021_v100_temporarycrops_aez32114_borsouth.tif; worldcereal_2021_v100_temporarycrops_aez36124_borsouth.tif,2026-09-27,as source product,10 x 10 (m),EPSG:32636,0/1 crop on 10 m UTM grid,"crop rule: classification == 100; 1 = crop, 0 = not crop, 255 = no data",535554,4b8325ed9b13bc56e3e6654e6ec84e51add209935a8b83ef131e2bdde568c2a2,,,obtained,Nearest-neighbour onto the Sentinel-2-aligned UTM grid; no class blending.
derived: ESA WorldCereal 2021 v100 temporary crops,derived,worldcereal2021,borsouth,data/cropland/derived/borsouth/worldcereal2021_crop30m_borsouth.tif,processing_data/cropland/derived_cropland_layers.py from worldcereal_2021_v100_temporarycrops_aez32114_borsouth.tif; worldcereal_2021_v100_temporarycrops_aez36124_borsouth.tif,2026-09-27,as source product,30 x 30 (m),EPSG:32636,0/1 crop on 30 m grid (>= 5 of 9 pixels crop),"crop rule: classification == 100; 1 = crop, 0 = not crop, 255 = no data",76772,eb6a34a9943dc8be8bfabdc1bd7263ab7fc1c5c8207ef0a3a1578219da64f4b8,,,obtained,Nearest-neighbour onto the Sentinel-2-aligned UTM grid; no class blending.
derived: ESA WorldCereal 2021 v100 temporary crops,derived,worldcereal2021,borsouth,data/cropland/derived/borsouth/worldcereal2021_cropfrac30m_borsouth.tif,processing_data/cropland/derived_cropland_layers.py from worldcereal_2021_v100_temporarycrops_aez32114_borsouth.tif; worldcereal_2021_v100_temporarycrops_aez36124_borsouth.tif,2026-09-27,as source product,30 x 30 (m),EPSG:32636,"crop fraction on 30 m grid, % of valid 10 m pixels (0-100)",0-100 = % of valid 10 m pixels that are crop; 255 = no data (< 5 valid pixels),80328,ce9f502dbaf834594b929997f1e2b290bbf41f60e54953b888c8fbb62032e4ed,,,obtained,Nearest-neighbour onto the Sentinel-2-aligned UTM grid; no class blending.
derived: ESA WorldCover 2020 v100,derived,worldcover2020,aweil,data/cropland/derived/aweil/worldcover2020_crop10m_aweil.tif,processing_data/cropland/derived_cropland_layers.py from worldcover_2020_v100_aweil.tif,2026-09-27,as source: CC-BY-4.0,10 x 10 (m),EPSG:32635,0/1 crop on 10 m UTM grid,"crop rule: Map == 40; 1 = crop, 0 = not crop, 255 = no data",2226021,e64096e9afb94229531a3a8e46b4795a2ab2738130a500eef590e772da0c1b99,,,obtained,Nearest-neighbour onto the Sentinel-2-aligned UTM grid; no class blending.
derived: ESA WorldCover 2020 v100,derived,worldcover2020,aweil,data/cropland/derived/aweil/worldcover2020_crop30m_aweil.tif,processing_data/cropland/derived_cropland_layers.py from worldcover_2020_v100_aweil.tif,2026-09-27,as source: CC-BY-4.0,30 x 30 (m),EPSG:32635,0/1 crop on 30 m grid (>= 5 of 9 pixels crop),"crop rule: Map == 40; 1 = crop, 0 = not crop, 255 = no data",294559,a28e8f416960332471a639f57b9c4865398ec745108c4cfbb32b4a3c9d0073ba,,,obtained,Nearest-neighbour onto the Sentinel-2-aligned UTM grid; no class blending.
derived: ESA WorldCover 2020 v100,derived,worldcover2020,aweil,data/cropland/derived/aweil/worldcover2020_cropfrac30m_aweil.tif,processing_data/cropland/derived_cropland_layers.py from worldcover_2020_v100_aweil.tif,2026-09-27,as source: CC-BY-4.0,30 x 30 (m),EPSG:32635,"crop fraction on 30 m grid, % of valid 10 m pixels (0-100)",0-100 = % of valid 10 m pixels that are crop; 255 = no data (< 5 valid pixels),711348,acec53782e6b2bd3c9a37c13a05a8242e7aced76d42badbe03b9ca20bde561bc,,,obtained,Nearest-neighbour onto the Sentinel-2-aligned UTM grid; no class blending.
derived: ESA WorldCover 2020 v100,derived,worldcover2020,borsouth,data/cropland/derived/borsouth/worldcover2020_crop10m_borsouth.tif,processing_data/cropland/derived_cropland_layers.py from worldcover_2020_v100_borsouth.tif,2026-09-27,as source product,10 x 10 (m),EPSG:32636,0/1 crop on 10 m UTM grid,"crop rule: Map == 40; 1 = crop, 0 = not crop, 255 = no data",526805,0c316b288eb0eb193d4f6e98624ef558f2196839ae73bc2dd31ae7a03a7c5eb7,,,obtained,Nearest-neighbour onto the Sentinel-2-aligned UTM grid; no class blending.
derived: ESA WorldCover 2020 v100,derived,worldcover2020,borsouth,data/cropland/derived/borsouth/worldcover2020_crop30m_borsouth.tif,processing_data/cropland/derived_cropland_layers.py from worldcover_2020_v100_borsouth.tif,2026-09-27,as source product,30 x 30 (m),EPSG:32636,0/1 crop on 30 m grid (>= 5 of 9 pixels crop),"crop rule: Map == 40; 1 = crop, 0 = not crop, 255 = no data",74193,cc45db2a06347d8664b9802a011b04fb803216579a1187ed9153b1811832321c,,,obtained,Nearest-neighbour onto the Sentinel-2-aligned UTM grid; no class blending.
derived: ESA WorldCover 2020 v100,derived,worldcover2020,borsouth,data/cropland/derived/borsouth/worldcover2020_cropfrac30m_borsouth.tif,processing_data/cropland/derived_cropland_layers.py from worldcover_2020_v100_borsouth.tif,2026-09-27,as source product,30 x 30 (m),EPSG:32636,"crop fraction on 30 m grid, % of valid 10 m pixels (0-100)",0-100 = % of valid 10 m pixels that are crop; 255 = no data (< 5 valid pixels),74242,0e3265513b05f86f3fc723ac091b0fd8a87c094a99fc041e4fdf19fb99f2b2e4,,,obtained,Nearest-neighbour onto the Sentinel-2-aligned UTM grid; no class blending.
derived: ESA WorldCover 2021 v200,derived,worldcover2021,aweil,data/cropland/derived/aweil/worldcover2021_crop10m_aweil.tif,processing_data/cropland/derived_cropland_layers.py from worldcover_2021_v200_aweil.tif,2026-09-27,as source: CC-BY-4.0,10 x 10 (m),EPSG:32635,0/1 crop on 10 m UTM grid,"crop rule: Map == 40; 1 = crop, 0 = not crop, 255 = no data",1858283,ac2f5358eaf195542498339fdb262afc7751b987cb2433dad408f08b65ab5d3a,,,obtained,Nearest-neighbour onto the Sentinel-2-aligned UTM grid; no class blending.
derived: ESA WorldCover 2021 v200,derived,worldcover2021,aweil,data/cropland/derived/aweil/worldcover2021_crop30m_aweil.tif,processing_data/cropland/derived_cropland_layers.py from worldcover_2021_v200_aweil.tif,2026-09-27,as source: CC-BY-4.0,30 x 30 (m),EPSG:32635,0/1 crop on 30 m grid (>= 5 of 9 pixels crop),"crop rule: Map == 40; 1 = crop, 0 = not crop, 255 = no data",270579,01240ac933c59920992b76eae5b16e8622480c2d16abf2e4228ca21b1fc1011e,,,obtained,Nearest-neighbour onto the Sentinel-2-aligned UTM grid; no class blending.
derived: ESA WorldCover 2021 v200,derived,worldcover2021,aweil,data/cropland/derived/aweil/worldcover2021_cropfrac30m_aweil.tif,processing_data/cropland/derived_cropland_layers.py from worldcover_2021_v200_aweil.tif,2026-09-27,as source: CC-BY-4.0,30 x 30 (m),EPSG:32635,"crop fraction on 30 m grid, % of valid 10 m pixels (0-100)",0-100 = % of valid 10 m pixels that are crop; 255 = no data (< 5 valid pixels),527355,d45e6cc5d525ab1c1874182265878fd05cf466e79007aec23e14404daf665444,,,obtained,Nearest-neighbour onto the Sentinel-2-aligned UTM grid; no class blending.
derived: ESA WorldCover 2021 v200,derived,worldcover2021,borsouth,data/cropland/derived/borsouth/worldcover2021_crop10m_borsouth.tif,processing_data/cropland/derived_cropland_layers.py from worldcover_2021_v200_borsouth.tif,2026-09-27,as source product,10 x 10 (m),EPSG:32636,0/1 crop on 10 m UTM grid,"crop rule: Map == 40; 1 = crop, 0 = not crop, 255 = no data",526742,cc9dca197a40187db02f5a5dd4c2550b68f70180ec0479571d722038e25f0c82,,,obtained,Nearest-neighbour onto the Sentinel-2-aligned UTM grid; no class blending.
derived: ESA WorldCover 2021 v200,derived,worldcover2021,borsouth,data/cropland/derived/borsouth/worldcover2021_crop30m_borsouth.tif,processing_data/cropland/derived_cropland_layers.py from worldcover_2021_v200_borsouth.tif,2026-09-27,as source product,30 x 30 (m),EPSG:32636,0/1 crop on 30 m grid (>= 5 of 9 pixels crop),"crop rule: Map == 40; 1 = crop, 0 = not crop, 255 = no data",74193,cc45db2a06347d8664b9802a011b04fb803216579a1187ed9153b1811832321c,,,obtained,Nearest-neighbour onto the Sentinel-2-aligned UTM grid; no class blending.
derived: ESA WorldCover 2021 v200,derived,worldcover2021,borsouth,data/cropland/derived/borsouth/worldcover2021_cropfrac30m_borsouth.tif,processing_data/cropland/derived_cropland_layers.py from worldcover_2021_v200_borsouth.tif,2026-09-27,as source product,30 x 30 (m),EPSG:32636,"crop fraction on 30 m grid, % of valid 10 m pixels (0-100)",0-100 = % of valid 10 m pixels that are crop; 255 = no data (< 5 valid pixels),74193,cc45db2a06347d8664b9802a011b04fb803216579a1187ed9153b1811832321c,,,obtained,Nearest-neighbour onto the Sentinel-2-aligned UTM grid; no class blending.
derived: Esri/IO 10 m land cover 2021,derived,esri2021,aweil,data/cropland/derived/aweil/esri2021_crop10m_aweil.tif,processing_data/cropland/derived_cropland_layers.py from esri_lulc_2021_aweil.tif,2026-09-27,as source product,10 x 10 (m),EPSG:32635,0/1 crop on 10 m UTM grid,"crop rule: b1 == 5 (Esri original coding: 5 = crops); 1 = crop, 0 = not crop, 255 = no data",1344558,971246f127ab1fe5d9812a2e23f328c0b6af72bf5d295fb001fb7d0bd88a3115,,,obtained,Nearest-neighbour onto the Sentinel-2-aligned UTM grid; no class blending.
derived: Esri/IO 10 m land cover 2021,derived,esri2021,aweil,data/cropland/derived/aweil/esri2021_crop30m_aweil.tif,processing_data/cropland/derived_cropland_layers.py from esri_lulc_2021_aweil.tif,2026-09-27,as source product,30 x 30 (m),EPSG:32635,0/1 crop on 30 m grid (>= 5 of 9 pixels crop),"crop rule: b1 == 5 (Esri original coding: 5 = crops); 1 = crop, 0 = not crop, 255 = no data",188500,9f772d7a8181aeff5548aa870828b28e2d43291bd865fccaeb34b321e41897ec,,,obtained,Nearest-neighbour onto the Sentinel-2-aligned UTM grid; no class blending.
derived: Esri/IO 10 m land cover 2021,derived,esri2021,aweil,data/cropland/derived/aweil/esri2021_cropfrac30m_aweil.tif,processing_data/cropland/derived_cropland_layers.py from esri_lulc_2021_aweil.tif,2026-09-27,as source product,30 x 30 (m),EPSG:32635,"crop fraction on 30 m grid, % of valid 10 m pixels (0-100)",0-100 = % of valid 10 m pixels that are crop; 255 = no data (< 5 valid pixels),244199,fe2df0269f754ee34f831536f902fdc48162cb34f7a70ca1454a139aeb7bee86,,,obtained,Nearest-neighbour onto the Sentinel-2-aligned UTM grid; no class blending.
derived: Esri/IO 10 m land cover 2021,derived,esri2021,borsouth,data/cropland/derived/borsouth/esri2021_crop10m_borsouth.tif,processing_data/cropland/derived_cropland_layers.py from esri_lulc_2021_borsouth.tif,2026-09-27,as source product,10 x 10 (m),EPSG:32636,0/1 crop on 10 m UTM grid,"crop rule: b1 == 5 (Esri original coding: 5 = crops); 1 = crop, 0 = not crop, 255 = no data",537042,859acf398b4db2241f7315649279e760d6d54a8a114f1df855718e960ad82b26,,,obtained,Nearest-neighbour onto the Sentinel-2-aligned UTM grid; no class blending.
derived: Esri/IO 10 m land cover 2021,derived,esri2021,borsouth,data/cropland/derived/borsouth/esri2021_crop30m_borsouth.tif,processing_data/cropland/derived_cropland_layers.py from esri_lulc_2021_borsouth.tif,2026-09-27,as source product,30 x 30 (m),EPSG:32636,0/1 crop on 30 m grid (>= 5 of 9 pixels crop),"crop rule: b1 == 5 (Esri original coding: 5 = crops); 1 = crop, 0 = not crop, 255 = no data",76301,6d8fde5c6335b893eaba0c3ffd53b69d8634d23bf43d3f193449715055669742,,,obtained,Nearest-neighbour onto the Sentinel-2-aligned UTM grid; no class blending.
derived: Esri/IO 10 m land cover 2021,derived,esri2021,borsouth,data/cropland/derived/borsouth/esri2021_cropfrac30m_borsouth.tif,processing_data/cropland/derived_cropland_layers.py from esri_lulc_2021_borsouth.tif,2026-09-27,as source product,30 x 30 (m),EPSG:32636,"crop fraction on 30 m grid, % of valid 10 m pixels (0-100)",0-100 = % of valid 10 m pixels that are crop; 255 = no data (< 5 valid pixels),79576,3b0e43c3f88984948689158cefe7a7546b1ccd84ea1c787ba466625b9be80ae8,,,obtained,Nearest-neighbour onto the Sentinel-2-aligned UTM grid; no class blending.
derived: Esri/IO 10 m land cover 2022,derived,esri2022,aweil,data/cropland/derived/aweil/esri2022_crop10m_aweil.tif,processing_data/cropland/derived_cropland_layers.py from esri_lulc_2022_aweil.tif,2026-09-27,as source product,10 x 10 (m),EPSG:32635,0/1 crop on 10 m UTM grid,"crop rule: b1 == 5 (Esri original coding: 5 = crops); 1 = crop, 0 = not crop, 255 = no data",1333571,19fde1330fb88dd70f328007fec50e765c33487acd1ffe0f8ecec16a4a17b5ed,,,obtained,Nearest-neighbour onto the Sentinel-2-aligned UTM grid; no class blending.
derived: Esri/IO 10 m land cover 2022,derived,esri2022,aweil,data/cropland/derived/aweil/esri2022_crop30m_aweil.tif,processing_data/cropland/derived_cropland_layers.py from esri_lulc_2022_aweil.tif,2026-09-27,as source product,30 x 30 (m),EPSG:32635,0/1 crop on 30 m grid (>= 5 of 9 pixels crop),"crop rule: b1 == 5 (Esri original coding: 5 = crops); 1 = crop, 0 = not crop, 255 = no data",186102,8620fdd07b2607eb1494d3e6f5d47e7e857608d3863d4fd4788704c7a7125a66,,,obtained,Nearest-neighbour onto the Sentinel-2-aligned UTM grid; no class blending.
derived: Esri/IO 10 m land cover 2022,derived,esri2022,aweil,data/cropland/derived/aweil/esri2022_cropfrac30m_aweil.tif,processing_data/cropland/derived_cropland_layers.py from esri_lulc_2022_aweil.tif,2026-09-27,as source product,30 x 30 (m),EPSG:32635,"crop fraction on 30 m grid, % of valid 10 m pixels (0-100)",0-100 = % of valid 10 m pixels that are crop; 255 = no data (< 5 valid pixels),239495,e1fa1ef194d8822a091535d0efa7d7290923c09746c6b32602e39354d5461e85,,,obtained,Nearest-neighbour onto the Sentinel-2-aligned UTM grid; no class blending.
derived: Esri/IO 10 m land cover 2022,derived,esri2022,borsouth,data/cropland/derived/borsouth/esri2022_crop10m_borsouth.tif,processing_data/cropland/derived_cropland_layers.py from esri_lulc_2022_borsouth.tif,2026-09-27,as source product,10 x 10 (m),EPSG:32636,0/1 crop on 10 m UTM grid,"crop rule: b1 == 5 (Esri original coding: 5 = crops); 1 = crop, 0 = not crop, 255 = no data",546425,ef4ea0110c7770e751fc5e25ed3d5e0f0bd1d5b6352ccfe3a99a15c73e0a1a3b,,,obtained,Nearest-neighbour onto the Sentinel-2-aligned UTM grid; no class blending.
derived: Esri/IO 10 m land cover 2022,derived,esri2022,borsouth,data/cropland/derived/borsouth/esri2022_crop30m_borsouth.tif,processing_data/cropland/derived_cropland_layers.py from esri_lulc_2022_borsouth.tif,2026-09-27,as source product,30 x 30 (m),EPSG:32636,0/1 crop on 30 m grid (>= 5 of 9 pixels crop),"crop rule: b1 == 5 (Esri original coding: 5 = crops); 1 = crop, 0 = not crop, 255 = no data",78348,a8ab9ddce91009fd86caf0a6de9836608f9d15155f0672f8b9e751d0c1948e5d,,,obtained,Nearest-neighbour onto the Sentinel-2-aligned UTM grid; no class blending.
derived: Esri/IO 10 m land cover 2022,derived,esri2022,borsouth,data/cropland/derived/borsouth/esri2022_cropfrac30m_borsouth.tif,processing_data/cropland/derived_cropland_layers.py from esri_lulc_2022_borsouth.tif,2026-09-27,as source product,30 x 30 (m),EPSG:32636,"crop fraction on 30 m grid, % of valid 10 m pixels (0-100)",0-100 = % of valid 10 m pixels that are crop; 255 = no data (< 5 valid pixels),84999,b3e1bbf00027426f134cda73fd79b1a81c7a4688d6a70dc5cd593b2eb18118a4,,,obtained,Nearest-neighbour onto the Sentinel-2-aligned UTM grid; no class blending.
derived: Esri/IO 10 m land cover 2023,derived,esri2023,aweil,data/cropland/derived/aweil/esri2023_crop10m_aweil.tif,processing_data/cropland/derived_cropland_layers.py from esri_lulc_2023_aweil.tif,2026-09-27,as source product,10 x 10 (m),EPSG:32635,0/1 crop on 10 m UTM grid,"crop rule: b1 == 5 (Esri original coding: 5 = crops); 1 = crop, 0 = not crop, 255 = no data",1322070,8e1c4afcfa330e41ee05facfabfc6a60849e5bcf17dba59a38e2c9dea8415ef6,,,obtained,Nearest-neighbour onto the Sentinel-2-aligned UTM grid; no class blending.
derived: Esri/IO 10 m land cover 2023,derived,esri2023,aweil,data/cropland/derived/aweil/esri2023_crop30m_aweil.tif,processing_data/cropland/derived_cropland_layers.py from esri_lulc_2023_aweil.tif,2026-09-27,as source product,30 x 30 (m),EPSG:32635,0/1 crop on 30 m grid (>= 5 of 9 pixels crop),"crop rule: b1 == 5 (Esri original coding: 5 = crops); 1 = crop, 0 = not crop, 255 = no data",183305,7f83496694974def57d9926dd9be2e3c8b9ecd815a608a822723e9062c6acc36,,,obtained,Nearest-neighbour onto the Sentinel-2-aligned UTM grid; no class blending.
derived: Esri/IO 10 m land cover 2023,derived,esri2023,aweil,data/cropland/derived/aweil/esri2023_cropfrac30m_aweil.tif,processing_data/cropland/derived_cropland_layers.py from esri_lulc_2023_aweil.tif,2026-09-27,as source product,30 x 30 (m),EPSG:32635,"crop fraction on 30 m grid, % of valid 10 m pixels (0-100)",0-100 = % of valid 10 m pixels that are crop; 255 = no data (< 5 valid pixels),232980,4915d9da04021fc28348d3cce3a8131e3267492ae36d21d5eb64dde9de19bfce,,,obtained,Nearest-neighbour onto the Sentinel-2-aligned UTM grid; no class blending.
derived: Esri/IO 10 m land cover 2023,derived,esri2023,borsouth,data/cropland/derived/borsouth/esri2023_crop10m_borsouth.tif,processing_data/cropland/derived_cropland_layers.py from esri_lulc_2023_borsouth.tif,2026-09-27,as source product,10 x 10 (m),EPSG:32636,0/1 crop on 10 m UTM grid,"crop rule: b1 == 5 (Esri original coding: 5 = crops); 1 = crop, 0 = not crop, 255 = no data",533153,9251d6feb7a10dd78c5949fd1ac622de36c61c19efa77a4c50e9249e1e9c278f,,,obtained,Nearest-neighbour onto the Sentinel-2-aligned UTM grid; no class blending.
derived: Esri/IO 10 m land cover 2023,derived,esri2023,borsouth,data/cropland/derived/borsouth/esri2023_crop30m_borsouth.tif,processing_data/cropland/derived_cropland_layers.py from esri_lulc_2023_borsouth.tif,2026-09-27,as source product,30 x 30 (m),EPSG:32636,0/1 crop on 30 m grid (>= 5 of 9 pixels crop),"crop rule: b1 == 5 (Esri original coding: 5 = crops); 1 = crop, 0 = not crop, 255 = no data",75403,25ae22cefa019bd22a54054d946f787b6f2f890ead4216645e68d28471355589,,,obtained,Nearest-neighbour onto the Sentinel-2-aligned UTM grid; no class blending.
derived: Esri/IO 10 m land cover 2023,derived,esri2023,borsouth,data/cropland/derived/borsouth/esri2023_cropfrac30m_borsouth.tif,processing_data/cropland/derived_cropland_layers.py from esri_lulc_2023_borsouth.tif,2026-09-27,as source product,30 x 30 (m),EPSG:32636,"crop fraction on 30 m grid, % of valid 10 m pixels (0-100)",0-100 = % of valid 10 m pixels that are crop; 255 = no data (< 5 valid pixels),77699,4a4298182e8173b358a5779c011b7003a49e28f32d295173a1bd979ccd468ab7,,,obtained,Nearest-neighbour onto the Sentinel-2-aligned UTM grid; no class blending.
derived: Esri/IO 10 m land cover 2024,derived,esri2024,aweil,data/cropland/derived/aweil/esri2024_crop10m_aweil.tif,processing_data/cropland/derived_cropland_layers.py from esri_lulc_2024_aweil.tif,2026-09-27,as source product,10 x 10 (m),EPSG:32635,0/1 crop on 10 m UTM grid,"crop rule: b1 == 5 (Esri original coding: 5 = crops); 1 = crop, 0 = not crop, 255 = no data",1337036,fc9d19e1538cf20c1bae6afa177aea33381f9835da3a0c5163f1eeb8ca7b6e70,,,obtained,Nearest-neighbour onto the Sentinel-2-aligned UTM grid; no class blending.
derived: Esri/IO 10 m land cover 2024,derived,esri2024,aweil,data/cropland/derived/aweil/esri2024_crop30m_aweil.tif,processing_data/cropland/derived_cropland_layers.py from esri_lulc_2024_aweil.tif,2026-09-27,as source product,30 x 30 (m),EPSG:32635,0/1 crop on 30 m grid (>= 5 of 9 pixels crop),"crop rule: b1 == 5 (Esri original coding: 5 = crops); 1 = crop, 0 = not crop, 255 = no data",186932,a027d500e5eb96e9441f6aed16ba619e0e605bb83f125e9d37fa0015c2521b7e,,,obtained,Nearest-neighbour onto the Sentinel-2-aligned UTM grid; no class blending.
derived: Esri/IO 10 m land cover 2024,derived,esri2024,aweil,data/cropland/derived/aweil/esri2024_cropfrac30m_aweil.tif,processing_data/cropland/derived_cropland_layers.py from esri_lulc_2024_aweil.tif,2026-09-27,as source product,30 x 30 (m),EPSG:32635,"crop fraction on 30 m grid, % of valid 10 m pixels (0-100)",0-100 = % of valid 10 m pixels that are crop; 255 = no data (< 5 valid pixels),240613,1931542a179a5f94cb6fdd9e2c050327a88a758216855fc577a6d8aa2fd511ed,,,obtained,Nearest-neighbour onto the Sentinel-2-aligned UTM grid; no class blending.
derived: Esri/IO 10 m land cover 2024,derived,esri2024,borsouth,data/cropland/derived/borsouth/esri2024_crop10m_borsouth.tif,processing_data/cropland/derived_cropland_layers.py from esri_lulc_2024_borsouth.tif,2026-09-27,as source product,10 x 10 (m),EPSG:32636,0/1 crop on 10 m UTM grid,"crop rule: b1 == 5 (Esri original coding: 5 = crops); 1 = crop, 0 = not crop, 255 = no data",530628,4a03359b084d43786c9b9b4d79f5680ea5bd388b8da613e4c2c18f139ca70945,,,obtained,Nearest-neighbour onto the Sentinel-2-aligned UTM grid; no class blending.
derived: Esri/IO 10 m land cover 2024,derived,esri2024,borsouth,data/cropland/derived/borsouth/esri2024_crop30m_borsouth.tif,processing_data/cropland/derived_cropland_layers.py from esri_lulc_2024_borsouth.tif,2026-09-27,as source product,30 x 30 (m),EPSG:32636,0/1 crop on 30 m grid (>= 5 of 9 pixels crop),"crop rule: b1 == 5 (Esri original coding: 5 = crops); 1 = crop, 0 = not crop, 255 = no data",74977,e6ea18d96c9e8ea9a42cec7426555b947a5d383d9b66b65152093494098e8453,,,obtained,Nearest-neighbour onto the Sentinel-2-aligned UTM grid; no class blending.
derived: Esri/IO 10 m land cover 2024,derived,esri2024,borsouth,data/cropland/derived/borsouth/esri2024_cropfrac30m_borsouth.tif,processing_data/cropland/derived_cropland_layers.py from esri_lulc_2024_borsouth.tif,2026-09-27,as source product,30 x 30 (m),EPSG:32636,"crop fraction on 30 m grid, % of valid 10 m pixels (0-100)",0-100 = % of valid 10 m pixels that are crop; 255 = no data (< 5 valid pixels),76373,291e60115eb1d906bb2f635feab7b19a1bbb148e4d27ed5fbf3455abba51e4dc,,,obtained,Nearest-neighbour onto the Sentinel-2-aligned UTM grid; no class blending.
derived: GFSAD30 Africa cropland extent 2015,derived,gfsad2015,aweil,data/cropland/derived/aweil/gfsad2015_crop10m_aweil.tif,processing_data/cropland/derived_cropland_layers.py from GFSAD30AFCE_2015_N00E20_001_2017261090100_aweil.tif,2026-09-27,as source product,10 x 10 (m),EPSG:32635,0/1 crop on 10 m UTM grid,"crop rule: b1 == 2 (0 = water/no data and 1 = non-cropland count as not crop); 1 = crop, 0 = not crop, 255 = no data",1524196,d1d9ae49fc9717ceef33efb7e2c1a128654eebf478fd7acf05750c7d90e293a2,,,obtained,Nearest-neighbour onto the Sentinel-2-aligned UTM grid; no class blending.
derived: GFSAD30 Africa cropland extent 2015,derived,gfsad2015,aweil,data/cropland/derived/aweil/gfsad2015_crop30m_aweil.tif,processing_data/cropland/derived_cropland_layers.py from GFSAD30AFCE_2015_N00E20_001_2017261090100_aweil.tif,2026-09-27,as source product,30 x 30 (m),EPSG:32635,0/1 crop on 30 m grid (>= 5 of 9 pixels crop),"crop rule: b1 == 2 (0 = water/no data and 1 = non-cropland count as not crop); 1 = crop, 0 = not crop, 255 = no data",329672,8a8b1530ef4929a3e69bd917b86849d6931fb95a2bdd556f80aef1b0b49f59b9,,,obtained,Nearest-neighbour onto the Sentinel-2-aligned UTM grid; no class blending.
derived: GFSAD30 Africa cropland extent 2015,derived,gfsad2015,aweil,data/cropland/derived/aweil/gfsad2015_cropfrac30m_aweil.tif,processing_data/cropland/derived_cropland_layers.py from GFSAD30AFCE_2015_N00E20_001_2017261090100_aweil.tif,2026-09-27,as source product,30 x 30 (m),EPSG:32635,"crop fraction on 30 m grid, % of valid 10 m pixels (0-100)",0-100 = % of valid 10 m pixels that are crop; 255 = no data (< 5 valid pixels),459096,63142d73a98a00545b73a7862ce80ae5e0ca36fd4e7fa2c3172885d891ee01bc,,,obtained,Nearest-neighbour onto the Sentinel-2-aligned UTM grid; no class blending.
derived: GFSAD30 Africa cropland extent 2015,derived,gfsad2015,borsouth,data/cropland/derived/borsouth/gfsad2015_crop10m_borsouth.tif,processing_data/cropland/derived_cropland_layers.py from GFSAD30AFCE_2015_N00E30_001_2017261090100_borsouth.tif,2026-09-27,as source product,10 x 10 (m),EPSG:32636,0/1 crop on 10 m UTM grid,"crop rule: b1 == 2 (0 = water/no data and 1 = non-cropland count as not crop); 1 = crop, 0 = not crop, 255 = no data",551091,f2fedcf1172a80bdde37bc559e2623a2cd41ad96f0726852a1ca682d045b6918,,,obtained,Nearest-neighbour onto the Sentinel-2-aligned UTM grid; no class blending.
derived: GFSAD30 Africa cropland extent 2015,derived,gfsad2015,borsouth,data/cropland/derived/borsouth/gfsad2015_crop30m_borsouth.tif,processing_data/cropland/derived_cropland_layers.py from GFSAD30AFCE_2015_N00E30_001_2017261090100_borsouth.tif,2026-09-27,as source product,30 x 30 (m),EPSG:32636,0/1 crop on 30 m grid (>= 5 of 9 pixels crop),"crop rule: b1 == 2 (0 = water/no data and 1 = non-cropland count as not crop); 1 = crop, 0 = not crop, 255 = no data",93433,92f9aa318df1e248e50a1e4af13ff8c41791e0b3d27228439041b5bb400fd584,,,obtained,Nearest-neighbour onto the Sentinel-2-aligned UTM grid; no class blending.
derived: GFSAD30 Africa cropland extent 2015,derived,gfsad2015,borsouth,data/cropland/derived/borsouth/gfsad2015_cropfrac30m_borsouth.tif,processing_data/cropland/derived_cropland_layers.py from GFSAD30AFCE_2015_N00E30_001_2017261090100_borsouth.tif,2026-09-27,as source product,30 x 30 (m),EPSG:32636,"crop fraction on 30 m grid, % of valid 10 m pixels (0-100)",0-100 = % of valid 10 m pixels that are crop; 255 = no data (< 5 valid pixels),109640,4c2ba81b0f4464bb1fe42b0d4030ec698abef736e44cce54e00f3bba18c28bcf,,,obtained,Nearest-neighbour onto the Sentinel-2-aligned UTM grid; no class blending.
derived: GLAD cropland 2012-2015,derived,glad2015,aweil,data/cropland/derived/aweil/glad2015_crop10m_aweil.tif,processing_data/cropland/derived_cropland_layers.py from glad_cropland_2012-2015_aweil.tif,2026-09-27,as source product,10 x 10 (m),EPSG:32635,0/1 crop on 10 m UTM grid,"crop rule: b1 == 1; 1 = crop, 0 = not crop, 255 = no data",1478002,0548c8503c5e2b1a6112c25ee42931adc91830d089892e00c7d533422e30f8a0,,,obtained,Nearest-neighbour onto the Sentinel-2-aligned UTM grid; no class blending.
derived: GLAD cropland 2012-2015,derived,glad2015,aweil,data/cropland/derived/aweil/glad2015_crop30m_aweil.tif,processing_data/cropland/derived_cropland_layers.py from glad_cropland_2012-2015_aweil.tif,2026-09-27,as source product,30 x 30 (m),EPSG:32635,0/1 crop on 30 m grid (>= 5 of 9 pixels crop),"crop rule: b1 == 1; 1 = crop, 0 = not crop, 255 = no data",280655,5626ffee253cb18fdfd6edcc607cdbbf0f5090249ba005682b46b3a080451470,,,obtained,Nearest-neighbour onto the Sentinel-2-aligned UTM grid; no class blending.
derived: GLAD cropland 2012-2015,derived,glad2015,aweil,data/cropland/derived/aweil/glad2015_cropfrac30m_aweil.tif,processing_data/cropland/derived_cropland_layers.py from glad_cropland_2012-2015_aweil.tif,2026-09-27,as source product,30 x 30 (m),EPSG:32635,"crop fraction on 30 m grid, % of valid 10 m pixels (0-100)",0-100 = % of valid 10 m pixels that are crop; 255 = no data (< 5 valid pixels),437806,2ca775a55266bbd569a5019906fa6e4fa344b3e3e3e843727a364c30bf575e18,,,obtained,Nearest-neighbour onto the Sentinel-2-aligned UTM grid; no class blending.
derived: GLAD cropland 2012-2015,derived,glad2015,borsouth,data/cropland/derived/borsouth/glad2015_crop10m_borsouth.tif,processing_data/cropland/derived_cropland_layers.py from glad_cropland_2012-2015_borsouth.tif,2026-09-27,as source product,10 x 10 (m),EPSG:32636,0/1 crop on 10 m UTM grid,"crop rule: b1 == 1; 1 = crop, 0 = not crop, 255 = no data",546395,ff720b69968d09fac5e3e0634acf0b09549c0ca16efff3ab107e6014058be8e8,,,obtained,Nearest-neighbour onto the Sentinel-2-aligned UTM grid; no class blending.
derived: GLAD cropland 2012-2015,derived,glad2015,borsouth,data/cropland/derived/borsouth/glad2015_crop30m_borsouth.tif,processing_data/cropland/derived_cropland_layers.py from glad_cropland_2012-2015_borsouth.tif,2026-09-27,as source product,30 x 30 (m),EPSG:32636,0/1 crop on 30 m grid (>= 5 of 9 pixels crop),"crop rule: b1 == 1; 1 = crop, 0 = not crop, 255 = no data",89844,e88d2dfaf5bbb97a4eaf54b5f3657c614b96837d3a597167af972500d8aad23b,,,obtained,Nearest-neighbour onto the Sentinel-2-aligned UTM grid; no class blending.
derived: GLAD cropland 2012-2015,derived,glad2015,borsouth,data/cropland/derived/borsouth/glad2015_cropfrac30m_borsouth.tif,processing_data/cropland/derived_cropland_layers.py from glad_cropland_2012-2015_borsouth.tif,2026-09-27,as source product,30 x 30 (m),EPSG:32636,"crop fraction on 30 m grid, % of valid 10 m pixels (0-100)",0-100 = % of valid 10 m pixels that are crop; 255 = no data (< 5 valid pixels),105932,53d9612d5d1b9c415cf0c1de9b9b845968a9d73fbbc0f97b2238de0184506050,,,obtained,Nearest-neighbour onto the Sentinel-2-aligned UTM grid; no class blending.
derived: GLAD cropland 2016-2019,derived,glad2019,aweil,data/cropland/derived/aweil/glad2019_crop10m_aweil.tif,processing_data/cropland/derived_cropland_layers.py from glad_cropland_2016-2019_aweil.tif,2026-09-27,as source product,10 x 10 (m),EPSG:32635,0/1 crop on 10 m UTM grid,"crop rule: b1 == 1; 1 = crop, 0 = not crop, 255 = no data",1661431,3239023b6d77fd020961feede84f5a65995df2ad3a7f0f4a39a808fc2cb4459c,,,obtained,Nearest-neighbour onto the Sentinel-2-aligned UTM grid; no class blending.
derived: GLAD cropland 2016-2019,derived,glad2019,aweil,data/cropland/derived/aweil/glad2019_crop30m_aweil.tif,processing_data/cropland/derived_cropland_layers.py from glad_cropland_2016-2019_aweil.tif,2026-09-27,as source product,30 x 30 (m),EPSG:32635,0/1 crop on 30 m grid (>= 5 of 9 pixels crop),"crop rule: b1 == 1; 1 = crop, 0 = not crop, 255 = no data",369172,76c5705f4e207d9aac029581ffb01de2e1e9acb6b9ec2ab772a0efa4995de119,,,obtained,Nearest-neighbour onto the Sentinel-2-aligned UTM grid; no class blending.
derived: GLAD cropland 2016-2019,derived,glad2019,aweil,data/cropland/derived/aweil/glad2019_cropfrac30m_aweil.tif,processing_data/cropland/derived_cropland_layers.py from glad_cropland_2016-2019_aweil.tif,2026-09-27,as source product,30 x 30 (m),EPSG:32635,"crop fraction on 30 m grid, % of valid 10 m pixels (0-100)",0-100 = % of valid 10 m pixels that are crop; 255 = no data (< 5 valid pixels),594087,11607b4ab7457fc7ed07c88e61b7e25dd0d5996190bdf79bbbf0d6a2de6dc210,,,obtained,Nearest-neighbour onto the Sentinel-2-aligned UTM grid; no class blending.
derived: GLAD cropland 2016-2019,derived,glad2019,borsouth,data/cropland/derived/borsouth/glad2019_crop10m_borsouth.tif,processing_data/cropland/derived_cropland_layers.py from glad_cropland_2016-2019_borsouth.tif,2026-09-27,as source product,10 x 10 (m),EPSG:32636,0/1 crop on 10 m UTM grid,"crop rule: b1 == 1; 1 = crop, 0 = not crop, 255 = no data",548077,849c6da79c54a7b4bd60c115c7ad273f70dc146ad72b5c6ec2bae06ac6249ee5,,,obtained,Nearest-neighbour onto the Sentinel-2-aligned UTM grid; no class blending.
derived: GLAD cropland 2016-2019,derived,glad2019,borsouth,data/cropland/derived/borsouth/glad2019_crop30m_borsouth.tif,processing_data/cropland/derived_cropland_layers.py from glad_cropland_2016-2019_borsouth.tif,2026-09-27,as source product,30 x 30 (m),EPSG:32636,0/1 crop on 30 m grid (>= 5 of 9 pixels crop),"crop rule: b1 == 1; 1 = crop, 0 = not crop, 255 = no data",90788,a6ef748ed6a391f9835d77ed53e0fd4c8e80fc4b95487558e90d3e46a2ec336d,,,obtained,Nearest-neighbour onto the Sentinel-2-aligned UTM grid; no class blending.
derived: GLAD cropland 2016-2019,derived,glad2019,borsouth,data/cropland/derived/borsouth/glad2019_cropfrac30m_borsouth.tif,processing_data/cropland/derived_cropland_layers.py from glad_cropland_2016-2019_borsouth.tif,2026-09-27,as source product,30 x 30 (m),EPSG:32636,"crop fraction on 30 m grid, % of valid 10 m pixels (0-100)",0-100 = % of valid 10 m pixels that are crop; 255 = no data (< 5 valid pixels),107085,cc7578a0b5f7ba441ac889fa87d0eca674d8abf6a1b0fa88316dc79fc6a5f133,,,obtained,Nearest-neighbour onto the Sentinel-2-aligned UTM grid; no class blending.
derived: county cropland areas,derived,various,aweil; borsouth,data/cropland/county_cropland_areas.csv,processing_data/cropland/derived_cropland_layers.py,2026-09-27,as source products,,,table,"ha of cropland per county per product (native pixels, pixel centre in county); ASAP = sum of % cover x pixel area; CFSAM = 2022 main-harvest cereal area harvested (modelled, context only)",1162,0c5916684dc9a735d668364bdcffe295c0ff7f0cbe36829f5c1c1d985689da0f,,,obtained,Not an accuracy assessment.
"derived: distance to nearest building (Open Buildings v3, conf >= 0.70)",derived,2023,aweil,data/cropland/derived/aweil/dist_to_building_30m_aweil.tif,processing_data/cropland/derived_cropland_layers.py from open_buildings_v3_conf070_aweil.gpkg,2026-09-27,as source: CC-BY-4.0 (Earth Engine catalogue),30 x 30 (m),EPSG:32635,distance (m),"metres from 30 m cell centre to nearest building cell centre, capped at 1500; 0 = cell touches a building; 65535 = outside buffered AOI",5662301,3d6d8ed2528f055534b5160f1811ae5b10e629b75dfa5b72deaef8450688e000,,,obtained,Buildings burned with all_touched; exact within the cap (tiled EDT with halo).
"derived: distance to nearest building (Open Buildings v3, conf >= 0.70)",derived,2023,borsouth,data/cropland/derived/borsouth/dist_to_building_30m_borsouth.tif,processing_data/cropland/derived_cropland_layers.py from open_buildings_v3_conf070_borsouth.gpkg,2026-09-27,as source: CC-BY-4.0 (Earth Engine catalogue),30 x 30 (m),EPSG:32636,distance (m),"metres from 30 m cell centre to nearest building cell centre, capped at 1500; 0 = cell touches a building; 65535 = outside buffered AOI",1235570,0e087018a15cba9a44f7b5fba15692dc14e4d8bbf5924fead02092aa531768b1,,,obtained,Buildings burned with all_touched; exact within the cap (tiled EDT with halo).
derived: map-to-map cropland agreement,derived,2015-2022,aweil; borsouth,data/cropland/agreement/county_crop_share.csv,processing_data/cropland/cropland_agreement.py,2026-09-27,as source products,,,county_crop_share.csv,"agreement between maps, NOT accuracy; maps: worldcereal2021, worldcover2021, esri2022, dw2022jjason, deafrica2019, glad2019, gfsad2015",6410,2da8390f850939e8a0b5a5a6a04b133223d2a6e5963ae8087b4ca50209213ef0,,,obtained,"30 m cells, cell centre in county."
derived: map-to-map cropland agreement,derived,2015-2022,aweil; borsouth,data/cropland/agreement/pairwise_agreement.csv,processing_data/cropland/cropland_agreement.py,2026-09-27,as source products,,,pairwise_agreement.csv,"agreement between maps, NOT accuracy; maps: worldcereal2021, worldcover2021, esri2022, dw2022jjason, deafrica2019, glad2019, gfsad2015",12541,763c7069312d44b2835d2923517f5539024c136872b03c07c06c95b65cc1f780,,,obtained,"30 m cells, cell centre in county."
derived: map-to-map cropland agreement,derived,2015-2022,aweil; borsouth,data/cropland/agreement/strata_n_maps.csv,processing_data/cropland/cropland_agreement.py,2026-09-27,as source products,,,strata_n_maps.csv,"agreement between maps, NOT accuracy; maps: worldcereal2021, worldcover2021, esri2022, dw2022jjason, deafrica2019, glad2019, gfsad2015",5274,fffca957763589c5d629ace4e6e7a6a3cc55923d3543a40414ba4ef1f4282051,,,obtained,"30 m cells, cell centre in county."
derived: number of maps saying crop,derived,2021-2022,aweil,data/cropland/derived/aweil/n_maps_crop_30m_aweil.tif,derived from worldcereal2021_crop30m_aweil.tif; worldcover2021_crop30m_aweil.tif; esri2022_crop30m_aweil.tif; dw2022jjason_crop30m_aweil.tif,2026-09-27,as source products,30 x 30 (m),EPSG:32635,count 0-4,"0-4 = number of these 30 m crop layers saying crop: worldcereal2021, worldcover2021, esri2022, dw2022jjason; 255 = any member has no data",535156,ba19e306ca75fa14de97ce64b32cd3ecd50bd01afdf0d4c5ab973c97c71e03c0,,,obtained,"Members: WorldCereal 2021, WorldCover 2021, Esri 2022, Dynamic World Jun-Nov 2022."
derived: number of maps saying crop,derived,2021-2022,borsouth,data/cropland/derived/borsouth/n_maps_crop_30m_borsouth.tif,derived from worldcereal2021_crop30m_borsouth.tif; worldcover2021_crop30m_borsouth.tif; esri2022_crop30m_borsouth.tif; dw2022jjason_crop30m_borsouth.tif,2026-09-27,as source products,30 x 30 (m),EPSG:32636,count 0-4,"0-4 = number of these 30 m crop layers saying crop: worldcereal2021, worldcover2021, esri2022, dw2022jjason; 255 = any member has no data",950221,d3768ebfab630618f97396545c1e54adc9f4dbcee24010cc193c06b54f77fd3e,,,obtained,"Members: WorldCereal 2021, WorldCover 2021, Esri 2022, Dynamic World Jun-Nov 2022."
derived: number of maps saying crop (7 maps),derived,2015-2022,aweil,data/cropland/agreement/n_maps7_crop_30m_aweil.tif,processing_data/cropland/cropland_agreement.py,2026-09-27,as source products,30 x 30 (m),EPSG:32635,count 0-7,"0-7 maps saying crop among worldcereal2021, worldcover2021, esri2022, dw2022jjason, deafrica2019, glad2019, gfsad2015; 255 = no data in any of them",1098015,9cf6121118577d97c43c2c65123a82fd54e1c30834918cf0b539dc0a7c90d97d,,,obtained,Stratification aid; not accuracy.
derived: number of maps saying crop (7 maps),derived,2015-2022,borsouth,data/cropland/agreement/n_maps7_crop_30m_borsouth.tif,processing_data/cropland/cropland_agreement.py,2026-09-27,as source products,30 x 30 (m),EPSG:32636,count 0-7,"0-7 maps saying crop among worldcereal2021, worldcover2021, esri2022, dw2022jjason, deafrica2019, glad2019, gfsad2015; 255 = no data in any of them",1019314,e0cbdc12b49d86da609d28dae3aa7ec0e2a7da2f2c6e838008fd5ba1ce74267c,,,obtained,Stratification aid; not accuracy.
