model,target,lead,fold,test_years,n_test,n_train,mae,rmse,mae_log,skill_vs_persistence,skill_vs_climatology,note,best_baseline_mae,skill_vs_best_baseline,best_of_three_mae,skill_vs_best_of_three
gbt,change,1,1,2010-2011,72,334,1855.4253152576505,3667.643540938458,0.9474434881614,0.0494814991742799,0.0810387465303738,,1952.013888888889,0.04948149917427991,1777.5522509389266,-0.04380915625832671
persistence,change,1,1,2010-2011,72,334,1952.013888888889,4091.658603182822,0.9144775249800492,0.0,0.0332000348532721,,1952.013888888889,0.0,1777.5522509389266,-0.09814712217759536
climatology,change,1,1,2010-2011,72,334,2019.046296296296,3828.071840521468,1.088187713520391,-0.034340128310031,0.0,,1952.013888888889,-0.03434012831003108,1777.5522509389266,-0.13585763525646533
elasticnet,change,1,1,2010-2011,72,334,1804.5610825783767,3775.954495612694,0.8910926053767777,0.0755388100206826,0.1062309537484934,,1952.013888888889,0.07553881002068286,1777.5522509389266,-0.015194395340662359
transformer,change,1,1,2010-2011,72,334,2106.833969487251,4266.674462093477,0.953527758881692,-0.0793130015516887,-0.0434797722825828,seeded + op determinism ON,1952.013888888889,-0.07931300155168874,1777.5522509389266,-0.1852444665828492
gbt,change,1,2,2012-2013,72,406,1520.036859869111,3047.646289772245,0.7156470391873072,-0.0627873594159471,0.2114287182383238,,1430.236111111111,-0.06278735941594715,1242.1000155290865,-0.2237636590171317
persistence,change,1,2,2012-2013,72,406,1430.236111111111,2587.0008670487746,0.7671261048337715,0.0,0.2580159382070237,,1430.236111111111,0.0,1242.1000155290865,-0.15146614059245933
climatology,change,1,2,2012-2013,72,406,1927.5833333333333,3535.251668098828,0.902748145298343,-0.3477378443730152,0.0,,1430.236111111111,-0.34773784437301525,1242.1000155290865,-0.5518744941905966
elasticnet,change,1,2,2012-2013,72,406,1377.505065343354,2579.401288644841,0.7583913024253637,0.0368687696794284,0.2853719776870758,,1430.236111111111,0.036868769679428426,1242.1000155290865,-0.10901300066129571
transformer,change,1,2,2012-2013,72,406,2097.1056854172616,4431.173414440809,0.802182498469551,-0.4662653733362094,-0.0879455373743953,seeded + op determinism ON,1430.236111111111,-0.46626537333620943,1242.1000155290865,-0.6883549305198067
gbt,change,1,3,2014-2015,72,478,3107.6410332080222,5196.968626334278,0.7349442165778426,-0.1391646016158438,0.3909140290360731,,2728.0,-0.13916460161584387,2728.0,-0.13916460161584387
persistence,change,1,3,2014-2015,72,478,2728.0,4703.638287420588,0.651210944922776,0.0,0.4653222457053431,,2728.0,0.0,2728.0,0.0
climatology,change,1,3,2014-2015,72,478,5102.138583638584,9741.75313957544,0.8645987292831758,-0.8702854045595985,0.0,,2728.0,-0.8702854045595985,2728.0,-0.8702854045595985
elasticnet,change,1,3,2014-2015,72,478,2913.399679685535,4680.85151190493,0.6528576700622479,-0.0679617594155186,0.4289846048031398,,2728.0,-0.06796175941551863,2728.0,-0.06796175941551863
transformer,change,1,3,2014-2015,72,478,3221.755161281313,5804.610684251168,0.6665376321898345,-0.1809952937248216,0.3685480885186536,seeded + op determinism ON,2728.0,-0.1809952937248216,2728.0,-0.1809952937248216
gbt,change,1,4,2016-2017,72,550,1965.1949343944332,3319.467490546548,0.669565113021656,0.1356450847201313,-0.0893682246872349,,1803.9767361111108,-0.08936822468723493,1803.9767361111108,-0.08936822468723493
persistence,change,1,4,2016-2017,72,550,2273.597222222222,3678.7904998336976,0.708581472097401,0.0,-0.2603251343049395,,1803.9767361111108,-0.26032513430493953,1803.9767361111108,-0.26032513430493953
climatology,change,1,4,2016-2017,72,550,1803.9767361111108,3125.201491121265,0.6673952653506413,0.2065539496270595,0.0,,1803.9767361111108,0.0,1803.9767361111108,0.0
elasticnet,change,1,4,2016-2017,72,550,2140.085976049568,3448.4417739894493,0.6942630813624872,0.0587224706591433,-0.1863157285847367,,1803.9767361111108,-0.186315728584737,1803.9767361111108,-0.186315728584737
transformer,change,1,4,2016-2017,72,550,2205.786538572037,3845.715322615441,0.7508180043352077,0.0298252843500164,-0.222735578800822,seeded + op determinism ON,1803.9767361111108,-0.22273557880082206,1803.9767361111108,-0.22273557880082206
gbt,change,1,5,2018-2019,72,622,1312.2672281701357,2321.316931104791,0.6399573036287945,0.0325981096148161,0.2287515308986145,,1356.486111111111,0.03259810961481591,1356.486111111111,0.03259810961481591
persistence,change,1,5,2018-2019,72,622,1356.486111111111,2325.894299332338,0.738949978030421,0.0,0.2027631155503503,,1356.486111111111,0.0,1356.486111111111,0.0
climatology,change,1,5,2018-2019,72,622,1701.4843863471317,2890.4441943506167,0.7941559104781529,-0.2543323314629657,0.0,,1356.486111111111,-0.25433233146296574,1356.486111111111,-0.25433233146296574
elasticnet,change,1,5,2018-2019,72,622,1350.6415361973352,2235.3218381645183,0.7141130733395797,0.0043086139002105,0.2061981014724506,,1356.486111111111,0.004308613900210534,1356.486111111111,0.004308613900210534
transformer,change,1,5,2018-2019,72,622,1403.346740039323,2476.631198144618,0.7306824663170226,-0.0345456017163554,0.1752220876665647,seeded + op determinism ON,1356.486111111111,-0.034545601716355234,1356.486111111111,-0.034545601716355234
gbt,change,1,6,2020-2021,72,694,8458.869693002933,13344.693379404544,1.0696483176505565,-0.5149573721912535,0.3689031797525077,,5583.569444444444,-0.5149573721912535,5583.569444444444,-0.5149573721912535
persistence,change,1,6,2020-2021,72,694,5583.569444444444,8947.20606219866,0.8973389084702558,0.0,0.5834227207761854,,5583.569444444444,0.0,5583.569444444444,0.0
climatology,change,1,6,2020-2021,72,694,13403.44210526316,20352.696412122663,1.517867105404747,-1.4005149821498777,0.0,,5583.569444444444,-1.4005149821498781,5583.569444444444,-1.4005149821498781
elasticnet,change,1,6,2020-2021,72,694,7347.912411462449,11169.35879404994,0.9347658944324202,-0.3159883627441038,0.4517891483578589,,5583.569444444444,-0.3159883627441038,5583.569444444444,-0.3159883627441038
transformer,change,1,6,2020-2021,72,694,9727.262716158526,15064.731230657511,1.0134580897258043,-0.7421226355189305,0.2742712924213026,seeded + op determinism ON,5583.569444444444,-0.7421226355189305,5583.569444444444,-0.7421226355189305
gbt,change,1,7,2022-2023,72,766,28336.37791567346,34252.448153798505,0.9024420759390864,-1.1431279267134138,0.4132780651286996,,13221.972222222224,-1.1431279267134133,13221.972222222224,-1.1431279267134133
persistence,change,1,7,2022-2023,72,766,13221.972222222224,18182.13712227837,0.409639158875169,0.0,0.7262310254287686,,13221.972222222224,0.0,13221.972222222224,0.0
climatology,change,1,7,2022-2023,72,766,48296.094336219336,55631.66653799383,2.7995718591763774,-2.652714854070552,0.0,,13221.972222222224,-2.652714854070551,13221.972222222224,-2.652714854070551
elasticnet,change,1,7,2022-2023,72,766,23768.58259746909,28478.537222034476,0.6414141386809485,-0.7976578832559589,0.5078570446711257,,13221.972222222224,-0.7976578832559587,13221.972222222224,-0.7976578832559587
transformer,change,1,7,2022-2023,72,766,18170.63484311154,22951.647580331955,0.4992727426804158,-0.3742756782208392,0.6237659567952973,seeded + op determinism ON,13221.972222222224,-0.37427567822083896,13221.972222222224,-0.37427567822083896
gbt,change,1,8,2024-2025,72,838,15731.893546687344,21585.011340380617,0.3467750620732909,-0.7371843862421803,0.6044117170594183,,9055.972222222224,-0.7371843862421799,9055.972222222224,-0.7371843862421799
persistence,change,1,8,2024-2025,72,838,9055.972222222224,11837.72660465964,0.2340714340119061,0.0,0.772281925814274,,9055.972222222224,0.0,9055.972222222224,0.0
climatology,change,1,8,2024-2025,72,838,39768.35064412238,44433.40794768025,1.8425425516014589,-3.3913949455957724,0.0,,9055.972222222224,-3.3913949455957715,9055.972222222224,-3.3913949455957715
elasticnet,change,1,8,2024-2025,72,838,13840.581009754927,17519.457187910306,0.3420036931006989,-0.5283373965957927,0.6519699513411801,,9055.972222222224,-0.5283373965957925,9055.972222222224,-0.5283373965957925
transformer,change,1,8,2024-2025,72,838,11332.164142327296,15768.829501585236,0.2640403349162049,-0.2513470518957184,0.7150456592043213,seeded + op determinism ON,9055.972222222224,-0.25134705189571815,9055.972222222224,-0.25134705189571815
gbt,change,3,1,2010-2011,72,330,2808.185167080776,4992.067369804912,1.1823462990807403,0.1657238324682761,-0.3908473382864286,,2019.0462962962963,-0.3908473382864288,2019.0462962962963,-0.3908473382864288
persistence,change,3,1,2010-2011,72,330,3366.0138888888887,5852.28216050039,1.418645357056413,0.0,-0.6671306126379797,,2019.0462962962963,-0.6671306126379799,2019.0462962962963,-0.6671306126379799
climatology,change,3,1,2010-2011,72,330,2019.0462962962963,3819.8834138075863,1.088187713520391,0.4001669740695045,0.0,,2019.0462962962963,0.0,2019.0462962962963,0.0
elasticnet,change,3,1,2010-2011,72,330,2738.103555623457,4868.360147757331,1.26060500931441,0.1865441896535676,-0.3561370834567718,,2019.0462962962963,-0.3561370834567721,2019.0462962962963,-0.3561370834567721
transformer,change,3,1,2010-2011,72,330,3352.6587055978785,7003.290290438135,1.289589493036413,0.0039676554321701,-0.6605160128066094,seeded + op determinism ON,2019.0462962962963,-0.6605160128066097,2019.0462962962963,-0.6605160128066097
gbt,change,3,2,2012-2013,72,402,2049.0288780383903,4248.890325241287,0.9896289900545728,0.281154599581137,-0.0586451635475453,,1935.5199915824917,-0.05864516354754534,1651.7077327808795,-0.24055172556985327
persistence,change,3,2,2012-2013,72,402,2850.4444444444443,5398.682120563211,1.0896449942444972,0.0,-0.472702145594428,,1935.5199915824917,-0.4727021455944278,1651.7077327808795,-0.7257559481454536
climatology,change,3,2,2012-2013,72,402,1935.5199915824917,3540.279283418185,0.9063315011993784,0.3209760690635993,0.0,,1935.5199915824917,0.0,1651.7077327808795,-0.1718295877466014
elasticnet,change,3,2,2012-2013,72,402,2312.2290253920046,4710.825941277632,0.9095873853024192,0.1888180701439135,-0.1946293685664872,,1935.5199915824917,-0.19462936856648727,1651.7077327808795,-0.3999020404772493
transformer,change,3,2,2012-2013,72,402,2264.1001537659185,4298.169619597023,1.007523105532415,0.2057027604313842,-0.1697632489524316,seeded + op determinism ON,1935.5199915824917,-0.16976324895243167,1651.7077327808795,-0.37076318578105294
gbt,change,3,3,2014-2015,72,474,3980.538302218009,7801.103965354558,0.8899097660493442,0.3456634427026166,0.2203041051348745,,5105.244658119658,0.22030410513487442,5105.244658119658,0.22030410513487442
persistence,change,3,3,2014-2015,72,474,6083.319444444444,10568.09816473354,1.0250309154301778,0.0,-0.1915823534077261,,5105.244658119658,-0.1915823534077261,5105.244658119658,-0.1915823534077261
climatology,change,3,3,2014-2015,72,474,5105.244658119658,9742.488942635073,0.8654616400583031,0.1607797840072342,0.0,,5105.244658119658,0.0,5105.244658119658,0.0
elasticnet,change,3,3,2014-2015,72,474,5105.083606176185,9697.648844182491,0.8744975971998682,0.1608062583597558,3.1546371282553665e-05,,5105.244658119658,3.1546371282553665e-05,5105.244658119658,3.1546371282553665e-05
transformer,change,3,3,2014-2015,72,474,4649.577337931823,9251.725975930036,0.9402769498825272,0.2356841720389972,0.0892547469714536,seeded + op determinism ON,5105.244658119658,0.08925474697145352,5105.244658119658,0.08925474697145352
gbt,change,3,4,2016-2017,72,546,2470.7495156545974,4234.4824870194025,0.8395614334699446,0.3714727076802668,-0.366228974845233,,1808.4446759259256,-0.3662289748452332,1808.4446759259256,-0.3662289748452332
persistence,change,3,4,2016-2017,72,546,3931.0138888888887,6161.262331202015,1.1327633093606433,0.0,-1.1736987264353025,,1808.4446759259256,-1.173698726435303,1808.4446759259256,-1.173698726435303
climatology,change,3,4,2016-2017,72,546,1808.4446759259256,3126.565936631338,0.67032429162087,0.539954646042452,0.0,,1808.4446759259256,0.0,1808.4446759259256,0.0
elasticnet,change,3,4,2016-2017,72,546,2856.93879529934,4953.273679759844,0.9146463436595448,0.2732310604715616,-0.5797767182657021,,1808.4446759259256,-0.5797767182657023,1808.4446759259256,-0.5797767182657023
transformer,change,3,4,2016-2017,72,546,3453.667077194778,5696.927475404525,0.9834335365944528,0.1214309654421074,-0.9097443915039848,seeded + op determinism ON,1808.4446759259256,-0.9097443915039849,1808.4446759259256,-0.9097443915039849
gbt,change,3,5,2018-2019,72,618,1782.9631040840245,3061.209780474116,0.8116655180008,0.293222871002633,-0.0474881588113422,,1702.1319898329702,-0.047488158811342274,1702.1319898329702,-0.047488158811342274
persistence,change,3,5,2018-2019,72,618,2522.6666666666665,4257.289503506506,1.0394761878253729,0.0,-0.4820628962588353,,1702.1319898329702,-0.48206289625883536,1702.1319898329702,-0.48206289625883536
climatology,change,3,5,2018-2019,72,618,1702.1319898329702,2891.13748966242,0.7942210147575308,0.3252648031846048,0.0,,1702.1319898329702,0.0,1702.1319898329702,0.0
elasticnet,change,3,5,2018-2019,72,618,1866.1801210978288,3270.209780134324,0.8526135485764204,0.2602351528417695,-0.0963780319298017,,1702.1319898329702,-0.09637803192980154,1702.1319898329702,-0.09637803192980154
transformer,change,3,5,2018-2019,72,618,2183.133197528716,3747.2973617729713,0.9752332141098758,0.1345930770895682,-0.2825874906110812,seeded + op determinism ON,1702.1319898329702,-0.28258749061108146,1702.1319898329702,-0.28258749061108146
gbt,change,3,6,2020-2021,72,690,9972.57764457565,15456.28900007556,1.2048109853162676,0.0610669320220382,0.2558308585656754,,10621.180555555557,0.06106693202203839,10621.180555555557,0.06106693202203839
persistence,change,3,6,2020-2021,72,690,10621.180555555557,15015.582625041376,1.258815246013157,0.0,0.2074311079096092,,10621.180555555557,0.0,10621.180555555557,0.0
climatology,change,3,6,2020-2021,72,690,13400.95562865497,20351.633478896256,1.5165021024099272,-0.2617199715756095,0.0,,10621.180555555557,-0.26171997157560933,10621.180555555557,-0.26171997157560933
elasticnet,change,3,6,2020-2021,72,690,12351.106300579158,18790.60437769321,1.3911376523364056,-0.1628750905772655,0.0783413778216638,,10621.180555555557,-0.16287509057726535,10621.180555555557,-0.16287509057726535
transformer,change,3,6,2020-2021,72,690,10158.150921293356,16030.640878329874,1.1529955338668063,0.0435949310757177,0.2419830941330479,seeded + op determinism ON,10621.180555555557,0.04359493107571799,10621.180555555557,0.04359493107571799
gbt,change,3,7,2022-2023,72,762,31435.310626969946,42752.69349347116,0.8266333287260474,-0.8866437534629106,0.3497425024566681,,16662.027777777777,-0.8866437534629106,16662.027777777777,-0.8866437534629106
persistence,change,3,7,2022-2023,72,762,16662.027777777777,22725.375596456048,0.3843369497904655,0.0,0.6553363631317293,,16662.027777777777,0.0,16662.027777777777,0.0
climatology,change,3,7,2022-2023,72,762,48342.86531986532,55658.65515316127,2.817132416168313,-1.901379469811017,0.0,,16662.027777777777,-1.9013794698110167,16662.027777777777,-1.9013794698110167
elasticnet,change,3,7,2022-2023,72,762,33380.7481619996,41130.488280516896,1.0939704012302895,-1.0034025034167602,0.3095000070613813,,16662.027777777777,-1.0034025034167606,16662.027777777777,-1.0034025034167606
transformer,change,3,7,2022-2023,72,762,23283.667965991037,40790.12595089893,0.4812086309349506,-0.3974090234709948,0.5183639237779483,seeded + op determinism ON,16662.027777777777,-0.39740902347099505,16662.027777777777,-0.39740902347099505
gbt,change,3,8,2024-2025,72,834,16438.091842880658,21725.183671253773,0.4007880518795627,-0.0830714862641166,0.5874761477919648,,15177.291666666666,-0.08307148626411665,15177.291666666666,-0.08307148626411665
persistence,change,3,8,2024-2025,72,834,15177.291666666666,18498.19004547021,0.3571594311764453,0.0,0.6191166904125869,,15177.291666666666,0.0,15177.291666666666,0.0
climatology,change,3,8,2024-2025,72,834,39847.61548913043,44487.323218148405,1.857285422172076,-1.6254760311845555,0.0,,15177.291666666666,-1.6254760311845557,15177.291666666666,-1.6254760311845557
elasticnet,change,3,8,2024-2025,72,834,16206.222864771778,20021.211413294277,0.4530728720044972,-0.0677941243209363,0.593295039970648,,15177.291666666666,-0.06779412432093634,15177.291666666666,-0.06779412432093634
transformer,change,3,8,2024-2025,72,834,32631.44442497408,50607.61091696274,0.5180389944077031,-1.1500176145814822,0.1810941752869697,seeded + op determinism ON,15177.291666666666,-1.1500176145814827,15177.291666666666,-1.1500176145814827
gbt,change,6,1,2010-2011,72,324,3705.152463259604,7746.026007053343,1.2344860849943358,0.0646998777993111,-0.8351002996099055,,2019.0462962962963,-0.8351002996099057,2019.0462962962963,-0.8351002996099057
persistence,change,6,1,2010-2011,72,324,3961.4583333333335,6355.848224491974,1.6573255104537827,0.0,-0.9620443278592292,,2019.0462962962963,-0.9620443278592294,2019.0462962962963,-0.9620443278592294
climatology,change,6,1,2010-2011,72,324,2019.0462962962963,3816.575495883061,1.0881877135203908,0.4903275192099804,0.0,,2019.0462962962963,0.0,2019.0462962962963,0.0
elasticnet,change,6,1,2010-2011,72,324,2877.5270134288585,4881.768389663072,1.3126054704118917,0.2736192656082818,-0.4251911997794919,,2019.0462962962963,-0.42519119977949216,2019.0462962962963,-0.42519119977949216
transformer,change,6,1,2010-2011,72,324,3260.186309908468,5736.05513218953,1.4596070250244757,0.177023702994444,-0.6147159755023435,seeded + op determinism ON,2019.0462962962963,-0.6147159755023437,2019.0462962962963,-0.6147159755023437
gbt,change,6,2,2012-2013,72,396,1822.222314124775,4156.236262526668,0.8120747520240137,0.610141066475153,0.0622621801059359,,1943.2108585858584,0.062262180105936094,1863.503419248913,0.022152417160992477
persistence,change,6,2,2012-2013,72,396,4674.055555555556,8002.361141146614,1.583094188951063,0.0,-1.4053259762849557,,1943.2108585858584,-1.405325976284955,1863.503419248913,-1.5082087359085388
climatology,change,6,2,2012-2013,72,396,1943.2108585858584,3541.8150940377354,0.9148213752058024,0.5842559345970613,0.0,,1943.2108585858584,0.0,1863.503419248913,-0.04277289674578211
elasticnet,change,6,2,2012-2013,72,396,2850.377591082492,5585.683705555995,1.042494836658361,0.3901703654988548,-0.4668390609739645,,1943.2108585858584,-0.46683906097396455,1863.503419248913,-0.5295800166716838
transformer,change,6,2,2012-2013,72,396,4227.543518035088,9295.137060000656,1.1319107776416528,0.0955298952297959,-1.1755454377769468,seeded + op determinism ON,1943.2108585858584,-1.1755454377769468,1863.503419248913,-1.2685998181527371
gbt,change,6,3,2014-2015,72,468,4118.6112365959725,7218.211272306125,0.7994553023732622,0.5845131767424483,0.1931304642722273,,5104.432692307692,0.19313046427222735,5104.432692307692,0.19313046427222735
persistence,change,6,3,2014-2015,72,468,9912.736111111111,15593.06540447815,1.45320938618362,0.0,-0.9419858598683188,,5104.432692307692,-0.9419858598683188,5104.432692307692,-0.9419858598683188
climatology,change,6,3,2014-2015,72,468,5104.432692307692,9742.216095449936,0.8648016311425416,0.4850631919287983,0.0,,5104.432692307692,0.0,5104.432692307692,0.0
elasticnet,change,6,3,2014-2015,72,468,6036.171435960961,10836.724921991205,1.0562571354000667,0.3910690884633696,-0.1825352198408623,,5104.432692307692,-0.1825352198408623,5104.432692307692,-0.1825352198408623
transformer,change,6,3,2014-2015,72,468,5791.805500164261,10229.786685622814,1.0179382336603189,0.4157208024863822,-0.1346619397866544,seeded + op determinism ON,5104.432692307692,-0.13466193978665442,5104.432692307692,-0.13466193978665442
gbt,change,6,4,2016-2017,72,540,3622.743350739702,6141.4004714214925,0.9989547639238004,0.3448762495208878,-1.0016498030095522,,1809.878703703704,-1.0016498030095513,1809.878703703704,-1.0016498030095513
persistence,change,6,4,2016-2017,72,540,5529.861111111111,8368.11279003018,1.5841542175965992,0.0,-2.055376639216154,,1809.878703703704,-2.055376639216153,1809.878703703704,-2.055376639216153
climatology,change,6,4,2016-2017,72,540,1809.878703703704,3124.8538172920094,0.671431101054205,0.6727081083343799,0.0,,1809.878703703704,0.0,1809.878703703704,0.0
elasticnet,change,6,4,2016-2017,72,540,3358.312898799727,5458.390915640614,1.1058476925472849,0.3926948920919745,-0.8555458395788265,,1809.878703703704,-0.855545839578826,1809.878703703704,-0.855545839578826
transformer,change,6,4,2016-2017,72,540,11204.875715696297,24988.579060142754,1.356948996709089,-1.0262490305918202,-5.190953953304625,seeded + op determinism ON,1809.878703703704,-5.190953953304625,1809.878703703704,-5.190953953304625
gbt,change,6,5,2018-2019,72,612,1843.088740033156,2847.387581104099,0.8395522788923322,0.5108990181948658,-0.0920299647165234,,1687.763888888889,-0.0920299647165237,1687.763888888889,-0.0920299647165237
persistence,change,6,5,2018-2019,72,612,3768.319444444444,5828.9840273984855,1.5031259307050833,0.0,-1.232729038257392,,1687.763888888889,-1.2327290382573914,1687.763888888889,-1.2327290382573914
climatology,change,6,5,2018-2019,72,612,1687.763888888889,2888.108223355477,0.7841219480232637,0.552117618006848,0.0,,1687.763888888889,0.0,1687.763888888889,0.0
elasticnet,change,6,5,2018-2019,72,612,2171.0934709017406,3761.5012060941554,1.0239203447314464,0.4238563097131962,-0.28637274751212,,1687.763888888889,-0.28637274751212005,1687.763888888889,-0.28637274751212005
transformer,change,6,5,2018-2019,72,612,2255.053252793172,3915.834086355852,1.081055040885244,0.4015758785742672,-0.3361189131009008,seeded + op determinism ON,1687.763888888889,-0.3361189131009008,1687.763888888889,-0.3361189131009008
gbt,change,6,6,2020-2021,72,684,11243.865479226,16941.797554930414,1.3550363699101728,0.3622818546577863,0.1605947772743844,,13395.03874269006,0.16059477727438431,13395.03874269006,0.16059477727438431
persistence,change,6,6,2020-2021,72,684,17631.402777777777,23458.223635326696,1.824042097582236,0.0,-0.3162636642166927,,13395.03874269006,-0.3162636642166927,13395.03874269006,-0.3162636642166927
climatology,change,6,6,2020-2021,72,684,13395.03874269006,20349.935463511305,1.5117736319741366,0.2402737937804435,0.0,,13395.03874269006,0.0,13395.03874269006,0.0
elasticnet,change,6,6,2020-2021,72,684,13683.83139470462,20808.541945259145,1.587651867596929,0.2238943453806516,-0.0215596727685583,,13395.03874269006,-0.021559672768558524,13395.03874269006,-0.021559672768558524
transformer,change,6,6,2020-2021,72,684,19654.78633496254,53187.070953419054,1.2883293482181069,-0.1147602140729828,-0.4673183640986891,seeded + op determinism ON,13395.03874269006,-0.4673183640986891,13395.03874269006,-0.4673183640986891
gbt,change,6,7,2022-2023,72,756,35198.78626747867,43612.50411719369,1.2343940331999694,-0.2922116432867403,0.2721523744398525,,27239.180555555555,-0.2922116432867403,27239.180555555555,-0.2922116432867403
persistence,change,6,7,2022-2023,72,756,27239.180555555555,34550.799931445545,0.6082930328581454,0.0,0.4367427121234822,,27239.180555555555,0.0,27239.180555555555,0.0
climatology,change,6,7,2022-2023,72,756,48360.103174603166,55667.80146559511,2.8251825371600794,-0.7753875920008138,0.0,,27239.180555555555,-0.7753875920008138,27239.180555555555,-0.7753875920008138
elasticnet,change,6,7,2022-2023,72,756,31733.445165924222,39067.31392733245,1.106725561238535,-0.1649926509794379,0.3438093990132472,,27239.180555555555,-0.16499265097943794,27239.180555555555,-0.16499265097943794
transformer,change,6,7,2022-2023,72,756,22782.73343090026,30987.121824117417,0.5739594233162921,0.1636043021032209,0.528894027611073,seeded + op determinism ON,27239.180555555555,0.16360430210322097,27239.180555555555,0.16360430210322097
gbt,change,6,8,2024-2025,72,828,30968.77287383676,49765.3429306396,0.5018449882071407,-0.2374673862811445,0.2247681251445891,,25025.930555555555,-0.23746738628114428,25025.930555555555,-0.23746738628114428
persistence,change,6,8,2024-2025,72,828,25025.930555555555,29403.942871237523,0.5586003791816752,0.0,0.3735334898924897,,25025.930555555555,0.0,25025.930555555555,0.0
climatology,change,6,8,2024-2025,72,828,39947.75483091788,44547.526601982485,1.887290882385112,-0.5962545225735789,0.0,,25025.930555555555,-0.5962545225735794,25025.930555555555,-0.5962545225735794
elasticnet,change,6,8,2024-2025,72,828,21030.98894086236,25033.511577121964,0.6133135448589525,0.1596320906359405,0.4735376486143532,,25025.930555555555,0.15963209063594042,25025.930555555555,0.15963209063594042
transformer,change,6,8,2024-2025,72,828,37222.98047190425,70055.59163401861,0.573028944825765,-0.4873764789394035,0.0682084480228351,seeded + op determinism ON,25025.930555555555,-0.4873764789394035,25025.930555555555,-0.4873764789394035
gbt,change,9,1,2010-2011,72,318,4609.8523954577895,9463.306102671191,1.3041337527514638,-0.0590294869418583,-1.283183106753928,,2019.046296296296,-1.283183106753928,2019.046296296296,-1.283183106753928
persistence,change,9,1,2010-2011,72,318,4352.902777777777,6811.89067509487,1.926381892381792,0.0,-1.1559202410378937,,2019.046296296296,-1.1559202410378937,2019.046296296296,-1.1559202410378937
climatology,change,9,1,2010-2011,72,318,2019.046296296296,3810.900768844308,1.0881877135203908,0.5361609483667242,0.0,,2019.046296296296,0.0,2019.046296296296,0.0
elasticnet,change,9,1,2010-2011,72,318,3179.759997023598,5611.919577447584,1.407777024826192,0.2695081513750432,-0.5748821623637335,,2019.046296296296,-0.5748821623637335,2019.046296296296,-0.5748821623637335
transformer,change,9,1,2010-2011,72,318,7902.834696875898,17794.38023189966,1.8604551038662167,-0.8155320944040048,-2.914142390579514,seeded + op determinism ON,2019.046296296296,-2.914142390579514,2019.046296296296,-2.914142390579514
gbt,change,9,2,2012-2013,72,390,2127.1457182867634,4465.547520511635,0.862008285179671,0.6079315270724186,-0.0887326176465068,,1953.7815656565656,-0.08873261764650708,1953.7815656565656,-0.08873261764650708
persistence,change,9,2,2012-2013,72,390,5425.444444444444,8842.585246031464,2.0090507698270192,0.0,-1.7768940703569545,,1953.7815656565656,-1.776894070356955,1953.7815656565656,-1.776894070356955
climatology,change,9,2,2012-2013,72,390,1953.7815656565656,3544.2057758955875,0.9250345527236624,0.6398854350711853,0.0,,1953.7815656565656,0.0,1953.7815656565656,0.0
elasticnet,change,9,2,2012-2013,72,390,3188.960041978539,6213.361880098474,1.2599037760922949,0.4122214180547041,-0.6321988588867111,,1953.7815656565656,-0.6321988588867113,1953.7815656565656,-0.6321988588867113
transformer,change,9,2,2012-2013,72,390,3248.060878849542,6684.51674487026,1.172445748042248,0.401328147010058,-0.6624483186573804,seeded + op determinism ON,1953.7815656565656,-0.6624483186573804,1953.7815656565656,-0.6624483186573804
gbt,change,9,3,2014-2015,72,462,3937.555267573314,7209.282851804015,0.8342032462567877,0.6629931502800285,0.2276620589329017,,5098.228454415955,0.2276620589329016,4949.6076056914335,0.2044712265583205
persistence,change,9,3,2014-2015,72,462,11683.902777777776,17306.45969597287,1.7971281009159317,0.0,-1.2917573981325767,,5098.228454415955,-1.2917573981325767,4949.6076056914335,-1.360571525779688
climatology,change,9,3,2014-2015,72,462,5098.228454415955,9741.552738585804,0.8589778127278964,0.5636536394232464,0.0,,5098.228454415955,0.0,4949.6076056914335,-0.03002679415508136
elasticnet,change,9,3,2014-2015,72,462,6415.315905402437,12097.927556917995,1.2205430718635495,0.450926969573552,-0.2583421795948855,,5098.228454415955,-0.2583421795948855,4949.6076056914335,-0.29612616119823754
transformer,change,9,3,2014-2015,72,462,5927.317580605038,13852.972962063644,0.9955478342495973,0.4926936920530945,-0.162622984356644,seeded + op determinism ON,5098.228454415955,-0.16262298435664402,4949.6076056914335,-0.1975328253878872
gbt,change,9,4,2016-2017,72,534,2675.2493985194724,4705.977510720027,0.8736707207647861,0.5185538047365239,-0.4801754859747151,,1807.3866402116405,-0.48017548597471493,1807.3866402116405,-0.48017548597471493
persistence,change,9,4,2016-2017,72,534,5556.694444444444,8626.805281279456,1.6692336215612158,0.0,-2.0744359401670525,,1807.3866402116405,-2.074435940167052,1807.3866402116405,-2.074435940167052
climatology,change,9,4,2016-2017,72,534,1807.3866402116405,3125.692553556536,0.6695350540216187,0.6747370836597545,0.0,,1807.3866402116405,0.0,1807.3866402116405,0.0
elasticnet,change,9,4,2016-2017,72,534,3117.7086698095727,5483.370731326495,1.0098387375755695,0.4389274593051193,-0.7249815841531821,,1807.3866402116405,-0.7249815841531819,1807.3866402116405,-0.7249815841531819
transformer,change,9,4,2016-2017,72,534,11182.451420359106,30938.33056719659,1.3010833803960051,-1.0124287077795442,-5.18708314622137,seeded + op determinism ON,1807.3866402116405,-5.187083146221369,1807.3866402116405,-5.187083146221369
gbt,change,9,5,2018-2019,72,606,1648.4850817851843,2732.973574579096,0.7551208292961316,0.5973248181935795,0.0258424518719455,,1692.2160947712418,0.02584245187194556,1692.2160947712418,0.02584245187194556
persistence,change,9,5,2018-2019,72,606,4093.8333333333335,6251.555264270022,1.670934704968217,0.0,-1.4192142752824657,,1692.2160947712418,-1.4192142752824655,1692.2160947712418,-1.4192142752824655
climatology,change,9,5,2018-2019,72,606,1692.2160947712418,2890.071088915122,0.7871991101409503,0.5866426507907239,0.0,,1692.2160947712418,0.0,1692.2160947712418,0.0
elasticnet,change,9,5,2018-2019,72,606,2398.130138109401,4051.922164447673,1.08936470153915,0.414209142667573,-0.4171536043885615,,1692.2160947712418,-0.4171536043885615,1692.2160947712418,-0.4171536043885615
transformer,change,9,5,2018-2019,72,606,2723.35774481745,3866.5521530710535,1.299534927860775,0.3347658482715996,-0.609343956266768,seeded + op determinism ON,1692.2160947712418,-0.609343956266768,1692.2160947712418,-0.609343956266768
gbt,change,9,6,2020-2021,72,678,12760.41056092547,18962.565631420857,1.478182124753269,0.4041653898970826,0.0468323992357802,,13387.37337556855,0.0468323992357802,13387.37337556855,0.0468323992357802
persistence,change,9,6,2020-2021,72,678,21416.027777777777,28112.779975879694,2.2128304574946758,0.0,-0.5997184195117182,,13387.37337556855,-0.5997184195117182,13387.37337556855,-0.5997184195117182
climatology,change,9,6,2020-2021,72,678,13387.37337556855,20347.78853961099,1.505981187410673,0.3748899882610405,0.0,,13387.37337556855,0.0,13387.37337556855,0.0
elasticnet,change,9,6,2020-2021,72,678,14714.336562477336,22342.252969921334,1.7916967296122666,0.3129287692769251,-0.0991205033042885,,13387.37337556855,-0.09912050330428857,13387.37337556855,-0.09912050330428857
transformer,change,9,6,2020-2021,72,678,9465.346847742205,15541.820444203824,1.2377461985812062,0.5580250947580545,0.2929646031225136,seeded + op determinism ON,13387.37337556855,0.2929646031225136,13387.37337556855,0.2929646031225136
gbt,change,9,7,2022-2023,72,750,32521.99750997271,41571.49091940309,1.3756742137690037,0.0905432229085436,0.3278014045003756,,35759.805555555555,0.09054322290854366,35759.805555555555,0.09054322290854366
persistence,change,9,7,2022-2023,72,750,35759.805555555555,44274.65097453245,0.813998825735202,0.0,0.2608790077419731,,35759.805555555555,0.0,35759.805555555555,0.0
climatology,change,9,7,2022-2023,72,750,48381.53148148148,55681.324955018834,2.844548170698129,-0.3529584607588854,0.0,,35759.805555555555,-0.3529584607588854,35759.805555555555,-0.3529584607588854
elasticnet,change,9,7,2022-2023,72,750,33731.221478435364,40463.0800489738,1.3452247106513808,0.0567280511066714,0.3028079011648003,,35759.805555555555,0.05672805110667145,35759.805555555555,0.05672805110667145
transformer,change,9,7,2022-2023,72,750,26751.677438392115,36527.80495779137,0.5968555505295509,0.2519065184280332,0.447068403598766,seeded + op determinism ON,35759.805555555555,0.25190651842803324,35759.805555555555,0.25190651842803324
gbt,change,9,8,2024-2025,72,822,31787.42857279265,50857.71352966737,0.5633199144055877,0.0017408152529081,0.2071767250890147,,31842.86111111111,0.0017408152529081455,31842.86111111111,0.0017408152529081455
persistence,change,9,8,2024-2025,72,822,31842.86111111111,37328.65835201034,0.7063321057842358,0.0,0.2057941594478327,,31842.86111111111,0.0,31842.86111111111,0.0
climatology,change,9,8,2024-2025,72,822,40093.96492094862,44593.13433027138,1.9352200347965325,-0.2591194233786489,0.0,,31842.86111111111,-0.2591194233786489,31842.86111111111,-0.2591194233786489
elasticnet,change,9,8,2024-2025,72,822,22137.951344957797,26520.24113537233,0.7545911443627893,0.3047750556173146,0.4478482886737157,,31842.86111111111,0.30477505561731455,31842.86111111111,0.30477505561731455
transformer,change,9,8,2024-2025,72,822,45633.27604579336,75768.52893057962,0.6498953826490581,-0.4330771310581223,-0.1381582274481043,seeded + op determinism ON,31842.86111111111,-0.4330771310581223,31842.86111111111,-0.4330771310581223
gbt,change,18,1,2010-2011,72,300,5704.7009277926345,21468.85465492394,1.342123848751238,-0.336947887029434,-1.6650615178135375,,2140.551311728395,-1.6650615178135375,2140.551311728395,-1.6650615178135375
persistence,change,18,1,2010-2011,72,300,4266.958333333333,6133.854012092777,2.2429122410018447,0.0,-0.9933922209451564,,2140.551311728395,-0.9933922209451564,2140.551311728395,-0.9933922209451564
climatology,change,18,1,2010-2011,72,300,2140.551311728395,3928.43296131209,1.109161950339785,0.4983425793014004,0.0,,2140.551311728395,0.0,2140.551311728395,0.0
elasticnet,change,18,1,2010-2011,72,300,2948.032100278322,5243.679795426676,1.4043394095419377,0.309102205838666,-0.3772302883493712,,2140.551311728395,-0.3772302883493712,2140.551311728395,-0.3772302883493712
transformer,change,18,1,2010-2011,72,300,5480.067479948918,16329.622509938388,1.9133200608727357,-0.2843030214611699,-1.5601196523170566,seeded + op determinism ON,2140.551311728395,-1.5601196523170566,2140.551311728395,-1.5601196523170566
gbt,change,18,2,2012-2013,72,372,2048.2994591478728,4175.897591609843,0.8010354750348073,0.648719091964693,-0.0765464124447894,,1902.657828282828,-0.07654641244478944,1902.657828282828,-0.07654641244478944
persistence,change,18,2,2012-2013,72,372,5830.944444444444,9224.560341826596,2.4307006041491777,0.0,-2.0646311479489423,,1902.657828282828,-2.0646311479489423,1902.657828282828,-2.0646311479489423
climatology,change,18,2,2012-2013,72,372,1902.657828282828,3407.125783214105,0.9295672743296024,0.6736964575103052,0.0,,1902.657828282828,0.0,1902.657828282828,0.0
elasticnet,change,18,2,2012-2013,72,372,2648.2357102242872,5872.221700163303,0.9936354858671124,0.5458307422655262,-0.3918612536939196,,1902.657828282828,-0.39186125369391966,1902.657828282828,-0.39186125369391966
transformer,change,18,2,2012-2013,72,372,2941.1353217631945,6017.011542377654,1.3264949946373408,0.4955988091148041,-0.5458036006493112,seeded + op determinism ON,1902.657828282828,-0.5458036006493112,1902.657828282828,-0.5458036006493112
gbt,change,18,3,2014-2015,72,444,5779.420835687523,11233.361923494798,0.972851101013214,0.5740564601978828,-0.1421375975050829,,5060.179131054131,-0.14213759750508292,5060.179131054131,-0.14213759750508292
persistence,change,18,3,2014-2015,72,444,13568.513888888889,19305.034764638185,2.510423987579502,0.0,-1.681429557625623,,5060.179131054131,-1.681429557625623,5060.179131054131,-1.681429557625623
climatology,change,18,3,2014-2015,72,444,5060.179131054131,9679.797576130435,0.8511636800976725,0.6270646017322605,0.0,,5060.179131054131,0.0,5060.179131054131,0.0
elasticnet,change,18,3,2014-2015,72,444,6258.222429637661,12396.636715091528,1.0160371360651217,0.5387687641487067,-0.236759068711853,,5060.179131054131,-0.23675906871185304,5060.179131054131,-0.23675906871185304
transformer,change,18,3,2014-2015,72,444,7547.98085786258,13257.698707118472,1.4368045573489512,0.4437135179525047,-0.4916430154697295,seeded + op determinism ON,5060.179131054131,-0.49164301546972955,5060.179131054131,-0.49164301546972955
gbt,change,18,4,2016-2017,72,516,2759.247237748437,5106.972354273392,0.8814296061327628,0.5522287584934819,-0.5022655153792894,,1836.724074074074,-0.5022655153792894,1836.724074074074,-0.5022655153792894
persistence,change,18,4,2016-2017,72,516,6162.180555555556,9096.959472965556,1.9088186132154088,0.0,-2.354984367296445,,1836.724074074074,-2.354984367296445,1836.724074074074,-2.354984367296445
climatology,change,18,4,2016-2017,72,516,1836.724074074074,3118.6258369395705,0.6703224718937238,0.7019360180191145,0.0,,1836.724074074074,0.0,1836.724074074074,0.0
elasticnet,change,18,4,2016-2017,72,516,3009.820812496709,4719.539984908008,0.9712812913572644,0.511565624317323,-0.6386896948655798,,1836.724074074074,-0.6386896948655798,1836.724074074074,-0.6386896948655798
transformer,change,18,4,2016-2017,72,516,8438.427362742937,15262.511575082855,1.6342219373084277,-0.3693898266475195,-3.594281461137216,seeded + op determinism ON,1836.724074074074,-3.594281461137216,1836.724074074074,-3.594281461137216
gbt,change,18,5,2018-2019,72,588,2095.2138761111605,3337.3764067051247,0.8932266507852636,0.5391758336998914,-0.2294364744104771,,1704.2066993464052,-0.2294364744104771,1704.2066993464052,-0.2294364744104771
persistence,change,18,5,2018-2019,72,588,4546.666666666667,6565.463297099112,1.913619447362389,0.0,-1.6679079881627024,,1704.2066993464052,-1.6679079881627024,1704.2066993464052,-1.6679079881627024
climatology,change,18,5,2018-2019,72,588,1704.2066993464052,2909.1619633591013,0.7937342112311111,0.6251744796158933,0.0,,1704.2066993464052,0.0,1704.2066993464052,0.0
elasticnet,change,18,5,2018-2019,72,588,1901.7903678235048,3325.364688044995,0.7650481266000814,0.581717661035886,-0.1159387934297389,,1704.2066993464052,-0.11593879342973867,1704.2066993464052,-0.11593879342973867
transformer,change,18,5,2018-2019,72,588,3086.092477991835,5293.32230537077,1.0583655503756424,0.3212406573331742,-0.8108674723408895,seeded + op determinism ON,1704.2066993464052,-0.8108674723408895,1704.2066993464052,-0.8108674723408895
gbt,change,18,6,2020-2021,72,660,14499.815220272876,22047.28855015181,1.7492013301022111,0.410342578462631,-0.088682126746693,,13318.685834957763,-0.08868212674669329,13318.685834957763,-0.08868212674669329
persistence,change,18,6,2020-2021,72,660,24590.23611111111,30760.225862259565,2.984697991170295,0.0,-0.8462959796355229,,13318.685834957763,-0.8462959796355232,13318.685834957763,-0.8462959796355232
climatology,change,18,6,2020-2021,72,660,13318.685834957763,20251.06283347981,1.497153064918609,0.4583750324812981,0.0,,13318.685834957763,0.0,13318.685834957763,0.0
elasticnet,change,18,6,2020-2021,72,660,14208.424910378002,22030.498535008515,1.658239318018355,0.4221924162835542,-0.0668038188185897,,13318.685834957763,-0.06680381881858999,13318.685834957763,-0.06680381881858999
transformer,change,18,6,2020-2021,72,660,12149.805768940914,20808.812279105052,1.6746331251518458,0.5059093489772951,0.0877624174412818,seeded + op determinism ON,13318.685834957763,0.08776241744128177,13318.685834957763,0.08776241744128177
gbt,change,18,7,2022-2023,72,732,36702.03012799399,44062.69178114324,1.4856491835805197,0.2386122530386354,0.2405794782175688,,48204.125,0.23861225303863542,48204.125,0.23861225303863542
persistence,change,18,7,2022-2023,72,732,48204.125,57225.1966050455,1.2784501727255793,0.0,0.0025837363246052,,48204.125,0.0,48204.125,0.0
climatology,change,18,7,2022-2023,72,732,48328.99437830688,55604.08132957759,2.8512589217289896,-0.0025904293109122,0.0,,48204.125,-0.0025904293109122456,48204.125,-0.0025904293109122456
elasticnet,change,18,7,2022-2023,72,732,38841.24814539458,45382.41293718096,1.6874024339603944,0.1942339344320723,0.1963158214848144,,48204.125,0.19423393443207237,48204.125,0.19423393443207237
transformer,change,18,7,2022-2023,72,732,37907.20069146327,49117.28518457696,1.3074269318530147,0.2136108540199978,0.2156426762217416,seeded + op determinism ON,48204.125,0.2136108540199978,48204.125,0.2136108540199978
gbt,change,18,8,2024-2025,72,804,59426.906622556766,91139.66296590674,0.7153697454879485,-0.5217410999261267,-0.4715691043710963,,39051.91666666666,-0.5217410999261269,39051.91666666666,-0.5217410999261269
persistence,change,18,8,2024-2025,72,804,39051.91666666666,46058.834536203074,0.8404205867521628,0.0,0.032970125836429,,39051.91666666666,0.0,39051.91666666666,0.0
climatology,change,18,8,2024-2025,72,804,40383.361166007904,44695.09522854808,2.098377013679568,-0.0340942164428439,0.0,,39051.91666666666,-0.03409421644284416,39051.91666666666,-0.03409421644284416
elasticnet,change,18,8,2024-2025,72,804,22698.16592101303,30664.91516106906,0.6680787732807956,0.4187694776992243,0.4379327211594542,,39051.91666666666,0.41876947769922424,39051.91666666666,0.41876947769922424
transformer,change,18,8,2024-2025,72,804,36415.32185262726,48544.77434607418,0.656031861378079,0.0675151193357407,0.0982592631918088,seeded + op determinism ON,39051.91666666666,0.06751511933574061,39051.91666666666,0.06751511933574061
gbt,change,27,1,2010-2011,72,282,2985.480863096533,5777.2979808396185,1.1522666833311197,0.3452553825491986,-0.3320538387300524,,2241.261408730159,-0.33205383873005223,2241.261408730159,-0.33205383873005223
persistence,change,27,1,2010-2011,72,282,4559.763888888889,6932.803678687449,2.1198264089787604,0.0,-1.0344632139418013,,2241.261408730159,-1.0344632139418013,2241.261408730159,-1.0344632139418013
climatology,change,27,1,2010-2011,72,282,2241.261408730159,4008.21049692474,1.1118514670942008,0.5084698542853052,0.0,,2241.261408730159,0.0,2241.261408730159,0.0
elasticnet,change,27,1,2010-2011,72,282,2545.558872143917,4462.838210822396,1.3371546560825909,0.4417344989404238,-0.1357706255184956,,2241.261408730159,-0.1357706255184956,2241.261408730159,-0.1357706255184956
transformer,change,27,1,2010-2011,72,282,88175.2778890244,174184.1354366894,3.5635106376490437,-18.337685028798877,-38.341808833884414,seeded + op determinism ON,2241.261408730159,-38.341808833884414,2241.261408730159,-38.341808833884414
gbt,change,27,2,2012-2013,72,354,2457.831924652204,5112.903997512037,0.9004200328974439,0.5345480550267001,-0.2685491171029475,,1937.5141975308643,-0.2685491171029477,1937.5141975308643,-0.2685491171029477
persistence,change,27,2,2012-2013,72,354,5280.527777777777,8865.230051223212,1.952525506141457,0.0,-1.7254137205844446,,1937.5141975308643,-1.7254137205844446,1937.5141975308643,-1.7254137205844446
climatology,change,27,2,2012-2013,72,354,1937.5141975308643,3463.6190653915787,0.937175040223427,0.6330832297323441,0.0,,1937.5141975308643,0.0,1937.5141975308643,0.0
elasticnet,change,27,2,2012-2013,72,354,2391.129473304905,5393.541948005903,0.8290419024996926,0.5471798324084999,-0.234122297711222,,1937.5141975308643,-0.23412229771122206,1937.5141975308643,-0.23412229771122206
transformer,change,27,2,2012-2013,72,354,4853.313990479089,8678.186019178402,1.543952241595366,0.0809036151834191,-1.50491789771867,seeded + op determinism ON,1937.5141975308643,-1.50491789771867,1937.5141975308643,-1.50491789771867
gbt,change,27,3,2014-2015,72,426,5813.099055701411,10426.003045597305,0.9251645804410152,0.5127480019947896,-0.1744827293105053,,4949.497264309764,-0.17448272931050512,4949.497264309764,-0.17448272931050512
persistence,change,27,3,2014-2015,72,426,11930.375,18200.69946801496,2.1232530818072632,0.0,-1.4104215767586168,,4949.497264309764,-1.4104215767586163,4949.497264309764,-1.4104215767586163
climatology,change,27,3,2014-2015,72,426,4949.497264309764,9430.561045672204,0.8380136603546114,0.5851348122494252,0.0,,4949.497264309764,0.0,4949.497264309764,0.0
elasticnet,change,27,3,2014-2015,72,426,6460.559403272126,12443.276429300178,1.166250801810355,0.4584780945048143,-0.305296085293036,,4949.497264309764,-0.30529608529303576,4949.497264309764,-0.30529608529303576
transformer,change,27,3,2014-2015,72,426,6496.935014961109,12065.278797326904,1.2978766252484986,0.4554291030281019,-0.3126454401358569,seeded + op determinism ON,4949.497264309764,-0.3126454401358567,4949.497264309764,-0.3126454401358567
gbt,change,27,4,2016-2017,72,498,2488.335671013913,4818.711097863034,0.9385261254179326,0.5531173544427523,-0.3694301460284614,,1817.0592185592184,-0.3694301460284617,1817.0592185592184,-0.3694301460284617
persistence,change,27,4,2016-2017,72,498,5568.208333333333,8472.44654666591,1.5780112641152633,0.0,-2.0644066392885496,,1817.0592185592184,-2.06440663928855,1817.0592185592184,-2.06440663928855
climatology,change,27,4,2016-2017,72,498,1817.0592185592184,3090.3678226968063,0.6724522167609815,0.6736725514234736,0.0,,1817.0592185592184,0.0,1817.0592185592184,0.0
elasticnet,change,27,4,2016-2017,72,498,2755.0820177210285,5197.577691439522,0.8032094525097417,0.505212116215534,-0.5162312761086489,,1817.0592185592184,-0.5162312761086492,1817.0592185592184,-0.5162312761086492
transformer,change,27,4,2016-2017,72,498,5306.008772280798,8875.223003604959,1.4370637078393491,0.0470886765286622,-1.9201077862988063,seeded + op determinism ON,1817.0592185592184,-1.9201077862988067,1817.0592185592184,-1.9201077862988067
gbt,change,27,5,2018-2019,72,570,1732.7234011992268,2852.3659820022817,1.1285796221720747,0.591714633456677,0.0357014487694636,,1796.8744212962963,0.035701448769463684,1796.8744212962963,0.035701448769463684
persistence,change,27,5,2018-2019,72,570,4243.902777777777,6376.996026299879,1.7164195855771165,0.0,-1.3618249152415185,,1796.8744212962963,-1.3618249152415185,1796.8744212962963,-1.3618249152415185
climatology,change,27,5,2018-2019,72,570,1796.8744212962963,3137.1088345086896,0.8018385605650769,0.5765985896978563,0.0,,1796.8744212962963,0.0,1796.8744212962963,0.0
elasticnet,change,27,5,2018-2019,72,570,2094.5861500936458,3527.179848921752,0.9356223627460368,0.5064481304657907,-0.1656831024299265,,1796.8744212962963,-0.16568310242992657,1796.8744212962963,-0.16568310242992657
transformer,change,27,5,2018-2019,72,570,2714.9472018611227,4466.340082175267,1.2053750716431029,0.3602711126943528,-0.5109276250382109,seeded + op determinism ON,1796.8744212962963,-0.5109276250382109,1796.8744212962963,-0.5109276250382109
gbt,change,27,6,2020-2021,72,642,12554.715374614352,19569.659405111277,1.7546403499601302,0.2701300878549001,0.0485301067942758,,13195.073710965868,0.04853010679427583,13195.073710965868,0.04853010679427583
persistence,change,27,6,2020-2021,72,642,17201.305555555555,24364.069312662494,2.2131424042736083,0.0,-0.303615722984577,,13195.073710965868,-0.30361572298457706,13195.073710965868,-0.30361572298457706
climatology,change,27,6,2020-2021,72,642,13195.073710965868,20056.02115954549,1.480988893088378,0.2329027777368784,0.0,,13195.073710965868,0.0,13195.073710965868,0.0
elasticnet,change,27,6,2020-2021,72,642,13994.458321803717,21634.656813667578,1.6748797840061782,0.1864304557229444,-0.0605820496609665,,13195.073710965868,-0.060582049660966586,13195.073710965868,-0.060582049660966586
transformer,change,27,6,2020-2021,72,642,20768.528142914307,43576.21880777401,1.769556102091354,-0.2073809209328669,-0.5739607521596839,seeded + op determinism ON,13195.073710965868,-0.5739607521596839,13195.073710965868,-0.5739607521596839
gbt,change,27,7,2022-2023,72,714,42062.31628972773,49140.903165210046,2.5174959400479584,-0.0264091022771559,0.1318933110022104,,40980.069444444445,-0.026409102277155982,40980.069444444445,-0.026409102277155982
persistence,change,27,7,2022-2023,72,714,40980.069444444445,50782.91001806393,1.294564866893281,0.0,0.1542293544826931,,40980.069444444445,0.0,40980.069444444445,0.0
climatology,change,27,7,2022-2023,72,714,48452.93421052632,55757.63791239115,2.9130587202533462,-0.1823536384244695,0.0,,40980.069444444445,-0.1823536384244695,40980.069444444445,-0.1823536384244695
elasticnet,change,27,7,2022-2023,72,714,44652.66620296026,52197.09534355567,2.078627388492864,-0.0896190955336142,0.078432154202551,,40980.069444444445,-0.08961909553361425,40980.069444444445,-0.08961909553361425
transformer,change,27,7,2022-2023,72,714,34222.052442629734,44370.09735485791,1.10109191171819,0.1649098474802822,0.2937052626382521,seeded + op determinism ON,40980.069444444445,0.16490984748028226,40980.069444444445,0.16490984748028226
gbt,change,27,8,2024-2025,72,786,32927.69190287947,57140.20612843733,0.5037842411618337,-0.0828716989214746,0.1967080011229218,,30407.75,-0.08287169892147461,30407.75,-0.08287169892147461
persistence,change,27,8,2024-2025,72,786,30407.75,36324.145056085705,0.6483134987710287,0.0,0.2581835875135106,,30407.75,0.0,30407.75,0.0
climatology,change,27,8,2024-2025,72,786,40990.93722943723,45355.52906961292,2.223624861064422,-0.3480424309407053,0.0,,30407.75,-0.3480424309407053,30407.75,-0.3480424309407053
elasticnet,change,27,8,2024-2025,72,786,24656.600481200498,28424.88383478414,0.8246317029638601,0.1891343331486052,0.3984865400078335,,30407.75,0.18913433314860528,30407.75,0.18913433314860528
transformer,change,27,8,2024-2025,72,786,69214.2054866273,170842.65880121355,0.8075790809452695,-1.2762027932559068,-0.6885245901848229,seeded + op determinism ON,30407.75,-1.2762027932559068,30407.75,-1.2762027932559068
gbt,change,36,1,2010-2011,72,264,3358.741930334962,6291.656327051589,1.4621233959995044,0.2498691960056291,-0.6143843861584959,,2080.509424603175,-0.6143843861584959,2080.509424603175,-0.6143843861584959
persistence,change,36,1,2010-2011,72,264,4477.541666666667,8515.984895249116,1.6693171242496467,0.0,-1.1521371706935135,,2080.509424603175,-1.1521371706935137,2080.509424603175,-1.1521371706935137
climatology,change,36,1,2010-2011,72,264,2080.509424603175,3775.323010326001,1.1046050275387156,0.5353456026793331,0.0,,2080.509424603175,0.0,2080.509424603175,0.0
elasticnet,change,36,1,2010-2011,72,264,3196.280001302501,5197.118596560474,1.5358152092874902,0.2861529296092533,-0.5362968143785949,,2080.509424603175,-0.5362968143785949,2080.509424603175,-0.5362968143785949
transformer,change,36,1,2010-2011,72,264,8204.885999353388,15499.403988914242,2.043507189403924,-0.832453299192091,-2.9436908587512614,seeded + op determinism ON,2080.509424603175,-2.9436908587512614,2080.509424603175,-2.9436908587512614
gbt,change,36,2,2012-2013,72,336,2918.413833249921,5897.376126154606,1.1908626219230682,-0.1250571347171873,-0.5179372681783354,,1922.6182098765432,-0.5179372681783352,1922.6182098765432,-0.5179372681783352
persistence,change,36,2,2012-2013,72,336,2594.0138888888887,5005.951725751614,1.0053383993859717,0.0,-0.349209050222955,,1922.6182098765432,-0.349209050222955,1922.6182098765432,-0.349209050222955
climatology,change,36,2,2012-2013,72,336,1922.6182098765432,3388.4469450452,0.948354483044592,0.2588250131921725,0.0,,1922.6182098765432,0.0,1922.6182098765432,0.0
elasticnet,change,36,2,2012-2013,72,336,2291.9188168809524,4954.285575258378,0.9192590694795304,0.1164585406816517,-0.1920821331595121,,1922.6182098765432,-0.19208213315951217,1922.6182098765432,-0.19208213315951217
transformer,change,36,2,2012-2013,72,336,9607.04398957907,22368.689192940376,1.372220352647066,-2.7035437746611755,-3.996854778669742,seeded + op determinism ON,1922.6182098765432,-3.996854778669742,1922.6182098765432,-3.996854778669742
gbt,change,36,3,2014-2015,72,408,7954.439225183696,16348.372796023335,0.9060617857174412,-0.5722350234117626,-0.5837126137469819,,5022.653198653198,-0.5837126137469819,5022.653198653198,-0.5837126137469819
persistence,change,36,3,2014-2015,72,408,5059.319444444444,8062.899630922695,1.085582223525866,0.0,-0.0073001746967276,,5022.653198653198,-0.007300174696727613,5022.653198653198,-0.007300174696727613
climatology,change,36,3,2014-2015,72,408,5022.653198653198,9587.941566376692,0.8336679815518049,0.0072472683715413,0.0,,5022.653198653198,0.0,5022.653198653198,0.0
elasticnet,change,36,3,2014-2015,72,408,5761.939744722624,10744.983031812551,0.9759217021523532,-0.1388764453388518,-0.1471904423478136,,5022.653198653198,-0.14719044234781364,5022.653198653198,-0.14719044234781364
transformer,change,36,3,2014-2015,72,408,4928.882168777534,8234.551883377206,1.269087597981424,0.0257815852703551,0.0186696206500596,seeded + op determinism ON,5022.653198653198,0.018669620650059615,5022.653198653198,0.018669620650059615
gbt,change,36,4,2016-2017,72,480,8489.364647606795,23629.13417342433,1.0143741304704097,-0.9221988780286277,-3.740483179410671,,1790.8226495726497,-3.7404831794106705,1790.8226495726497,-3.7404831794106705
persistence,change,36,4,2016-2017,72,480,4416.486111111111,8712.478044767491,1.0006657663787086,0.0,-1.4661772689579466,,1790.8226495726497,-1.4661772689579466,1790.8226495726497,-1.4661772689579466
climatology,change,36,4,2016-2017,72,480,1790.8226495726497,3033.828060110484,0.6680867322146923,0.5945141443856801,0.0,,1790.8226495726497,0.0,1790.8226495726497,0.0
elasticnet,change,36,4,2016-2017,72,480,2962.312176734973,4804.71470586424,0.9441850703903434,0.329260388868356,-0.6541627823625529,,1790.8226495726497,-0.6541627823625529,1790.8226495726497,-0.6541627823625529
transformer,change,36,4,2016-2017,72,480,7764.107103459693,17951.446190699997,1.2279176096235966,-0.7579829095186212,-3.3354974906713792,seeded + op determinism ON,1790.8226495726497,-3.3354974906713792,1790.8226495726497,-3.3354974906713792
gbt,change,36,5,2018-2019,72,552,1747.9261581454157,3097.3061606813258,0.9853400173376676,0.1858487673845094,0.0364055143455042,,1813.9644675925929,0.03640551434550432,1813.9644675925929,0.03640551434550432
persistence,change,36,5,2018-2019,72,552,2146.930555555556,3507.939271218297,0.9357211793883132,0.0,-0.1835571169731122,,1813.9644675925929,-0.1835571169731125,1813.9644675925929,-0.1835571169731125
climatology,change,36,5,2018-2019,72,552,1813.9644675925929,3149.930787339528,0.8061896145976262,0.1550893609955642,0.0,,1813.9644675925929,0.0,1813.9644675925929,0.0
elasticnet,change,36,5,2018-2019,72,552,1849.598675504173,2958.664795665896,0.8734273779536539,0.1384916150557291,-0.0196443803328034,,1813.9644675925929,-0.019644380332803246,1813.9644675925929,-0.019644380332803246
transformer,change,36,5,2018-2019,72,552,2663.4103968593886,4791.0999764926855,1.0031230997775025,-0.240566626604364,-0.4682814599969205,seeded + op determinism ON,1813.9644675925929,-0.4682814599969203,1813.9644675925929,-0.4682814599969203
gbt,change,36,6,2020-2021,72,624,11668.094483769144,17609.24149739875,1.6094155079704702,-0.105801460310374,0.1108942561293102,,10551.708333333334,-0.10580146031037407,10551.708333333334,-0.10580146031037407
persistence,change,36,6,2020-2021,72,624,10551.708333333334,15895.011086204237,1.612940317425933,0.0,0.1959625884187769,,10551.708333333334,0.0,10551.708333333334,0.0
climatology,change,36,6,2020-2021,72,624,13123.40468409586,19971.16217466382,1.4632073279763336,-0.2437232218254572,0.0,,10551.708333333334,-0.24372322182545725,10551.708333333334,-0.24372322182545725
elasticnet,change,36,6,2020-2021,72,624,12983.264201608728,19631.68168353535,1.6032074966445198,-0.2304419143764613,0.0106786680637052,,10551.708333333334,-0.23044191437646133,10551.708333333334,-0.23044191437646133
transformer,change,36,6,2020-2021,72,624,17694.931729733784,40268.21430142746,1.570129835976572,-0.6769731659313096,-0.3483491636265792,seeded + op determinism ON,10551.708333333334,-0.6769731659313096,10551.708333333334,-0.6769731659313096
gbt,change,36,7,2022-2023,72,696,43820.76981844701,50308.48717348851,2.4120197044837672,-0.7249385366010415,0.1001906457160475,,25404.25,-0.7249385366010415,25404.25,-0.7249385366010415
persistence,change,36,7,2022-2023,72,696,25404.25,29735.80073422533,0.9331443420707648,0.0,0.4783528020325815,,25404.25,0.0,25404.25,0.0
climatology,change,36,7,2022-2023,72,696,48700.06030701755,56098.364797391296,2.9234988417375574,-0.9170044503190432,0.0,,25404.25,-0.9170044503190431,25404.25,-0.9170044503190431
elasticnet,change,36,7,2022-2023,72,696,34540.08983918923,41498.162482314976,1.229542186853442,-0.3596185614292582,0.290758787125935,,25404.25,-0.3596185614292582,25404.25,-0.3596185614292582
transformer,change,36,7,2022-2023,72,696,26382.530707394537,33530.356294399855,0.9231947012710868,-0.0385085451211721,0.4582649273723203,seeded + op determinism ON,25404.25,-0.03850854512117219,25404.25,-0.03850854512117219
gbt,change,36,8,2024-2025,72,768,50010.99113500849,63316.74101102189,0.7345121851860488,-3.3047053977756877,-0.19178633416563,,11617.75,-3.3047053977756873,11617.75,-3.3047053977756873
persistence,change,36,8,2024-2025,72,768,11617.75,14878.19641100508,0.2851210260352065,0.0,0.7231433457022527,,11617.75,0.0,11617.75,0.0
climatology,change,36,8,2024-2025,72,768,41963.05134680135,46715.39430480677,2.2882746043875284,-2.6119774781520824,0.0,,11617.75,-2.6119774781520824,11617.75,-2.6119774781520824
elasticnet,change,36,8,2024-2025,72,768,14495.958632059495,17898.891531045472,0.3409347713444691,-0.2477423452957325,0.654554228855799,,11617.75,-0.24774234529573236,11617.75,-0.24774234529573236
transformer,change,36,8,2024-2025,72,768,33262.99874071775,47297.643399787295,0.5873559710029554,-1.863118825996234,0.2073265009777886,seeded + op determinism ON,11617.75,-1.8631188259962341,11617.75,-1.8631188259962341
gbt,anomaly,1,1,2010-2011,72,334,1939.336715991244,3783.226823268518,1.006751055664607,0.0064944071196444,0.039478827430193,,1952.013888888889,0.006494407119644441,1777.5522509389266,-0.09101530768890798
persistence,anomaly,1,1,2010-2011,72,334,1952.013888888889,4091.658603182822,0.9144775249800492,0.0,0.0332000348532721,,1952.013888888889,0.0,1777.5522509389266,-0.09814712217759536
climatology,anomaly,1,1,2010-2011,72,334,2019.046296296296,3828.071840521468,1.088187713520391,-0.034340128310031,0.0,,1952.013888888889,-0.03434012831003108,1777.5522509389266,-0.13585763525646533
elasticnet,anomaly,1,1,2010-2011,72,334,1766.5743547785632,3341.377319509352,0.9428197261097312,0.0949990853886189,0.1250451472959599,,1952.013888888889,0.0949990853886189,1777.5522509389266,0.006175850051420295
seasonal_persistence,anomaly,1,1,2010-2011,72,334,1777.5522509389266,3360.975689811294,0.9495652213793626,0.0893752031904179,0.1196079781827499,,1952.013888888889,0.08937520319041792,1777.5522509389266,0.0
gbt,anomaly,1,2,2012-2013,72,406,1571.224563889933,3194.444617000565,0.7444166972522923,-0.0985770473025546,0.1848733402499158,,1430.236111111111,-0.09857704730255468,1242.1000155290865,-0.26497427280093233
persistence,anomaly,1,2,2012-2013,72,406,1430.236111111111,2587.0008670487746,0.7671261048337715,0.0,0.2580159382070237,,1430.236111111111,0.0,1242.1000155290865,-0.15146614059245933
climatology,anomaly,1,2,2012-2013,72,406,1927.5833333333333,3535.251668098828,0.902748145298343,-0.3477378443730152,0.0,,1430.236111111111,-0.34773784437301525,1242.1000155290865,-0.5518744941905966
elasticnet,anomaly,1,2,2012-2013,72,406,1236.789727643663,2189.19361956651,0.7867382414741584,0.1352548589457479,0.3583728878248259,,1430.236111111111,0.13525485894574774,1242.1000155290865,0.004275249834178263
seasonal_persistence,anomaly,1,2,2012-2013,72,406,1242.1000155290865,2212.160047218897,0.7919770880514108,0.1315419839566677,0.3556179937594985,,1430.236111111111,0.13154198395666772,1242.1000155290865,0.0
gbt,anomaly,1,3,2014-2015,72,478,3965.661494469293,6753.156526063735,0.8258975534415747,-0.4536882311104446,0.2227452411452952,,2728.0,-0.45368823111044465,2728.0,-0.45368823111044465
persistence,anomaly,1,3,2014-2015,72,478,2728.0,4703.638287420588,0.651210944922776,0.0,0.4653222457053431,,2728.0,0.0,2728.0,0.0
climatology,anomaly,1,3,2014-2015,72,478,5102.138583638584,9741.75313957544,0.8645987292831758,-0.8702854045595985,0.0,,2728.0,-0.8702854045595985,2728.0,-0.8702854045595985
elasticnet,anomaly,1,3,2014-2015,72,478,3304.6083561461346,5284.719820375232,0.7169709090580698,-0.2113666994670582,0.3523091735016227,,2728.0,-0.21136669946705822,2728.0,-0.21136669946705822
seasonal_persistence,anomaly,1,3,2014-2015,72,478,3231.4216967519064,5052.099906578721,0.7190214874944569,-0.1845387451436606,0.3666534838715765,,2728.0,-0.18453874514366064,2728.0,-0.18453874514366064
gbt,anomaly,1,4,2016-2017,72,550,2144.1803853146994,4414.664016840454,0.5996148988805777,0.056921619908134,-0.1885853860493658,,1803.9767361111108,-0.1885853860493658,1803.9767361111108,-0.1885853860493658
persistence,anomaly,1,4,2016-2017,72,550,2273.597222222222,3678.7904998336976,0.708581472097401,0.0,-0.2603251343049395,,1803.9767361111108,-0.26032513430493953,1803.9767361111108,-0.26032513430493953
climatology,anomaly,1,4,2016-2017,72,550,1803.9767361111108,3125.201491121265,0.6673952653506413,0.2065539496270595,0.0,,1803.9767361111108,0.0,1803.9767361111108,0.0
elasticnet,anomaly,1,4,2016-2017,72,550,2014.830574833596,3752.8428824534353,0.620003368978427,0.1138137594730638,-0.1168827926113003,,1803.9767361111108,-0.1168827926113003,1803.9767361111108,-0.1168827926113003
seasonal_persistence,anomaly,1,4,2016-2017,72,550,2077.6983079793386,4145.633127458066,0.6291125220708865,0.0861625411608355,-0.1517323180443546,,1803.9767361111108,-0.1517323180443546,1803.9767361111108,-0.1517323180443546
gbt,anomaly,1,5,2018-2019,72,622,1510.2832590583264,2376.2624479781243,0.8057138813271498,-0.1133790804693448,0.1123731306752037,,1356.486111111111,-0.11337908046934486,1356.486111111111,-0.11337908046934486
persistence,anomaly,1,5,2018-2019,72,622,1356.486111111111,2325.894299332338,0.738949978030421,0.0,0.2027631155503503,,1356.486111111111,0.0,1356.486111111111,0.0
climatology,anomaly,1,5,2018-2019,72,622,1701.4843863471317,2890.4441943506167,0.7941559104781529,-0.2543323314629657,0.0,,1356.486111111111,-0.25433233146296574,1356.486111111111,-0.25433233146296574
elasticnet,anomaly,1,5,2018-2019,72,622,1358.663423052729,2066.2639575201324,0.8388604239134506,-0.0016051118576028,0.2014834611738019,,1356.486111111111,-0.0016051118576028145,1356.486111111111,-0.0016051118576028145
seasonal_persistence,anomaly,1,5,2018-2019,72,622,1402.163756482993,2135.733124333612,0.8584269718931038,-0.0336735076000644,0.1759173532627833,,1356.486111111111,-0.03367350760006449,1356.486111111111,-0.03367350760006449
gbt,anomaly,1,6,2020-2021,72,694,7958.597811499762,12788.182897129704,1.0912545515256171,-0.425360227124681,0.4062273146705619,,5583.569444444444,-0.425360227124681,5583.569444444444,-0.425360227124681
persistence,anomaly,1,6,2020-2021,72,694,5583.569444444444,8947.20606219866,0.8973389084702558,0.0,0.5834227207761854,,5583.569444444444,0.0,5583.569444444444,0.0
climatology,anomaly,1,6,2020-2021,72,694,13403.44210526316,20352.696412122663,1.517867105404747,-1.4005149821498777,0.0,,5583.569444444444,-1.4005149821498781,5583.569444444444,-1.4005149821498781
elasticnet,anomaly,1,6,2020-2021,72,694,6428.507190928205,10798.159623464782,0.9708084751577172,-0.151325734351609,0.5203838580834463,,5583.569444444444,-0.151325734351609,5583.569444444444,-0.151325734351609
seasonal_persistence,anomaly,1,6,2020-2021,72,694,7184.660346123598,10622.17512145887,0.9779031987968784,-0.2867504232927937,0.4639690096245962,,5583.569444444444,-0.28675042329279377,5583.569444444444,-0.28675042329279377
gbt,anomaly,1,7,2022-2023,72,766,27751.481046717432,35607.03116539032,0.8283837717174086,-1.0988911926524398,0.4253887104509527,,13221.972222222224,-1.0988911926524394,13221.972222222224,-1.0988911926524394
persistence,anomaly,1,7,2022-2023,72,766,13221.972222222224,18182.13712227837,0.409639158875169,0.0,0.7262310254287686,,13221.972222222224,0.0,13221.972222222224,0.0
climatology,anomaly,1,7,2022-2023,72,766,48296.094336219336,55631.66653799383,2.7995718591763774,-2.652714854070552,0.0,,13221.972222222224,-2.652714854070551,13221.972222222224,-2.652714854070551
elasticnet,anomaly,1,7,2022-2023,72,766,21695.740075124628,27617.67668186833,0.6294887331156576,-0.6408853165385198,0.550776509502259,,13221.972222222224,-0.6408853165385195,13221.972222222224,-0.6408853165385195
seasonal_persistence,anomaly,1,7,2022-2023,72,766,20705.097849680693,25795.348305196138,0.5538703487731578,-0.5659613786573798,0.5712883591468174,,13221.972222222224,-0.5659613786573796,13221.972222222224,-0.5659613786573796
gbt,anomaly,1,8,2024-2025,72,838,17826.13904779816,24039.1979764039,0.4273682186940532,-0.9684401199967292,0.5517506067244256,,9055.972222222224,-0.9684401199967287,9055.972222222224,-0.9684401199967287
persistence,anomaly,1,8,2024-2025,72,838,9055.972222222224,11837.72660465964,0.2340714340119061,0.0,0.772281925814274,,9055.972222222224,0.0,9055.972222222224,0.0
climatology,anomaly,1,8,2024-2025,72,838,39768.35064412238,44433.40794768025,1.8425425516014589,-3.3913949455957724,0.0,,9055.972222222224,-3.3913949455957715,9055.972222222224,-3.3913949455957715
elasticnet,anomaly,1,8,2024-2025,72,838,14665.96470748348,19407.71969250132,0.3751749636312546,-0.6194798689305867,0.6312151630645749,,9055.972222222224,-0.6194798689305865,9055.972222222224,-0.6194798689305865
seasonal_persistence,anomaly,1,8,2024-2025,72,838,14517.378809759795,18638.663761697386,0.343845191393414,-0.603072365232743,0.6349514482088431,,9055.972222222224,-0.6030723652327423,9055.972222222224,-0.6030723652327423
gbt,anomaly,3,1,2010-2011,72,330,2805.379843460616,4997.140411710453,1.2751137268088524,0.1665572585065405,-0.3894579082246683,,2019.0462962962963,-0.3894579082246685,2019.0462962962963,-0.3894579082246685
persistence,anomaly,3,1,2010-2011,72,330,3366.0138888888887,5852.28216050039,1.418645357056413,0.0,-0.6671306126379797,,2019.0462962962963,-0.6671306126379799,2019.0462962962963,-0.6671306126379799
climatology,anomaly,3,1,2010-2011,72,330,2019.0462962962963,3819.8834138075863,1.088187713520391,0.4001669740695045,0.0,,2019.0462962962963,0.0,2019.0462962962963,0.0
elasticnet,anomaly,3,1,2010-2011,72,330,2915.6697219286643,5246.075890452314,1.2938579873822775,0.1337915355747037,-0.4440826479695479,,2019.0462962962963,-0.4440826479695481,2019.0462962962963,-0.4440826479695481
seasonal_persistence,anomaly,3,1,2010-2011,72,330,3162.485684288588,5669.548216877727,1.33547316046877,0.0604656461080393,-0.5663264829983328,,2019.0462962962963,-0.566326482998333,2019.0462962962963,-0.566326482998333
gbt,anomaly,3,2,2012-2013,72,402,2179.969645499808,4371.250931036458,1.098025589646227,0.2352176343066082,-0.1262966308694404,,1935.5199915824917,-0.12629663086944043,1651.7077327808795,-0.3198277166321224
persistence,anomaly,3,2,2012-2013,72,402,2850.4444444444443,5398.682120563211,1.0896449942444972,0.0,-0.472702145594428,,1935.5199915824917,-0.4727021455944278,1651.7077327808795,-0.7257559481454536
climatology,anomaly,3,2,2012-2013,72,402,1935.5199915824917,3540.279283418185,0.9063315011993784,0.3209760690635993,0.0,,1935.5199915824917,0.0,1651.7077327808795,-0.1718295877466014
elasticnet,anomaly,3,2,2012-2013,72,402,1889.3219985720496,3540.682660744469,0.9798078297073248,0.3371833637191685,0.023868517613538,,1935.5199915824917,0.023868517613538254,1651.7077327808795,-0.14385975259140626
seasonal_persistence,anomaly,3,2,2012-2013,72,402,1651.7077327808795,3010.8959586228766,0.9887682045870834,0.4205437906358494,0.1466335971914014,,1935.5199915824917,0.14663359719140168,1651.7077327808795,0.0
gbt,anomaly,3,3,2014-2015,72,474,4717.95426991256,8548.150337289882,0.8328326543612748,0.2244441027634667,0.075861278771651,,5105.244658119658,0.07586127877165105,5105.244658119658,0.07586127877165105
persistence,anomaly,3,3,2014-2015,72,474,6083.319444444444,10568.09816473354,1.0250309154301778,0.0,-0.1915823534077261,,5105.244658119658,-0.1915823534077261,5105.244658119658,-0.1915823534077261
climatology,anomaly,3,3,2014-2015,72,474,5105.244658119658,9742.488942635073,0.8654616400583031,0.1607797840072342,0.0,,5105.244658119658,0.0,5105.244658119658,0.0
elasticnet,anomaly,3,3,2014-2015,72,474,4773.064097372246,9933.324329480522,0.8238528584099937,0.2153849323610289,0.0650665311835926,,5105.244658119658,0.06506653118359262,5105.244658119658,0.06506653118359262
seasonal_persistence,anomaly,3,3,2014-2015,72,474,5240.788442267356,9352.87377334972,0.8426175556011835,0.1384985631399852,-0.0265499095977941,,5105.244658119658,-0.02654990959779413,5105.244658119658,-0.02654990959779413
gbt,anomaly,3,4,2016-2017,72,546,2821.0536420990406,4984.231994199123,0.9171975983381162,0.2823597876179423,-0.559933615693639,,1808.4446759259256,-0.5599336156936392,1808.4446759259256,-0.5599336156936392
persistence,anomaly,3,4,2016-2017,72,546,3931.0138888888887,6161.262331202015,1.1327633093606433,0.0,-1.1736987264353025,,1808.4446759259256,-1.173698726435303,1808.4446759259256,-1.173698726435303
climatology,anomaly,3,4,2016-2017,72,546,1808.4446759259256,3126.565936631338,0.67032429162087,0.539954646042452,0.0,,1808.4446759259256,0.0,1808.4446759259256,0.0
elasticnet,anomaly,3,4,2016-2017,72,546,2506.2147664014287,4412.536717463812,0.8512960648033765,0.3624507983842772,-0.3858398875919406,,1808.4446759259256,-0.3858398875919409,1808.4446759259256,-0.3858398875919409
seasonal_persistence,anomaly,3,4,2016-2017,72,546,2730.2101900089347,5114.126500594671,0.9053069353376968,0.3054692078992792,-0.5097006982594388,,1808.4446759259256,-0.509700698259439,1808.4446759259256,-0.509700698259439
gbt,anomaly,3,5,2018-2019,72,618,2293.897812967165,3922.107310180014,0.952530786376022,0.0906853278407117,-0.3476615366310482,,1702.1319898329702,-0.3476615366310485,1702.1319898329702,-0.3476615366310485
persistence,anomaly,3,5,2018-2019,72,618,2522.6666666666665,4257.289503506506,1.0394761878253729,0.0,-0.4820628962588353,,1702.1319898329702,-0.48206289625883536,1702.1319898329702,-0.48206289625883536
climatology,anomaly,3,5,2018-2019,72,618,1702.1319898329702,2891.13748966242,0.7942210147575308,0.3252648031846048,0.0,,1702.1319898329702,0.0,1702.1319898329702,0.0
elasticnet,anomaly,3,5,2018-2019,72,618,1943.9757191991348,3380.24362804312,0.8869686018094283,0.2293965172307869,-0.1420828295400855,,1702.1319898329702,-0.14208282954008555,1702.1319898329702,-0.14208282954008555
seasonal_persistence,anomaly,3,5,2018-2019,72,618,2361.068243842331,4180.540569522898,0.96313343286992,0.0640585714155664,-0.3871240643764775,,1702.1319898329702,-0.3871240643764775,1702.1319898329702,-0.3871240643764775
gbt,anomaly,3,6,2020-2021,72,690,9999.975311131602,16096.570373523897,1.1650994904927172,0.0584874008284345,0.2537864023854482,,10621.180555555557,0.05848740082843473,10621.180555555557,0.05848740082843473
persistence,anomaly,3,6,2020-2021,72,690,10621.180555555557,15015.582625041376,1.258815246013157,0.0,0.2074311079096092,,10621.180555555557,0.0,10621.180555555557,0.0
climatology,anomaly,3,6,2020-2021,72,690,13400.95562865497,20351.633478896256,1.5165021024099272,-0.2617199715756095,0.0,,10621.180555555557,-0.26171997157560933,10621.180555555557,-0.26171997157560933
elasticnet,anomaly,3,6,2020-2021,72,690,10194.30363735112,16331.33130690677,1.2388341501373248,0.0401910989057757,0.2392853226412553,,10621.180555555557,0.04019109890577577,10621.180555555557,0.04019109890577577
seasonal_persistence,anomaly,3,6,2020-2021,72,690,11953.681251053533,20902.63679283337,1.200921466141492,-0.1254569290605831,0.1079978486390002,,10621.180555555557,-0.12545692906058292,10621.180555555557,-0.12545692906058292
gbt,anomaly,3,7,2022-2023,72,762,33699.264796115334,43333.9753999322,1.0596803144225933,-1.0225188221724246,0.3029113071155208,,16662.027777777777,-1.0225188221724246,16662.027777777777,-1.0225188221724246
persistence,anomaly,3,7,2022-2023,72,762,16662.027777777777,22725.375596456048,0.3843369497904655,0.0,0.6553363631317293,,16662.027777777777,0.0,16662.027777777777,0.0
climatology,anomaly,3,7,2022-2023,72,762,48342.86531986532,55658.65515316127,2.817132416168313,-1.901379469811017,0.0,,16662.027777777777,-1.9013794698110167,16662.027777777777,-1.9013794698110167
elasticnet,anomaly,3,7,2022-2023,72,762,29720.14434911806,38692.04903649765,0.9186393071948143,-0.7837051255403591,0.3852217043306845,,16662.027777777777,-0.7837051255403591,16662.027777777777,-0.7837051255403591
seasonal_persistence,anomaly,3,7,2022-2023,72,762,36489.39147713575,51496.9664193193,0.6489357638574624,-1.1899730311218075,0.2451959304501273,,16662.027777777777,-1.1899730311218075,16662.027777777777,-1.1899730311218075
gbt,anomaly,3,8,2024-2025,72,834,29213.89889419336,41960.13985042416,0.5665016745674506,-0.9248426883931328,0.2668595464096898,,15177.291666666666,-0.9248426883931331,15177.291666666666,-0.9248426883931331
persistence,anomaly,3,8,2024-2025,72,834,15177.291666666666,18498.19004547021,0.3571594311764453,0.0,0.6191166904125869,,15177.291666666666,0.0,15177.291666666666,0.0
climatology,anomaly,3,8,2024-2025,72,834,39847.61548913043,44487.323218148405,1.857285422172076,-1.6254760311845555,0.0,,15177.291666666666,-1.6254760311845557,15177.291666666666,-1.6254760311845557
elasticnet,anomaly,3,8,2024-2025,72,834,24292.472513998404,29895.470566768767,0.6361218351920119,-0.6005801988605832,0.3903657165979012,,15177.291666666666,-0.6005801988605832,15177.291666666666,-0.6005801988605832
seasonal_persistence,anomaly,3,8,2024-2025,72,834,28726.57522945596,38413.36040727307,0.5695372489638107,-0.8927339515090886,0.279089228380756,,15177.291666666666,-0.8927339515090886,15177.291666666666,-0.8927339515090886
gbt,anomaly,6,1,2010-2011,72,324,5473.479561430595,11374.995718346056,1.450650137828256,-0.3816829815864766,-1.7109232569213746,,2019.0462962962963,-1.710923256921375,2019.0462962962963,-1.710923256921375
persistence,anomaly,6,1,2010-2011,72,324,3961.4583333333335,6355.848224491974,1.6573255104537827,0.0,-0.9620443278592292,,2019.0462962962963,-0.9620443278592294,2019.0462962962963,-0.9620443278592294
climatology,anomaly,6,1,2010-2011,72,324,2019.0462962962963,3816.575495883061,1.0881877135203908,0.4903275192099804,0.0,,2019.0462962962963,0.0,2019.0462962962963,0.0
elasticnet,anomaly,6,1,2010-2011,72,324,4767.667075509121,9229.94065601374,1.4251757530573417,-0.2035131192450054,-1.3613460891188311,,2019.0462962962963,-1.3613460891188316,2019.0462962962963,-1.3613460891188316
seasonal_persistence,anomaly,6,1,2010-2011,72,324,5000.205187871566,9784.031272418635,1.4643587419628694,-0.2622132475300296,-1.476518342865072,,2019.0462962962963,-1.4765183428650723,2019.0462962962963,-1.4765183428650723
gbt,anomaly,6,2,2012-2013,72,396,2293.5136306971817,5223.180799185039,0.8848767262522386,0.5093097196991755,-0.1802700775181192,,1943.2108585858584,-0.18027007751811897,1863.503419248913,-0.23075364767593776
persistence,anomaly,6,2,2012-2013,72,396,4674.055555555556,8002.361141146614,1.583094188951063,0.0,-1.4053259762849557,,1943.2108585858584,-1.405325976284955,1863.503419248913,-1.5082087359085388
climatology,anomaly,6,2,2012-2013,72,396,1943.2108585858584,3541.8150940377354,0.9148213752058024,0.5842559345970613,0.0,,1943.2108585858584,0.0,1863.503419248913,-0.04277289674578211
elasticnet,anomaly,6,2,2012-2013,72,396,1791.1548344587773,3963.5294940725535,0.8877747188549204,0.6167878594575495,0.0782498839254827,,1943.2108585858584,0.07824988392548282,1863.503419248913,0.03882396138521482
seasonal_persistence,anomaly,6,2,2012-2013,72,396,1863.503419248913,4023.837793348148,0.9148133287336152,0.6013090993251111,0.0410184200982447,,1943.2108585858584,0.041018420098244746,1863.503419248913,0.0
gbt,anomaly,6,3,2014-2015,72,468,5998.725652102079,12421.55233258977,0.9076893004432716,0.3948466311558367,-0.1751992853470423,,5104.432692307692,-0.17519928534704232,5104.432692307692,-0.17519928534704232
persistence,anomaly,6,3,2014-2015,72,468,9912.736111111111,15593.06540447815,1.45320938618362,0.0,-0.9419858598683188,,5104.432692307692,-0.9419858598683188,5104.432692307692,-0.9419858598683188
climatology,anomaly,6,3,2014-2015,72,468,5104.432692307692,9742.216095449936,0.8648016311425416,0.4850631919287983,0.0,,5104.432692307692,0.0,5104.432692307692,0.0
elasticnet,anomaly,6,3,2014-2015,72,468,6170.630013996847,12141.741157987011,0.9186415042758485,0.3775048639618041,-0.2088767520229817,,5104.432692307692,-0.20887675202298173,5104.432692307692,-0.20887675202298173
seasonal_persistence,anomaly,6,3,2014-2015,72,468,6677.417701170614,13847.019269162693,0.9389913326572474,0.3263799594457127,-0.3081605936803493,,5104.432692307692,-0.3081605936803493,5104.432692307692,-0.3081605936803493
gbt,anomaly,6,4,2016-2017,72,540,3424.246922354724,6142.127988378114,1.00451589938814,0.3807716227312818,-0.8919759182465687,,1809.878703703704,-0.8919759182465683,1809.878703703704,-0.8919759182465683
persistence,anomaly,6,4,2016-2017,72,540,5529.861111111111,8368.11279003018,1.5841542175965992,0.0,-2.055376639216154,,1809.878703703704,-2.055376639216153,1809.878703703704,-2.055376639216153
climatology,anomaly,6,4,2016-2017,72,540,1809.878703703704,3124.8538172920094,0.671431101054205,0.6727081083343799,0.0,,1809.878703703704,0.0,1809.878703703704,0.0
elasticnet,anomaly,6,4,2016-2017,72,540,3735.7998721634526,6990.320256567468,1.0419405260459866,0.324431518784959,-1.0641161556951737,,1809.878703703704,-1.064116155695173,1809.878703703704,-1.064116155695173
seasonal_persistence,anomaly,6,4,2016-2017,72,540,4462.952682182965,9127.023652336558,1.1365441348315426,0.192935845492469,-1.465884964031047,,1809.878703703704,-1.465884964031046,1809.878703703704,-1.465884964031046
gbt,anomaly,6,5,2018-2019,72,612,2035.9258378054667,3235.4048455049315,0.9447324145331196,0.4597257828534176,-0.2062859332449542,,1687.763888888889,-0.20628593324495426,1687.763888888889,-0.20628593324495426
persistence,anomaly,6,5,2018-2019,72,612,3768.319444444444,5828.9840273984855,1.5031259307050833,0.0,-1.232729038257392,,1687.763888888889,-1.2327290382573914,1687.763888888889,-1.2327290382573914
climatology,anomaly,6,5,2018-2019,72,612,1687.763888888889,2888.108223355477,0.7841219480232637,0.552117618006848,0.0,,1687.763888888889,0.0,1687.763888888889,0.0
elasticnet,anomaly,6,5,2018-2019,72,612,2273.7652457890144,4129.68044559053,1.0045041358402973,0.3966102716845888,-0.3472057677960569,,1687.763888888889,-0.34720576779605694,1687.763888888889,-0.34720576779605694
seasonal_persistence,anomaly,6,5,2018-2019,72,612,2706.046105384605,5492.132226013548,1.1288301944568375,0.2818957773407259,-0.6033321504266129,,1687.763888888889,-0.6033321504266129,1687.763888888889,-0.6033321504266129
gbt,anomaly,6,6,2020-2021,72,684,10390.862140328109,16522.23453739262,1.249054706197505,0.4106616319023398,0.2242753201442878,,13395.03874269006,0.22427532014428775,13395.03874269006,0.22427532014428775
persistence,anomaly,6,6,2020-2021,72,684,17631.402777777777,23458.223635326696,1.824042097582236,0.0,-0.3162636642166927,,13395.03874269006,-0.3162636642166927,13395.03874269006,-0.3162636642166927
climatology,anomaly,6,6,2020-2021,72,684,13395.03874269006,20349.935463511305,1.5117736319741366,0.2402737937804435,0.0,,13395.03874269006,0.0,13395.03874269006,0.0
elasticnet,anomaly,6,6,2020-2021,72,684,11723.632688280595,17980.695846068193,1.4423142284039396,0.3350709052454523,0.1247779932940906,,13395.03874269006,0.12477799329409067,13395.03874269006,0.12477799329409067
seasonal_persistence,anomaly,6,6,2020-2021,72,684,15902.71327851075,37005.54575258587,1.3926687631606574,0.0980460557254031,-0.1872092036455794,,13395.03874269006,-0.18720920364557947,13395.03874269006,-0.18720920364557947
gbt,anomaly,6,7,2022-2023,72,756,39921.34530489364,59840.30986336229,1.1076841613999198,-0.4655853990714673,0.1744983429675813,,27239.180555555555,-0.46558539907146734,27239.180555555555,-0.46558539907146734
persistence,anomaly,6,7,2022-2023,72,756,27239.180555555555,34550.799931445545,0.6082930328581454,0.0,0.4367427121234822,,27239.180555555555,0.0,27239.180555555555,0.0
climatology,anomaly,6,7,2022-2023,72,756,48360.103174603166,55667.80146559511,2.8251825371600794,-0.7753875920008138,0.0,,27239.180555555555,-0.7753875920008138,27239.180555555555,-0.7753875920008138
elasticnet,anomaly,6,7,2022-2023,72,756,32456.14740581484,43366.90214179471,1.1001942078848808,-0.1915243683494458,0.3288652158447103,,27239.180555555555,-0.19152436834944586,27239.180555555555,-0.19152436834944586
seasonal_persistence,anomaly,6,7,2022-2023,72,756,57212.91028225754,98265.06059668286,0.8162922053943024,-1.100390287643536,-0.1830601369002771,,27239.180555555555,-1.1003902876435356,27239.180555555555,-1.1003902876435356
gbt,anomaly,6,8,2024-2025,72,828,43105.00025610882,73405.84387280206,0.7825502492750739,-0.7224134847021646,-0.0790343647234805,,25025.930555555555,-0.7224134847021646,25025.930555555555,-0.7224134847021646
persistence,anomaly,6,8,2024-2025,72,828,25025.930555555555,29403.942871237523,0.5586003791816752,0.0,0.3735334898924897,,25025.930555555555,0.0,25025.930555555555,0.0
climatology,anomaly,6,8,2024-2025,72,828,39947.75483091788,44547.526601982485,1.887290882385112,-0.5962545225735789,0.0,,25025.930555555555,-0.5962545225735794,25025.930555555555,-0.5962545225735794
elasticnet,anomaly,6,8,2024-2025,72,828,31607.736413968352,46833.1029537907,0.7844706668919483,-0.2629994454672411,0.2087731451304166,,25025.930555555555,-0.2629994454672411,25025.930555555555,-0.2629994454672411
seasonal_persistence,anomaly,6,8,2024-2025,72,828,44935.41085423847,75916.08115514,0.7521024790547606,-0.795554045612229,-0.1248544766641144,,25025.930555555555,-0.795554045612229,25025.930555555555,-0.795554045612229
gbt,anomaly,9,1,2010-2011,72,318,7617.991439688225,20480.534269094373,1.3964494657125428,-0.7500945526693625,-2.773064269830037,,2019.046296296296,-2.773064269830037,2019.046296296296,-2.773064269830037
persistence,anomaly,9,1,2010-2011,72,318,4352.902777777777,6811.89067509487,1.926381892381792,0.0,-1.1559202410378937,,2019.046296296296,-1.1559202410378937,2019.046296296296,-1.1559202410378937
climatology,anomaly,9,1,2010-2011,72,318,2019.046296296296,3810.900768844308,1.0881877135203908,0.5361609483667242,0.0,,2019.046296296296,0.0,2019.046296296296,0.0
elasticnet,anomaly,9,1,2010-2011,72,318,7856.9811197031295,20279.955150655125,1.4135437850853148,-0.8049980715889633,-2.891431877573011,,2019.046296296296,-2.891431877573011,2019.046296296296,-2.891431877573011
seasonal_persistence,anomaly,9,1,2010-2011,72,318,7977.114389290073,20640.719775825124,1.4448595424570505,-0.8325964985973131,-2.9509318849811192,,2019.046296296296,-2.9509318849811192,2019.046296296296,-2.9509318849811192
gbt,anomaly,9,2,2012-2013,72,390,2361.7330252591137,4870.307870441727,0.9867763821864608,0.564693169482643,-0.2088009564495283,,1953.7815656565656,-0.20880095644952856,1953.7815656565656,-0.20880095644952856
persistence,anomaly,9,2,2012-2013,72,390,5425.444444444444,8842.585246031464,2.0090507698270192,0.0,-1.7768940703569545,,1953.7815656565656,-1.776894070356955,1953.7815656565656,-1.776894070356955
climatology,anomaly,9,2,2012-2013,72,390,1953.7815656565656,3544.2057758955875,0.9250345527236624,0.6398854350711853,0.0,,1953.7815656565656,0.0,1953.7815656565656,0.0
elasticnet,anomaly,9,2,2012-2013,72,390,2350.269989008568,4677.184246201623,1.0458752601762955,0.5668059984624484,-0.2029338541838283,,1953.7815656565656,-0.2029338541838288,1953.7815656565656,-0.2029338541838288
seasonal_persistence,anomaly,9,2,2012-2013,72,390,2382.169792352744,4754.676174499498,1.081543631686331,0.5609263320736715,-0.2192610649145001,,1953.7815656565656,-0.21926106491450037,1953.7815656565656,-0.21926106491450037
gbt,anomaly,9,3,2014-2015,72,462,5408.358854809242,9903.250743381608,0.903772240722823,0.5371102483755958,-0.0608310128049793,,5098.228454415955,-0.06083101280497938,4949.6076056914335,-0.09268436725980078
persistence,anomaly,9,3,2014-2015,72,462,11683.902777777776,17306.45969597287,1.7971281009159317,0.0,-1.2917573981325767,,5098.228454415955,-1.2917573981325767,4949.6076056914335,-1.360571525779688
climatology,anomaly,9,3,2014-2015,72,462,5098.228454415955,9741.552738585804,0.8589778127278964,0.5636536394232464,0.0,,5098.228454415955,0.0,4949.6076056914335,-0.03002679415508136
elasticnet,anomaly,9,3,2014-2015,72,462,4862.029510806351,7593.586131853247,0.9406520458653465,0.5838693967863462,0.0463296114957371,,5098.228454415955,0.04632961149573711,4949.6076056914335,0.017693947048323277
seasonal_persistence,anomaly,9,3,2014-2015,72,462,4949.6076056914335,7901.151338422167,0.949202046012232,0.5763737768252104,0.0291514689962136,,5098.228454415955,0.02915146899621368,4949.6076056914335,0.0
gbt,anomaly,9,4,2016-2017,72,534,5718.315706985631,18177.999639033787,1.0021173896217532,-0.0290858646551592,-2.1638585678137083,,1807.3866402116405,-2.163858567813708,1807.3866402116405,-2.163858567813708
persistence,anomaly,9,4,2016-2017,72,534,5556.694444444444,8626.805281279456,1.6692336215612158,0.0,-2.0744359401670525,,1807.3866402116405,-2.074435940167052,1807.3866402116405,-2.074435940167052
climatology,anomaly,9,4,2016-2017,72,534,1807.3866402116405,3125.692553556536,0.6695350540216187,0.6747370836597545,0.0,,1807.3866402116405,0.0,1807.3866402116405,0.0
elasticnet,anomaly,9,4,2016-2017,72,534,5991.7188250118825,21152.79064468239,0.8998364974002128,-0.0782883393925633,-2.315128424491545,,1807.3866402116405,-2.315128424491545,1807.3866402116405,-2.315128424491545
seasonal_persistence,anomaly,9,4,2016-2017,72,534,6655.836897195686,24232.396496403788,0.9394925412912184,-0.1978050914514759,-2.6825750224735008,,1807.3866402116405,-2.6825750224735003,1807.3866402116405,-2.6825750224735003
gbt,anomaly,9,5,2018-2019,72,606,1697.7236115610056,2833.194940720921,0.861103987775876,0.5852973305636107,-0.0032546178982586,,1692.2160947712418,-0.0032546178982586493,1692.2160947712418,-0.0032546178982586493
persistence,anomaly,9,5,2018-2019,72,606,4093.8333333333335,6251.555264270022,1.670934704968217,0.0,-1.4192142752824657,,1692.2160947712418,-1.4192142752824655,1692.2160947712418,-1.4192142752824655
climatology,anomaly,9,5,2018-2019,72,606,1692.2160947712418,2890.071088915122,0.7871991101409503,0.5866426507907239,0.0,,1692.2160947712418,0.0,1692.2160947712418,0.0
elasticnet,anomaly,9,5,2018-2019,72,606,2546.941202624624,4543.960823405696,1.0581842548659093,0.3778590882323925,-0.5050921749854447,,1692.2160947712418,-0.5050921749854449,1692.2160947712418,-0.5050921749854449
seasonal_persistence,anomaly,9,5,2018-2019,72,606,2647.4668056520964,4850.985491516959,1.0739144813017325,0.3533037155920459,-0.5644968830118517,,1692.2160947712418,-0.5644968830118517,1692.2160947712418,-0.5644968830118517
gbt,anomaly,9,6,2020-2021,72,678,11602.636820422173,17541.547769153796,1.3775405517521366,0.4582264768790791,0.1333149158597051,,13387.37337556855,0.13331491585970512,13387.37337556855,0.13331491585970512
persistence,anomaly,9,6,2020-2021,72,678,21416.027777777777,28112.779975879694,2.2128304574946758,0.0,-0.5997184195117182,,13387.37337556855,-0.5997184195117182,13387.37337556855,-0.5997184195117182
climatology,anomaly,9,6,2020-2021,72,678,13387.37337556855,20347.78853961099,1.505981187410673,0.3748899882610405,0.0,,13387.37337556855,0.0,13387.37337556855,0.0
elasticnet,anomaly,9,6,2020-2021,72,678,12427.349774898648,21511.50411580156,1.4111314270187307,0.4197173302234031,0.0717111246349421,,13387.37337556855,0.07171112463494211,13387.37337556855,0.07171112463494211
seasonal_persistence,anomaly,9,6,2020-2021,72,678,13549.909219036752,26605.314505397477,1.4387224439639188,0.3673005395941473,-0.0121409808263677,,13387.37337556855,-0.01214098082636772,13387.37337556855,-0.01214098082636772
gbt,anomaly,9,7,2022-2023,72,750,35564.134611997055,51622.79088295477,1.426343161725685,0.0054718122908836,0.2649233390718607,,35759.805555555555,0.005471812290883671,35759.805555555555,0.005471812290883671
persistence,anomaly,9,7,2022-2023,72,750,35759.805555555555,44274.65097453245,0.813998825735202,0.0,0.2608790077419731,,35759.805555555555,0.0,35759.805555555555,0.0
climatology,anomaly,9,7,2022-2023,72,750,48381.53148148148,55681.324955018834,2.844548170698129,-0.3529584607588854,0.0,,35759.805555555555,-0.3529584607588854,35759.805555555555,-0.3529584607588854
elasticnet,anomaly,9,7,2022-2023,72,750,36006.05843413713,43481.23966697866,1.334384206218321,-0.0068863036237432,0.255789196174602,,35759.805555555555,-0.006886303623743206,35759.805555555555,-0.006886303623743206
seasonal_persistence,anomaly,9,7,2022-2023,72,750,86846.14350024256,151532.43359027538,1.0897207271132812,-1.4285966366713183,-0.7950267558910118,,35759.805555555555,-1.4285966366713185,35759.805555555555,-1.4285966366713185
gbt,anomaly,9,8,2024-2025,72,822,43717.72662255079,84847.02457328788,0.6880765318965708,-0.3729208085292346,-0.0903817247495217,,31842.86111111111,-0.3729208085292348,31842.86111111111,-0.3729208085292348
persistence,anomaly,9,8,2024-2025,72,822,31842.86111111111,37328.65835201034,0.7063321057842358,0.0,0.2057941594478327,,31842.86111111111,0.0,31842.86111111111,0.0
climatology,anomaly,9,8,2024-2025,72,822,40093.96492094862,44593.13433027138,1.9352200347965325,-0.2591194233786489,0.0,,31842.86111111111,-0.2591194233786489,31842.86111111111,-0.2591194233786489
elasticnet,anomaly,9,8,2024-2025,72,822,54522.13332292165,87650.55545849886,0.9650128277741564,-0.7122247003080051,-0.3598588573223018,,31842.86111111111,-0.7122247003080051,31842.86111111111,-0.7122247003080051
seasonal_persistence,anomaly,9,8,2024-2025,72,822,67119.4380558747,112934.40419538536,0.943323649721839,-1.107833144191127,-0.6740533940260318,,31842.86111111111,-1.1078331441911273,31842.86111111111,-1.1078331441911273
gbt,anomaly,18,1,2010-2011,72,300,11013.017176842031,41336.17184214688,1.5141491905754374,-1.5809994653120278,-4.144944256416604,,2140.551311728395,-4.144944256416603,2140.551311728395,-4.144944256416603
persistence,anomaly,18,1,2010-2011,72,300,4266.958333333333,6133.854012092777,2.2429122410018447,0.0,-0.9933922209451564,,2140.551311728395,-0.9933922209451564,2140.551311728395,-0.9933922209451564
climatology,anomaly,18,1,2010-2011,72,300,2140.551311728395,3928.43296131209,1.109161950339785,0.4983425793014004,0.0,,2140.551311728395,0.0,2140.551311728395,0.0
elasticnet,anomaly,18,1,2010-2011,72,300,8190.741400151823,23144.804895688834,1.564676891884916,-0.919573794795705,-2.8264634700759323,,2140.551311728395,-2.8264634700759323,2140.551311728395,-2.8264634700759323
seasonal_persistence,anomaly,18,1,2010-2011,72,300,9319.13570120528,28971.867574699703,1.6532117496827594,-1.1840231315137315,-3.353614720723753,,2140.551311728395,-3.353614720723753,2140.551311728395,-3.353614720723753
gbt,anomaly,18,2,2012-2013,72,372,2682.6689801141315,6544.751412662166,0.933491110036608,0.5399254776522351,-0.4099587115646923,,1902.657828282828,-0.4099587115646923,1902.657828282828,-0.4099587115646923
persistence,anomaly,18,2,2012-2013,72,372,5830.944444444444,9224.560341826596,2.4307006041491777,0.0,-2.0646311479489423,,1902.657828282828,-2.0646311479489423,1902.657828282828,-2.0646311479489423
climatology,anomaly,18,2,2012-2013,72,372,1902.657828282828,3407.125783214105,0.9295672743296024,0.6736964575103052,0.0,,1902.657828282828,0.0,1902.657828282828,0.0
elasticnet,anomaly,18,2,2012-2013,72,372,2089.2533278811466,4529.765133066481,0.8326928190785117,0.6416955524466149,-0.098070970420742,,1902.657828282828,-0.09807097042074209,1902.657828282828,-0.09807097042074209
seasonal_persistence,anomaly,18,2,2012-2013,72,372,2368.032096273801,4970.099761435967,0.9832735091045324,0.5938853270107909,-0.2445916764818292,,1902.657828282828,-0.24459167648182922,1902.657828282828,-0.24459167648182922
gbt,anomaly,18,3,2014-2015,72,444,7093.820850835396,16672.676080951103,1.1193610108836607,0.4771851280894917,-0.4018912507070908,,5060.179131054131,-0.40189125070709086,5060.179131054131,-0.40189125070709086
persistence,anomaly,18,3,2014-2015,72,444,13568.513888888889,19305.034764638185,2.510423987579502,0.0,-1.681429557625623,,5060.179131054131,-1.681429557625623,5060.179131054131,-1.681429557625623
climatology,anomaly,18,3,2014-2015,72,444,5060.179131054131,9679.797576130435,0.8511636800976725,0.6270646017322605,0.0,,5060.179131054131,0.0,5060.179131054131,0.0
elasticnet,anomaly,18,3,2014-2015,72,444,7949.238614164573,20547.7146302918,1.1155538294248972,0.4141408057463006,-0.570940160078601,,5060.179131054131,-0.570940160078601,5060.179131054131,-0.570940160078601
seasonal_persistence,anomaly,18,3,2014-2015,72,444,8243.227128734829,20721.95947975616,1.243192314061009,0.3924738408172232,-0.6290386002634669,,5060.179131054131,-0.6290386002634669,5060.179131054131,-0.6290386002634669
gbt,anomaly,18,4,2016-2017,72,516,4362.351349382308,10068.25543562156,1.0255382271204188,0.2920766747982741,-1.3750716892963075,,1836.724074074074,-1.3750716892963082,1836.724074074074,-1.3750716892963082
persistence,anomaly,18,4,2016-2017,72,516,6162.180555555556,9096.959472965556,1.9088186132154088,0.0,-2.354984367296445,,1836.724074074074,-2.354984367296445,1836.724074074074,-2.354984367296445
climatology,anomaly,18,4,2016-2017,72,516,1836.724074074074,3118.6258369395705,0.6703224718937238,0.7019360180191145,0.0,,1836.724074074074,0.0,1836.724074074074,0.0
elasticnet,anomaly,18,4,2016-2017,72,516,4751.520710978295,8652.055977647944,1.045564097680682,0.2289221862065483,-1.586954011246149,,1836.724074074074,-1.5869540112461493,1836.724074074074,-1.5869540112461493
seasonal_persistence,anomaly,18,4,2016-2017,72,516,5037.306092721595,10259.139357479384,1.0768438807546994,0.1825448723374103,-1.7425491742743082,,1836.724074074074,-1.7425491742743082,1836.724074074074,-1.7425491742743082
gbt,anomaly,18,5,2018-2019,72,588,3817.851214433018,9685.569433381324,0.9595889828914308,0.1602966537170782,-1.2402512652351585,,1704.2066993464052,-1.2402512652351585,1704.2066993464052,-1.2402512652351585
persistence,anomaly,18,5,2018-2019,72,588,4546.666666666667,6565.463297099112,1.913619447362389,0.0,-1.6679079881627024,,1704.2066993464052,-1.6679079881627024,1704.2066993464052,-1.6679079881627024
climatology,anomaly,18,5,2018-2019,72,588,1704.2066993464052,2909.1619633591013,0.7937342112311111,0.6251744796158933,0.0,,1704.2066993464052,0.0,1704.2066993464052,0.0
elasticnet,anomaly,18,5,2018-2019,72,588,4384.985257997516,10427.511322606337,1.0630013705716124,0.035560427126646,-1.5730360405690451,,1704.2066993464052,-1.5730360405690451,1704.2066993464052,-1.5730360405690451
seasonal_persistence,anomaly,18,5,2018-2019,72,588,5421.716381880324,13441.990542320522,1.1372622680517983,-0.1924596147830624,-2.1813725318411508,,1704.2066993464052,-2.1813725318411508,1704.2066993464052,-2.1813725318411508
gbt,anomaly,18,6,2020-2021,72,660,13902.69666312338,21492.780024696796,1.691905131074253,0.4346253285123422,-0.0438489829554169,,13318.685834957763,-0.04384898295541695,13318.685834957763,-0.04384898295541695
persistence,anomaly,18,6,2020-2021,72,660,24590.23611111111,30760.225862259565,2.984697991170295,0.0,-0.8462959796355229,,13318.685834957763,-0.8462959796355232,13318.685834957763,-0.8462959796355232
climatology,anomaly,18,6,2020-2021,72,660,13318.685834957763,20251.06283347981,1.497153064918609,0.4583750324812981,0.0,,13318.685834957763,0.0,13318.685834957763,0.0
elasticnet,anomaly,18,6,2020-2021,72,660,13392.137789055752,24641.814339565037,1.5059744859339623,0.4553879951154878,-0.0055149550795166,,13318.685834957763,-0.005514955079516826,13318.685834957763,-0.005514955079516826
seasonal_persistence,anomaly,18,6,2020-2021,72,660,13767.528373349593,27158.812235575584,1.5804343531922187,0.4401221561622692,-0.0337002121646072,,13318.685834957763,-0.0337002121646075,13318.685834957763,-0.0337002121646075
gbt,anomaly,18,7,2022-2023,72,732,92544.39782068256,205463.49818974323,1.1022154588068516,-0.9198439515432042,-0.9148835809880282,,48204.125,-0.9198439515432042,48204.125,-0.9198439515432042
persistence,anomaly,18,7,2022-2023,72,732,48204.125,57225.1966050455,1.2784501727255793,0.0,0.0025837363246052,,48204.125,0.0,48204.125,0.0
climatology,anomaly,18,7,2022-2023,72,732,48328.99437830688,55604.08132957759,2.8512589217289896,-0.0025904293109122,0.0,,48204.125,-0.0025904293109122456,48204.125,-0.0025904293109122456
elasticnet,anomaly,18,7,2022-2023,72,732,48877.53671224696,84734.8654735598,1.6068374091374564,-0.0139700017840167,-0.0113501706583472,,48204.125,-0.01397000178401675,48204.125,-0.01397000178401675
seasonal_persistence,anomaly,18,7,2022-2023,72,732,117446.59892955433,266538.03463047167,1.2593278979444902,-1.43644291706476,-1.4301477909971123,,48204.125,-1.4364429170647601,48204.125,-1.4364429170647601
gbt,anomaly,18,8,2024-2025,72,804,130617.5688205844,243779.43694641584,1.015639902846503,-2.3447159568502034,-2.23444025086574,,39051.91666666666,-2.3447159568502043,39051.91666666666,-2.3447159568502043
persistence,anomaly,18,8,2024-2025,72,804,39051.91666666666,46058.834536203074,0.8404205867521628,0.0,0.032970125836429,,39051.91666666666,0.0,39051.91666666666,0.0
climatology,anomaly,18,8,2024-2025,72,804,40383.361166007904,44695.09522854808,2.098377013679568,-0.0340942164428439,0.0,,39051.91666666666,-0.03409421644284416,39051.91666666666,-0.03409421644284416
elasticnet,anomaly,18,8,2024-2025,72,804,93359.80486912164,191199.3488982903,1.2127162767109188,-1.390658713783702,-1.3118383951582984,,39051.91666666666,-1.3906587137837025,39051.91666666666,-1.3906587137837025
seasonal_persistence,anomaly,18,8,2024-2025,72,804,163696.1698425243,303488.703140058,1.3164326382877207,-3.1917576348371544,-3.053554858140761,,39051.91666666666,-3.1917576348371552,39051.91666666666,-3.1917576348371552
gbt,anomaly,27,1,2010-2011,72,282,3101.011187349367,6476.2015126927545,1.2457465757603974,0.3199184732117756,-0.3836008487320184,,2241.261408730159,-0.3836008487320184,2241.261408730159,-0.3836008487320184
persistence,anomaly,27,1,2010-2011,72,282,4559.763888888889,6932.803678687449,2.1198264089787604,0.0,-1.0344632139418013,,2241.261408730159,-1.0344632139418013,2241.261408730159,-1.0344632139418013
climatology,anomaly,27,1,2010-2011,72,282,2241.261408730159,4008.21049692474,1.1118514670942008,0.5084698542853052,0.0,,2241.261408730159,0.0,2241.261408730159,0.0
elasticnet,anomaly,27,1,2010-2011,72,282,4261.776878459461,7015.828472812507,1.607816562136268,0.0653514124175496,-0.9015081693991572,,2241.261408730159,-0.9015081693991571,2241.261408730159,-0.9015081693991571
seasonal_persistence,anomaly,27,1,2010-2011,72,282,3777.521882892798,5959.836072745197,1.665449038184368,0.1715531823703058,-0.6854445751747651,,2241.261408730159,-0.6854445751747651,2241.261408730159,-0.6854445751747651
gbt,anomaly,27,2,2012-2013,72,354,2888.616269135572,5816.642183822975,1.0592331001156734,0.4529682655412148,-0.4908877946890797,,1937.5141975308643,-0.4908877946890797,1937.5141975308643,-0.4908877946890797
persistence,anomaly,27,2,2012-2013,72,354,5280.527777777777,8865.230051223212,1.952525506141457,0.0,-1.7254137205844446,,1937.5141975308643,-1.7254137205844446,1937.5141975308643,-1.7254137205844446
climatology,anomaly,27,2,2012-2013,72,354,1937.5141975308643,3463.6190653915787,0.937175040223427,0.6330832297323441,0.0,,1937.5141975308643,0.0,1937.5141975308643,0.0
elasticnet,anomaly,27,2,2012-2013,72,354,2807.6715401234305,7495.283259933433,1.0113228785745547,0.4682971743962698,-0.4491101761739244,,1937.5141975308643,-0.44911017617392446,1937.5141975308643,-0.44911017617392446
seasonal_persistence,anomaly,27,2,2012-2013,72,354,2439.4528340068373,4918.324875054523,1.143413241751936,0.5380285954989446,-0.2590632043448431,,1937.5141975308643,-0.2590632043448431,1937.5141975308643,-0.2590632043448431
gbt,anomaly,27,3,2014-2015,72,426,12996.6295609491,35874.79967807615,1.1177976790080528,-0.0893730969017401,-1.62584841791231,,4949.497264309764,-1.62584841791231,4949.497264309764,-1.62584841791231
persistence,anomaly,27,3,2014-2015,72,426,11930.375,18200.69946801496,2.1232530818072632,0.0,-1.4104215767586168,,4949.497264309764,-1.4104215767586163,4949.497264309764,-1.4104215767586163
climatology,anomaly,27,3,2014-2015,72,426,4949.497264309764,9430.561045672204,0.8380136603546114,0.5851348122494252,0.0,,4949.497264309764,0.0,4949.497264309764,0.0
elasticnet,anomaly,27,3,2014-2015,72,426,5444.58211859041,10662.018503098308,1.0771348536240852,0.543636967103682,-0.1000273013282873,,4949.497264309764,-0.10002730132828708,4949.497264309764,-0.10002730132828708
seasonal_persistence,anomaly,27,3,2014-2015,72,426,6779.24384963544,13761.72803730371,1.23810211729119,0.4317660719268724,-0.3696833208737706,,4949.497264309764,-0.3696833208737704,4949.497264309764,-0.3696833208737704
gbt,anomaly,27,4,2016-2017,72,498,3923.149993471187,9068.02969492075,1.009446543879092,0.2954376419456551,-1.159065567814531,,1817.0592185592184,-1.159065567814531,1817.0592185592184,-1.159065567814531
persistence,anomaly,27,4,2016-2017,72,498,5568.208333333333,8472.44654666591,1.5780112641152633,0.0,-2.0644066392885496,,1817.0592185592184,-2.06440663928855,1817.0592185592184,-2.06440663928855
climatology,anomaly,27,4,2016-2017,72,498,1817.0592185592184,3090.3678226968063,0.6724522167609815,0.6736725514234736,0.0,,1817.0592185592184,0.0,1817.0592185592184,0.0
elasticnet,anomaly,27,4,2016-2017,72,498,4874.089845647394,13127.640484377713,0.9575791529161032,0.1246574205082614,-1.6824056122464488,,1817.0592185592184,-1.6824056122464488,1817.0592185592184,-1.6824056122464488
seasonal_persistence,anomaly,27,4,2016-2017,72,498,4882.863152758518,12571.614259819742,0.9790644844007932,0.1230818136728268,-1.6872339122938629,,1817.0592185592184,-1.6872339122938627,1817.0592185592184,-1.6872339122938627
gbt,anomaly,27,5,2018-2019,72,570,1916.4622862320675,3422.6131625223907,1.0198723639768543,0.5484198421634016,-0.0665532680071756,,1796.8744212962963,-0.06655326800717565,1796.8744212962963,-0.06655326800717565
persistence,anomaly,27,5,2018-2019,72,570,4243.902777777777,6376.996026299879,1.7164195855771165,0.0,-1.3618249152415185,,1796.8744212962963,-1.3618249152415185,1796.8744212962963,-1.3618249152415185
climatology,anomaly,27,5,2018-2019,72,570,1796.8744212962963,3137.1088345086896,0.8018385605650769,0.5765985896978563,0.0,,1796.8744212962963,0.0,1796.8744212962963,0.0
elasticnet,anomaly,27,5,2018-2019,72,570,2997.6722072238226,6037.8484683107245,0.937087653221361,0.2936520075529427,-0.6682702873922877,,1796.8744212962963,-0.6682702873922877,1796.8744212962963,-0.6682702873922877
seasonal_persistence,anomaly,27,5,2018-2019,72,570,2791.1139176886904,5460.343225858143,1.0544790609265486,0.3423237845353768,-0.5533160718460963,,1796.8744212962963,-0.5533160718460963,1796.8744212962963,-0.5533160718460963
gbt,anomaly,27,6,2020-2021,72,642,12144.030203768509,18571.73867854813,1.7404280185324943,0.2940053204364876,0.0796542353775471,,13195.073710965868,0.07965423537754712,13195.073710965868,0.07965423537754712
persistence,anomaly,27,6,2020-2021,72,642,17201.305555555555,24364.069312662494,2.2131424042736083,0.0,-0.303615722984577,,13195.073710965868,-0.30361572298457706,13195.073710965868,-0.30361572298457706
climatology,anomaly,27,6,2020-2021,72,642,13195.073710965868,20056.02115954549,1.480988893088378,0.2329027777368784,0.0,,13195.073710965868,0.0,13195.073710965868,0.0
elasticnet,anomaly,27,6,2020-2021,72,642,13756.573831475274,23719.80966011019,1.5027251111849682,0.2002598996311489,-0.0425537691420978,,13195.073710965868,-0.04255376914209785,13195.073710965868,-0.04255376914209785
seasonal_persistence,anomaly,27,6,2020-2021,72,642,19523.148949311777,42813.560651577,1.6004801908347888,-0.1349806493616021,-0.4795786197910296,,13195.073710965868,-0.47957861979102967,13195.073710965868,-0.47957861979102967
gbt,anomaly,27,7,2022-2023,72,714,41070.40708675188,54993.4254765776,2.0002577491412143,-0.0022044287267473,0.1523649133754753,,40980.069444444445,-0.0022044287267473095,40980.069444444445,-0.0022044287267473095
persistence,anomaly,27,7,2022-2023,72,714,40980.069444444445,50782.91001806393,1.294564866893281,0.0,0.1542293544826931,,40980.069444444445,0.0,40980.069444444445,0.0
climatology,anomaly,27,7,2022-2023,72,714,48452.93421052632,55757.63791239115,2.9130587202533462,-0.1823536384244695,0.0,,40980.069444444445,-0.1823536384244695,40980.069444444445,-0.1823536384244695
elasticnet,anomaly,27,7,2022-2023,72,714,48941.05038894284,81397.19696167254,1.518137114030595,-0.1942647011687199,-0.0100740272260018,,40980.069444444445,-0.19426470116871997,40980.069444444445,-0.19426470116871997
seasonal_persistence,anomaly,27,7,2022-2023,72,714,85472.12735353684,195945.83992740183,1.279200467675922,-1.085699914916178,-0.7640237633940477,,40980.069444444445,-1.085699914916178,40980.069444444445,-1.085699914916178
gbt,anomaly,27,8,2024-2025,72,786,88862.60303080213,181961.99071056535,0.8212201783452997,-1.9223669304964075,-1.1678597523499987,,30407.75,-1.9223669304964073,30407.75,-1.9223669304964073
persistence,anomaly,27,8,2024-2025,72,786,30407.75,36324.145056085705,0.6483134987710287,0.0,0.2581835875135106,,30407.75,0.0,30407.75,0.0
climatology,anomaly,27,8,2024-2025,72,786,40990.93722943723,45355.52906961292,2.223624861064422,-0.3480424309407053,0.0,,30407.75,-0.3480424309407053,30407.75,-0.3480424309407053
elasticnet,anomaly,27,8,2024-2025,72,786,93487.81482158654,206514.9592521753,1.0984930991661803,-2.074473278081625,-1.2806947374320878,,30407.75,-2.074473278081625,30407.75,-2.074473278081625
seasonal_persistence,anomaly,27,8,2024-2025,72,786,146130.22868215977,310951.7464245265,0.997655623248842,-3.8056902823181513,-2.564939924750435,,30407.75,-3.8056902823181513,30407.75,-3.8056902823181513
gbt,anomaly,36,1,2010-2011,72,264,3358.741930334962,6291.656327051589,1.4621233959995044,0.2498691960056291,-0.6143843861584959,,2080.509424603175,-0.6143843861584959,2080.509424603175,-0.6143843861584959
persistence,anomaly,36,1,2010-2011,72,264,4477.541666666667,8515.984895249116,1.6693171242496467,0.0,-1.1521371706935135,,2080.509424603175,-1.1521371706935137,2080.509424603175,-1.1521371706935137
climatology,anomaly,36,1,2010-2011,72,264,2080.509424603175,3775.323010326001,1.1046050275387156,0.5353456026793331,0.0,,2080.509424603175,0.0,2080.509424603175,0.0
elasticnet,anomaly,36,1,2010-2011,72,264,3196.280001302501,5197.118596560474,1.5358152092874902,0.2861529296092533,-0.5362968143785949,,2080.509424603175,-0.5362968143785949,2080.509424603175,-0.5362968143785949
seasonal_persistence,anomaly,36,1,2010-2011,72,264,4477.541666666667,8515.984895249116,1.6693171242496467,0.0,-1.1521371706935135,,2080.509424603175,-1.1521371706935137,2080.509424603175,-1.1521371706935137
gbt,anomaly,36,2,2012-2013,72,336,2918.413833249921,5897.376126154606,1.1908626219230682,-0.1250571347171873,-0.5179372681783354,,1922.6182098765432,-0.5179372681783352,1922.6182098765432,-0.5179372681783352
persistence,anomaly,36,2,2012-2013,72,336,2594.0138888888887,5005.951725751614,1.0053383993859717,0.0,-0.349209050222955,,1922.6182098765432,-0.349209050222955,1922.6182098765432,-0.349209050222955
climatology,anomaly,36,2,2012-2013,72,336,1922.6182098765432,3388.4469450452,0.948354483044592,0.2588250131921725,0.0,,1922.6182098765432,0.0,1922.6182098765432,0.0
elasticnet,anomaly,36,2,2012-2013,72,336,2291.9188168809524,4954.285575258378,0.9192590694795304,0.1164585406816517,-0.1920821331595121,,1922.6182098765432,-0.19208213315951217,1922.6182098765432,-0.19208213315951217
seasonal_persistence,anomaly,36,2,2012-2013,72,336,2594.0138888888887,5005.951725751613,1.0053383993859717,0.0,-0.349209050222955,,1922.6182098765432,-0.349209050222955,1922.6182098765432,-0.349209050222955
gbt,anomaly,36,3,2014-2015,72,408,7954.439225183696,16348.372796023335,0.9060617857174412,-0.5722350234117626,-0.5837126137469819,,5022.653198653198,-0.5837126137469819,5022.653198653198,-0.5837126137469819
persistence,anomaly,36,3,2014-2015,72,408,5059.319444444444,8062.899630922695,1.085582223525866,0.0,-0.0073001746967276,,5022.653198653198,-0.007300174696727613,5022.653198653198,-0.007300174696727613
climatology,anomaly,36,3,2014-2015,72,408,5022.653198653198,9587.941566376692,0.8336679815518049,0.0072472683715413,0.0,,5022.653198653198,0.0,5022.653198653198,0.0
elasticnet,anomaly,36,3,2014-2015,72,408,5761.939744722624,10744.983031812551,0.9759217021523532,-0.1388764453388518,-0.1471904423478136,,5022.653198653198,-0.14719044234781364,5022.653198653198,-0.14719044234781364
seasonal_persistence,anomaly,36,3,2014-2015,72,408,5059.319444444444,8062.899630922694,1.085582223525866,0.0,-0.0073001746967276,,5022.653198653198,-0.007300174696727613,5022.653198653198,-0.007300174696727613
gbt,anomaly,36,4,2016-2017,72,480,8489.364647606795,23629.13417342433,1.0143741304704097,-0.9221988780286277,-3.740483179410671,,1790.8226495726497,-3.7404831794106705,1790.8226495726497,-3.7404831794106705
persistence,anomaly,36,4,2016-2017,72,480,4416.486111111111,8712.478044767491,1.0006657663787086,0.0,-1.4661772689579466,,1790.8226495726497,-1.4661772689579466,1790.8226495726497,-1.4661772689579466
climatology,anomaly,36,4,2016-2017,72,480,1790.8226495726497,3033.828060110484,0.6680867322146923,0.5945141443856801,0.0,,1790.8226495726497,0.0,1790.8226495726497,0.0
elasticnet,anomaly,36,4,2016-2017,72,480,2962.312176734973,4804.71470586424,0.9441850703903434,0.329260388868356,-0.6541627823625529,,1790.8226495726497,-0.6541627823625529,1790.8226495726497,-0.6541627823625529
seasonal_persistence,anomaly,36,4,2016-2017,72,480,4416.486111111111,8712.478044767491,1.0006657663787086,0.0,-1.4661772689579466,,1790.8226495726497,-1.4661772689579466,1790.8226495726497,-1.4661772689579466
gbt,anomaly,36,5,2018-2019,72,552,1747.9261581454157,3097.3061606813258,0.9853400173376676,0.1858487673845094,0.0364055143455042,,1813.9644675925929,0.03640551434550432,1813.9644675925929,0.03640551434550432
persistence,anomaly,36,5,2018-2019,72,552,2146.930555555556,3507.939271218297,0.9357211793883132,0.0,-0.1835571169731122,,1813.9644675925929,-0.1835571169731125,1813.9644675925929,-0.1835571169731125
climatology,anomaly,36,5,2018-2019,72,552,1813.9644675925929,3149.930787339528,0.8061896145976262,0.1550893609955642,0.0,,1813.9644675925929,0.0,1813.9644675925929,0.0
elasticnet,anomaly,36,5,2018-2019,72,552,1849.598675504173,2958.664795665896,0.8734273779536539,0.1384916150557291,-0.0196443803328034,,1813.9644675925929,-0.019644380332803246,1813.9644675925929,-0.019644380332803246
seasonal_persistence,anomaly,36,5,2018-2019,72,552,2146.930555555556,3507.9392712182976,0.9357211793883132,0.0,-0.1835571169731122,,1813.9644675925929,-0.1835571169731125,1813.9644675925929,-0.1835571169731125
gbt,anomaly,36,6,2020-2021,72,624,11668.094483769144,17609.24149739875,1.6094155079704702,-0.105801460310374,0.1108942561293102,,10551.708333333334,-0.10580146031037407,10551.708333333334,-0.10580146031037407
persistence,anomaly,36,6,2020-2021,72,624,10551.708333333334,15895.011086204237,1.612940317425933,0.0,0.1959625884187769,,10551.708333333334,0.0,10551.708333333334,0.0
climatology,anomaly,36,6,2020-2021,72,624,13123.40468409586,19971.16217466382,1.4632073279763336,-0.2437232218254572,0.0,,10551.708333333334,-0.24372322182545725,10551.708333333334,-0.24372322182545725
elasticnet,anomaly,36,6,2020-2021,72,624,12983.264201608728,19631.68168353535,1.6032074966445198,-0.2304419143764613,0.0106786680637052,,10551.708333333334,-0.23044191437646133,10551.708333333334,-0.23044191437646133
seasonal_persistence,anomaly,36,6,2020-2021,72,624,10551.708333333334,15895.011086204237,1.612940317425933,0.0,0.1959625884187769,,10551.708333333334,0.0,10551.708333333334,0.0
gbt,anomaly,36,7,2022-2023,72,696,43820.76981844701,50308.48717348851,2.4120197044837672,-0.7249385366010415,0.1001906457160475,,25404.25,-0.7249385366010415,25404.25,-0.7249385366010415
persistence,anomaly,36,7,2022-2023,72,696,25404.25,29735.80073422533,0.9331443420707648,0.0,0.4783528020325815,,25404.25,0.0,25404.25,0.0
climatology,anomaly,36,7,2022-2023,72,696,48700.06030701755,56098.364797391296,2.9234988417375574,-0.9170044503190432,0.0,,25404.25,-0.9170044503190431,25404.25,-0.9170044503190431
elasticnet,anomaly,36,7,2022-2023,72,696,34540.08983918923,41498.162482314976,1.229542186853442,-0.3596185614292582,0.290758787125935,,25404.25,-0.3596185614292582,25404.25,-0.3596185614292582
seasonal_persistence,anomaly,36,7,2022-2023,72,696,25404.250000000004,29735.800734225333,0.9331443420707648,-2.220446049250313e-16,0.4783528020325814,,25404.25,-2.220446049250313e-16,25404.25,-2.220446049250313e-16
gbt,anomaly,36,8,2024-2025,72,768,50010.99113500849,63316.74101102189,0.7345121851860488,-3.3047053977756877,-0.19178633416563,,11617.75,-3.3047053977756873,11617.75,-3.3047053977756873
persistence,anomaly,36,8,2024-2025,72,768,11617.75,14878.19641100508,0.2851210260352065,0.0,0.7231433457022527,,11617.75,0.0,11617.75,0.0
climatology,anomaly,36,8,2024-2025,72,768,41963.05134680135,46715.39430480677,2.2882746043875284,-2.6119774781520824,0.0,,11617.75,-2.6119774781520824,11617.75,-2.6119774781520824
elasticnet,anomaly,36,8,2024-2025,72,768,14495.958632059495,17898.891531045472,0.3409347713444691,-0.2477423452957325,0.654554228855799,,11617.75,-0.24774234529573236,11617.75,-0.24774234529573236
seasonal_persistence,anomaly,36,8,2024-2025,72,768,11617.750000000004,14878.19641100508,0.2851210260352065,-2.220446049250313e-16,0.7231433457022527,,11617.75,-2.220446049250313e-16,11617.75,-2.220446049250313e-16
gbt,level,1,1,2010-2011,72,334,1945.2406047126328,3980.013669207049,0.9158379321705318,0.0034698954832292,0.0365547296855209,,1952.013888888889,0.0034698954832291795,1777.5522509389266,-0.0943366664384302
persistence,level,1,1,2010-2011,72,334,1952.013888888889,4091.658603182822,0.9144775249800492,0.0,0.0332000348532721,,1952.013888888889,0.0,1777.5522509389266,-0.09814712217759536
climatology,level,1,1,2010-2011,72,334,2019.046296296296,3828.071840521468,1.088187713520391,-0.034340128310031,0.0,,1952.013888888889,-0.03434012831003108,1777.5522509389266,-0.13585763525646533
elasticnet,level,1,1,2010-2011,72,334,2061.775865611222,4232.035813462323,0.924678821508727,-0.0562301207727629,-0.0211632439500313,,1952.013888888889,-0.056230120772762904,1777.5522509389266,-0.15989606748390361
gbt,level,1,2,2012-2013,72,406,2268.1860739932627,4820.57815107569,0.9019547944857204,-0.5858822584413501,-0.1766993596437314,,1430.236111111111,-0.5858822584413501,1242.1000155290865,-0.8260897235615148
persistence,level,1,2,2012-2013,72,406,1430.236111111111,2587.0008670487746,0.7671261048337715,0.0,0.2580159382070237,,1430.236111111111,0.0,1242.1000155290865,-0.15146614059245933
climatology,level,1,2,2012-2013,72,406,1927.5833333333333,3535.251668098828,0.902748145298343,-0.3477378443730152,0.0,,1430.236111111111,-0.34773784437301525,1242.1000155290865,-0.5518744941905966
elasticnet,level,1,2,2012-2013,72,406,2304.439532875,4958.993732830167,0.8318630667558996,-0.611230142332754,-0.1955070854913321,,1430.236111111111,-0.611230142332754,1242.1000155290865,-0.8552769535981353
gbt,level,1,3,2014-2015,72,478,4600.630779122042,9523.829726412843,0.8707306364736166,-0.686448232815998,0.0982936461437494,,2728.0,-0.686448232815998,2728.0,-0.686448232815998
persistence,level,1,3,2014-2015,72,478,2728.0,4703.638287420588,0.651210944922776,0.0,0.4653222457053431,,2728.0,0.0,2728.0,0.0
climatology,level,1,3,2014-2015,72,478,5102.138583638584,9741.75313957544,0.8645987292831758,-0.8702854045595985,0.0,,2728.0,-0.8702854045595985,2728.0,-0.8702854045595985
elasticnet,level,1,3,2014-2015,72,478,5782.0356754898485,11217.99193659904,0.9227346453705052,-1.119514543801264,-0.1332572764745241,,2728.0,-1.1195145438012641,2728.0,-1.1195145438012641
gbt,level,1,4,2016-2017,72,550,2018.372287343259,3467.678825721833,0.6187698731208249,0.1122560022436628,-0.1188460732006595,,1803.9767361111108,-0.11884607320065954,1803.9767361111108,-0.11884607320065954
persistence,level,1,4,2016-2017,72,550,2273.597222222222,3678.7904998336976,0.708581472097401,0.0,-0.2603251343049395,,1803.9767361111108,-0.26032513430493953,1803.9767361111108,-0.26032513430493953
climatology,level,1,4,2016-2017,72,550,1803.9767361111108,3125.201491121265,0.6673952653506413,0.2065539496270595,0.0,,1803.9767361111108,0.0,1803.9767361111108,0.0
elasticnet,level,1,4,2016-2017,72,550,2412.372840921725,4552.164652558196,0.7244160750852989,-0.0610379082728924,-0.3372527442466653,,1803.9767361111108,-0.3372527442466653,1803.9767361111108,-0.3372527442466653
gbt,level,1,5,2018-2019,72,622,1177.044966579277,2028.234804969993,0.650504191980306,0.1322838052391499,0.3082246443023545,,1356.486111111111,0.13228380523914995,1356.486111111111,0.13228380523914995
persistence,level,1,5,2018-2019,72,622,1356.486111111111,2325.894299332338,0.738949978030421,0.0,0.2027631155503503,,1356.486111111111,0.0,1356.486111111111,0.0
climatology,level,1,5,2018-2019,72,622,1701.4843863471317,2890.4441943506167,0.7941559104781529,-0.2543323314629657,0.0,,1356.486111111111,-0.25433233146296574,1356.486111111111,-0.25433233146296574
elasticnet,level,1,5,2018-2019,72,622,1827.1382728865249,3295.0190478152954,0.7435992810030516,-0.346964232011117,-0.0738495677936581,,1356.486111111111,-0.34696423201111726,1356.486111111111,-0.34696423201111726
gbt,level,1,6,2020-2021,72,694,13090.043621864528,20736.84500937517,1.3800301964485522,-1.3443862840980505,0.0233819403208052,,5583.569444444444,-1.3443862840980505,5583.569444444444,-1.3443862840980505
persistence,level,1,6,2020-2021,72,694,5583.569444444444,8947.20606219866,0.8973389084702558,0.0,0.5834227207761854,,5583.569444444444,0.0,5583.569444444444,0.0
climatology,level,1,6,2020-2021,72,694,13403.44210526316,20352.696412122663,1.517867105404747,-1.4005149821498777,0.0,,5583.569444444444,-1.4005149821498781,5583.569444444444,-1.4005149821498781
elasticnet,level,1,6,2020-2021,72,694,11012.934748504253,17203.115254518125,1.104466446482501,-0.9723825158943682,0.1783502579401018,,5583.569444444444,-0.9723825158943682,5583.569444444444,-0.9723825158943682
gbt,level,1,7,2022-2023,72,766,38615.16733584684,46156.17963579191,1.2765610923451054,-1.92053006063242,0.2004494800962062,,13221.972222222224,-1.9205300606324194,13221.972222222224,-1.9205300606324194
persistence,level,1,7,2022-2023,72,766,13221.972222222224,18182.13712227837,0.409639158875169,0.0,0.7262310254287686,,13221.972222222224,0.0,13221.972222222224,0.0
climatology,level,1,7,2022-2023,72,766,48296.094336219336,55631.66653799383,2.7995718591763774,-2.652714854070552,0.0,,13221.972222222224,-2.652714854070551,13221.972222222224,-2.652714854070551
elasticnet,level,1,7,2022-2023,72,766,33209.37933469462,39624.30396054996,0.9756018881334132,-1.5116812209663757,0.3123796076862168,,13221.972222222224,-1.5116812209663757,13221.972222222224,-1.5116812209663757
gbt,level,1,8,2024-2025,72,838,11544.742108635308,14669.46980408834,0.2782362303316991,-0.2748208392585343,0.7097002535522157,,9055.972222222224,-0.27482083925853407,9055.972222222224,-0.27482083925853407
persistence,level,1,8,2024-2025,72,838,9055.972222222224,11837.72660465964,0.2340714340119061,0.0,0.772281925814274,,9055.972222222224,0.0,9055.972222222224,0.0
climatology,level,1,8,2024-2025,72,838,39768.35064412238,44433.40794768025,1.8425425516014589,-3.3913949455957724,0.0,,9055.972222222224,-3.3913949455957715,9055.972222222224,-3.3913949455957715
elasticnet,level,1,8,2024-2025,72,838,22028.154823886885,26897.70930157209,0.5643269359734114,-1.4324450520986085,0.446088297173507,,9055.972222222224,-1.432445052098608,9055.972222222224,-1.432445052098608
gbt,level,3,1,2010-2011,72,330,2176.560103887384,4084.381475721416,0.967015126247816,0.353371621230636,-0.0780139652468734,,2019.0462962962963,-0.07801396524687321,2019.0462962962963,-0.07801396524687321
persistence,level,3,1,2010-2011,72,330,3366.0138888888887,5852.28216050039,1.418645357056413,0.0,-0.6671306126379797,,2019.0462962962963,-0.6671306126379799,2019.0462962962963,-0.6671306126379799
climatology,level,3,1,2010-2011,72,330,2019.0462962962963,3819.8834138075863,1.088187713520391,0.4001669740695045,0.0,,2019.0462962962963,0.0,2019.0462962962963,0.0
elasticnet,level,3,1,2010-2011,72,330,2432.6483361876244,4716.808660187224,1.1145502366342377,0.2772910580619634,-0.2048502011321049,,2019.0462962962963,-0.20485020113210517,2019.0462962962963,-0.20485020113210517
gbt,level,3,2,2012-2013,72,402,3081.484070013863,6412.039662123667,2.0221049834332314,-0.0810538953038422,-0.5920703911171825,,1935.5199915824917,-0.5920703911171823,1651.7077327808795,-0.8656351900864181
persistence,level,3,2,2012-2013,72,402,2850.4444444444443,5398.682120563211,1.0896449942444972,0.0,-0.472702145594428,,1935.5199915824917,-0.4727021455944278,1651.7077327808795,-0.7257559481454536
climatology,level,3,2,2012-2013,72,402,1935.5199915824917,3540.279283418185,0.9063315011993784,0.3209760690635993,0.0,,1935.5199915824917,0.0,1651.7077327808795,-0.1718295877466014
elasticnet,level,3,2,2012-2013,72,402,2362.325574090457,5249.376889026208,0.8023153588632472,0.1712430744985533,-0.220512102362222,,1935.5199915824917,-0.22051210236222185,1651.7077327808795,-0.4302321937508602
gbt,level,3,3,2014-2015,72,474,6158.895969810154,11802.244886704431,1.161284422300337,-0.0124235667805887,-0.206386056349858,,5105.244658119658,-0.20638605634985807,5105.244658119658,-0.20638605634985807
persistence,level,3,3,2014-2015,72,474,6083.319444444444,10568.09816473354,1.0250309154301778,0.0,-0.1915823534077261,,5105.244658119658,-0.1915823534077261,5105.244658119658,-0.1915823534077261
climatology,level,3,3,2014-2015,72,474,5105.244658119658,9742.488942635073,0.8654616400583031,0.1607797840072342,0.0,,5105.244658119658,0.0,5105.244658119658,0.0
elasticnet,level,3,3,2014-2015,72,474,6194.976821086274,12010.169443661634,1.1200952050629662,-0.0183546791618514,-0.2134534651994486,,5105.244658119658,-0.21345346519944863,5105.244658119658,-0.21345346519944863
gbt,level,3,4,2016-2017,72,546,2436.20060915895,3988.032467035608,0.8347954517479991,0.3802615106385318,-0.3471247650479616,,1808.4446759259256,-0.34712476504796186,1808.4446759259256,-0.34712476504796186
persistence,level,3,4,2016-2017,72,546,3931.0138888888887,6161.262331202015,1.1327633093606433,0.0,-1.1736987264353025,,1808.4446759259256,-1.173698726435303,1808.4446759259256,-1.173698726435303
climatology,level,3,4,2016-2017,72,546,1808.4446759259256,3126.565936631338,0.67032429162087,0.539954646042452,0.0,,1808.4446759259256,0.0,1808.4446759259256,0.0
elasticnet,level,3,4,2016-2017,72,546,2948.4080074143544,5388.518449792171,0.9277344600694516,0.2499624547885457,-0.6303556568047988,,1808.4446759259256,-0.630355656804799,1808.4446759259256,-0.630355656804799
gbt,level,3,5,2018-2019,72,618,1453.4479662838307,2142.747379251199,0.7932712473664354,0.4238446222447817,0.1461014921489977,,1702.1319898329702,0.1461014921489977,1702.1319898329702,0.1461014921489977
persistence,level,3,5,2018-2019,72,618,2522.6666666666665,4257.289503506506,1.0394761878253729,0.0,-0.4820628962588353,,1702.1319898329702,-0.48206289625883536,1702.1319898329702,-0.48206289625883536
climatology,level,3,5,2018-2019,72,618,1702.1319898329702,2891.13748966242,0.7942210147575308,0.3252648031846048,0.0,,1702.1319898329702,0.0,1702.1319898329702,0.0
elasticnet,level,3,5,2018-2019,72,618,2047.3816613722,3767.172392702901,0.8607937888343494,0.1884057896251848,-0.2028336660150009,,1702.1319898329702,-0.20283366601500097,1702.1319898329702,-0.20283366601500097
gbt,level,3,6,2020-2021,72,690,14132.98992698633,21715.40739680848,1.635678683354643,-0.3306420932269978,-0.05462552959776,,10621.180555555557,-0.33064209322699756,10621.180555555557,-0.33064209322699756
persistence,level,3,6,2020-2021,72,690,10621.180555555557,15015.582625041376,1.258815246013157,0.0,0.2074311079096092,,10621.180555555557,0.0,10621.180555555557,0.0
climatology,level,3,6,2020-2021,72,690,13400.95562865497,20351.633478896256,1.5165021024099272,-0.2617199715756095,0.0,,10621.180555555557,-0.26171997157560933,10621.180555555557,-0.26171997157560933
elasticnet,level,3,6,2020-2021,72,690,13806.208306348904,20856.064838573293,1.6024657547055683,-0.2998751159660284,-0.0302405805170631,,10621.180555555557,-0.29987511596602845,10621.180555555557,-0.29987511596602845
gbt,level,3,7,2022-2023,72,762,45260.98225295058,53071.48756714981,1.9089781862964648,-1.71641500401982,0.0637505254709905,,16662.027777777777,-1.71641500401982,16662.027777777777,-1.71641500401982
persistence,level,3,7,2022-2023,72,762,16662.027777777777,22725.375596456048,0.3843369497904655,0.0,0.6553363631317293,,16662.027777777777,0.0,16662.027777777777,0.0
climatology,level,3,7,2022-2023,72,762,48342.86531986532,55658.65515316127,2.817132416168313,-1.901379469811017,0.0,,16662.027777777777,-1.9013794698110167,16662.027777777777,-1.9013794698110167
elasticnet,level,3,7,2022-2023,72,762,29811.61951955596,36696.118699569066,0.9844883997787908,-0.7891951638272894,0.383329487768165,,16662.027777777777,-0.7891951638272896,16662.027777777777,-0.7891951638272896
gbt,level,3,8,2024-2025,72,834,13832.978751825947,17195.920016250846,0.3608094268705947,0.0885739659199661,0.6528530356954663,,15177.291666666666,0.08857396591996614,15177.291666666666,0.08857396591996614
persistence,level,3,8,2024-2025,72,834,15177.291666666666,18498.19004547021,0.3571594311764453,0.0,0.6191166904125869,,15177.291666666666,0.0,15177.291666666666,0.0
climatology,level,3,8,2024-2025,72,834,39847.61548913043,44487.323218148405,1.857285422172076,-1.6254760311845555,0.0,,15177.291666666666,-1.6254760311845557,15177.291666666666,-1.6254760311845557
elasticnet,level,3,8,2024-2025,72,834,17783.339836184376,21959.368031526752,0.4950133330175641,-0.171707062548009,0.5537163361497682,,15177.291666666666,-0.17170706254800905,15177.291666666666,-0.17170706254800905
gbt,level,6,1,2010-2011,72,324,2907.3982301129654,4957.762782057584,1.1515235444493324,0.2660788059667508,-0.4399859158486094,,2019.0462962962963,-0.4399859158486097,2019.0462962962963,-0.4399859158486097
persistence,level,6,1,2010-2011,72,324,3961.4583333333335,6355.848224491974,1.6573255104537827,0.0,-0.9620443278592292,,2019.0462962962963,-0.9620443278592294,2019.0462962962963,-0.9620443278592294
climatology,level,6,1,2010-2011,72,324,2019.0462962962963,3816.575495883061,1.0881877135203908,0.4903275192099804,0.0,,2019.0462962962963,0.0,2019.0462962962963,0.0
elasticnet,level,6,1,2010-2011,72,324,2553.5205261636083,4940.2967708376855,1.1885599938017195,0.355408965259778,-0.2647161835009639,,2019.0462962962963,-0.26471618350096393,2019.0462962962963,-0.26471618350096393
gbt,level,6,2,2012-2013,72,396,3004.475960469701,6430.224058347539,2.0677198690007472,0.3572014870686341,-0.5461399606711552,,1943.2108585858584,-0.5461399606711552,1863.503419248913,-0.6122728455634701
persistence,level,6,2,2012-2013,72,396,4674.055555555556,8002.361141146614,1.583094188951063,0.0,-1.4053259762849557,,1943.2108585858584,-1.405325976284955,1863.503419248913,-1.5082087359085388
climatology,level,6,2,2012-2013,72,396,1943.2108585858584,3541.8150940377354,0.9148213752058024,0.5842559345970613,0.0,,1943.2108585858584,0.0,1863.503419248913,-0.04277289674578211
elasticnet,level,6,2,2012-2013,72,396,2833.951821820564,6126.691056864517,1.0002555091483605,0.3936846089789957,-0.4583861598441914,,1943.2108585858584,-0.4583861598441914,1863.503419248913,-0.5207655604746846
gbt,level,6,3,2014-2015,72,468,6349.863447653146,12140.198968151008,1.3162152598573122,0.3594237376564849,-0.2439900436384048,,5104.432692307692,-0.24399004363840482,5104.432692307692,-0.24399004363840482
persistence,level,6,3,2014-2015,72,468,9912.736111111111,15593.06540447815,1.45320938618362,0.0,-0.9419858598683188,,5104.432692307692,-0.9419858598683188,5104.432692307692,-0.9419858598683188
climatology,level,6,3,2014-2015,72,468,5104.432692307692,9742.216095449936,0.8648016311425416,0.4850631919287983,0.0,,5104.432692307692,0.0,5104.432692307692,0.0
elasticnet,level,6,3,2014-2015,72,468,7061.096734101005,13323.077530317392,1.4985663298075695,0.2876742954766773,-0.3833264458050307,,5104.432692307692,-0.3833264458050307,5104.432692307692,-0.3833264458050307
gbt,level,6,4,2016-2017,72,540,2171.8130138907345,3960.5402897674608,0.8005467454384867,0.6072572221521213,-0.1999771086572679,,1809.878703703704,-0.1999771086572677,1809.878703703704,-0.1999771086572677
persistence,level,6,4,2016-2017,72,540,5529.861111111111,8368.11279003018,1.5841542175965992,0.0,-2.055376639216154,,1809.878703703704,-2.055376639216153,1809.878703703704,-2.055376639216153
climatology,level,6,4,2016-2017,72,540,1809.878703703704,3124.8538172920094,0.671431101054205,0.6727081083343799,0.0,,1809.878703703704,0.0,1809.878703703704,0.0
elasticnet,level,6,4,2016-2017,72,540,3089.706044603272,5920.355855965029,0.9713711691899982,0.4412687800792777,-0.7071343169465183,,1809.878703703704,-0.7071343169465178,1809.878703703704,-0.7071343169465178
gbt,level,6,5,2018-2019,72,612,1539.1264701477885,2406.0443283973427,0.760399879352904,0.5915615719848564,0.0880676614303872,,1687.763888888889,0.08806766143038725,1687.763888888889,0.08806766143038725
persistence,level,6,5,2018-2019,72,612,3768.319444444444,5828.9840273984855,1.5031259307050833,0.0,-1.232729038257392,,1687.763888888889,-1.2327290382573914,1687.763888888889,-1.2327290382573914
climatology,level,6,5,2018-2019,72,612,1687.763888888889,2888.108223355477,0.7841219480232637,0.552117618006848,0.0,,1687.763888888889,0.0,1687.763888888889,0.0
elasticnet,level,6,5,2018-2019,72,612,1806.2887433077688,2996.4878373160204,0.8117732227129838,0.5206646437656067,-0.0702259689279811,,1687.763888888889,-0.07022596892798116,1687.763888888889,-0.07022596892798116
gbt,level,6,6,2020-2021,72,684,15052.19915511877,22735.30805743281,2.4405039894163973,0.1462846521724169,-0.1237144919295627,,13395.03874269006,-0.12371449192956274,13395.03874269006,-0.12371449192956274
persistence,level,6,6,2020-2021,72,684,17631.402777777777,23458.223635326696,1.824042097582236,0.0,-0.3162636642166927,,13395.03874269006,-0.3162636642166927,13395.03874269006,-0.3162636642166927
climatology,level,6,6,2020-2021,72,684,13395.03874269006,20349.935463511305,1.5117736319741366,0.2402737937804435,0.0,,13395.03874269006,0.0,13395.03874269006,0.0
elasticnet,level,6,6,2020-2021,72,684,14111.272865829462,21411.745771911777,1.6206790562831896,0.1996511540411866,-0.053470104633349,,13395.03874269006,-0.053470104633349,13395.03874269006,-0.053470104633349
gbt,level,6,7,2022-2023,72,756,51188.94985837556,59514.794831002735,3.893824958159081,-0.8792397133229966,-0.0584954641961557,,27239.180555555555,-0.8792397133229966,27239.180555555555,-0.8792397133229966
persistence,level,6,7,2022-2023,72,756,27239.180555555555,34550.799931445545,0.6082930328581454,0.0,0.4367427121234822,,27239.180555555555,0.0,27239.180555555555,0.0
climatology,level,6,7,2022-2023,72,756,48360.103174603166,55667.80146559511,2.8251825371600794,-0.7753875920008138,0.0,,27239.180555555555,-0.7753875920008138,27239.180555555555,-0.7753875920008138
elasticnet,level,6,7,2022-2023,72,756,35919.81999485915,43926.04102375402,1.423405285024442,-0.3186821065192851,0.2572426931106542,,27239.180555555555,-0.3186821065192851,27239.180555555555,-0.3186821065192851
gbt,level,6,8,2024-2025,72,828,21341.7901129623,24457.80268759196,0.6794614901514743,0.1472129251863286,0.465757457376687,,25025.930555555555,0.14721292518632867,25025.930555555555,0.14721292518632867
persistence,level,6,8,2024-2025,72,828,25025.930555555555,29403.942871237523,0.5586003791816752,0.0,0.3735334898924897,,25025.930555555555,0.0,25025.930555555555,0.0
climatology,level,6,8,2024-2025,72,828,39947.75483091788,44547.526601982485,1.887290882385112,-0.5962545225735789,0.0,,25025.930555555555,-0.5962545225735794,25025.930555555555,-0.5962545225735794
elasticnet,level,6,8,2024-2025,72,828,43188.56233164908,81572.66338618645,0.6610342145661255,-0.7257525044183246,-0.0811261487522436,,25025.930555555555,-0.7257525044183251,25025.930555555555,-0.7257525044183251
gbt,level,9,1,2010-2011,72,318,3048.096375866846,5161.822385099361,1.1512481817934777,0.2997554662999054,-0.5096713638801753,,2019.046296296296,-0.5096713638801753,2019.046296296296,-0.5096713638801753
persistence,level,9,1,2010-2011,72,318,4352.902777777777,6811.89067509487,1.926381892381792,0.0,-1.1559202410378937,,2019.046296296296,-1.1559202410378937,2019.046296296296,-1.1559202410378937
climatology,level,9,1,2010-2011,72,318,2019.046296296296,3810.900768844308,1.0881877135203908,0.5361609483667242,0.0,,2019.046296296296,0.0,2019.046296296296,0.0
elasticnet,level,9,1,2010-2011,72,318,8903.312447561575,24626.62269867912,1.6267101224904086,-1.0453736051754523,-3.409662355882408,,2019.046296296296,-3.409662355882408,2019.046296296296,-3.409662355882408
gbt,level,9,2,2012-2013,72,390,3085.736453077357,6392.137744600056,2.069032761435975,0.4312472490180791,-0.5793661417009015,,1953.7815656565656,-0.5793661417009017,1953.7815656565656,-0.5793661417009017
persistence,level,9,2,2012-2013,72,390,5425.444444444444,8842.585246031464,2.0090507698270192,0.0,-1.7768940703569545,,1953.7815656565656,-1.776894070356955,1953.7815656565656,-1.776894070356955
climatology,level,9,2,2012-2013,72,390,1953.7815656565656,3544.2057758955875,0.9250345527236624,0.6398854350711853,0.0,,1953.7815656565656,0.0,1953.7815656565656,0.0
elasticnet,level,9,2,2012-2013,72,390,2312.6918644650477,3696.646009163765,1.1090927700440176,0.5737322742594477,-0.1837003199934841,,1953.7815656565656,-0.18370031999348435,1953.7815656565656,-0.18370031999348435
gbt,level,9,3,2014-2015,72,462,6597.1800209901385,12351.564896590156,1.536932471725007,0.4353616127705497,-0.2940142012027393,,5098.228454415955,-0.29401420120273936,4949.6076056914335,-0.33286929925600606
persistence,level,9,3,2014-2015,72,462,11683.902777777776,17306.45969597287,1.7971281009159317,0.0,-1.2917573981325767,,5098.228454415955,-1.2917573981325767,4949.6076056914335,-1.360571525779688
climatology,level,9,3,2014-2015,72,462,5098.228454415955,9741.552738585804,0.8589778127278964,0.5636536394232464,0.0,,5098.228454415955,0.0,4949.6076056914335,-0.03002679415508136
elasticnet,level,9,3,2014-2015,72,462,7328.775479657879,13578.633783785715,1.893658986901272,0.3727459378045443,-0.437514137545147,,5098.228454415955,-0.437514137545147,4949.6076056914335,-0.4806780786482343
gbt,level,9,4,2016-2017,72,534,1999.2405059297944,3547.564567000211,0.7749886246382894,0.6402104657871506,-0.1061498748799474,,1807.3866402116405,-0.1061498748799472,1807.3866402116405,-0.1061498748799472
persistence,level,9,4,2016-2017,72,534,5556.694444444444,8626.805281279456,1.6692336215612158,0.0,-2.0744359401670525,,1807.3866402116405,-2.074435940167052,1807.3866402116405,-2.074435940167052
climatology,level,9,4,2016-2017,72,534,1807.3866402116405,3125.692553556536,0.6695350540216187,0.6747370836597545,0.0,,1807.3866402116405,0.0,1807.3866402116405,0.0
elasticnet,level,9,4,2016-2017,72,534,3432.1014302620138,6365.170536450348,1.214371011582755,0.3823483611388041,-0.8989303970179416,,1807.3866402116405,-0.8989303970179414,1807.3866402116405,-0.8989303970179414
gbt,level,9,5,2018-2019,72,606,1546.602869069854,2450.765549670806,0.7700943146840008,0.6222115696609077,0.0860488362871126,,1692.2160947712418,0.08604883628711268,1692.2160947712418,0.08604883628711268
persistence,level,9,5,2018-2019,72,606,4093.8333333333335,6251.555264270022,1.670934704968217,0.0,-1.4192142752824657,,1692.2160947712418,-1.4192142752824655,1692.2160947712418,-1.4192142752824655
climatology,level,9,5,2018-2019,72,606,1692.2160947712418,2890.071088915122,0.7871991101409503,0.5866426507907239,0.0,,1692.2160947712418,0.0,1692.2160947712418,0.0
elasticnet,level,9,5,2018-2019,72,606,1988.034027761496,3460.3634076469107,0.8224269593212858,0.5143832525925589,-0.1748109676443205,,1692.2160947712418,-0.17481096764432058,1692.2160947712418,-0.17481096764432058
gbt,level,9,6,2020-2021,72,678,14973.994497529837,22812.835288533952,1.9920835604748064,0.3008043016703817,-0.1185162374612489,,13387.37337556855,-0.11851623746124917,13387.37337556855,-0.11851623746124917
persistence,level,9,6,2020-2021,72,678,21416.027777777777,28112.779975879694,2.2128304574946758,0.0,-0.5997184195117182,,13387.37337556855,-0.5997184195117182,13387.37337556855,-0.5997184195117182
climatology,level,9,6,2020-2021,72,678,13387.37337556855,20347.78853961099,1.505981187410673,0.3748899882610405,0.0,,13387.37337556855,0.0,13387.37337556855,0.0
elasticnet,level,9,6,2020-2021,72,678,15386.777938804677,23258.751353890144,2.1018547375780785,0.2815297916838396,-0.149350026113783,,13387.37337556855,-0.149350026113783,13387.37337556855,-0.149350026113783
gbt,level,9,7,2022-2023,72,750,51957.138463149895,60526.39397873585,4.166330558547402,-0.4529480140050135,-0.0739043778107151,,35759.805555555555,-0.4529480140050135,35759.805555555555,-0.4529480140050135
persistence,level,9,7,2022-2023,72,750,35759.805555555555,44274.65097453245,0.813998825735202,0.0,0.2608790077419731,,35759.805555555555,0.0,35759.805555555555,0.0
climatology,level,9,7,2022-2023,72,750,48381.53148148148,55681.324955018834,2.844548170698129,-0.3529584607588854,0.0,,35759.805555555555,-0.3529584607588854,35759.805555555555,-0.3529584607588854
elasticnet,level,9,7,2022-2023,72,750,35157.73483087335,41414.96326028626,1.439500667262108,0.016836521209458,0.273323234004481,,35759.805555555555,0.016836521209458,35759.805555555555,0.016836521209458
gbt,level,9,8,2024-2025,72,822,23082.731294327168,26535.86882138128,0.7861647136798063,0.2751049846374269,0.4242841450118915,,31842.86111111111,0.27510498463742694,31842.86111111111,0.27510498463742694
persistence,level,9,8,2024-2025,72,822,31842.86111111111,37328.65835201034,0.7063321057842358,0.0,0.2057941594478327,,31842.86111111111,0.0,31842.86111111111,0.0
climatology,level,9,8,2024-2025,72,822,40093.96492094862,44593.13433027138,1.9352200347965325,-0.2591194233786489,0.0,,31842.86111111111,-0.2591194233786489,31842.86111111111,-0.2591194233786489
elasticnet,level,9,8,2024-2025,72,822,62198.07926403379,114917.7199012538,0.7828370030969398,-0.9532817433396604,-0.5513077688042778,,31842.86111111111,-0.9532817433396605,31842.86111111111,-0.9532817433396605
gbt,level,18,1,2010-2011,72,300,2921.8819756432204,5155.280913687541,1.2468970846722296,0.3152307223584589,-0.3650137511928819,,2140.551311728395,-0.36501375119288193,2140.551311728395,-0.36501375119288193
persistence,level,18,1,2010-2011,72,300,4266.958333333333,6133.854012092777,2.2429122410018447,0.0,-0.9933922209451564,,2140.551311728395,-0.9933922209451564,2140.551311728395,-0.9933922209451564
climatology,level,18,1,2010-2011,72,300,2140.551311728395,3928.43296131209,1.109161950339785,0.4983425793014004,0.0,,2140.551311728395,0.0,2140.551311728395,0.0
elasticnet,level,18,1,2010-2011,72,300,3143.327390529068,4986.098831466626,1.3824011783700216,0.2633330009403885,-0.4684662653524425,,2140.551311728395,-0.4684662653524425,2140.551311728395,-0.4684662653524425
gbt,level,18,2,2012-2013,72,372,2532.1538222034533,5768.885364781842,1.028621626066185,0.5657386472587616,-0.3308508679612421,,1902.657828282828,-0.3308508679612421,1902.657828282828,-0.3308508679612421
persistence,level,18,2,2012-2013,72,372,5830.944444444444,9224.560341826596,2.4307006041491777,0.0,-2.0646311479489423,,1902.657828282828,-2.0646311479489423,1902.657828282828,-2.0646311479489423
climatology,level,18,2,2012-2013,72,372,1902.657828282828,3407.125783214105,0.9295672743296024,0.6736964575103052,0.0,,1902.657828282828,0.0,1902.657828282828,0.0
elasticnet,level,18,2,2012-2013,72,372,2380.408633659338,5374.4924673335645,0.8184559914819373,0.5917627656481408,-0.2510965441472397,,1902.657828282828,-0.2510965441472397,1902.657828282828,-0.2510965441472397
gbt,level,18,3,2014-2015,72,444,6385.333628454996,11778.603344499414,1.4311157204208038,0.5294006638646052,-0.2618789697124437,,5060.179131054131,-0.26187896971244373,5060.179131054131,-0.26187896971244373
persistence,level,18,3,2014-2015,72,444,13568.513888888889,19305.034764638185,2.510423987579502,0.0,-1.681429557625623,,5060.179131054131,-1.681429557625623,5060.179131054131,-1.681429557625623
climatology,level,18,3,2014-2015,72,444,5060.179131054131,9679.797576130435,0.8511636800976725,0.6270646017322605,0.0,,5060.179131054131,0.0,5060.179131054131,0.0
elasticnet,level,18,3,2014-2015,72,444,6726.931306963978,12787.065349799735,1.4409866959402875,0.5042249017062517,-0.3293860024996053,,5060.179131054131,-0.32938600249960537,5060.179131054131,-0.32938600249960537
gbt,level,18,4,2016-2017,72,516,3058.753055518898,5705.994004645886,0.954880601183412,0.5036248892835089,-0.6653307367688697,,1836.724074074074,-0.6653307367688697,1836.724074074074,-0.6653307367688697
persistence,level,18,4,2016-2017,72,516,6162.180555555556,9096.959472965556,1.9088186132154088,0.0,-2.354984367296445,,1836.724074074074,-2.354984367296445,1836.724074074074,-2.354984367296445
climatology,level,18,4,2016-2017,72,516,1836.724074074074,3118.6258369395705,0.6703224718937238,0.7019360180191145,0.0,,1836.724074074074,0.0,1836.724074074074,0.0
elasticnet,level,18,4,2016-2017,72,516,2657.484569638833,4968.565366387155,0.8484962879890782,0.5687428263939849,-0.4468610757326297,,1836.724074074074,-0.4468610757326297,1836.724074074074,-0.4468610757326297
gbt,level,18,5,2018-2019,72,588,1936.4827313791811,3204.758135660017,0.8495239423594533,0.5740873757963678,-0.1362956923722094,,1704.2066993464052,-0.1362956923722094,1704.2066993464052,-0.1362956923722094
persistence,level,18,5,2018-2019,72,588,4546.666666666667,6565.463297099112,1.913619447362389,0.0,-1.6679079881627024,,1704.2066993464052,-1.6679079881627024,1704.2066993464052,-1.6679079881627024
climatology,level,18,5,2018-2019,72,588,1704.2066993464052,2909.1619633591013,0.7937342112311111,0.6251744796158933,0.0,,1704.2066993464052,0.0,1704.2066993464052,0.0
elasticnet,level,18,5,2018-2019,72,588,1756.6852168334758,3193.205883891058,0.7726675000049654,0.613632283687652,-0.0307935167178941,,1704.2066993464052,-0.0307935167178941,1704.2066993464052,-0.0307935167178941
gbt,level,18,6,2020-2021,72,660,14673.283312875134,22338.945732758217,1.8883793490801088,0.4032882300692915,-0.1017065418242642,,13318.685834957763,-0.10170654182426442,13318.685834957763,-0.10170654182426442
persistence,level,18,6,2020-2021,72,660,24590.23611111111,30760.225862259565,2.984697991170295,0.0,-0.8462959796355229,,13318.685834957763,-0.8462959796355232,13318.685834957763,-0.8462959796355232
climatology,level,18,6,2020-2021,72,660,13318.685834957763,20251.06283347981,1.497153064918609,0.4583750324812981,0.0,,13318.685834957763,0.0,13318.685834957763,0.0
elasticnet,level,18,6,2020-2021,72,660,15382.850656854664,23344.097502957684,2.1663327704856474,0.3744325761108118,-0.154982619717559,,13318.685834957763,-0.15498261971755922,13318.685834957763,-0.15498261971755922
gbt,level,18,7,2022-2023,72,732,51538.80648449333,60007.0309402592,4.000584959437584,-0.0691783428180332,-0.0664158678962132,,48204.125,-0.06917834281803326,48204.125,-0.06917834281803326
persistence,level,18,7,2022-2023,72,732,48204.125,57225.1966050455,1.2784501727255793,0.0,0.0025837363246052,,48204.125,0.0,48204.125,0.0
climatology,level,18,7,2022-2023,72,732,48328.99437830688,55604.08132957759,2.8512589217289896,-0.0025904293109122,0.0,,48204.125,-0.0025904293109122456,48204.125,-0.0025904293109122456
elasticnet,level,18,7,2022-2023,72,732,49084.12442337841,57062.86854672567,2.7865672890390503,-0.0182556871093171,-0.0156247829027968,,48204.125,-0.01825568710931713,48204.125,-0.01825568710931713
gbt,level,18,8,2024-2025,72,804,14062.65106900426,17560.511772702626,0.3316180019516916,0.6398985691524933,0.6517711586414137,,39051.91666666666,0.6398985691524932,39051.91666666666,0.6398985691524932
persistence,level,18,8,2024-2025,72,804,39051.91666666666,46058.834536203074,0.8404205867521628,0.0,0.032970125836429,,39051.91666666666,0.0,39051.91666666666,0.0
climatology,level,18,8,2024-2025,72,804,40383.361166007904,44695.09522854808,2.098377013679568,-0.0340942164428439,0.0,,39051.91666666666,-0.03409421644284416,39051.91666666666,-0.03409421644284416
elasticnet,level,18,8,2024-2025,72,804,32526.571610387964,52418.56319676448,0.5311246138113037,0.1670941048035295,0.1945551169780607,,39051.91666666666,0.16709410480352938,39051.91666666666,0.16709410480352938
gbt,level,27,1,2010-2011,72,282,3537.53052593033,6120.556000306774,1.2174456992461573,0.2241855911551713,-0.5783658756408088,,2241.261408730159,-0.5783658756408088,2241.261408730159,-0.5783658756408088
persistence,level,27,1,2010-2011,72,282,4559.763888888889,6932.803678687449,2.1198264089787604,0.0,-1.0344632139418013,,2241.261408730159,-1.0344632139418013,2241.261408730159,-1.0344632139418013
climatology,level,27,1,2010-2011,72,282,2241.261408730159,4008.21049692474,1.1118514670942008,0.5084698542853052,0.0,,2241.261408730159,0.0,2241.261408730159,0.0
elasticnet,level,27,1,2010-2011,72,282,2346.2767676387834,4258.244518192377,1.238295065466871,0.4854389778040638,-0.0468554709859228,,2241.261408730159,-0.0468554709859228,2241.261408730159,-0.0468554709859228
gbt,level,27,2,2012-2013,72,354,1960.9094791525492,4031.9200086988576,0.7989819459300638,0.6286527480444832,-0.0120748955808942,,1937.5141975308643,-0.01207489558089403,1937.5141975308643,-0.01207489558089403
persistence,level,27,2,2012-2013,72,354,5280.527777777777,8865.230051223212,1.952525506141457,0.0,-1.7254137205844446,,1937.5141975308643,-1.7254137205844446,1937.5141975308643,-1.7254137205844446
climatology,level,27,2,2012-2013,72,354,1937.5141975308643,3463.6190653915787,0.937175040223427,0.6330832297323441,0.0,,1937.5141975308643,0.0,1937.5141975308643,0.0
elasticnet,level,27,2,2012-2013,72,354,2381.4773459319986,5468.485297649124,0.8187185627301218,0.5490077041249457,-0.2291405910557524,,1937.5141975308643,-0.22914059105575246,1937.5141975308643,-0.22914059105575246
gbt,level,27,3,2014-2015,72,426,6104.019027915719,11474.886487219368,1.337818967423419,0.4883631882555478,-0.2332604104928139,,4949.497264309764,-0.23326041049281376,4949.497264309764,-0.23326041049281376
persistence,level,27,3,2014-2015,72,426,11930.375,18200.69946801496,2.1232530818072632,0.0,-1.4104215767586168,,4949.497264309764,-1.4104215767586163,4949.497264309764,-1.4104215767586163
climatology,level,27,3,2014-2015,72,426,4949.497264309764,9430.561045672204,0.8380136603546114,0.5851348122494252,0.0,,4949.497264309764,0.0,4949.497264309764,0.0
elasticnet,level,27,3,2014-2015,72,426,6669.487182598782,12713.098995091255,1.2991070275043024,0.4409658386598256,-0.3475080046395138,,4949.497264309764,-0.3475080046395136,4949.497264309764,-0.3475080046395136
gbt,level,27,4,2016-2017,72,498,3005.704393215973,5302.6536250110685,1.527663558802849,0.4602025978046248,-0.6541587431582192,,1817.0592185592184,-0.6541587431582194,1817.0592185592184,-0.6541587431582194
persistence,level,27,4,2016-2017,72,498,5568.208333333333,8472.44654666591,1.5780112641152633,0.0,-2.0644066392885496,,1817.0592185592184,-2.06440663928855,1817.0592185592184,-2.06440663928855
climatology,level,27,4,2016-2017,72,498,1817.0592185592184,3090.3678226968063,0.6724522167609815,0.6736725514234736,0.0,,1817.0592185592184,0.0,1817.0592185592184,0.0
elasticnet,level,27,4,2016-2017,72,498,2808.371526623081,5403.70666126204,0.8496047106486448,0.495641801006054,-0.5455586135766635,,1817.0592185592184,-0.5455586135766635,1817.0592185592184,-0.5455586135766635
gbt,level,27,5,2018-2019,72,570,1897.1611813588916,2810.1399570303083,1.9179004486829323,0.5529678032934825,-0.0558117800966004,,1796.8744212962963,-0.05581178009660048,1796.8744212962963,-0.05581178009660048
persistence,level,27,5,2018-2019,72,570,4243.902777777777,6376.996026299879,1.7164195855771165,0.0,-1.3618249152415185,,1796.8744212962963,-1.3618249152415185,1796.8744212962963,-1.3618249152415185
climatology,level,27,5,2018-2019,72,570,1796.8744212962963,3137.1088345086896,0.8018385605650769,0.5765985896978563,0.0,,1796.8744212962963,0.0,1796.8744212962963,0.0
elasticnet,level,27,5,2018-2019,72,570,1785.3137990174791,3272.8425300015574,0.7972154367729046,0.5793226441553126,0.0064337396880952,,1796.8744212962963,0.006433739688095241,1796.8744212962963,0.006433739688095241
gbt,level,27,6,2020-2021,72,642,14967.997982019187,22614.982302408356,2.161427952712001,0.1298336086364717,-0.1343625893942461,,13195.073710965868,-0.13436258939424617,13195.073710965868,-0.13436258939424617
persistence,level,27,6,2020-2021,72,642,17201.305555555555,24364.069312662494,2.2131424042736083,0.0,-0.303615722984577,,13195.073710965868,-0.30361572298457706,13195.073710965868,-0.30361572298457706
climatology,level,27,6,2020-2021,72,642,13195.073710965868,20056.02115954549,1.480988893088378,0.2329027777368784,0.0,,13195.073710965868,0.0,13195.073710965868,0.0
elasticnet,level,27,6,2020-2021,72,642,15049.174279877412,22909.997970341843,1.816102524830023,0.1251144146429665,-0.140514604883994,,13195.073710965868,-0.14051460488399403,13195.073710965868,-0.14051460488399403
gbt,level,27,7,2022-2023,72,714,51889.12364589368,60252.357276480536,4.728079623270016,-0.2662038973906167,-0.0709180876525914,,40980.069444444445,-0.2662038973906167,40980.069444444445,-0.2662038973906167
persistence,level,27,7,2022-2023,72,714,40980.069444444445,50782.91001806393,1.294564866893281,0.0,0.1542293544826931,,40980.069444444445,0.0,40980.069444444445,0.0
climatology,level,27,7,2022-2023,72,714,48452.93421052632,55757.63791239115,2.9130587202533462,-0.1823536384244695,0.0,,40980.069444444445,-0.1823536384244695,40980.069444444445,-0.1823536384244695
elasticnet,level,27,7,2022-2023,72,714,48778.85534062328,56841.78799628992,2.581847830731518,-0.1903068004008983,-0.0067265509387077,,40980.069444444445,-0.1903068004008983,40980.069444444445,-0.1903068004008983
gbt,level,27,8,2024-2025,72,786,18845.46847978108,23570.295005678006,0.5169939751323105,0.3802412713936058,0.540252803338017,,30407.75,0.38024127139360586,30407.75,0.38024127139360586
persistence,level,27,8,2024-2025,72,786,30407.75,36324.145056085705,0.6483134987710287,0.0,0.2581835875135106,,30407.75,0.0,30407.75,0.0
climatology,level,27,8,2024-2025,72,786,40990.93722943723,45355.52906961292,2.223624861064422,-0.3480424309407053,0.0,,30407.75,-0.3480424309407053,30407.75,-0.3480424309407053
elasticnet,level,27,8,2024-2025,72,786,32280.973718219782,37738.11558616782,1.0577603362532495,-0.0616034964185046,0.2124851028037112,,30407.75,-0.0616034964185046,30407.75,-0.0616034964185046
gbt,level,36,1,2010-2011,72,264,2009.580611392561,3760.338645251952,1.133702667687882,0.5511866195789965,0.0340920412913497,,2080.509424603175,0.034092041291349795,2080.509424603175,0.034092041291349795
persistence,level,36,1,2010-2011,72,264,4477.541666666667,8515.984895249116,1.6693171242496467,0.0,-1.1521371706935135,,2080.509424603175,-1.1521371706935137,2080.509424603175,-1.1521371706935137
climatology,level,36,1,2010-2011,72,264,2080.509424603175,3775.323010326001,1.1046050275387156,0.5353456026793331,0.0,,2080.509424603175,0.0,2080.509424603175,0.0
elasticnet,level,36,1,2010-2011,72,264,2472.599740383264,4561.142695016436,1.271333758614387,0.4477773911540156,-0.1884588029947878,,2080.509424603175,-0.1884588029947878,2080.509424603175,-0.1884588029947878
gbt,level,36,2,2012-2013,72,336,1737.5176833339804,3471.0556203867745,0.8192403520945981,0.3301818117565196,0.0962752384179533,,1922.6182098765432,0.09627523841795338,1922.6182098765432,0.09627523841795338
persistence,level,36,2,2012-2013,72,336,2594.0138888888887,5005.951725751614,1.0053383993859717,0.0,-0.349209050222955,,1922.6182098765432,-0.349209050222955,1922.6182098765432,-0.349209050222955
climatology,level,36,2,2012-2013,72,336,1922.6182098765432,3388.4469450452,0.948354483044592,0.2588250131921725,0.0,,1922.6182098765432,0.0,1922.6182098765432,0.0
elasticnet,level,36,2,2012-2013,72,336,2492.145054211672,5512.805617453151,0.8728259108422096,0.0392707360255696,-0.2962246177683396,,1922.6182098765432,-0.29622461776833964,1922.6182098765432,-0.29622461776833964
gbt,level,36,3,2014-2015,72,408,6296.568468269373,11798.71373556697,1.3850098485341389,-0.2445485084329932,-0.2536339299631058,,5022.653198653198,-0.25363392996310585,5022.653198653198,-0.25363392996310585
persistence,level,36,3,2014-2015,72,408,5059.319444444444,8062.899630922695,1.085582223525866,0.0,-0.0073001746967276,,5022.653198653198,-0.007300174696727613,5022.653198653198,-0.007300174696727613
climatology,level,36,3,2014-2015,72,408,5022.653198653198,9587.941566376692,0.8336679815518049,0.0072472683715413,0.0,,5022.653198653198,0.0,5022.653198653198,0.0
elasticnet,level,36,3,2014-2015,72,408,6621.500703135269,12691.295735638443,1.1921200307534714,-0.3087730031370583,-0.3183272746983197,,5022.653198653198,-0.3183272746983197,5022.653198653198,-0.3183272746983197
gbt,level,36,4,2016-2017,72,480,3228.071465218464,5819.219230491663,1.428096791960912,0.2690860145360365,-0.8025634565146857,,1790.8226495726497,-0.8025634565146862,1790.8226495726497,-0.8025634565146862
persistence,level,36,4,2016-2017,72,480,4416.486111111111,8712.478044767491,1.0006657663787086,0.0,-1.4661772689579466,,1790.8226495726497,-1.4661772689579466,1790.8226495726497,-1.4661772689579466
climatology,level,36,4,2016-2017,72,480,1790.8226495726497,3033.828060110484,0.6680867322146923,0.5945141443856801,0.0,,1790.8226495726497,0.0,1790.8226495726497,0.0
elasticnet,level,36,4,2016-2017,72,480,2843.797782402736,5433.95188954655,0.8531131108645227,0.3560949336513852,-0.5879840379958123,,1790.8226495726497,-0.5879840379958126,1790.8226495726497,-0.5879840379958126
gbt,level,36,5,2018-2019,72,552,1946.8366848851515,3106.9134120733424,1.94820371017952,0.093199973400456,-0.0732496251532979,,1813.9644675925929,-0.07324962515329769,1813.9644675925929,-0.07324962515329769
persistence,level,36,5,2018-2019,72,552,2146.930555555556,3507.939271218297,0.9357211793883132,0.0,-0.1835571169731122,,1813.9644675925929,-0.1835571169731125,1813.9644675925929,-0.1835571169731125
climatology,level,36,5,2018-2019,72,552,1813.9644675925929,3149.930787339528,0.8061896145976262,0.1550893609955642,0.0,,1813.9644675925929,0.0,1813.9644675925929,0.0
elasticnet,level,36,5,2018-2019,72,552,1928.993102831026,3537.0796087251038,0.8183170802872611,0.1015111793721407,-0.063412838174881,,1813.9644675925929,-0.06341283817488086,1813.9644675925929,-0.06341283817488086
gbt,level,36,6,2020-2021,72,624,14956.764736425775,22759.95753383733,2.0463467203335344,-0.4174732909529601,-0.1397015558433361,,10551.708333333334,-0.41747329095296015,10551.708333333334,-0.41747329095296015
persistence,level,36,6,2020-2021,72,624,10551.708333333334,15895.011086204237,1.612940317425933,0.0,0.1959625884187769,,10551.708333333334,0.0,10551.708333333334,0.0
climatology,level,36,6,2020-2021,72,624,13123.40468409586,19971.16217466382,1.4632073279763336,-0.2437232218254572,0.0,,10551.708333333334,-0.24372322182545725,10551.708333333334,-0.24372322182545725
elasticnet,level,36,6,2020-2021,72,624,15300.561361290203,23348.62947155819,1.8606765142050048,-0.450055372830485,-0.1658987686200685,,10551.708333333334,-0.450055372830485,10551.708333333334,-0.450055372830485
gbt,level,36,7,2022-2023,72,696,52618.36203868748,61186.11850577704,6.03323873345916,-1.071242490476494,-0.0804578414681205,,25404.25,-1.0712424904764943,25404.25,-1.0712424904764943
persistence,level,36,7,2022-2023,72,696,25404.25,29735.80073422533,0.9331443420707648,0.0,0.4783528020325815,,25404.25,0.0,25404.25,0.0
climatology,level,36,7,2022-2023,72,696,48700.06030701755,56098.364797391296,2.9234988417375574,-0.9170044503190432,0.0,,25404.25,-0.9170044503190431,25404.25,-0.9170044503190431
elasticnet,level,36,7,2022-2023,72,696,49873.09715463954,58164.72714894455,2.815384706692148,-0.9631792772720916,-0.0240869690966882,,25404.25,-0.9631792772720917,25404.25,-0.9631792772720917
gbt,level,36,8,2024-2025,72,768,25460.489727535198,31570.64877172097,0.6992980396712973,-1.1915164061487975,0.3932640999550209,,11617.75,-1.1915164061487982,11617.75,-1.1915164061487982
persistence,level,36,8,2024-2025,72,768,11617.75,14878.19641100508,0.2851210260352065,0.0,0.7231433457022527,,11617.75,0.0,11617.75,0.0
climatology,level,36,8,2024-2025,72,768,41963.05134680135,46715.39430480677,2.2882746043875284,-2.6119774781520824,0.0,,11617.75,-2.6119774781520824,11617.75,-2.6119774781520824
elasticnet,level,36,8,2024-2025,72,768,38098.14510452834,44017.36350115662,1.4838319772815614,-2.279304951864891,0.092102602604651,,11617.75,-2.279304951864891,11617.75,-2.279304951864891
