year,date,precipitation_mean_m_day,runoff_mean_m_day,grid_latitude_count,grid_longitude_count,source_file
2000,2000-01-01,0.00024085623,0.00028071698,145,57,ERA5_2000.nc
2000,2000-01-02,0.00041896245,0.00025940867,145,57,ERA5_2000.nc
2000,2000-01-03,0.0006518271,0.0002638178,145,57,ERA5_2000.nc
2000,2000-01-04,0.0012317841,0.00036106474,145,57,ERA5_2000.nc
2000,2000-01-05,0.0008791573,0.0003002134,145,57,ERA5_2000.nc
2000,2000-01-06,0.0004345943,0.00025820846,145,57,ERA5_2000.nc
2000,2000-01-07,0.00064092537,0.00032499264,145,57,ERA5_2000.nc
2000,2000-01-08,0.00069268723,0.0002757291,145,57,ERA5_2000.nc
2000,2000-01-09,0.0013702395,0.00033486375,145,57,ERA5_2000.nc
2000,2000-01-10,0.001002339,0.00028978905,145,57,ERA5_2000.nc
2000,2000-01-11,0.00024599925,0.00023625646,145,57,ERA5_2000.nc
2000,2000-01-12,0.0002606584,0.00023306909,145,57,ERA5_2000.nc
2000,2000-01-13,0.00032072002,0.00023001037,145,57,ERA5_2000.nc
2000,2000-01-14,0.0011342731,0.00027522774,145,57,ERA5_2000.nc
2000,2000-01-15,0.0006511554,0.0002851807,145,57,ERA5_2000.nc
2000,2000-01-16,0.00027879793,0.00019742441,145,57,ERA5_2000.nc
2000,2000-01-17,0.0005904534,0.00020809534,145,57,ERA5_2000.nc
2000,2000-01-18,0.0016095825,0.00027720712,145,57,ERA5_2000.nc
2000,2000-01-19,0.0011491496,0.0003029398,145,57,ERA5_2000.nc
2000,2000-01-20,0.0010611502,0.00024291492,145,57,ERA5_2000.nc
2000,2000-01-21,0.00041377265,0.00020252282,145,57,ERA5_2000.nc
2000,2000-01-22,0.00035296596,0.00018331141,145,57,ERA5_2000.nc
2000,2000-01-23,0.0006535449,0.00022267649,145,57,ERA5_2000.nc
2000,2000-01-24,0.0014640559,0.00037354662,145,57,ERA5_2000.nc
2000,2000-01-25,0.00094383274,0.0002735468,145,57,ERA5_2000.nc
2000,2000-01-26,0.0003829911,0.00019008949,145,57,ERA5_2000.nc
2000,2000-01-27,0.00083336176,0.0001803765,145,57,ERA5_2000.nc
2000,2000-01-28,0.0003267551,0.00016113945,145,57,ERA5_2000.nc
2000,2000-01-29,0.00030236834,0.00015827504,145,57,ERA5_2000.nc
2000,2000-01-30,0.00014070637,0.00015946467,145,57,ERA5_2000.nc
2000,2000-01-31,0.00011580577,0.00014828335,145,57,ERA5_2000.nc
2000,2000-02-01,0.00023943331,0.00015476186,145,57,ERA5_2000.nc
2000,2000-02-02,0.00029905865,0.00015854259,145,57,ERA5_2000.nc
2000,2000-02-03,0.000273014,0.0001480733,145,57,ERA5_2000.nc
2000,2000-02-04,0.0005266211,0.00016543057,145,57,ERA5_2000.nc
2000,2000-02-05,0.0005810086,0.00017149097,145,57,ERA5_2000.nc
2000,2000-02-06,0.000763353,0.00018965107,145,57,ERA5_2000.nc
2000,2000-02-07,0.00088543404,0.00018079006,145,57,ERA5_2000.nc
2000,2000-02-08,0.001201791,0.00019641075,145,57,ERA5_2000.nc
2000,2000-02-09,0.00084252853,0.00019254765,145,57,ERA5_2000.nc
2000,2000-02-10,0.00061691646,0.0001861801,145,57,ERA5_2000.nc
2000,2000-02-11,0.0006727094,0.00016307407,145,57,ERA5_2000.nc
2000,2000-02-12,0.000822447,0.00016938946,145,57,ERA5_2000.nc
2000,2000-02-13,0.0006309904,0.00014340733,145,57,ERA5_2000.nc
2000,2000-02-14,0.00059532706,0.00016640706,145,57,ERA5_2000.nc
2000,2000-02-15,0.0005009457,0.00014542638,145,57,ERA5_2000.nc
2000,2000-02-16,0.00085000804,0.00018772445,145,57,ERA5_2000.nc
2000,2000-02-17,0.0008753601,0.00018362622,145,57,ERA5_2000.nc
2000,2000-02-18,0.00085117633,0.0002315265,145,57,ERA5_2000.nc
2000,2000-02-19,0.00037984402,0.00013397503,145,57,ERA5_2000.nc
2000,2000-02-20,0.00028261726,0.00012310801,145,57,ERA5_2000.nc
2000,2000-02-21,0.00042361175,0.00012765781,145,57,ERA5_2000.nc
2000,2000-02-22,0.0004878345,0.00012992206,145,57,ERA5_2000.nc
2000,2000-02-23,0.00028290896,0.00012024985,145,57,ERA5_2000.nc
2000,2000-02-24,0.0007983914,0.00017276013,145,57,ERA5_2000.nc
2000,2000-02-25,0.00076808664,0.00014448352,145,57,ERA5_2000.nc
2000,2000-02-26,0.00038112645,0.0001201591,145,57,ERA5_2000.nc
2000,2000-02-27,0.0004393416,0.00014698548,145,57,ERA5_2000.nc
2000,2000-02-28,0.0012958171,0.0002751322,145,57,ERA5_2000.nc
2000,2000-02-29,0.001177314,0.00016133346,145,57,ERA5_2000.nc
2000,2000-03-01,0.0005784952,0.0001471738,145,57,ERA5_2000.nc
2000,2000-03-02,0.00017681479,0.00010464009,145,57,ERA5_2000.nc
2000,2000-03-03,0.00031136998,0.00013122041,145,57,ERA5_2000.nc
2000,2000-03-04,0.00051049306,0.00013105778,145,57,ERA5_2000.nc
2000,2000-03-05,0.00013941851,9.690269e-05,145,57,ERA5_2000.nc
2000,2000-03-06,0.00037345279,0.00011668419,145,57,ERA5_2000.nc
2000,2000-03-07,0.0011845725,0.00018872591,145,57,ERA5_2000.nc
2000,2000-03-08,0.0015768796,0.00019969771,145,57,ERA5_2000.nc
2000,2000-03-09,0.0005082749,0.00015145363,145,57,ERA5_2000.nc
2000,2000-03-10,0.0007639283,0.00021234524,145,57,ERA5_2000.nc
2000,2000-03-11,0.00062191737,0.00015424579,145,57,ERA5_2000.nc
2000,2000-03-12,0.00046573376,0.00012695929,145,57,ERA5_2000.nc
2000,2000-03-13,0.00036633486,0.00011756568,145,57,ERA5_2000.nc
2000,2000-03-14,0.0006203387,0.00013968711,145,57,ERA5_2000.nc
2000,2000-03-15,0.0009093286,0.00016159771,145,57,ERA5_2000.nc
2000,2000-03-16,0.0011656216,0.0001946423,145,57,ERA5_2000.nc
2000,2000-03-17,0.00089694146,0.00015234466,145,57,ERA5_2000.nc
2000,2000-03-18,0.001103834,0.00021551942,145,57,ERA5_2000.nc
2000,2000-03-19,0.0012793841,0.00026077547,145,57,ERA5_2000.nc
2000,2000-03-20,0.00044439876,0.000110267385,145,57,ERA5_2000.nc
2000,2000-03-21,0.00041756453,9.409737e-05,145,57,ERA5_2000.nc
2000,2000-03-22,0.00076733413,0.00014588842,145,57,ERA5_2000.nc
2000,2000-03-23,0.0015961394,0.00017794903,145,57,ERA5_2000.nc
2000,2000-03-24,0.0016172255,0.00019149398,145,57,ERA5_2000.nc
2000,2000-03-25,0.0021400652,0.00019706444,145,57,ERA5_2000.nc
2000,2000-03-26,0.0014949369,0.00019303327,145,57,ERA5_2000.nc
2000,2000-03-27,0.0006430902,0.00015296236,145,57,ERA5_2000.nc
2000,2000-03-28,0.0007444904,0.00018474365,145,57,ERA5_2000.nc
2000,2000-03-29,0.0005495552,0.00014047173,145,57,ERA5_2000.nc
2000,2000-03-30,0.001097362,0.0002096043,145,57,ERA5_2000.nc
2000,2000-03-31,0.00062964216,0.00014425247,145,57,ERA5_2000.nc
2000,2000-04-01,0.00096925476,0.00013440844,145,57,ERA5_2000.nc
2000,2000-04-02,0.0018241333,0.00028070508,145,57,ERA5_2000.nc
2000,2000-04-03,0.0023743915,0.0003631672,145,57,ERA5_2000.nc
2000,2000-04-04,0.0015596439,0.00031394692,145,57,ERA5_2000.nc
2000,2000-04-05,0.0012969939,0.00021464309,145,57,ERA5_2000.nc
2000,2000-04-06,0.001953571,0.0003196171,145,57,ERA5_2000.nc
2000,2000-04-07,0.0014248944,0.00023602913,145,57,ERA5_2000.nc
2000,2000-04-08,0.0016466208,0.00021610432,145,57,ERA5_2000.nc
2000,2000-04-09,0.0013571349,0.00020374272,145,57,ERA5_2000.nc
2000,2000-04-10,0.0017065795,0.0002514788,145,57,ERA5_2000.nc
2000,2000-04-11,0.0011647965,0.00015794064,145,57,ERA5_2000.nc
2000,2000-04-12,0.0018398782,0.00025453116,145,57,ERA5_2000.nc
2000,2000-04-13,0.0017405639,0.00027211604,145,57,ERA5_2000.nc
2000,2000-04-14,0.00282575,0.00032139622,145,57,ERA5_2000.nc
2000,2000-04-15,0.002627789,0.00026376813,145,57,ERA5_2000.nc
2000,2000-04-16,0.001086887,0.00016871109,145,57,ERA5_2000.nc
2000,2000-04-17,0.0011916563,0.00017076454,145,57,ERA5_2000.nc
2000,2000-04-18,0.0017877454,0.00024709612,145,57,ERA5_2000.nc
2000,2000-04-19,0.002002415,0.00030395685,145,57,ERA5_2000.nc
2000,2000-04-20,0.002238733,0.00028020662,145,57,ERA5_2000.nc
2000,2000-04-21,0.0036012153,0.00039449683,145,57,ERA5_2000.nc
2000,2000-04-22,0.0022620708,0.0004000736,145,57,ERA5_2000.nc
2000,2000-04-23,0.0008669637,0.00021436276,145,57,ERA5_2000.nc
2000,2000-04-24,0.0017841184,0.0002773877,145,57,ERA5_2000.nc
2000,2000-04-25,0.0020120703,0.00028630265,145,57,ERA5_2000.nc
2000,2000-04-26,0.0018996162,0.0003418672,145,57,ERA5_2000.nc
2000,2000-04-27,0.0018349179,0.00033760665,145,57,ERA5_2000.nc
2000,2000-04-28,0.0011136496,0.00021750104,145,57,ERA5_2000.nc
2000,2000-04-29,0.001557924,0.00030878023,145,57,ERA5_2000.nc
2000,2000-04-30,0.0014831577,0.00029565455,145,57,ERA5_2000.nc
2000,2000-05-01,0.0012704037,0.0002598614,145,57,ERA5_2000.nc
2000,2000-05-02,0.0014628333,0.00027363483,145,57,ERA5_2000.nc
2000,2000-05-03,0.0009317485,0.0002536793,145,57,ERA5_2000.nc
2000,2000-05-04,0.00087150565,0.00019225269,145,57,ERA5_2000.nc
2000,2000-05-05,0.0013989485,0.0002571409,145,57,ERA5_2000.nc
2000,2000-05-06,0.0013640339,0.00028915703,145,57,ERA5_2000.nc
2000,2000-05-07,0.0015297777,0.00023076811,145,57,ERA5_2000.nc
2000,2000-05-08,0.002062884,0.00029430573,145,57,ERA5_2000.nc
2000,2000-05-09,0.0017809201,0.0003276751,145,57,ERA5_2000.nc
2000,2000-05-10,0.0030092085,0.00048207244,145,57,ERA5_2000.nc
2000,2000-05-11,0.0028296923,0.00039795658,145,57,ERA5_2000.nc
2000,2000-05-12,0.0024800487,0.00032377616,145,57,ERA5_2000.nc
2000,2000-05-13,0.002311816,0.00028379582,145,57,ERA5_2000.nc
2000,2000-05-14,0.0024785302,0.00029132268,145,57,ERA5_2000.nc
2000,2000-05-15,0.0018201167,0.00031623236,145,57,ERA5_2000.nc
2000,2000-05-16,0.0008687563,0.0001856186,145,57,ERA5_2000.nc
2000,2000-05-17,0.0014102268,0.00019570824,145,57,ERA5_2000.nc
2000,2000-05-18,0.0011395111,0.00018822581,145,57,ERA5_2000.nc
2000,2000-05-19,0.00069178216,0.00015416389,145,57,ERA5_2000.nc
2000,2000-05-20,0.0007113718,0.00014009626,145,57,ERA5_2000.nc
2000,2000-05-21,0.0007601784,0.00016835306,145,57,ERA5_2000.nc
2000,2000-05-22,0.0009905129,0.00019283046,145,57,ERA5_2000.nc
2000,2000-05-23,0.0013235599,0.00021526223,145,57,ERA5_2000.nc
2000,2000-05-24,0.002132047,0.00025351314,145,57,ERA5_2000.nc
2000,2000-05-25,0.0016816917,0.00021424048,145,57,ERA5_2000.nc
2000,2000-05-26,0.0012226696,0.00019079533,145,57,ERA5_2000.nc
2000,2000-05-27,0.0020047305,0.0002508863,145,57,ERA5_2000.nc
2000,2000-05-28,0.00096831843,0.00016687944,145,57,ERA5_2000.nc
2000,2000-05-29,0.0014959273,0.00019295365,145,57,ERA5_2000.nc
2000,2000-05-30,0.0018707156,0.00021607976,145,57,ERA5_2000.nc
2000,2000-05-31,0.00072108617,0.00014042306,145,57,ERA5_2000.nc
2000,2000-06-01,0.00063798984,0.000124777,145,57,ERA5_2000.nc
2000,2000-06-02,0.0015641336,0.00019158926,145,57,ERA5_2000.nc
2000,2000-06-03,0.0026223157,0.00033122842,145,57,ERA5_2000.nc
2000,2000-06-04,0.0014116054,0.00026830094,145,57,ERA5_2000.nc
2000,2000-06-05,0.0008528795,0.00016915408,145,57,ERA5_2000.nc
2000,2000-06-06,0.0017863846,0.00024802837,145,57,ERA5_2000.nc
2000,2000-06-07,0.0026060482,0.0003509155,145,57,ERA5_2000.nc
2000,2000-06-08,0.002386718,0.00037751094,145,57,ERA5_2000.nc
2000,2000-06-09,0.0016135155,0.00024991253,145,57,ERA5_2000.nc
2000,2000-06-10,0.0013852611,0.00027081394,145,57,ERA5_2000.nc
2000,2000-06-11,0.00090120896,0.00021635181,145,57,ERA5_2000.nc
2000,2000-06-12,0.00069333747,0.00015118707,145,57,ERA5_2000.nc
2000,2000-06-13,0.0019840375,0.00027438864,145,57,ERA5_2000.nc
2000,2000-06-14,0.0024911824,0.00038016596,145,57,ERA5_2000.nc
2000,2000-06-15,0.0019994564,0.00026815073,145,57,ERA5_2000.nc
2000,2000-06-16,0.0014794788,0.00021238887,145,57,ERA5_2000.nc
2000,2000-06-17,0.0015731995,0.00026261836,145,57,ERA5_2000.nc
2000,2000-06-18,0.0011800155,0.00020120062,145,57,ERA5_2000.nc
2000,2000-06-19,0.0016176103,0.00021102156,145,57,ERA5_2000.nc
2000,2000-06-20,0.0018225525,0.00024256675,145,57,ERA5_2000.nc
2000,2000-06-21,0.0014315213,0.00022987842,145,57,ERA5_2000.nc
2000,2000-06-22,0.0020716782,0.00027580347,145,57,ERA5_2000.nc
2000,2000-06-23,0.0019508809,0.00032561691,145,57,ERA5_2000.nc
2000,2000-06-24,0.003174658,0.00039540062,145,57,ERA5_2000.nc
2000,2000-06-25,0.0029192423,0.00032579637,145,57,ERA5_2000.nc
2000,2000-06-26,0.0019353107,0.00026515484,145,57,ERA5_2000.nc
2000,2000-06-27,0.0013089817,0.00023382755,145,57,ERA5_2000.nc
2000,2000-06-28,0.0027063775,0.00039485772,145,57,ERA5_2000.nc
2000,2000-06-29,0.0025757505,0.00038493657,145,57,ERA5_2000.nc
2000,2000-06-30,0.002395167,0.0003502675,145,57,ERA5_2000.nc
2000,2000-07-01,0.002040252,0.00029586925,145,57,ERA5_2000.nc
2000,2000-07-02,0.0025770396,0.00033329555,145,57,ERA5_2000.nc
2000,2000-07-03,0.0028357285,0.00042322784,145,57,ERA5_2000.nc
2000,2000-07-04,0.0018979113,0.0003642852,145,57,ERA5_2000.nc
2000,2000-07-05,0.0011689794,0.00026916,145,57,ERA5_2000.nc
2000,2000-07-06,0.0015339584,0.0002888395,145,57,ERA5_2000.nc
2000,2000-07-07,0.001547401,0.00029576517,145,57,ERA5_2000.nc
2000,2000-07-08,0.0013421997,0.00025817717,145,57,ERA5_2000.nc
2000,2000-07-09,0.00085894647,0.00022083957,145,57,ERA5_2000.nc
2000,2000-07-10,0.0023847045,0.0003303769,145,57,ERA5_2000.nc
2000,2000-07-11,0.003073624,0.00043009035,145,57,ERA5_2000.nc
2000,2000-07-12,0.0015560498,0.00032879287,145,57,ERA5_2000.nc
2000,2000-07-13,0.00058391504,0.00019058475,145,57,ERA5_2000.nc
2000,2000-07-14,0.0023778803,0.00037061874,145,57,ERA5_2000.nc
2000,2000-07-15,0.0023772544,0.0004144626,145,57,ERA5_2000.nc
2000,2000-07-16,0.001726473,0.00029680616,145,57,ERA5_2000.nc
2000,2000-07-17,0.0025328752,0.00034356525,145,57,ERA5_2000.nc
2000,2000-07-18,0.0020019934,0.00029549643,145,57,ERA5_2000.nc
2000,2000-07-19,0.0027511753,0.0003992748,145,57,ERA5_2000.nc
2000,2000-07-20,0.0030818842,0.0003894086,145,57,ERA5_2000.nc
2000,2000-07-21,0.0037865217,0.0006014088,145,57,ERA5_2000.nc
2000,2000-07-22,0.002788026,0.00038425266,145,57,ERA5_2000.nc
2000,2000-07-23,0.002927036,0.00038699928,145,57,ERA5_2000.nc
2000,2000-07-24,0.0031633773,0.0004821262,145,57,ERA5_2000.nc
2000,2000-07-25,0.0022529406,0.00039145665,145,57,ERA5_2000.nc
2000,2000-07-26,0.0022491543,0.00034017593,145,57,ERA5_2000.nc
2000,2000-07-27,0.0031952993,0.00050409243,145,57,ERA5_2000.nc
2000,2000-07-28,0.0026140225,0.00049350085,145,57,ERA5_2000.nc
2000,2000-07-29,0.0013841676,0.0003400478,145,57,ERA5_2000.nc
2000,2000-07-30,0.0014042184,0.00028649066,145,57,ERA5_2000.nc
2000,2000-07-31,0.0027277672,0.00045428044,145,57,ERA5_2000.nc
2000,2000-08-01,0.0020358134,0.00038347876,145,57,ERA5_2000.nc
2000,2000-08-02,0.0023895313,0.0004616115,145,57,ERA5_2000.nc
2000,2000-08-03,0.0017159678,0.00034290992,145,57,ERA5_2000.nc
2000,2000-08-04,0.002196131,0.00037619454,145,57,ERA5_2000.nc
2000,2000-08-05,0.004612145,0.0007527736,145,57,ERA5_2000.nc
2000,2000-08-06,0.00307355,0.0006236163,145,57,ERA5_2000.nc
2000,2000-08-07,0.0011345174,0.000313533,145,57,ERA5_2000.nc
2000,2000-08-08,0.0015638196,0.00036404288,145,57,ERA5_2000.nc
2000,2000-08-09,0.003267353,0.00057129096,145,57,ERA5_2000.nc
2000,2000-08-10,0.001906509,0.00043352303,145,57,ERA5_2000.nc
2000,2000-08-11,0.0027073286,0.00040533225,145,57,ERA5_2000.nc
2000,2000-08-12,0.0026820074,0.00046612186,145,57,ERA5_2000.nc
2000,2000-08-13,0.0026729112,0.00038962887,145,57,ERA5_2000.nc
2000,2000-08-14,0.0027726982,0.0004953131,145,57,ERA5_2000.nc
2000,2000-08-15,0.003209039,0.0006437303,145,57,ERA5_2000.nc
2000,2000-08-16,0.0033514746,0.0006893666,145,57,ERA5_2000.nc
2000,2000-08-17,0.0041007786,0.0007635567,145,57,ERA5_2000.nc
2000,2000-08-18,0.0033233762,0.0006883434,145,57,ERA5_2000.nc
2000,2000-08-19,0.0017457104,0.00046385362,145,57,ERA5_2000.nc
2000,2000-08-20,0.0023929225,0.00050628016,145,57,ERA5_2000.nc
2000,2000-08-21,0.003097298,0.0007025555,145,57,ERA5_2000.nc
2000,2000-08-22,0.0024520468,0.0005550259,145,57,ERA5_2000.nc
2000,2000-08-23,0.002064465,0.00047888982,145,57,ERA5_2000.nc
2000,2000-08-24,0.0022393214,0.00053096906,145,57,ERA5_2000.nc
2000,2000-08-25,0.0016835394,0.00045620702,145,57,ERA5_2000.nc
2000,2000-08-26,0.002536745,0.0005622614,145,57,ERA5_2000.nc
2000,2000-08-27,0.0025392824,0.00066994905,145,57,ERA5_2000.nc
2000,2000-08-28,0.0020456915,0.0005746804,145,57,ERA5_2000.nc
2000,2000-08-29,0.0015042771,0.0004335219,145,57,ERA5_2000.nc
2000,2000-08-30,0.0019121638,0.0005144677,145,57,ERA5_2000.nc
2000,2000-08-31,0.0021249782,0.0005718672,145,57,ERA5_2000.nc
2000,2000-09-01,0.00093729,0.00040429176,145,57,ERA5_2000.nc
2000,2000-09-02,0.0017762375,0.00043655623,145,57,ERA5_2000.nc
2000,2000-09-03,0.0019172712,0.000496674,145,57,ERA5_2000.nc
2000,2000-09-04,0.002836254,0.000604238,145,57,ERA5_2000.nc
2000,2000-09-05,0.0018041303,0.00047253026,145,57,ERA5_2000.nc
2000,2000-09-06,0.0017240857,0.00043999462,145,57,ERA5_2000.nc
2000,2000-09-07,0.0012934122,0.00035399603,145,57,ERA5_2000.nc
2000,2000-09-08,0.0018758166,0.00048899837,145,57,ERA5_2000.nc
2000,2000-09-09,0.0034275518,0.0006187408,145,57,ERA5_2000.nc
2000,2000-09-10,0.0018776878,0.00047889497,145,57,ERA5_2000.nc
2000,2000-09-11,0.0013903831,0.000367885,145,57,ERA5_2000.nc
2000,2000-09-12,0.0013410083,0.00036494143,145,57,ERA5_2000.nc
2000,2000-09-13,0.0028435576,0.0005386572,145,57,ERA5_2000.nc
2000,2000-09-14,0.0020941356,0.0004812127,145,57,ERA5_2000.nc
2000,2000-09-15,0.0018426642,0.0004702418,145,57,ERA5_2000.nc
2000,2000-09-16,0.0017920056,0.00043890742,145,57,ERA5_2000.nc
2000,2000-09-17,0.0023855856,0.00053641736,145,57,ERA5_2000.nc
2000,2000-09-18,0.0022328584,0.0005012261,145,57,ERA5_2000.nc
2000,2000-09-19,0.0019465542,0.00049041887,145,57,ERA5_2000.nc
2000,2000-09-20,0.0028104798,0.0005918223,145,57,ERA5_2000.nc
2000,2000-09-21,0.0030191306,0.00070102245,145,57,ERA5_2000.nc
2000,2000-09-22,0.0017764108,0.00052425603,145,57,ERA5_2000.nc
2000,2000-09-23,0.0022597467,0.0006501707,145,57,ERA5_2000.nc
2000,2000-09-24,0.0030066425,0.00060600473,145,57,ERA5_2000.nc
2000,2000-09-25,0.002586504,0.0006823158,145,57,ERA5_2000.nc
2000,2000-09-26,0.002470363,0.0006680467,145,57,ERA5_2000.nc
2000,2000-09-27,0.0030515485,0.0006642531,145,57,ERA5_2000.nc
2000,2000-09-28,0.003364257,0.0008076433,145,57,ERA5_2000.nc
2000,2000-09-29,0.0019314508,0.0006106106,145,57,ERA5_2000.nc
2000,2000-09-30,0.0019724234,0.0006146976,145,57,ERA5_2000.nc
2000,2000-10-01,0.0029359888,0.0007088391,145,57,ERA5_2000.nc
2000,2000-10-02,0.003029345,0.00064301374,145,57,ERA5_2000.nc
2000,2000-10-03,0.0034685524,0.0008661476,145,57,ERA5_2000.nc
2000,2000-10-04,0.0038935035,0.0009145448,145,57,ERA5_2000.nc
2000,2000-10-05,0.0032239724,0.00096738996,145,57,ERA5_2000.nc
2000,2000-10-06,0.002060989,0.00069484045,145,57,ERA5_2000.nc
2000,2000-10-07,0.0025723153,0.0007705396,145,57,ERA5_2000.nc
2000,2000-10-08,0.0039478242,0.0010470026,145,57,ERA5_2000.nc
2000,2000-10-09,0.0039282143,0.0010335579,145,57,ERA5_2000.nc
2000,2000-10-10,0.0017729998,0.0007595758,145,57,ERA5_2000.nc
2000,2000-10-11,0.0017771269,0.00066222774,145,57,ERA5_2000.nc
2000,2000-10-12,0.0024536946,0.00076597516,145,57,ERA5_2000.nc
2000,2000-10-13,0.0022924617,0.00076604704,145,57,ERA5_2000.nc
2000,2000-10-14,0.0017612572,0.00062716834,145,57,ERA5_2000.nc
2000,2000-10-15,0.0023976655,0.0007640149,145,57,ERA5_2000.nc
2000,2000-10-16,0.0019935407,0.0007207558,145,57,ERA5_2000.nc
2000,2000-10-17,0.0019227238,0.00074833253,145,57,ERA5_2000.nc
2000,2000-10-18,0.001724062,0.0007504019,145,57,ERA5_2000.nc
2000,2000-10-19,0.0023248373,0.0008265199,145,57,ERA5_2000.nc
2000,2000-10-20,0.003719099,0.00093064684,145,57,ERA5_2000.nc
2000,2000-10-21,0.0035937955,0.0009783279,145,57,ERA5_2000.nc
2000,2000-10-22,0.0017179331,0.00080038817,145,57,ERA5_2000.nc
2000,2000-10-23,0.0018930343,0.00073724013,145,57,ERA5_2000.nc
2000,2000-10-24,0.0016735829,0.0005844644,145,57,ERA5_2000.nc
2000,2000-10-25,0.0016279093,0.00060267386,145,57,ERA5_2000.nc
2000,2000-10-26,0.0013396806,0.0006537606,145,57,ERA5_2000.nc
2000,2000-10-27,0.0008568787,0.0005280261,145,57,ERA5_2000.nc
2000,2000-10-28,0.0007143527,0.000508958,145,57,ERA5_2000.nc
2000,2000-10-29,0.0014904677,0.00062026,145,57,ERA5_2000.nc
2000,2000-10-30,0.0020038732,0.000746893,145,57,ERA5_2000.nc
2000,2000-10-31,0.0018421668,0.00065203186,145,57,ERA5_2000.nc
2000,2000-11-01,0.0018988496,0.00068968,145,57,ERA5_2000.nc
2000,2000-11-02,0.0016402007,0.00063782744,145,57,ERA5_2000.nc
2000,2000-11-03,0.0015478563,0.00060194964,145,57,ERA5_2000.nc
2000,2000-11-04,0.001341353,0.00055436866,145,57,ERA5_2000.nc
2000,2000-11-05,0.0013532392,0.00056992786,145,57,ERA5_2000.nc
2000,2000-11-06,0.0022094059,0.00070902705,145,57,ERA5_2000.nc
2000,2000-11-07,0.0026299246,0.0009895106,145,57,ERA5_2000.nc
2000,2000-11-08,0.0010360857,0.0005827735,145,57,ERA5_2000.nc
2000,2000-11-09,0.0008510747,0.00052972377,145,57,ERA5_2000.nc
2000,2000-11-10,0.0006883034,0.00046879466,145,57,ERA5_2000.nc
2000,2000-11-11,0.001547919,0.00065677456,145,57,ERA5_2000.nc
2000,2000-11-12,0.0017245503,0.0007539103,145,57,ERA5_2000.nc
2000,2000-11-13,0.00075178535,0.0005014548,145,57,ERA5_2000.nc
2000,2000-11-14,0.0005869403,0.0004158265,145,57,ERA5_2000.nc
2000,2000-11-15,0.0019392679,0.00060711463,145,57,ERA5_2000.nc
2000,2000-11-16,0.0026351158,0.000940301,145,57,ERA5_2000.nc
2000,2000-11-17,0.0020112768,0.00063905906,145,57,ERA5_2000.nc
2000,2000-11-18,0.001253403,0.0005244701,145,57,ERA5_2000.nc
2000,2000-11-19,0.0009091196,0.00048777793,145,57,ERA5_2000.nc
2000,2000-11-20,0.001621812,0.0006197649,145,57,ERA5_2000.nc
2000,2000-11-21,0.0014787142,0.0005244985,145,57,ERA5_2000.nc
2000,2000-11-22,0.0012998792,0.00052031386,145,57,ERA5_2000.nc
2000,2000-11-23,0.0011901783,0.00046571577,145,57,ERA5_2000.nc
2000,2000-11-24,0.0017444432,0.00051747856,145,57,ERA5_2000.nc
2000,2000-11-25,0.0022931546,0.00065763877,145,57,ERA5_2000.nc
2000,2000-11-26,0.0012900014,0.0005624286,145,57,ERA5_2000.nc
2000,2000-11-27,0.0009280954,0.00044594245,145,57,ERA5_2000.nc
2000,2000-11-28,0.001702497,0.00045168897,145,57,ERA5_2000.nc
2000,2000-11-29,0.0019031349,0.00049051025,145,57,ERA5_2000.nc
2000,2000-11-30,0.0016803419,0.0005740624,145,57,ERA5_2000.nc
2000,2000-12-01,0.0010616528,0.00053608604,145,57,ERA5_2000.nc
2000,2000-12-02,0.0010446553,0.00043132022,145,57,ERA5_2000.nc
2000,2000-12-03,0.0013837016,0.0005790006,145,57,ERA5_2000.nc
2000,2000-12-04,0.0007567124,0.00040992885,145,57,ERA5_2000.nc
2000,2000-12-05,0.0011016732,0.00048671867,145,57,ERA5_2000.nc
2000,2000-12-06,0.0007849039,0.000417941,145,57,ERA5_2000.nc
2000,2000-12-07,0.00077248306,0.0004322027,145,57,ERA5_2000.nc
2000,2000-12-08,0.0014065765,0.00043227698,145,57,ERA5_2000.nc
2000,2000-12-09,0.0016268896,0.000491719,145,57,ERA5_2000.nc
2000,2000-12-10,0.0016465699,0.00058594125,145,57,ERA5_2000.nc
2000,2000-12-11,0.0011441146,0.00049608835,145,57,ERA5_2000.nc
2000,2000-12-12,0.0011170614,0.0004960088,145,57,ERA5_2000.nc
2000,2000-12-13,0.0012503525,0.00045712088,145,57,ERA5_2000.nc
2000,2000-12-14,0.00063717,0.00038175186,145,57,ERA5_2000.nc
2000,2000-12-15,0.0004931798,0.00035948143,145,57,ERA5_2000.nc
2000,2000-12-16,0.00040770098,0.0002991018,145,57,ERA5_2000.nc
2000,2000-12-17,0.000865421,0.00037375302,145,57,ERA5_2000.nc
2000,2000-12-18,0.0006174451,0.00033918052,145,57,ERA5_2000.nc
2000,2000-12-19,0.00091006083,0.00030670385,145,57,ERA5_2000.nc
2000,2000-12-20,0.00085182127,0.0002785987,145,57,ERA5_2000.nc
2000,2000-12-21,0.000997598,0.0003478901,145,57,ERA5_2000.nc
2000,2000-12-22,0.0022644005,0.00043264683,145,57,ERA5_2000.nc
2000,2000-12-23,0.0016431652,0.00040302836,145,57,ERA5_2000.nc
2000,2000-12-24,0.0008487231,0.0003298482,145,57,ERA5_2000.nc
2000,2000-12-25,0.0010958826,0.00041489024,145,57,ERA5_2000.nc
2000,2000-12-26,0.00052415713,0.00025956443,145,57,ERA5_2000.nc
2000,2000-12-27,0.0008572456,0.00036985177,145,57,ERA5_2000.nc
2000,2000-12-28,0.00094051927,0.00031688286,145,57,ERA5_2000.nc
2000,2000-12-29,0.0009405771,0.00045226,145,57,ERA5_2000.nc
2000,2000-12-30,0.00081180077,0.00037499674,145,57,ERA5_2000.nc
2000,2000-12-31,0.0007209288,0.00031386607,145,57,ERA5_2000.nc
2001,2001-01-01,0.0011090984,0.00035590387,145,57,ERA5_2001.nc
2001,2001-01-02,0.00070722145,0.00030185003,145,57,ERA5_2001.nc
2001,2001-01-03,0.0009620201,0.00033403334,145,57,ERA5_2001.nc
2001,2001-01-04,0.0016205827,0.000509042,145,57,ERA5_2001.nc
2001,2001-01-05,0.001312082,0.00042066016,145,57,ERA5_2001.nc
2001,2001-01-06,0.0009086135,0.00031455993,145,57,ERA5_2001.nc
2001,2001-01-07,0.0005747833,0.00027519529,145,57,ERA5_2001.nc
2001,2001-01-08,0.00044451279,0.00026636472,145,57,ERA5_2001.nc
2001,2001-01-09,0.00028637127,0.00024049157,145,57,ERA5_2001.nc
2001,2001-01-10,0.0002930723,0.0002472235,145,57,ERA5_2001.nc
2001,2001-01-11,0.00060541066,0.00025997526,145,57,ERA5_2001.nc
2001,2001-01-12,0.000975265,0.00036567176,145,57,ERA5_2001.nc
2001,2001-01-13,0.0006721291,0.00025496157,145,57,ERA5_2001.nc
2001,2001-01-14,0.00063296425,0.00024990505,145,57,ERA5_2001.nc
2001,2001-01-15,0.00032168694,0.00021495181,145,57,ERA5_2001.nc
2001,2001-01-16,0.0004949717,0.00023005522,145,57,ERA5_2001.nc
2001,2001-01-17,0.00054219866,0.0002437231,145,57,ERA5_2001.nc
2001,2001-01-18,0.0015193808,0.0003324475,145,57,ERA5_2001.nc
2001,2001-01-19,0.0011966578,0.00026711862,145,57,ERA5_2001.nc
2001,2001-01-20,0.0007235884,0.0002419148,145,57,ERA5_2001.nc
2001,2001-01-21,0.0010441865,0.0002720268,145,57,ERA5_2001.nc
2001,2001-01-22,0.0018600547,0.00038374064,145,57,ERA5_2001.nc
2001,2001-01-23,0.0018245082,0.00037382258,145,57,ERA5_2001.nc
2001,2001-01-24,0.0015995079,0.00034208567,145,57,ERA5_2001.nc
2001,2001-01-25,0.0007969383,0.0002540407,145,57,ERA5_2001.nc
2001,2001-01-26,0.00052291004,0.00025260163,145,57,ERA5_2001.nc
2001,2001-01-27,0.00017332203,0.00018827114,145,57,ERA5_2001.nc
2001,2001-01-28,0.00040449458,0.00020683074,145,57,ERA5_2001.nc
2001,2001-01-29,0.0005426245,0.0002657806,145,57,ERA5_2001.nc
2001,2001-01-30,0.00031364596,0.00020086637,145,57,ERA5_2001.nc
2001,2001-01-31,0.00022878018,0.00016578427,145,57,ERA5_2001.nc
2001,2001-02-01,0.00020237868,0.00015296272,145,57,ERA5_2001.nc
2001,2001-02-02,0.0005226878,0.00016161104,145,57,ERA5_2001.nc
2001,2001-02-03,0.000613992,0.00017030904,145,57,ERA5_2001.nc
2001,2001-02-04,0.0005862842,0.00017448812,145,57,ERA5_2001.nc
2001,2001-02-05,0.00082523003,0.00022381837,145,57,ERA5_2001.nc
2001,2001-02-06,0.0013168319,0.00024089756,145,57,ERA5_2001.nc
2001,2001-02-07,0.0012401845,0.00033218396,145,57,ERA5_2001.nc
2001,2001-02-08,0.0010864125,0.0003199564,145,57,ERA5_2001.nc
2001,2001-02-09,0.00090707536,0.00028918427,145,57,ERA5_2001.nc
2001,2001-02-10,0.0008214016,0.0002126849,145,57,ERA5_2001.nc
2001,2001-02-11,0.0007485474,0.00018018254,145,57,ERA5_2001.nc
2001,2001-02-12,0.0013019548,0.00024178645,145,57,ERA5_2001.nc
2001,2001-02-13,0.0013062191,0.00026305686,145,57,ERA5_2001.nc
2001,2001-02-14,0.0010814979,0.00020329199,145,57,ERA5_2001.nc
2001,2001-02-15,0.0003275994,0.00012814962,145,57,ERA5_2001.nc
2001,2001-02-16,0.0004865582,0.0001276438,145,57,ERA5_2001.nc
2001,2001-02-17,0.0006823231,0.00018565508,145,57,ERA5_2001.nc
2001,2001-02-18,0.00041746214,0.00015900636,145,57,ERA5_2001.nc
2001,2001-02-19,0.0002915076,0.00013364738,145,57,ERA5_2001.nc
2001,2001-02-20,0.00096742256,0.00017852915,145,57,ERA5_2001.nc
2001,2001-02-21,0.0013227375,0.0002912238,145,57,ERA5_2001.nc
2001,2001-02-22,0.0015392199,0.00027774094,145,57,ERA5_2001.nc
2001,2001-02-23,0.0011626603,0.00024433018,145,57,ERA5_2001.nc
2001,2001-02-24,0.00042075856,0.00016025099,145,57,ERA5_2001.nc
2001,2001-02-25,0.00030042912,0.00017025524,145,57,ERA5_2001.nc
2001,2001-02-26,0.00015564935,0.00011277297,145,57,ERA5_2001.nc
2001,2001-02-27,0.00033979682,0.00013280616,145,57,ERA5_2001.nc
2001,2001-02-28,0.0007385955,0.00017088595,145,57,ERA5_2001.nc
2001,2001-03-01,0.00048668665,0.00013693632,145,57,ERA5_2001.nc
2001,2001-03-02,0.00044761374,0.00011028479,145,57,ERA5_2001.nc
2001,2001-03-03,0.00039118328,0.00010215213,145,57,ERA5_2001.nc
2001,2001-03-04,0.00092471216,0.00014464842,145,57,ERA5_2001.nc
2001,2001-03-05,0.00092834956,0.00017526423,145,57,ERA5_2001.nc
2001,2001-03-06,0.001776726,0.00020046861,145,57,ERA5_2001.nc
2001,2001-03-07,0.0023046318,0.0003044124,145,57,ERA5_2001.nc
2001,2001-03-08,0.0016535437,0.00026194425,145,57,ERA5_2001.nc
2001,2001-03-09,0.0017859164,0.00021358622,145,57,ERA5_2001.nc
2001,2001-03-10,0.0017933534,0.00023832399,145,57,ERA5_2001.nc
2001,2001-03-11,0.0021228103,0.00036061087,145,57,ERA5_2001.nc
2001,2001-03-12,0.00045876234,0.0001548914,145,57,ERA5_2001.nc
2001,2001-03-13,0.0010571397,0.00019281302,145,57,ERA5_2001.nc
2001,2001-03-14,0.0013018508,0.00019595766,145,57,ERA5_2001.nc
2001,2001-03-15,0.00076488755,0.00013171576,145,57,ERA5_2001.nc
2001,2001-03-16,0.0013191899,0.0002739825,145,57,ERA5_2001.nc
2001,2001-03-17,0.0011157987,0.00024409208,145,57,ERA5_2001.nc
2001,2001-03-18,0.0015491641,0.00032797834,145,57,ERA5_2001.nc
2001,2001-03-19,0.0011149147,0.0002365185,145,57,ERA5_2001.nc
2001,2001-03-20,0.0011531252,0.00024645615,145,57,ERA5_2001.nc
2001,2001-03-21,0.0017636742,0.0003001575,145,57,ERA5_2001.nc
2001,2001-03-22,0.0020158319,0.00030793322,145,57,ERA5_2001.nc
2001,2001-03-23,0.0022027395,0.00032963313,145,57,ERA5_2001.nc
2001,2001-03-24,0.0011116411,0.00021205201,145,57,ERA5_2001.nc
2001,2001-03-25,0.0018084336,0.00038586836,145,57,ERA5_2001.nc
2001,2001-03-26,0.0013756505,0.0003651789,145,57,ERA5_2001.nc
2001,2001-03-27,0.0017032877,0.00030387047,145,57,ERA5_2001.nc
2001,2001-03-28,0.0014387982,0.00025254115,145,57,ERA5_2001.nc
2001,2001-03-29,0.0023836652,0.0003794282,145,57,ERA5_2001.nc
2001,2001-03-30,0.0018131062,0.00035908417,145,57,ERA5_2001.nc
2001,2001-03-31,0.0010744544,0.00024860486,145,57,ERA5_2001.nc
2001,2001-04-01,0.0021241833,0.00033291045,145,57,ERA5_2001.nc
2001,2001-04-02,0.001166149,0.00022556321,145,57,ERA5_2001.nc
2001,2001-04-03,0.0013415765,0.00022056545,145,57,ERA5_2001.nc
2001,2001-04-04,0.0035604902,0.0003498714,145,57,ERA5_2001.nc
2001,2001-04-05,0.003317901,0.00043262396,145,57,ERA5_2001.nc
2001,2001-04-06,0.0034814286,0.00061586744,145,57,ERA5_2001.nc
2001,2001-04-07,0.0034399598,0.00068861875,145,57,ERA5_2001.nc
2001,2001-04-08,0.0025177437,0.0005884986,145,57,ERA5_2001.nc
2001,2001-04-09,0.0023622385,0.0006268223,145,57,ERA5_2001.nc
2001,2001-04-10,0.0018747365,0.0005422788,145,57,ERA5_2001.nc
2001,2001-04-11,0.0010569089,0.00029701376,145,57,ERA5_2001.nc
2001,2001-04-12,0.0010135897,0.0002758418,145,57,ERA5_2001.nc
2001,2001-04-13,0.00073952565,0.00021715742,145,57,ERA5_2001.nc
2001,2001-04-14,0.00110458,0.00023643888,145,57,ERA5_2001.nc
2001,2001-04-15,0.001330443,0.00025561452,145,57,ERA5_2001.nc
2001,2001-04-16,0.0010266532,0.00021580825,145,57,ERA5_2001.nc
2001,2001-04-17,0.00044802928,0.00015573768,145,57,ERA5_2001.nc
2001,2001-04-18,0.0009102627,0.00019033818,145,57,ERA5_2001.nc
2001,2001-04-19,0.0010825013,0.00018789055,145,57,ERA5_2001.nc
2001,2001-04-20,0.00208457,0.00036285922,145,57,ERA5_2001.nc
2001,2001-04-21,0.0024056449,0.00036470647,145,57,ERA5_2001.nc
2001,2001-04-22,0.002132602,0.00038228583,145,57,ERA5_2001.nc
2001,2001-04-23,0.001548166,0.00037358713,145,57,ERA5_2001.nc
2001,2001-04-24,0.001834044,0.0002695238,145,57,ERA5_2001.nc
2001,2001-04-25,0.0023374846,0.00038992392,145,57,ERA5_2001.nc
2001,2001-04-26,0.0024521085,0.0004677938,145,57,ERA5_2001.nc
2001,2001-04-27,0.0015844563,0.00040277964,145,57,ERA5_2001.nc
2001,2001-04-28,0.00077612285,0.0002258505,145,57,ERA5_2001.nc
2001,2001-04-29,0.0014738588,0.00036116116,145,57,ERA5_2001.nc
2001,2001-04-30,0.0015211559,0.00034828033,145,57,ERA5_2001.nc
2001,2001-05-01,0.0013619723,0.00029505749,145,57,ERA5_2001.nc
2001,2001-05-02,0.0011872598,0.00030591013,145,57,ERA5_2001.nc
2001,2001-05-03,0.0009860917,0.00032150454,145,57,ERA5_2001.nc
2001,2001-05-04,0.0018570817,0.0003759365,145,57,ERA5_2001.nc
2001,2001-05-05,0.0011106133,0.0003094592,145,57,ERA5_2001.nc
2001,2001-05-06,0.0012349375,0.00034689758,145,57,ERA5_2001.nc
2001,2001-05-07,0.0009886626,0.0002645197,145,57,ERA5_2001.nc
2001,2001-05-08,0.00044958256,0.00018834289,145,57,ERA5_2001.nc
2001,2001-05-09,0.0009972877,0.00022738171,145,57,ERA5_2001.nc
2001,2001-05-10,0.000804186,0.00027017467,145,57,ERA5_2001.nc
2001,2001-05-11,0.00082790793,0.00021019805,145,57,ERA5_2001.nc
2001,2001-05-12,0.0010962542,0.00021183398,145,57,ERA5_2001.nc
2001,2001-05-13,0.0015746892,0.00025700877,145,57,ERA5_2001.nc
2001,2001-05-14,0.0028816818,0.0004571987,145,57,ERA5_2001.nc
2001,2001-05-15,0.0023279423,0.00036681458,145,57,ERA5_2001.nc
2001,2001-05-16,0.0020078123,0.0003993295,145,57,ERA5_2001.nc
2001,2001-05-17,0.0012378679,0.00030417228,145,57,ERA5_2001.nc
2001,2001-05-18,0.0018990518,0.000381921,145,57,ERA5_2001.nc
2001,2001-05-19,0.001361103,0.0003076159,145,57,ERA5_2001.nc
2001,2001-05-20,0.0014125193,0.00026925554,145,57,ERA5_2001.nc
2001,2001-05-21,0.0014755214,0.0002881782,145,57,ERA5_2001.nc
2001,2001-05-22,0.0017237377,0.0002639774,145,57,ERA5_2001.nc
2001,2001-05-23,0.0022181664,0.00032604195,145,57,ERA5_2001.nc
2001,2001-05-24,0.0020575752,0.00032111004,145,57,ERA5_2001.nc
2001,2001-05-25,0.0014087458,0.00030355778,145,57,ERA5_2001.nc
2001,2001-05-26,0.0019354081,0.0003383324,145,57,ERA5_2001.nc
2001,2001-05-27,0.0018240863,0.0002666438,145,57,ERA5_2001.nc
2001,2001-05-28,0.0025168718,0.00038404192,145,57,ERA5_2001.nc
2001,2001-05-29,0.0016501623,0.00033365458,145,57,ERA5_2001.nc
2001,2001-05-30,0.0019517113,0.00030039408,145,57,ERA5_2001.nc
2001,2001-05-31,0.001673487,0.00034498086,145,57,ERA5_2001.nc
2001,2001-06-01,0.0019475899,0.00037433664,145,57,ERA5_2001.nc
2001,2001-06-02,0.0036575508,0.0005552971,145,57,ERA5_2001.nc
2001,2001-06-03,0.001853517,0.00041476096,145,57,ERA5_2001.nc
2001,2001-06-04,0.00069531356,0.00023121115,145,57,ERA5_2001.nc
2001,2001-06-05,0.0008053818,0.00024016539,145,57,ERA5_2001.nc
2001,2001-06-06,0.0016981305,0.00029274327,145,57,ERA5_2001.nc
2001,2001-06-07,0.00205109,0.00035701832,145,57,ERA5_2001.nc
2001,2001-06-08,0.0027784414,0.00038679736,145,57,ERA5_2001.nc
2001,2001-06-09,0.0022442043,0.00035264308,145,57,ERA5_2001.nc
2001,2001-06-10,0.001851439,0.00040070104,145,57,ERA5_2001.nc
2001,2001-06-11,0.0021669501,0.00036156457,145,57,ERA5_2001.nc
2001,2001-06-12,0.002223838,0.00039165665,145,57,ERA5_2001.nc
2001,2001-06-13,0.0012857735,0.00026227327,145,57,ERA5_2001.nc
2001,2001-06-14,0.0010720587,0.00025706022,145,57,ERA5_2001.nc
2001,2001-06-15,0.0014777184,0.00026526814,145,57,ERA5_2001.nc
2001,2001-06-16,0.0018145307,0.0002588478,145,57,ERA5_2001.nc
2001,2001-06-17,0.002174058,0.0002758003,145,57,ERA5_2001.nc
2001,2001-06-18,0.0018576119,0.00026330288,145,57,ERA5_2001.nc
2001,2001-06-19,0.001853979,0.00030364317,145,57,ERA5_2001.nc
2001,2001-06-20,0.002315721,0.00034354412,145,57,ERA5_2001.nc
2001,2001-06-21,0.0017802856,0.00033167968,145,57,ERA5_2001.nc
2001,2001-06-22,0.0012769002,0.00024249604,145,57,ERA5_2001.nc
2001,2001-06-23,0.0017783145,0.00032347516,145,57,ERA5_2001.nc
2001,2001-06-24,0.0014496044,0.00029001725,145,57,ERA5_2001.nc
2001,2001-06-25,0.0013964344,0.00025459152,145,57,ERA5_2001.nc
2001,2001-06-26,0.0013374714,0.00026661495,145,57,ERA5_2001.nc
2001,2001-06-27,0.0015847947,0.00027748937,145,57,ERA5_2001.nc
2001,2001-06-28,0.0020421501,0.000332391,145,57,ERA5_2001.nc
2001,2001-06-29,0.0025233668,0.0004097515,145,57,ERA5_2001.nc
2001,2001-06-30,0.0016352949,0.00033094396,145,57,ERA5_2001.nc
2001,2001-07-01,0.0005987717,0.00024199774,145,57,ERA5_2001.nc
2001,2001-07-02,0.0012452584,0.00024011626,145,57,ERA5_2001.nc
2001,2001-07-03,0.0015021769,0.00026619103,145,57,ERA5_2001.nc
2001,2001-07-04,0.0021994286,0.00028065647,145,57,ERA5_2001.nc
2001,2001-07-05,0.0017481414,0.00023231146,145,57,ERA5_2001.nc
2001,2001-07-06,0.0014838625,0.00024114054,145,57,ERA5_2001.nc
2001,2001-07-07,0.0015678168,0.00028383953,145,57,ERA5_2001.nc
2001,2001-07-08,0.0013364627,0.0002502941,145,57,ERA5_2001.nc
2001,2001-07-09,0.001488863,0.00025324078,145,57,ERA5_2001.nc
2001,2001-07-10,0.0019584615,0.00029395486,145,57,ERA5_2001.nc
2001,2001-07-11,0.001469529,0.0002617495,145,57,ERA5_2001.nc
2001,2001-07-12,0.0018240465,0.00037342915,145,57,ERA5_2001.nc
2001,2001-07-13,0.002444976,0.00037779647,145,57,ERA5_2001.nc
2001,2001-07-14,0.0026391055,0.00030927412,145,57,ERA5_2001.nc
2001,2001-07-15,0.0021096868,0.0003136781,145,57,ERA5_2001.nc
2001,2001-07-16,0.00197501,0.00030608638,145,57,ERA5_2001.nc
2001,2001-07-17,0.0029727712,0.00040856245,145,57,ERA5_2001.nc
2001,2001-07-18,0.0043376465,0.00062661833,145,57,ERA5_2001.nc
2001,2001-07-19,0.0028119776,0.0004003042,145,57,ERA5_2001.nc
2001,2001-07-20,0.0018899613,0.00030146074,145,57,ERA5_2001.nc
2001,2001-07-21,0.0025285007,0.00038886705,145,57,ERA5_2001.nc
2001,2001-07-22,0.0033761007,0.00052089157,145,57,ERA5_2001.nc
2001,2001-07-23,0.004678792,0.0006904486,145,57,ERA5_2001.nc
2001,2001-07-24,0.0031069126,0.0003994041,145,57,ERA5_2001.nc
2001,2001-07-25,0.0028481816,0.0004481771,145,57,ERA5_2001.nc
2001,2001-07-26,0.003016993,0.00047413126,145,57,ERA5_2001.nc
2001,2001-07-27,0.0017610538,0.0003267963,145,57,ERA5_2001.nc
2001,2001-07-28,0.0026823874,0.0003749177,145,57,ERA5_2001.nc
2001,2001-07-29,0.004902319,0.00063980196,145,57,ERA5_2001.nc
2001,2001-07-30,0.0035994854,0.0005831537,145,57,ERA5_2001.nc
2001,2001-07-31,0.0018875162,0.00040482607,145,57,ERA5_2001.nc
2001,2001-08-01,0.0022796905,0.000409814,145,57,ERA5_2001.nc
2001,2001-08-02,0.0038938266,0.0006067294,145,57,ERA5_2001.nc
2001,2001-08-03,0.0015444242,0.0003283938,145,57,ERA5_2001.nc
2001,2001-08-04,0.00127714,0.00031381476,145,57,ERA5_2001.nc
2001,2001-08-05,0.0026750425,0.00043533134,145,57,ERA5_2001.nc
2001,2001-08-06,0.0035170396,0.00057090505,145,57,ERA5_2001.nc
2001,2001-08-07,0.0020924015,0.00038943894,145,57,ERA5_2001.nc
2001,2001-08-08,0.001673203,0.00032958772,145,57,ERA5_2001.nc
2001,2001-08-09,0.0034469478,0.0005135148,145,57,ERA5_2001.nc
2001,2001-08-10,0.0025234413,0.00045862747,145,57,ERA5_2001.nc
2001,2001-08-11,0.002100654,0.00039455306,145,57,ERA5_2001.nc
2001,2001-08-12,0.002353591,0.00039679126,145,57,ERA5_2001.nc
2001,2001-08-13,0.0038498077,0.0007087885,145,57,ERA5_2001.nc
2001,2001-08-14,0.0036773505,0.0006888972,145,57,ERA5_2001.nc
2001,2001-08-15,0.0031733639,0.00058193103,145,57,ERA5_2001.nc
2001,2001-08-16,0.0032598886,0.0006528248,145,57,ERA5_2001.nc
2001,2001-08-17,0.0054211156,0.0012777739,145,57,ERA5_2001.nc
2001,2001-08-18,0.0038677605,0.00085512956,145,57,ERA5_2001.nc
2001,2001-08-19,0.0013265179,0.00045014633,145,57,ERA5_2001.nc
2001,2001-08-20,0.0012809734,0.00042340977,145,57,ERA5_2001.nc
2001,2001-08-21,0.0037377386,0.0007370061,145,57,ERA5_2001.nc
2001,2001-08-22,0.0039117364,0.00075992494,145,57,ERA5_2001.nc
2001,2001-08-23,0.0016995445,0.00046774454,145,57,ERA5_2001.nc
2001,2001-08-24,0.001550733,0.0004071295,145,57,ERA5_2001.nc
2001,2001-08-25,0.0019083666,0.00041597566,145,57,ERA5_2001.nc
2001,2001-08-26,0.0019972501,0.00048149432,145,57,ERA5_2001.nc
2001,2001-08-27,0.0022709463,0.00047011298,145,57,ERA5_2001.nc
2001,2001-08-28,0.0019174183,0.0004483799,145,57,ERA5_2001.nc
2001,2001-08-29,0.0033462197,0.0006524762,145,57,ERA5_2001.nc
2001,2001-08-30,0.003417077,0.00067296874,145,57,ERA5_2001.nc
2001,2001-08-31,0.0021264115,0.0005079321,145,57,ERA5_2001.nc
2001,2001-09-01,0.0020019477,0.00059083675,145,57,ERA5_2001.nc
2001,2001-09-02,0.0030645395,0.00070048275,145,57,ERA5_2001.nc
2001,2001-09-03,0.003275805,0.00068900746,145,57,ERA5_2001.nc
2001,2001-09-04,0.0023936667,0.0005507387,145,57,ERA5_2001.nc
2001,2001-09-05,0.001538147,0.00047213456,145,57,ERA5_2001.nc
2001,2001-09-06,0.0022512623,0.0005550957,145,57,ERA5_2001.nc
2001,2001-09-07,0.0028298297,0.0006090306,145,57,ERA5_2001.nc
2001,2001-09-08,0.0017376057,0.00044000064,145,57,ERA5_2001.nc
2001,2001-09-09,0.0027502493,0.00061247265,145,57,ERA5_2001.nc
2001,2001-09-10,0.0021355466,0.00051148236,145,57,ERA5_2001.nc
2001,2001-09-11,0.002286695,0.0005238432,145,57,ERA5_2001.nc
2001,2001-09-12,0.0024290276,0.00054688903,145,57,ERA5_2001.nc
2001,2001-09-13,0.0011588049,0.00037307083,145,57,ERA5_2001.nc
2001,2001-09-14,0.0018333384,0.00040427077,145,57,ERA5_2001.nc
2001,2001-09-15,0.0022939662,0.0004630172,145,57,ERA5_2001.nc
2001,2001-09-16,0.002751579,0.00047152094,145,57,ERA5_2001.nc
2001,2001-09-17,0.0030533369,0.00053887884,145,57,ERA5_2001.nc
2001,2001-09-18,0.0029231336,0.0006358634,145,57,ERA5_2001.nc
2001,2001-09-19,0.0015718094,0.00047875458,145,57,ERA5_2001.nc
2001,2001-09-20,0.0024578944,0.0005537507,145,57,ERA5_2001.nc
2001,2001-09-21,0.0025850255,0.0005846545,145,57,ERA5_2001.nc
2001,2001-09-22,0.0020733736,0.0005008648,145,57,ERA5_2001.nc
2001,2001-09-23,0.0024829786,0.0006999963,145,57,ERA5_2001.nc
2001,2001-09-24,0.002941126,0.00063531543,145,57,ERA5_2001.nc
2001,2001-09-25,0.0023052078,0.00058489584,145,57,ERA5_2001.nc
2001,2001-09-26,0.0022646682,0.0005775984,145,57,ERA5_2001.nc
2001,2001-09-27,0.002389288,0.0005412262,145,57,ERA5_2001.nc
2001,2001-09-28,0.0028415422,0.0006887248,145,57,ERA5_2001.nc
2001,2001-09-29,0.003683745,0.0007042462,145,57,ERA5_2001.nc
2001,2001-09-30,0.0026598093,0.00069262134,145,57,ERA5_2001.nc
2001,2001-10-01,0.001576242,0.0005719889,145,57,ERA5_2001.nc
2001,2001-10-02,0.0025975113,0.0006868538,145,57,ERA5_2001.nc
2001,2001-10-03,0.0030285935,0.0007299407,145,57,ERA5_2001.nc
2001,2001-10-04,0.001913291,0.00053327123,145,57,ERA5_2001.nc
2001,2001-10-05,0.0017235418,0.0005431043,145,57,ERA5_2001.nc
2001,2001-10-06,0.0020536054,0.00057348754,145,57,ERA5_2001.nc
2001,2001-10-07,0.0029123817,0.0006961411,145,57,ERA5_2001.nc
2001,2001-10-08,0.0034382758,0.00088225445,145,57,ERA5_2001.nc
2001,2001-10-09,0.0020959368,0.00065790524,145,57,ERA5_2001.nc
2001,2001-10-10,0.0020103161,0.00057654653,145,57,ERA5_2001.nc
2001,2001-10-11,0.0013928527,0.000433575,145,57,ERA5_2001.nc
2001,2001-10-12,0.0017553032,0.00051732885,145,57,ERA5_2001.nc
2001,2001-10-13,0.0022959919,0.000565871,145,57,ERA5_2001.nc
2001,2001-10-14,0.0023806351,0.00060782244,145,57,ERA5_2001.nc
2001,2001-10-15,0.0022489617,0.00067080837,145,57,ERA5_2001.nc
2001,2001-10-16,0.0014559729,0.00053462875,145,57,ERA5_2001.nc
2001,2001-10-17,0.0010024603,0.0004034228,145,57,ERA5_2001.nc
2001,2001-10-18,0.0014460485,0.00050829124,145,57,ERA5_2001.nc
2001,2001-10-19,0.0008978946,0.00043620047,145,57,ERA5_2001.nc
2001,2001-10-20,0.00072787364,0.0003828337,145,57,ERA5_2001.nc
2001,2001-10-21,0.00065647694,0.00034531683,145,57,ERA5_2001.nc
2001,2001-10-22,0.0009182224,0.00036047125,145,57,ERA5_2001.nc
2001,2001-10-23,0.0019081946,0.00045849138,145,57,ERA5_2001.nc
2001,2001-10-24,0.002683151,0.0006640857,145,57,ERA5_2001.nc
2001,2001-10-25,0.0033375067,0.00066528737,145,57,ERA5_2001.nc
2001,2001-10-26,0.0037700967,0.0008078832,145,57,ERA5_2001.nc
2001,2001-10-27,0.001913705,0.00046082918,145,57,ERA5_2001.nc
2001,2001-10-28,0.003366187,0.00077603373,145,57,ERA5_2001.nc
2001,2001-10-29,0.0039045461,0.0008392067,145,57,ERA5_2001.nc
2001,2001-10-30,0.0035853381,0.00074005255,145,57,ERA5_2001.nc
2001,2001-10-31,0.0031142177,0.0007484423,145,57,ERA5_2001.nc
2001,2001-11-01,0.0021106582,0.0007264683,145,57,ERA5_2001.nc
2001,2001-11-02,0.0030145487,0.0008767622,145,57,ERA5_2001.nc
2001,2001-11-03,0.0027218452,0.00067318126,145,57,ERA5_2001.nc
2001,2001-11-04,0.0033218982,0.00087157555,145,57,ERA5_2001.nc
2001,2001-11-05,0.0019431503,0.0006627254,145,57,ERA5_2001.nc
2001,2001-11-06,0.0018844863,0.00067421986,145,57,ERA5_2001.nc
2001,2001-11-07,0.00083635777,0.0005387941,145,57,ERA5_2001.nc
2001,2001-11-08,0.0015640957,0.00062243117,145,57,ERA5_2001.nc
2001,2001-11-09,0.0019676262,0.000655106,145,57,ERA5_2001.nc
2001,2001-11-10,0.001582493,0.00060231006,145,57,ERA5_2001.nc
2001,2001-11-11,0.0023245953,0.00077302544,145,57,ERA5_2001.nc
2001,2001-11-12,0.0018926435,0.00071999885,145,57,ERA5_2001.nc
2001,2001-11-13,0.0020274455,0.00065560185,145,57,ERA5_2001.nc
2001,2001-11-14,0.002417291,0.00076644705,145,57,ERA5_2001.nc
2001,2001-11-15,0.002563932,0.0007829396,145,57,ERA5_2001.nc
2001,2001-11-16,0.0015412993,0.00069872575,145,57,ERA5_2001.nc
2001,2001-11-17,0.0017975565,0.0007064146,145,57,ERA5_2001.nc
2001,2001-11-18,0.0020171267,0.0008061926,145,57,ERA5_2001.nc
2001,2001-11-19,0.0022254265,0.0008065114,145,57,ERA5_2001.nc
2001,2001-11-20,0.0013176308,0.00063507806,145,57,ERA5_2001.nc
2001,2001-11-21,0.0020596352,0.00073963637,145,57,ERA5_2001.nc
2001,2001-11-22,0.000899352,0.00052433705,145,57,ERA5_2001.nc
2001,2001-11-23,0.0012087221,0.0005777703,145,57,ERA5_2001.nc
2001,2001-11-24,0.00062692736,0.00054197793,145,57,ERA5_2001.nc
2001,2001-11-25,0.00061280094,0.00048663095,145,57,ERA5_2001.nc
2001,2001-11-26,0.0005809825,0.00043454964,145,57,ERA5_2001.nc
2001,2001-11-27,0.00039125755,0.00039483368,145,57,ERA5_2001.nc
2001,2001-11-28,0.0004929501,0.00038147188,145,57,ERA5_2001.nc
2001,2001-11-29,0.00095434,0.00043280862,145,57,ERA5_2001.nc
2001,2001-11-30,0.0018060493,0.00046339363,145,57,ERA5_2001.nc
2001,2001-12-01,0.0017372741,0.0005125877,145,57,ERA5_2001.nc
2001,2001-12-02,0.001278964,0.00041802909,145,57,ERA5_2001.nc
2001,2001-12-03,0.0016478199,0.0004821567,145,57,ERA5_2001.nc
2001,2001-12-04,0.0013382307,0.00037990836,145,57,ERA5_2001.nc
2001,2001-12-05,0.0013748907,0.00043006695,145,57,ERA5_2001.nc
2001,2001-12-06,0.0015529906,0.0004402551,145,57,ERA5_2001.nc
2001,2001-12-07,0.0021479372,0.00046743843,145,57,ERA5_2001.nc
2001,2001-12-08,0.001360511,0.00043559622,145,57,ERA5_2001.nc
2001,2001-12-09,0.00052259106,0.00034343754,145,57,ERA5_2001.nc
2001,2001-12-10,0.00035665347,0.00032249073,145,57,ERA5_2001.nc
2001,2001-12-11,0.00024235652,0.00026682566,145,57,ERA5_2001.nc
2001,2001-12-12,0.0007372027,0.00031660922,145,57,ERA5_2001.nc
2001,2001-12-13,0.0015198352,0.00041657715,145,57,ERA5_2001.nc
2001,2001-12-14,0.0009072068,0.0003101387,145,57,ERA5_2001.nc
2001,2001-12-15,0.00022109022,0.00024059665,145,57,ERA5_2001.nc
2001,2001-12-16,0.00060583395,0.00030669547,145,57,ERA5_2001.nc
2001,2001-12-17,0.000253218,0.00023509565,145,57,ERA5_2001.nc
2001,2001-12-18,0.0007469341,0.00028887525,145,57,ERA5_2001.nc
2001,2001-12-19,0.0011552746,0.0003628115,145,57,ERA5_2001.nc
2001,2001-12-20,0.0007528657,0.00029161113,145,57,ERA5_2001.nc
2001,2001-12-21,0.0005104808,0.0003151994,145,57,ERA5_2001.nc
2001,2001-12-22,0.000693792,0.00034567836,145,57,ERA5_2001.nc
2001,2001-12-23,0.00021022334,0.00023119169,145,57,ERA5_2001.nc
2001,2001-12-24,0.00047513284,0.00024454203,145,57,ERA5_2001.nc
2001,2001-12-25,0.00043686823,0.0002553615,145,57,ERA5_2001.nc
2001,2001-12-26,0.00067760487,0.00023940596,145,57,ERA5_2001.nc
2001,2001-12-27,0.00080368185,0.0002443905,145,57,ERA5_2001.nc
2001,2001-12-28,0.0008316042,0.0002709708,145,57,ERA5_2001.nc
2001,2001-12-29,0.0008833748,0.00025287087,145,57,ERA5_2001.nc
2001,2001-12-30,0.0008867057,0.00022528697,145,57,ERA5_2001.nc
2001,2001-12-31,0.0012369693,0.00034440402,145,57,ERA5_2001.nc
2002,2002-01-01,0.00080707856,0.0002367711,145,57,ERA5_2002.nc
2002,2002-01-02,0.0013073166,0.00026452943,145,57,ERA5_2002.nc
2002,2002-01-03,0.0012187208,0.00029976649,145,57,ERA5_2002.nc
2002,2002-01-04,0.001419462,0.00030403378,145,57,ERA5_2002.nc
2002,2002-01-05,0.0013535294,0.00031536486,145,57,ERA5_2002.nc
2002,2002-01-06,0.0016087817,0.00030643624,145,57,ERA5_2002.nc
2002,2002-01-07,0.0013183097,0.00032584555,145,57,ERA5_2002.nc
2002,2002-01-08,0.0007401629,0.00027447834,145,57,ERA5_2002.nc
2002,2002-01-09,0.00086703774,0.00020039894,145,57,ERA5_2002.nc
2002,2002-01-10,0.00079435355,0.00018465257,145,57,ERA5_2002.nc
2002,2002-01-11,0.0008581595,0.00026122446,145,57,ERA5_2002.nc
2002,2002-01-12,0.0011641688,0.00028953375,145,57,ERA5_2002.nc
2002,2002-01-13,0.00094328506,0.0003048199,145,57,ERA5_2002.nc
2002,2002-01-14,0.000996194,0.00027804007,145,57,ERA5_2002.nc
2002,2002-01-15,0.0010428294,0.0003012039,145,57,ERA5_2002.nc
2002,2002-01-16,0.00053414877,0.00026944245,145,57,ERA5_2002.nc
2002,2002-01-17,0.00019566756,0.00019489526,145,57,ERA5_2002.nc
2002,2002-01-18,0.00016935093,0.00016686857,145,57,ERA5_2002.nc
2002,2002-01-19,0.0003582443,0.00020592232,145,57,ERA5_2002.nc
2002,2002-01-20,0.00036341086,0.0001645025,145,57,ERA5_2002.nc
2002,2002-01-21,0.0007433496,0.00019629514,145,57,ERA5_2002.nc
2002,2002-01-22,0.0013154958,0.0002678225,145,57,ERA5_2002.nc
2002,2002-01-23,0.0008062171,0.00020455416,145,57,ERA5_2002.nc
2002,2002-01-24,0.0007126775,0.00021934835,145,57,ERA5_2002.nc
2002,2002-01-25,0.0011302421,0.00027191156,145,57,ERA5_2002.nc
2002,2002-01-26,0.00040718057,0.00016803708,145,57,ERA5_2002.nc
2002,2002-01-27,0.0006414822,0.00018479422,145,57,ERA5_2002.nc
2002,2002-01-28,0.00025337367,0.00013284144,145,57,ERA5_2002.nc
2002,2002-01-29,0.0005820431,0.00023351863,145,57,ERA5_2002.nc
2002,2002-01-30,0.00017216441,0.00013736525,145,57,ERA5_2002.nc
2002,2002-01-31,0.0002305513,0.00014603022,145,57,ERA5_2002.nc
2002,2002-02-01,0.00018127417,0.00015439047,145,57,ERA5_2002.nc
2002,2002-02-02,0.00012610102,0.0001310218,145,57,ERA5_2002.nc
2002,2002-02-03,0.00015528518,0.00012657026,145,57,ERA5_2002.nc
2002,2002-02-04,9.304521e-05,0.00011614802,145,57,ERA5_2002.nc
2002,2002-02-05,0.00011897454,0.00011753248,145,57,ERA5_2002.nc
2002,2002-02-06,0.00031865097,0.00013758912,145,57,ERA5_2002.nc
2002,2002-02-07,0.00031287284,0.00012420546,145,57,ERA5_2002.nc
2002,2002-02-08,0.00017527374,0.00010314354,145,57,ERA5_2002.nc
2002,2002-02-09,0.0005363665,0.00011595817,145,57,ERA5_2002.nc
2002,2002-02-10,0.0015267357,0.00015904082,145,57,ERA5_2002.nc
2002,2002-02-11,0.00092361146,0.00012619875,145,57,ERA5_2002.nc
2002,2002-02-12,0.0013607058,0.00020476755,145,57,ERA5_2002.nc
2002,2002-02-13,0.0014787121,0.00022883437,145,57,ERA5_2002.nc
2002,2002-02-14,0.0009066747,0.00022413138,145,57,ERA5_2002.nc
2002,2002-02-15,0.00026012067,0.000112293164,145,57,ERA5_2002.nc
2002,2002-02-16,0.0004915186,0.00015532179,145,57,ERA5_2002.nc
2002,2002-02-17,0.00051252195,0.00012530756,145,57,ERA5_2002.nc
2002,2002-02-18,0.0002199694,0.00010960392,145,57,ERA5_2002.nc
2002,2002-02-19,0.00056506495,0.00015162255,145,57,ERA5_2002.nc
2002,2002-02-20,0.00021404255,9.921481e-05,145,57,ERA5_2002.nc
2002,2002-02-21,0.00015407696,8.887269e-05,145,57,ERA5_2002.nc
2002,2002-02-22,0.00039307473,9.549566e-05,145,57,ERA5_2002.nc
2002,2002-02-23,0.00032700313,9.4434035e-05,145,57,ERA5_2002.nc
2002,2002-02-24,0.00012351145,8.080443e-05,145,57,ERA5_2002.nc
2002,2002-02-25,0.0001141599,7.8236146e-05,145,57,ERA5_2002.nc
2002,2002-02-26,0.0007084379,0.00011006543,145,57,ERA5_2002.nc
2002,2002-02-27,0.0013530946,0.00014700336,145,57,ERA5_2002.nc
2002,2002-02-28,0.001705376,0.00016239885,145,57,ERA5_2002.nc
2002,2002-03-01,0.0013675983,0.00024447596,145,57,ERA5_2002.nc
2002,2002-03-02,0.0016431656,0.00019837587,145,57,ERA5_2002.nc
2002,2002-03-03,0.0018041988,0.0003305655,145,57,ERA5_2002.nc
2002,2002-03-04,0.0015391083,0.00026528424,145,57,ERA5_2002.nc
2002,2002-03-05,0.0019893765,0.0002886409,145,57,ERA5_2002.nc
2002,2002-03-06,0.0014071662,0.00021610255,145,57,ERA5_2002.nc
2002,2002-03-07,0.0019245583,0.00026173008,145,57,ERA5_2002.nc
2002,2002-03-08,0.0004232357,0.00010495291,145,57,ERA5_2002.nc
2002,2002-03-09,0.0017684151,0.00021992778,145,57,ERA5_2002.nc
2002,2002-03-10,0.0029371737,0.000412881,145,57,ERA5_2002.nc
2002,2002-03-11,0.002128906,0.0003025184,145,57,ERA5_2002.nc
2002,2002-03-12,0.0010362538,0.00019493679,145,57,ERA5_2002.nc
2002,2002-03-13,0.0024285237,0.0003478214,145,57,ERA5_2002.nc
2002,2002-03-14,0.0013686342,0.00022286954,145,57,ERA5_2002.nc
2002,2002-03-15,0.0014979164,0.0002385817,145,57,ERA5_2002.nc
2002,2002-03-16,0.0015964105,0.00031145307,145,57,ERA5_2002.nc
2002,2002-03-17,0.0018368593,0.00035937945,145,57,ERA5_2002.nc
2002,2002-03-18,0.002139302,0.00032381923,145,57,ERA5_2002.nc
2002,2002-03-19,0.0029865876,0.0004568578,145,57,ERA5_2002.nc
2002,2002-03-20,0.0022419274,0.0003219128,145,57,ERA5_2002.nc
2002,2002-03-21,0.0022101176,0.00034354464,145,57,ERA5_2002.nc
2002,2002-03-22,0.0005668325,0.00015602811,145,57,ERA5_2002.nc
2002,2002-03-23,0.00061100913,0.00015806059,145,57,ERA5_2002.nc
2002,2002-03-24,0.0014673505,0.0002997282,145,57,ERA5_2002.nc
2002,2002-03-25,0.0016119337,0.0003146517,145,57,ERA5_2002.nc
2002,2002-03-26,0.001467711,0.0002508546,145,57,ERA5_2002.nc
2002,2002-03-27,0.002121604,0.00034508103,145,57,ERA5_2002.nc
2002,2002-03-28,0.002104183,0.00033152336,145,57,ERA5_2002.nc
2002,2002-03-29,0.0027450817,0.00039768888,145,57,ERA5_2002.nc
2002,2002-03-30,0.0012145815,0.00025155733,145,57,ERA5_2002.nc
2002,2002-03-31,0.00081124285,0.00015311252,145,57,ERA5_2002.nc
2002,2002-04-01,0.0019141545,0.0002614006,145,57,ERA5_2002.nc
2002,2002-04-02,0.0019065066,0.00028657727,145,57,ERA5_2002.nc
2002,2002-04-03,0.0011928834,0.00023449723,145,57,ERA5_2002.nc
2002,2002-04-04,0.002895888,0.000544954,145,57,ERA5_2002.nc
2002,2002-04-05,0.0017487863,0.00034671876,145,57,ERA5_2002.nc
2002,2002-04-06,0.00046922558,0.00015202815,145,57,ERA5_2002.nc
2002,2002-04-07,0.0002755549,0.00011673113,145,57,ERA5_2002.nc
2002,2002-04-08,0.00039351746,0.0001331109,145,57,ERA5_2002.nc
2002,2002-04-09,0.0006002281,0.00016149122,145,57,ERA5_2002.nc
2002,2002-04-10,0.0016179527,0.00023780845,145,57,ERA5_2002.nc
2002,2002-04-11,0.0019188732,0.00031284537,145,57,ERA5_2002.nc
2002,2002-04-12,0.0019275307,0.00032214876,145,57,ERA5_2002.nc
2002,2002-04-13,0.00178397,0.00034356123,145,57,ERA5_2002.nc
2002,2002-04-14,0.00081315346,0.00016001643,145,57,ERA5_2002.nc
2002,2002-04-15,0.0015745843,0.0002579809,145,57,ERA5_2002.nc
2002,2002-04-16,0.0012893383,0.00021684475,145,57,ERA5_2002.nc
2002,2002-04-17,0.0025728198,0.0004402463,145,57,ERA5_2002.nc
2002,2002-04-18,0.0027852524,0.00043562328,145,57,ERA5_2002.nc
2002,2002-04-19,0.0020598446,0.00036423525,145,57,ERA5_2002.nc
2002,2002-04-20,0.0038172624,0.0006527164,145,57,ERA5_2002.nc
2002,2002-04-21,0.0016351829,0.00045084252,145,57,ERA5_2002.nc
2002,2002-04-22,0.002180642,0.0005392543,145,57,ERA5_2002.nc
2002,2002-04-23,0.0012854568,0.00036814561,145,57,ERA5_2002.nc
2002,2002-04-24,0.00044744118,0.00018720704,145,57,ERA5_2002.nc
2002,2002-04-25,0.0007148003,0.00018655289,145,57,ERA5_2002.nc
2002,2002-04-26,0.0014217864,0.00025301098,145,57,ERA5_2002.nc
2002,2002-04-27,0.0018702951,0.00032610906,145,57,ERA5_2002.nc
2002,2002-04-28,0.0035550024,0.0005526114,145,57,ERA5_2002.nc
2002,2002-04-29,0.00509662,0.00090312096,145,57,ERA5_2002.nc
2002,2002-04-30,0.003819505,0.0007466824,145,57,ERA5_2002.nc
2002,2002-05-01,0.0016286252,0.00051125797,145,57,ERA5_2002.nc
2002,2002-05-02,0.002664832,0.0005327221,145,57,ERA5_2002.nc
2002,2002-05-03,0.004072547,0.00081173773,145,57,ERA5_2002.nc
2002,2002-05-04,0.0017877871,0.0005982814,145,57,ERA5_2002.nc
2002,2002-05-05,0.0009063779,0.00040422258,145,57,ERA5_2002.nc
2002,2002-05-06,0.0015338005,0.00049484865,145,57,ERA5_2002.nc
2002,2002-05-07,0.0026802297,0.0006246098,145,57,ERA5_2002.nc
2002,2002-05-08,0.0012261476,0.00037984495,145,57,ERA5_2002.nc
2002,2002-05-09,0.00062129565,0.0003090246,145,57,ERA5_2002.nc
2002,2002-05-10,0.0013279682,0.0005352442,145,57,ERA5_2002.nc
2002,2002-05-11,0.0017736886,0.0004334432,145,57,ERA5_2002.nc
2002,2002-05-12,0.000976222,0.00042449136,145,57,ERA5_2002.nc
2002,2002-05-13,0.00063419837,0.0002953171,145,57,ERA5_2002.nc
2002,2002-05-14,0.0010571277,0.00027366343,145,57,ERA5_2002.nc
2002,2002-05-15,0.0014710501,0.00031074858,145,57,ERA5_2002.nc
2002,2002-05-16,0.00081124716,0.00022322671,145,57,ERA5_2002.nc
2002,2002-05-17,0.0013433998,0.0002804309,145,57,ERA5_2002.nc
2002,2002-05-18,0.0011525915,0.0002824006,145,57,ERA5_2002.nc
2002,2002-05-19,0.0009983006,0.0002521861,145,57,ERA5_2002.nc
2002,2002-05-20,0.00094115856,0.0002150707,145,57,ERA5_2002.nc
2002,2002-05-21,0.0013674861,0.00024145382,145,57,ERA5_2002.nc
2002,2002-05-22,0.0016508999,0.00032788643,145,57,ERA5_2002.nc
2002,2002-05-23,0.00043416466,0.00020384244,145,57,ERA5_2002.nc
2002,2002-05-24,0.0003619105,0.00017491938,145,57,ERA5_2002.nc
2002,2002-05-25,0.0004923242,0.00017490984,145,57,ERA5_2002.nc
2002,2002-05-26,0.00089356105,0.00017125017,145,57,ERA5_2002.nc
2002,2002-05-27,0.0014273351,0.00020131396,145,57,ERA5_2002.nc
2002,2002-05-28,0.0010572269,0.00019084582,145,57,ERA5_2002.nc
2002,2002-05-29,0.0008197124,0.00017191694,145,57,ERA5_2002.nc
2002,2002-05-30,0.0009831685,0.00016624139,145,57,ERA5_2002.nc
2002,2002-05-31,0.001437637,0.00016660494,145,57,ERA5_2002.nc
2002,2002-06-01,0.00094535376,0.00016360375,145,57,ERA5_2002.nc
2002,2002-06-02,0.00061865425,0.00013464275,145,57,ERA5_2002.nc
2002,2002-06-03,0.0020894057,0.00019800237,145,57,ERA5_2002.nc
2002,2002-06-04,0.0012872338,0.00018509603,145,57,ERA5_2002.nc
2002,2002-06-05,0.00046803107,0.00013996297,145,57,ERA5_2002.nc
2002,2002-06-06,0.0014416621,0.00018279647,145,57,ERA5_2002.nc
2002,2002-06-07,0.0023595071,0.0002504916,145,57,ERA5_2002.nc
2002,2002-06-08,0.0014918915,0.0002858073,145,57,ERA5_2002.nc
2002,2002-06-09,0.0005140037,0.00014254331,145,57,ERA5_2002.nc
2002,2002-06-10,0.00060793094,0.00014527887,145,57,ERA5_2002.nc
2002,2002-06-11,0.0013702312,0.00018181853,145,57,ERA5_2002.nc
2002,2002-06-12,0.0014347282,0.0001808832,145,57,ERA5_2002.nc
2002,2002-06-13,0.0029845112,0.00029830157,145,57,ERA5_2002.nc
2002,2002-06-14,0.0017058733,0.00022636467,145,57,ERA5_2002.nc
2002,2002-06-15,0.0013020373,0.0002109306,145,57,ERA5_2002.nc
2002,2002-06-16,0.0029505687,0.00032124307,145,57,ERA5_2002.nc
2002,2002-06-17,0.002545483,0.0003715516,145,57,ERA5_2002.nc
2002,2002-06-18,0.00094682985,0.00015343176,145,57,ERA5_2002.nc
2002,2002-06-19,0.0010606666,0.00019887448,145,57,ERA5_2002.nc
2002,2002-06-20,0.0021415337,0.00035003186,145,57,ERA5_2002.nc
2002,2002-06-21,0.0018668695,0.00029135036,145,57,ERA5_2002.nc
2002,2002-06-22,0.0008814094,0.00017234986,145,57,ERA5_2002.nc
2002,2002-06-23,0.0010812443,0.0002155048,145,57,ERA5_2002.nc
2002,2002-06-24,0.001852337,0.0003282007,145,57,ERA5_2002.nc
2002,2002-06-25,0.0012135225,0.00021273398,145,57,ERA5_2002.nc
2002,2002-06-26,0.0013846153,0.00023439724,145,57,ERA5_2002.nc
2002,2002-06-27,0.0016900284,0.0003045345,145,57,ERA5_2002.nc
2002,2002-06-28,0.0030317684,0.00033197025,145,57,ERA5_2002.nc
2002,2002-06-29,0.0027373673,0.00034337371,145,57,ERA5_2002.nc
2002,2002-06-30,0.0009009002,0.00018364532,145,57,ERA5_2002.nc
2002,2002-07-01,0.0008492047,0.00014955635,145,57,ERA5_2002.nc
2002,2002-07-02,0.0017448869,0.00022621232,145,57,ERA5_2002.nc
2002,2002-07-03,0.0016511125,0.00023840221,145,57,ERA5_2002.nc
2002,2002-07-04,0.0013087445,0.00026408644,145,57,ERA5_2002.nc
2002,2002-07-05,0.0012374603,0.00026944457,145,57,ERA5_2002.nc
2002,2002-07-06,0.0011295589,0.00022397422,145,57,ERA5_2002.nc
2002,2002-07-07,0.00093333225,0.00024169043,145,57,ERA5_2002.nc
2002,2002-07-08,0.0015350941,0.00020954224,145,57,ERA5_2002.nc
2002,2002-07-09,0.0012280375,0.00022143705,145,57,ERA5_2002.nc
2002,2002-07-10,0.0013557203,0.00022717661,145,57,ERA5_2002.nc
2002,2002-07-11,0.0010771693,0.00019919852,145,57,ERA5_2002.nc
2002,2002-07-12,0.0014360477,0.0001945321,145,57,ERA5_2002.nc
2002,2002-07-13,0.0010898855,0.00016862618,145,57,ERA5_2002.nc
2002,2002-07-14,0.00093640364,0.00016435265,145,57,ERA5_2002.nc
2002,2002-07-15,0.0018496376,0.00022561234,145,57,ERA5_2002.nc
2002,2002-07-16,0.0013873533,0.0002217908,145,57,ERA5_2002.nc
2002,2002-07-17,0.0024417306,0.00022298947,145,57,ERA5_2002.nc
2002,2002-07-18,0.002907957,0.000360947,145,57,ERA5_2002.nc
2002,2002-07-19,0.0010154289,0.00020262081,145,57,ERA5_2002.nc
2002,2002-07-20,0.0013969741,0.00022346701,145,57,ERA5_2002.nc
2002,2002-07-21,0.0018140103,0.00023567918,145,57,ERA5_2002.nc
2002,2002-07-22,0.0017418034,0.0002579505,145,57,ERA5_2002.nc
2002,2002-07-23,0.0018672375,0.0002629746,145,57,ERA5_2002.nc
2002,2002-07-24,0.0020079135,0.000258161,145,57,ERA5_2002.nc
2002,2002-07-25,0.0021596644,0.00023504032,145,57,ERA5_2002.nc
2002,2002-07-26,0.0017774032,0.00019809883,145,57,ERA5_2002.nc
2002,2002-07-27,0.0026131985,0.00028886663,145,57,ERA5_2002.nc
2002,2002-07-28,0.0017948285,0.00024505708,145,57,ERA5_2002.nc
2002,2002-07-29,0.0023493043,0.0003281795,145,57,ERA5_2002.nc
2002,2002-07-30,0.0018740101,0.0002841963,145,57,ERA5_2002.nc
2002,2002-07-31,0.0023393244,0.00030269712,145,57,ERA5_2002.nc
2002,2002-08-01,0.0030660357,0.0004242874,145,57,ERA5_2002.nc
2002,2002-08-02,0.0026318433,0.00039173852,145,57,ERA5_2002.nc
2002,2002-08-03,0.002471773,0.00032276582,145,57,ERA5_2002.nc
2002,2002-08-04,0.003486301,0.000403159,145,57,ERA5_2002.nc
2002,2002-08-05,0.0025049176,0.0003506747,145,57,ERA5_2002.nc
2002,2002-08-06,0.002266054,0.0004313793,145,57,ERA5_2002.nc
2002,2002-08-07,0.0025947443,0.00039775227,145,57,ERA5_2002.nc
2002,2002-08-08,0.0023763697,0.00033311374,145,57,ERA5_2002.nc
2002,2002-08-09,0.002148705,0.00029967766,145,57,ERA5_2002.nc
2002,2002-08-10,0.0011135808,0.00026092216,145,57,ERA5_2002.nc
2002,2002-08-11,0.002377398,0.00037757124,145,57,ERA5_2002.nc
2002,2002-08-12,0.0027501464,0.00044478045,145,57,ERA5_2002.nc
2002,2002-08-13,0.0019785468,0.00034168182,145,57,ERA5_2002.nc
2002,2002-08-14,0.0017364714,0.00033354072,145,57,ERA5_2002.nc
2002,2002-08-15,0.0020989832,0.00033604965,145,57,ERA5_2002.nc
2002,2002-08-16,0.0023615258,0.0003270872,145,57,ERA5_2002.nc
2002,2002-08-17,0.0014620232,0.0003176141,145,57,ERA5_2002.nc
2002,2002-08-18,0.0020945333,0.00038350018,145,57,ERA5_2002.nc
2002,2002-08-19,0.0020450756,0.00038534257,145,57,ERA5_2002.nc
2002,2002-08-20,0.002166387,0.0004012389,145,57,ERA5_2002.nc
2002,2002-08-21,0.002447368,0.00045865387,145,57,ERA5_2002.nc
2002,2002-08-22,0.0037882805,0.00060355826,145,57,ERA5_2002.nc
2002,2002-08-23,0.0033017548,0.00062779826,145,57,ERA5_2002.nc
2002,2002-08-24,0.0015064559,0.00034742412,145,57,ERA5_2002.nc
2002,2002-08-25,0.0022348056,0.00043438052,145,57,ERA5_2002.nc
2002,2002-08-26,0.0021722084,0.000440694,145,57,ERA5_2002.nc
2002,2002-08-27,0.0016117543,0.00038573437,145,57,ERA5_2002.nc
2002,2002-08-28,0.0014753668,0.00031440594,145,57,ERA5_2002.nc
2002,2002-08-29,0.0013228117,0.00031770274,145,57,ERA5_2002.nc
2002,2002-08-30,0.0022550921,0.00039691722,145,57,ERA5_2002.nc
2002,2002-08-31,0.0029131114,0.0005298469,145,57,ERA5_2002.nc
2002,2002-09-01,0.0021820357,0.00039193427,145,57,ERA5_2002.nc
2002,2002-09-02,0.0026073072,0.00046994328,145,57,ERA5_2002.nc
2002,2002-09-03,0.0016181933,0.00030981185,145,57,ERA5_2002.nc
2002,2002-09-04,0.0018655128,0.0004161459,145,57,ERA5_2002.nc
2002,2002-09-05,0.0018487378,0.0003189749,145,57,ERA5_2002.nc
2002,2002-09-06,0.0017837207,0.0003143955,145,57,ERA5_2002.nc
2002,2002-09-07,0.0010890936,0.00024988147,145,57,ERA5_2002.nc
2002,2002-09-08,0.0017429023,0.00028241795,145,57,ERA5_2002.nc
2002,2002-09-09,0.0031549777,0.0006049341,145,57,ERA5_2002.nc
2002,2002-09-10,0.0017700068,0.0004026218,145,57,ERA5_2002.nc
2002,2002-09-11,0.0024467362,0.00041377073,145,57,ERA5_2002.nc
2002,2002-09-12,0.0022843033,0.0003732767,145,57,ERA5_2002.nc
2002,2002-09-13,0.002186893,0.0004155417,145,57,ERA5_2002.nc
2002,2002-09-14,0.0031786882,0.00061320333,145,57,ERA5_2002.nc
2002,2002-09-15,0.0029425605,0.00050456164,145,57,ERA5_2002.nc
2002,2002-09-16,0.0021387876,0.0004649215,145,57,ERA5_2002.nc
2002,2002-09-17,0.0014986601,0.0004062034,145,57,ERA5_2002.nc
2002,2002-09-18,0.0010881331,0.00034419383,145,57,ERA5_2002.nc
2002,2002-09-19,0.0013821245,0.00034457218,145,57,ERA5_2002.nc
2002,2002-09-20,0.0011069517,0.00026929344,145,57,ERA5_2002.nc
2002,2002-09-21,0.001879773,0.00042310572,145,57,ERA5_2002.nc
2002,2002-09-22,0.00093123014,0.0002825794,145,57,ERA5_2002.nc
2002,2002-09-23,0.0015464171,0.0003255525,145,57,ERA5_2002.nc
2002,2002-09-24,0.0014231105,0.0003105772,145,57,ERA5_2002.nc
2002,2002-09-25,0.0015200265,0.00038913073,145,57,ERA5_2002.nc
2002,2002-09-26,0.0020654537,0.00040039283,145,57,ERA5_2002.nc
2002,2002-09-27,0.0028428095,0.00038309768,145,57,ERA5_2002.nc
2002,2002-09-28,0.0011921654,0.00028631714,145,57,ERA5_2002.nc
2002,2002-09-29,0.00086635025,0.00022879516,145,57,ERA5_2002.nc
2002,2002-09-30,0.0026577814,0.00052590074,145,57,ERA5_2002.nc
2002,2002-10-01,0.0027154232,0.00041985506,145,57,ERA5_2002.nc
2002,2002-10-02,0.0028159227,0.00038691738,145,57,ERA5_2002.nc
2002,2002-10-03,0.0022095111,0.00036634793,145,57,ERA5_2002.nc
2002,2002-10-04,0.0032524215,0.0005654583,145,57,ERA5_2002.nc
2002,2002-10-05,0.0027092863,0.0004364592,145,57,ERA5_2002.nc
2002,2002-10-06,0.0023890904,0.00045474782,145,57,ERA5_2002.nc
2002,2002-10-07,0.0025707046,0.000506488,145,57,ERA5_2002.nc
2002,2002-10-08,0.0019142784,0.00046740213,145,57,ERA5_2002.nc
2002,2002-10-09,0.0010291538,0.00030483305,145,57,ERA5_2002.nc
2002,2002-10-10,0.0019540754,0.00038540782,145,57,ERA5_2002.nc
2002,2002-10-11,0.0018334344,0.00046234304,145,57,ERA5_2002.nc
2002,2002-10-12,0.0014378969,0.0003724124,145,57,ERA5_2002.nc
2002,2002-10-13,0.0022436415,0.0004754896,145,57,ERA5_2002.nc
2002,2002-10-14,0.0021474801,0.00043642014,145,57,ERA5_2002.nc
2002,2002-10-15,0.0016109319,0.0003477147,145,57,ERA5_2002.nc
2002,2002-10-16,0.0016319617,0.00038567843,145,57,ERA5_2002.nc
2002,2002-10-17,0.0013605377,0.00036158806,145,57,ERA5_2002.nc
2002,2002-10-18,0.0023688357,0.000601601,145,57,ERA5_2002.nc
2002,2002-10-19,0.001669412,0.00043535366,145,57,ERA5_2002.nc
2002,2002-10-20,0.0017096766,0.00042232292,145,57,ERA5_2002.nc
2002,2002-10-21,0.0021161623,0.0005053915,145,57,ERA5_2002.nc
2002,2002-10-22,0.0015792144,0.00047562295,145,57,ERA5_2002.nc
2002,2002-10-23,0.0019351894,0.00047100266,145,57,ERA5_2002.nc
2002,2002-10-24,0.0029254141,0.0005927606,145,57,ERA5_2002.nc
2002,2002-10-25,0.0025321415,0.00054917077,145,57,ERA5_2002.nc
2002,2002-10-26,0.0015942105,0.0003948472,145,57,ERA5_2002.nc
2002,2002-10-27,0.0021127653,0.0005396495,145,57,ERA5_2002.nc
2002,2002-10-28,0.0017882007,0.0004945075,145,57,ERA5_2002.nc
2002,2002-10-29,0.003098905,0.0007292872,145,57,ERA5_2002.nc
2002,2002-10-30,0.0034158796,0.000659328,145,57,ERA5_2002.nc
2002,2002-10-31,0.0028833495,0.00068253407,145,57,ERA5_2002.nc
2002,2002-11-01,0.0023089375,0.00065639545,145,57,ERA5_2002.nc
2002,2002-11-02,0.0017598944,0.00055723113,145,57,ERA5_2002.nc
2002,2002-11-03,0.0015650287,0.0005324681,145,57,ERA5_2002.nc
2002,2002-11-04,0.0018960946,0.000615491,145,57,ERA5_2002.nc
2002,2002-11-05,0.0020987978,0.0005826822,145,57,ERA5_2002.nc
2002,2002-11-06,0.002327387,0.0005898474,145,57,ERA5_2002.nc
2002,2002-11-07,0.0021208203,0.00060658617,145,57,ERA5_2002.nc
2002,2002-11-08,0.0020620362,0.00055757735,145,57,ERA5_2002.nc
2002,2002-11-09,0.0017346597,0.0005947028,145,57,ERA5_2002.nc
2002,2002-11-10,0.002270034,0.00063302583,145,57,ERA5_2002.nc
2002,2002-11-11,0.0012491924,0.0004990839,145,57,ERA5_2002.nc
2002,2002-11-12,0.00094486447,0.00040049077,145,57,ERA5_2002.nc
2002,2002-11-13,0.0023364704,0.00067083456,145,57,ERA5_2002.nc
2002,2002-11-14,0.00197382,0.0006660761,145,57,ERA5_2002.nc
2002,2002-11-15,0.0022435696,0.00065090787,145,57,ERA5_2002.nc
2002,2002-11-16,0.0019122383,0.0006510725,145,57,ERA5_2002.nc
2002,2002-11-17,0.0012320017,0.00053074735,145,57,ERA5_2002.nc
2002,2002-11-18,0.0019214312,0.0006253604,145,57,ERA5_2002.nc
2002,2002-11-19,0.0012306664,0.0004840615,145,57,ERA5_2002.nc
2002,2002-11-20,0.0012642384,0.00050554203,145,57,ERA5_2002.nc
2002,2002-11-21,0.0010899464,0.00049341266,145,57,ERA5_2002.nc
2002,2002-11-22,0.0013862184,0.00054393045,145,57,ERA5_2002.nc
2002,2002-11-23,0.0019969363,0.000614909,145,57,ERA5_2002.nc
2002,2002-11-24,0.0017818414,0.0006095959,145,57,ERA5_2002.nc
2002,2002-11-25,0.0012921391,0.00055183447,145,57,ERA5_2002.nc
2002,2002-11-26,0.001458029,0.0006156562,145,57,ERA5_2002.nc
2002,2002-11-27,0.00076814287,0.0004182828,145,57,ERA5_2002.nc
2002,2002-11-28,0.0008211229,0.00040126388,145,57,ERA5_2002.nc
2002,2002-11-29,0.0011512022,0.0004362568,145,57,ERA5_2002.nc
2002,2002-11-30,0.00050816993,0.0003237173,145,57,ERA5_2002.nc
2002,2002-12-01,0.00039644318,0.00031834535,145,57,ERA5_2002.nc
2002,2002-12-02,0.0010259447,0.0004526871,145,57,ERA5_2002.nc
2002,2002-12-03,0.00087458186,0.00040128856,145,57,ERA5_2002.nc
2002,2002-12-04,0.00095314864,0.00038867828,145,57,ERA5_2002.nc
2002,2002-12-05,0.0022186455,0.00049524906,145,57,ERA5_2002.nc
2002,2002-12-06,0.0009754234,0.00037820404,145,57,ERA5_2002.nc
2002,2002-12-07,0.0008973564,0.00035599121,145,57,ERA5_2002.nc
2002,2002-12-08,0.001131749,0.0004120686,145,57,ERA5_2002.nc
2002,2002-12-09,0.0009737342,0.0003304358,145,57,ERA5_2002.nc
2002,2002-12-10,0.0017501283,0.00045346125,145,57,ERA5_2002.nc
2002,2002-12-11,0.0018986298,0.000514718,145,57,ERA5_2002.nc
2002,2002-12-12,0.0010389908,0.0004304049,145,57,ERA5_2002.nc
2002,2002-12-13,0.0014253594,0.00042020885,145,57,ERA5_2002.nc
2002,2002-12-14,0.0018953538,0.0005490037,145,57,ERA5_2002.nc
2002,2002-12-15,0.0019099456,0.00046343196,145,57,ERA5_2002.nc
2002,2002-12-16,0.00145328,0.00047026976,145,57,ERA5_2002.nc
2002,2002-12-17,0.0012026229,0.00036112868,145,57,ERA5_2002.nc
2002,2002-12-18,0.0022401377,0.00069838425,145,57,ERA5_2002.nc
2002,2002-12-19,0.0014218225,0.00045476132,145,57,ERA5_2002.nc
2002,2002-12-20,0.0016480528,0.0005074559,145,57,ERA5_2002.nc
2002,2002-12-21,0.0021940218,0.000566863,145,57,ERA5_2002.nc
2002,2002-12-22,0.0012529381,0.00044705754,145,57,ERA5_2002.nc
2002,2002-12-23,0.0015569641,0.0005210095,145,57,ERA5_2002.nc
2002,2002-12-24,0.001385519,0.00048714993,145,57,ERA5_2002.nc
2002,2002-12-25,0.00070511905,0.00043828267,145,57,ERA5_2002.nc
2002,2002-12-26,0.0006407744,0.00034970752,145,57,ERA5_2002.nc
2002,2002-12-27,0.0008678948,0.00036807812,145,57,ERA5_2002.nc
2002,2002-12-28,0.0006027755,0.0004086726,145,57,ERA5_2002.nc
2002,2002-12-29,0.00022801869,0.00026771473,145,57,ERA5_2002.nc
2002,2002-12-30,0.00043855773,0.00027204485,145,57,ERA5_2002.nc
2002,2002-12-31,0.00076385087,0.00031733705,145,57,ERA5_2002.nc
2003,2003-01-01,0.0010718189,0.0003941115,145,57,ERA5_2003.nc
2003,2003-01-02,0.00060621323,0.00027693747,145,57,ERA5_2003.nc
2003,2003-01-03,0.0009775702,0.00038490025,145,57,ERA5_2003.nc
2003,2003-01-04,0.0005674168,0.00032071525,145,57,ERA5_2003.nc
2003,2003-01-05,0.0005818306,0.00027828576,145,57,ERA5_2003.nc
2003,2003-01-06,0.0004116518,0.00032758104,145,57,ERA5_2003.nc
2003,2003-01-07,0.00042678777,0.00028593244,145,57,ERA5_2003.nc
2003,2003-01-08,0.00043103495,0.00023397175,145,57,ERA5_2003.nc
2003,2003-01-09,0.0002704351,0.00020082714,145,57,ERA5_2003.nc
2003,2003-01-10,0.00014069257,0.00017583839,145,57,ERA5_2003.nc
2003,2003-01-11,0.00042670418,0.00020979115,145,57,ERA5_2003.nc
2003,2003-01-12,0.0002283345,0.00019108804,145,57,ERA5_2003.nc
2003,2003-01-13,0.00036002815,0.00018056908,145,57,ERA5_2003.nc
2003,2003-01-14,0.00014522232,0.00015058089,145,57,ERA5_2003.nc
2003,2003-01-15,0.00029171765,0.00016407418,145,57,ERA5_2003.nc
2003,2003-01-16,0.00017993135,0.00015506416,145,57,ERA5_2003.nc
2003,2003-01-17,0.00014994449,0.00014204092,145,57,ERA5_2003.nc
2003,2003-01-18,0.00063721265,0.00018350297,145,57,ERA5_2003.nc
2003,2003-01-19,0.0013243738,0.00028454768,145,57,ERA5_2003.nc
2003,2003-01-20,0.001495156,0.00023135306,145,57,ERA5_2003.nc
2003,2003-01-21,0.0012448069,0.00025154345,145,57,ERA5_2003.nc
2003,2003-01-22,0.0007059419,0.00016498762,145,57,ERA5_2003.nc
2003,2003-01-23,0.0006475678,0.00017652023,145,57,ERA5_2003.nc
2003,2003-01-24,0.0010087399,0.00022093559,145,57,ERA5_2003.nc
2003,2003-01-25,0.0006924011,0.00023910409,145,57,ERA5_2003.nc
2003,2003-01-26,0.0007043341,0.00017949524,145,57,ERA5_2003.nc
2003,2003-01-27,0.0009294639,0.00022948933,145,57,ERA5_2003.nc
2003,2003-01-28,0.00086028595,0.00017783679,145,57,ERA5_2003.nc
2003,2003-01-29,0.00055843627,0.00013515976,145,57,ERA5_2003.nc
2003,2003-01-30,0.00058399956,0.00014030648,145,57,ERA5_2003.nc
2003,2003-01-31,0.00023429649,0.0001337775,145,57,ERA5_2003.nc
2003,2003-02-01,3.4653858e-05,0.00010732953,145,57,ERA5_2003.nc
2003,2003-02-02,9.597869e-05,9.993985e-05,145,57,ERA5_2003.nc
2003,2003-02-03,0.00080037117,0.00014068485,145,57,ERA5_2003.nc
2003,2003-02-04,0.00038171222,0.00010804071,145,57,ERA5_2003.nc
2003,2003-02-05,0.0001548182,9.675337e-05,145,57,ERA5_2003.nc
2003,2003-02-06,0.000119695585,9.567644e-05,145,57,ERA5_2003.nc
2003,2003-02-07,0.00015707329,9.924435e-05,145,57,ERA5_2003.nc
2003,2003-02-08,0.00034206742,0.000103744474,145,57,ERA5_2003.nc
2003,2003-02-09,0.00052408176,0.0001083359,145,57,ERA5_2003.nc
2003,2003-02-10,0.00056141394,0.000115555464,145,57,ERA5_2003.nc
2003,2003-02-11,0.0006415657,0.00010996635,145,57,ERA5_2003.nc
2003,2003-02-12,0.0011095882,0.00015245756,145,57,ERA5_2003.nc
2003,2003-02-13,0.0008037926,0.00013109492,145,57,ERA5_2003.nc
2003,2003-02-14,0.00048270402,0.00011142829,145,57,ERA5_2003.nc
2003,2003-02-15,0.0007491056,0.00012750391,145,57,ERA5_2003.nc
2003,2003-02-16,0.00058855955,0.00011872811,145,57,ERA5_2003.nc
2003,2003-02-17,0.0003896489,0.00012763123,145,57,ERA5_2003.nc
2003,2003-02-18,0.00040024403,9.9736964e-05,145,57,ERA5_2003.nc
2003,2003-02-19,0.0004718552,8.720143e-05,145,57,ERA5_2003.nc
2003,2003-02-20,0.0010997541,0.00011391689,145,57,ERA5_2003.nc
2003,2003-02-21,0.0017543186,0.00015058581,145,57,ERA5_2003.nc
2003,2003-02-22,0.0012296167,0.00016845886,145,57,ERA5_2003.nc
2003,2003-02-23,0.0003170992,9.603976e-05,145,57,ERA5_2003.nc
2003,2003-02-24,0.0005011171,9.6815755e-05,145,57,ERA5_2003.nc
2003,2003-02-25,0.0014001585,0.00014658934,145,57,ERA5_2003.nc
2003,2003-02-26,0.0024270082,0.00035432715,145,57,ERA5_2003.nc
2003,2003-02-27,0.0019116142,0.0002922197,145,57,ERA5_2003.nc
2003,2003-02-28,0.0009584129,0.00014617131,145,57,ERA5_2003.nc
2003,2003-03-01,0.00045287405,0.000102234495,145,57,ERA5_2003.nc
2003,2003-03-02,0.0010318465,0.0001463819,145,57,ERA5_2003.nc
2003,2003-03-03,0.00073349057,0.00014728504,145,57,ERA5_2003.nc
2003,2003-03-04,0.00041695166,9.452433e-05,145,57,ERA5_2003.nc
2003,2003-03-05,0.0003861888,9.064666e-05,145,57,ERA5_2003.nc
2003,2003-03-06,0.0005406879,8.7317225e-05,145,57,ERA5_2003.nc
2003,2003-03-07,0.0004900086,9.720329e-05,145,57,ERA5_2003.nc
2003,2003-03-08,0.0007296663,9.681025e-05,145,57,ERA5_2003.nc
2003,2003-03-09,0.0011414846,0.00020312253,145,57,ERA5_2003.nc
2003,2003-03-10,0.0009355762,0.00012901094,145,57,ERA5_2003.nc
2003,2003-03-11,0.0016051941,0.00024537602,145,57,ERA5_2003.nc
2003,2003-03-12,0.0012090923,0.0001632885,145,57,ERA5_2003.nc
2003,2003-03-13,0.0014821014,0.00019583259,145,57,ERA5_2003.nc
2003,2003-03-14,0.0005683636,0.00011001346,145,57,ERA5_2003.nc
2003,2003-03-15,0.0016182263,0.00028016104,145,57,ERA5_2003.nc
2003,2003-03-16,0.0017270122,0.0002727108,145,57,ERA5_2003.nc
2003,2003-03-17,0.0005869465,0.00014752705,145,57,ERA5_2003.nc
2003,2003-03-18,0.00062316126,9.953732e-05,145,57,ERA5_2003.nc
2003,2003-03-19,0.0016305367,0.0002319076,145,57,ERA5_2003.nc
2003,2003-03-20,0.0012830053,0.00025193556,145,57,ERA5_2003.nc
2003,2003-03-21,0.0020742472,0.00034923264,145,57,ERA5_2003.nc
2003,2003-03-22,0.0006212612,0.00012817772,145,57,ERA5_2003.nc
2003,2003-03-23,0.0010991368,0.00018258687,145,57,ERA5_2003.nc
2003,2003-03-24,0.0022047074,0.00025144065,145,57,ERA5_2003.nc
2003,2003-03-25,0.0012403573,0.00015792149,145,57,ERA5_2003.nc
2003,2003-03-26,0.0023459583,0.00027516365,145,57,ERA5_2003.nc
2003,2003-03-27,0.0032838576,0.00046288094,145,57,ERA5_2003.nc
2003,2003-03-28,0.0017087547,0.00028328525,145,57,ERA5_2003.nc
2003,2003-03-29,0.0018538046,0.0003010298,145,57,ERA5_2003.nc
2003,2003-03-30,0.0020966087,0.0003469287,145,57,ERA5_2003.nc
2003,2003-03-31,0.0007794948,0.00017419993,145,57,ERA5_2003.nc
2003,2003-04-01,0.00060700404,0.00014108996,145,57,ERA5_2003.nc
2003,2003-04-02,0.0011020208,0.00014771555,145,57,ERA5_2003.nc
2003,2003-04-03,0.0008042682,0.000143963,145,57,ERA5_2003.nc
2003,2003-04-04,0.0009370775,0.00013920738,145,57,ERA5_2003.nc
2003,2003-04-05,0.0012466658,0.00017451149,145,57,ERA5_2003.nc
2003,2003-04-06,0.0007307846,0.00015405605,145,57,ERA5_2003.nc
2003,2003-04-07,0.0004175799,7.554733e-05,145,57,ERA5_2003.nc
2003,2003-04-08,0.0010528861,0.00013866303,145,57,ERA5_2003.nc
2003,2003-04-09,0.00077658216,0.000101255806,145,57,ERA5_2003.nc
2003,2003-04-10,0.0012208701,0.0001915353,145,57,ERA5_2003.nc
2003,2003-04-11,0.0008986452,0.00015140699,145,57,ERA5_2003.nc
2003,2003-04-12,0.0017529998,0.00032156293,145,57,ERA5_2003.nc
2003,2003-04-13,0.0017758751,0.0001923515,145,57,ERA5_2003.nc
2003,2003-04-14,0.0014744909,0.00020331076,145,57,ERA5_2003.nc
2003,2003-04-15,0.0031794598,0.00040457418,145,57,ERA5_2003.nc
2003,2003-04-16,0.0016458323,0.0002725306,145,57,ERA5_2003.nc
2003,2003-04-17,0.001594171,0.00031256696,145,57,ERA5_2003.nc
2003,2003-04-18,0.002684684,0.00036586958,145,57,ERA5_2003.nc
2003,2003-04-19,0.0020519253,0.0003657533,145,57,ERA5_2003.nc
2003,2003-04-20,0.0022476895,0.0003850971,145,57,ERA5_2003.nc
2003,2003-04-21,0.004315456,0.00060683704,145,57,ERA5_2003.nc
2003,2003-04-22,0.003919383,0.0005227773,145,57,ERA5_2003.nc
2003,2003-04-23,0.0014729432,0.00031596323,145,57,ERA5_2003.nc
2003,2003-04-24,0.0006136811,0.00021551237,145,57,ERA5_2003.nc
2003,2003-04-25,0.0008876552,0.0001665995,145,57,ERA5_2003.nc
2003,2003-04-26,0.0028474226,0.00041940768,145,57,ERA5_2003.nc
2003,2003-04-27,0.0032455672,0.00051153975,145,57,ERA5_2003.nc
2003,2003-04-28,0.0028041727,0.00057142077,145,57,ERA5_2003.nc
2003,2003-04-29,0.0012383758,0.00035409673,145,57,ERA5_2003.nc
2003,2003-04-30,0.0013537427,0.0003864275,145,57,ERA5_2003.nc
2003,2003-05-01,0.003005741,0.000606225,145,57,ERA5_2003.nc
2003,2003-05-02,0.0017888199,0.00043565815,145,57,ERA5_2003.nc
2003,2003-05-03,0.0019224354,0.0003770452,145,57,ERA5_2003.nc
2003,2003-05-04,0.0016954935,0.000399231,145,57,ERA5_2003.nc
2003,2003-05-05,0.00081059756,0.00022346366,145,57,ERA5_2003.nc
2003,2003-05-06,0.001732778,0.00038147363,145,57,ERA5_2003.nc
2003,2003-05-07,0.0017035344,0.0003076359,145,57,ERA5_2003.nc
2003,2003-05-08,0.0025284206,0.00054103986,145,57,ERA5_2003.nc
2003,2003-05-09,0.0011435545,0.0002758116,145,57,ERA5_2003.nc
2003,2003-05-10,0.0013100827,0.00037818574,145,57,ERA5_2003.nc
2003,2003-05-11,0.0013539863,0.00026744034,145,57,ERA5_2003.nc
2003,2003-05-12,0.0019543911,0.00031659333,145,57,ERA5_2003.nc
2003,2003-05-13,0.0032003014,0.000462728,145,57,ERA5_2003.nc
2003,2003-05-14,0.0029762515,0.0005154585,145,57,ERA5_2003.nc
2003,2003-05-15,0.0020046057,0.00045248106,145,57,ERA5_2003.nc
2003,2003-05-16,0.0008769566,0.00030102913,145,57,ERA5_2003.nc
2003,2003-05-17,0.0005856332,0.00017481048,145,57,ERA5_2003.nc
2003,2003-05-18,0.0005275987,0.00016214803,145,57,ERA5_2003.nc
2003,2003-05-19,0.00040216203,0.00013535324,145,57,ERA5_2003.nc
2003,2003-05-20,0.00073736114,0.00013517909,145,57,ERA5_2003.nc
2003,2003-05-21,0.00090596697,0.00014372349,145,57,ERA5_2003.nc
2003,2003-05-22,0.0013724274,0.00017555433,145,57,ERA5_2003.nc
2003,2003-05-23,0.0014260686,0.00017110657,145,57,ERA5_2003.nc
2003,2003-05-24,0.0020230704,0.00021173284,145,57,ERA5_2003.nc
2003,2003-05-25,0.0014439372,0.00016795259,145,57,ERA5_2003.nc
2003,2003-05-26,0.0018090623,0.00018692273,145,57,ERA5_2003.nc
2003,2003-05-27,0.0016019379,0.00020154944,145,57,ERA5_2003.nc
2003,2003-05-28,0.0015522188,0.00016889823,145,57,ERA5_2003.nc
2003,2003-05-29,0.0010221578,0.00012983594,145,57,ERA5_2003.nc
2003,2003-05-30,0.0023091543,0.00023467377,145,57,ERA5_2003.nc
2003,2003-05-31,0.0033552404,0.0003213836,145,57,ERA5_2003.nc
2003,2003-06-01,0.0019065273,0.00024503501,145,57,ERA5_2003.nc
2003,2003-06-02,0.0017256521,0.00027567698,145,57,ERA5_2003.nc
2003,2003-06-03,0.0016114824,0.00019578631,145,57,ERA5_2003.nc
2003,2003-06-04,0.003067728,0.00033427196,145,57,ERA5_2003.nc
2003,2003-06-05,0.0024522818,0.0003393658,145,57,ERA5_2003.nc
2003,2003-06-06,0.00094784115,0.00019336963,145,57,ERA5_2003.nc
2003,2003-06-07,0.0009616258,0.00015185351,145,57,ERA5_2003.nc
2003,2003-06-08,0.0014323103,0.0001741999,145,57,ERA5_2003.nc
2003,2003-06-09,0.0038441475,0.0004228793,145,57,ERA5_2003.nc
2003,2003-06-10,0.0023391456,0.00027565303,145,57,ERA5_2003.nc
2003,2003-06-11,0.0013955024,0.00022182263,145,57,ERA5_2003.nc
2003,2003-06-12,0.0018025909,0.00027716678,145,57,ERA5_2003.nc
2003,2003-06-13,0.001603395,0.00024793757,145,57,ERA5_2003.nc
2003,2003-06-14,0.0010518947,0.00019684233,145,57,ERA5_2003.nc
2003,2003-06-15,0.0016094723,0.00025178937,145,57,ERA5_2003.nc
2003,2003-06-16,0.0017472237,0.00030781177,145,57,ERA5_2003.nc
2003,2003-06-17,0.0014710308,0.00020704692,145,57,ERA5_2003.nc
2003,2003-06-18,0.0016252177,0.00029627662,145,57,ERA5_2003.nc
2003,2003-06-19,0.0019219923,0.00035048294,145,57,ERA5_2003.nc
2003,2003-06-20,0.0029545154,0.00044401648,145,57,ERA5_2003.nc
2003,2003-06-21,0.0020185867,0.0002705446,145,57,ERA5_2003.nc
2003,2003-06-22,0.0015545734,0.00024928726,145,57,ERA5_2003.nc
2003,2003-06-23,0.0018039997,0.00024545102,145,57,ERA5_2003.nc
2003,2003-06-24,0.0027721506,0.00038388994,145,57,ERA5_2003.nc
2003,2003-06-25,0.0028878795,0.00039534172,145,57,ERA5_2003.nc
2003,2003-06-26,0.0010698026,0.00024079854,145,57,ERA5_2003.nc
2003,2003-06-27,0.002006516,0.00029503822,145,57,ERA5_2003.nc
2003,2003-06-28,0.0028768387,0.00037204634,145,57,ERA5_2003.nc
2003,2003-06-29,0.0038404134,0.00054754154,145,57,ERA5_2003.nc
2003,2003-06-30,0.0025078617,0.00035026218,145,57,ERA5_2003.nc
2003,2003-07-01,0.0021524976,0.00031901686,145,57,ERA5_2003.nc
2003,2003-07-02,0.0022617849,0.0003780988,145,57,ERA5_2003.nc
2003,2003-07-03,0.002665361,0.00039008533,145,57,ERA5_2003.nc
2003,2003-07-04,0.0044811405,0.0005513842,145,57,ERA5_2003.nc
2003,2003-07-05,0.0027529513,0.00039345038,145,57,ERA5_2003.nc
2003,2003-07-06,0.0024390114,0.0004448188,145,57,ERA5_2003.nc
2003,2003-07-07,0.0025096722,0.00039852277,145,57,ERA5_2003.nc
2003,2003-07-08,0.0026665663,0.00040036277,145,57,ERA5_2003.nc
2003,2003-07-09,0.0017854698,0.00040380197,145,57,ERA5_2003.nc
2003,2003-07-10,0.0018935566,0.00035658688,145,57,ERA5_2003.nc
2003,2003-07-11,0.0024462251,0.00042098152,145,57,ERA5_2003.nc
2003,2003-07-12,0.0013816517,0.00034203264,145,57,ERA5_2003.nc
2003,2003-07-13,0.001681421,0.00033866905,145,57,ERA5_2003.nc
2003,2003-07-14,0.002034481,0.00035710772,145,57,ERA5_2003.nc
2003,2003-07-15,0.0014341766,0.00033760478,145,57,ERA5_2003.nc
2003,2003-07-16,0.0014971355,0.00035404006,145,57,ERA5_2003.nc
2003,2003-07-17,0.0019364944,0.00035245437,145,57,ERA5_2003.nc
2003,2003-07-18,0.0030152977,0.00054248894,145,57,ERA5_2003.nc
2003,2003-07-19,0.0027824948,0.0004890098,145,57,ERA5_2003.nc
2003,2003-07-20,0.0021955534,0.00042384083,145,57,ERA5_2003.nc
2003,2003-07-21,0.0026377996,0.00042706027,145,57,ERA5_2003.nc
2003,2003-07-22,0.0029967395,0.0005326743,145,57,ERA5_2003.nc
2003,2003-07-23,0.0017766266,0.0004493266,145,57,ERA5_2003.nc
2003,2003-07-24,0.0026986399,0.00047074305,145,57,ERA5_2003.nc
2003,2003-07-25,0.0017073294,0.00034695916,145,57,ERA5_2003.nc
2003,2003-07-26,0.0015177573,0.000286004,145,57,ERA5_2003.nc
2003,2003-07-27,0.001991288,0.00030271476,145,57,ERA5_2003.nc
2003,2003-07-28,0.002206659,0.0003573513,145,57,ERA5_2003.nc
2003,2003-07-29,0.0019170281,0.00029304155,145,57,ERA5_2003.nc
2003,2003-07-30,0.0029165954,0.0003956847,145,57,ERA5_2003.nc
2003,2003-07-31,0.003539537,0.00052374,145,57,ERA5_2003.nc
2003,2003-08-01,0.003470425,0.0004924642,145,57,ERA5_2003.nc
2003,2003-08-02,0.0020772764,0.0003275826,145,57,ERA5_2003.nc
2003,2003-08-03,0.003465624,0.00050018664,145,57,ERA5_2003.nc
2003,2003-08-04,0.001960145,0.0003795639,145,57,ERA5_2003.nc
2003,2003-08-05,0.0021131523,0.00037103714,145,57,ERA5_2003.nc
2003,2003-08-06,0.0019749291,0.00034938686,145,57,ERA5_2003.nc
2003,2003-08-07,0.003097084,0.00054399885,145,57,ERA5_2003.nc
2003,2003-08-08,0.0013819328,0.00029074433,145,57,ERA5_2003.nc
2003,2003-08-09,0.0028093588,0.00042227298,145,57,ERA5_2003.nc
2003,2003-08-10,0.003896996,0.0006411552,145,57,ERA5_2003.nc
2003,2003-08-11,0.0021591017,0.0003865079,145,57,ERA5_2003.nc
2003,2003-08-12,0.0007987797,0.00029225112,145,57,ERA5_2003.nc
2003,2003-08-13,0.0022411991,0.00042345846,145,57,ERA5_2003.nc
2003,2003-08-14,0.0037226756,0.0005373496,145,57,ERA5_2003.nc
2003,2003-08-15,0.003876104,0.0005149866,145,57,ERA5_2003.nc
2003,2003-08-16,0.0024712621,0.0004123585,145,57,ERA5_2003.nc
2003,2003-08-17,0.0023634362,0.0004966118,145,57,ERA5_2003.nc
2003,2003-08-18,0.0033038484,0.0005660004,145,57,ERA5_2003.nc
2003,2003-08-19,0.0030644932,0.0005719344,145,57,ERA5_2003.nc
2003,2003-08-20,0.0028980703,0.00052355684,145,57,ERA5_2003.nc
2003,2003-08-21,0.0023785739,0.0004728084,145,57,ERA5_2003.nc
2003,2003-08-22,0.0037244558,0.00061001885,145,57,ERA5_2003.nc
2003,2003-08-23,0.0028901661,0.00058771967,145,57,ERA5_2003.nc
2003,2003-08-24,0.0033294833,0.00072453293,145,57,ERA5_2003.nc
2003,2003-08-25,0.0035141376,0.0006877921,145,57,ERA5_2003.nc
2003,2003-08-26,0.001868295,0.00045057177,145,57,ERA5_2003.nc
2003,2003-08-27,0.0035373291,0.0006311344,145,57,ERA5_2003.nc
2003,2003-08-28,0.0034925188,0.00065414136,145,57,ERA5_2003.nc
2003,2003-08-29,0.0020832673,0.00049825886,145,57,ERA5_2003.nc
2003,2003-08-30,0.0016010264,0.00045457325,145,57,ERA5_2003.nc
2003,2003-08-31,0.0022148788,0.00047835018,145,57,ERA5_2003.nc
2003,2003-09-01,0.0034776472,0.00067860825,145,57,ERA5_2003.nc
2003,2003-09-02,0.003462363,0.0007414891,145,57,ERA5_2003.nc
2003,2003-09-03,0.0019698027,0.0005236166,145,57,ERA5_2003.nc
2003,2003-09-04,0.0028485265,0.0006304471,145,57,ERA5_2003.nc
2003,2003-09-05,0.0018984701,0.00043069926,145,57,ERA5_2003.nc
2003,2003-09-06,0.002398086,0.00054326584,145,57,ERA5_2003.nc
2003,2003-09-07,0.003445804,0.0007604902,145,57,ERA5_2003.nc
2003,2003-09-08,0.0038080888,0.00078606885,145,57,ERA5_2003.nc
2003,2003-09-09,0.0037034766,0.00085393625,145,57,ERA5_2003.nc
2003,2003-09-10,0.0026414448,0.000801164,145,57,ERA5_2003.nc
2003,2003-09-11,0.0013793856,0.00050591584,145,57,ERA5_2003.nc
2003,2003-09-12,0.0012306892,0.00046381334,145,57,ERA5_2003.nc
2003,2003-09-13,0.0014312183,0.00040458515,145,57,ERA5_2003.nc
2003,2003-09-14,0.0035435716,0.00075567275,145,57,ERA5_2003.nc
2003,2003-09-15,0.0036632167,0.00073865266,145,57,ERA5_2003.nc
2003,2003-09-16,0.001977592,0.00049781153,145,57,ERA5_2003.nc
2003,2003-09-17,0.0019176188,0.0005048675,145,57,ERA5_2003.nc
2003,2003-09-18,0.001627696,0.00044261914,145,57,ERA5_2003.nc
2003,2003-09-19,0.0020865798,0.0005307308,145,57,ERA5_2003.nc
2003,2003-09-20,0.0012260145,0.0004121709,145,57,ERA5_2003.nc
2003,2003-09-21,0.0015547813,0.00045904279,145,57,ERA5_2003.nc
2003,2003-09-22,0.0016080685,0.00044381424,145,57,ERA5_2003.nc
2003,2003-09-23,0.002246074,0.0005267919,145,57,ERA5_2003.nc
2003,2003-09-24,0.0010122221,0.00036673248,145,57,ERA5_2003.nc
2003,2003-09-25,0.0011443692,0.00037590342,145,57,ERA5_2003.nc
2003,2003-09-26,0.0021569822,0.00048557943,145,57,ERA5_2003.nc
2003,2003-09-27,0.0027283558,0.0006468987,145,57,ERA5_2003.nc
2003,2003-09-28,0.0015384634,0.0004471123,145,57,ERA5_2003.nc
2003,2003-09-29,0.0008343941,0.00034775314,145,57,ERA5_2003.nc
2003,2003-09-30,0.0015712037,0.00041514388,145,57,ERA5_2003.nc
2003,2003-10-01,0.0019967598,0.00046602183,145,57,ERA5_2003.nc
2003,2003-10-02,0.0027770607,0.0005707551,145,57,ERA5_2003.nc
2003,2003-10-03,0.0015531122,0.000413423,145,57,ERA5_2003.nc
2003,2003-10-04,0.001725906,0.00042323614,145,57,ERA5_2003.nc
2003,2003-10-05,0.0016453179,0.00042178287,145,57,ERA5_2003.nc
2003,2003-10-06,0.0026304382,0.00062538823,145,57,ERA5_2003.nc
2003,2003-10-07,0.001976858,0.0005088066,145,57,ERA5_2003.nc
2003,2003-10-08,0.0017626141,0.00045670124,145,57,ERA5_2003.nc
2003,2003-10-09,0.0018756742,0.00040105634,145,57,ERA5_2003.nc
2003,2003-10-10,0.0024189577,0.0005336987,145,57,ERA5_2003.nc
2003,2003-10-11,0.0022595786,0.00040966092,145,57,ERA5_2003.nc
2003,2003-10-12,0.0019376057,0.0004710044,145,57,ERA5_2003.nc
2003,2003-10-13,0.0011072643,0.00036725443,145,57,ERA5_2003.nc
2003,2003-10-14,0.0018569321,0.00044047952,145,57,ERA5_2003.nc
2003,2003-10-15,0.0012998616,0.0003438234,145,57,ERA5_2003.nc
2003,2003-10-16,0.001832933,0.0004267366,145,57,ERA5_2003.nc
2003,2003-10-17,0.0026359004,0.00049057475,145,57,ERA5_2003.nc
2003,2003-10-18,0.0010529275,0.00030190474,145,57,ERA5_2003.nc
2003,2003-10-19,0.0017541905,0.00041443598,145,57,ERA5_2003.nc
2003,2003-10-20,0.002000191,0.00045058562,145,57,ERA5_2003.nc
2003,2003-10-21,0.0013612874,0.00032288797,145,57,ERA5_2003.nc
2003,2003-10-22,0.00072479795,0.0002519503,145,57,ERA5_2003.nc
2003,2003-10-23,0.0021011415,0.00041731773,145,57,ERA5_2003.nc
2003,2003-10-24,0.0020478629,0.0004861121,145,57,ERA5_2003.nc
2003,2003-10-25,0.001404866,0.00042094543,145,57,ERA5_2003.nc
2003,2003-10-26,0.00085668836,0.00036706595,145,57,ERA5_2003.nc
2003,2003-10-27,0.0011265562,0.0003625268,145,57,ERA5_2003.nc
2003,2003-10-28,0.0015258817,0.0004017654,145,57,ERA5_2003.nc
2003,2003-10-29,0.0028861365,0.0006734082,145,57,ERA5_2003.nc
2003,2003-10-30,0.0022395146,0.00061117695,145,57,ERA5_2003.nc
2003,2003-10-31,0.0011170587,0.00041999455,145,57,ERA5_2003.nc
2003,2003-11-01,0.001525353,0.00039983034,145,57,ERA5_2003.nc
2003,2003-11-02,0.0018280167,0.00045044656,145,57,ERA5_2003.nc
2003,2003-11-03,0.0019444781,0.0004744025,145,57,ERA5_2003.nc
2003,2003-11-04,0.0023451364,0.0006424553,145,57,ERA5_2003.nc
2003,2003-11-05,0.0011604253,0.0004152772,145,57,ERA5_2003.nc
2003,2003-11-06,0.002241103,0.0005488174,145,57,ERA5_2003.nc
2003,2003-11-07,0.0014316699,0.000430139,145,57,ERA5_2003.nc
2003,2003-11-08,0.0015486501,0.000446492,145,57,ERA5_2003.nc
2003,2003-11-09,0.0020869845,0.0004979252,145,57,ERA5_2003.nc
2003,2003-11-10,0.0029820797,0.00061610335,145,57,ERA5_2003.nc
2003,2003-11-11,0.0020335633,0.00056900014,145,57,ERA5_2003.nc
2003,2003-11-12,0.0010889327,0.00044255712,145,57,ERA5_2003.nc
2003,2003-11-13,0.0009874342,0.00040989052,145,57,ERA5_2003.nc
2003,2003-11-14,0.0013102337,0.00045817887,145,57,ERA5_2003.nc
2003,2003-11-15,0.0016285849,0.0005396721,145,57,ERA5_2003.nc
2003,2003-11-16,0.0010448906,0.0004624891,145,57,ERA5_2003.nc
2003,2003-11-17,0.000616253,0.00031634246,145,57,ERA5_2003.nc
2003,2003-11-18,0.0010282798,0.00038811413,145,57,ERA5_2003.nc
2003,2003-11-19,0.00069217186,0.0003496784,145,57,ERA5_2003.nc
2003,2003-11-20,0.0014039892,0.0004218672,145,57,ERA5_2003.nc
2003,2003-11-21,0.0014204422,0.00041574737,145,57,ERA5_2003.nc
2003,2003-11-22,0.0020071233,0.0005314131,145,57,ERA5_2003.nc
2003,2003-11-23,0.0015651775,0.00055263896,145,57,ERA5_2003.nc
2003,2003-11-24,0.0013304721,0.0004145829,145,57,ERA5_2003.nc
2003,2003-11-25,0.0013821421,0.0004630793,145,57,ERA5_2003.nc
2003,2003-11-26,0.0014106473,0.00046294375,145,57,ERA5_2003.nc
2003,2003-11-27,0.0018832528,0.0005582898,145,57,ERA5_2003.nc
2003,2003-11-28,0.0016390895,0.00046759946,145,57,ERA5_2003.nc
2003,2003-11-29,0.0018212656,0.0005177618,145,57,ERA5_2003.nc
2003,2003-11-30,0.0014947356,0.0004982165,145,57,ERA5_2003.nc
2003,2003-12-01,0.0019129924,0.00062469125,145,57,ERA5_2003.nc
2003,2003-12-02,0.001231755,0.00046151128,145,57,ERA5_2003.nc
2003,2003-12-03,0.0013606362,0.0005353182,145,57,ERA5_2003.nc
2003,2003-12-04,0.0017463763,0.00052401086,145,57,ERA5_2003.nc
2003,2003-12-05,0.0017905456,0.0006190141,145,57,ERA5_2003.nc
2003,2003-12-06,0.0015105925,0.00059717754,145,57,ERA5_2003.nc
2003,2003-12-07,0.0007360803,0.00042164035,145,57,ERA5_2003.nc
2003,2003-12-08,0.0010640633,0.00045963295,145,57,ERA5_2003.nc
2003,2003-12-09,0.0029433519,0.0007441793,145,57,ERA5_2003.nc
2003,2003-12-10,0.0011317128,0.00043749725,145,57,ERA5_2003.nc
2003,2003-12-11,0.0004180252,0.00035613228,145,57,ERA5_2003.nc
2003,2003-12-12,0.0011454764,0.0004162254,145,57,ERA5_2003.nc
2003,2003-12-13,0.0011177836,0.00046126722,145,57,ERA5_2003.nc
2003,2003-12-14,0.00036890828,0.00030218496,145,57,ERA5_2003.nc
2003,2003-12-15,0.00090110174,0.000313273,145,57,ERA5_2003.nc
2003,2003-12-16,0.0003270504,0.00026212633,145,57,ERA5_2003.nc
2003,2003-12-17,0.00058687356,0.0002929041,145,57,ERA5_2003.nc
2003,2003-12-18,0.00071133446,0.0002583004,145,57,ERA5_2003.nc
2003,2003-12-19,0.00038614884,0.00025035586,145,57,ERA5_2003.nc
2003,2003-12-20,0.00076198345,0.00030557765,145,57,ERA5_2003.nc
2003,2003-12-21,0.00085267855,0.0003041109,145,57,ERA5_2003.nc
2003,2003-12-22,0.0004893179,0.00025023118,145,57,ERA5_2003.nc
2003,2003-12-23,0.00080339535,0.00029214635,145,57,ERA5_2003.nc
2003,2003-12-24,0.000737973,0.00030649267,145,57,ERA5_2003.nc
2003,2003-12-25,0.00050110975,0.00028598504,145,57,ERA5_2003.nc
2003,2003-12-26,0.00045471918,0.00020527412,145,57,ERA5_2003.nc
2003,2003-12-27,0.00045770657,0.0001912862,145,57,ERA5_2003.nc
2003,2003-12-28,0.00015410903,0.0001795514,145,57,ERA5_2003.nc
2003,2003-12-29,0.00018034835,0.00017620099,145,57,ERA5_2003.nc
2003,2003-12-30,0.00017365497,0.00017818536,145,57,ERA5_2003.nc
2003,2003-12-31,0.00034613867,0.00019007057,145,57,ERA5_2003.nc
2004,2004-01-01,0.00076635275,0.00022543187,145,57,ERA5_2004.nc
2004,2004-01-02,0.00052170636,0.00019367135,145,57,ERA5_2004.nc
2004,2004-01-03,0.00067390734,0.00017632997,145,57,ERA5_2004.nc
2004,2004-01-04,0.0006569568,0.00019719181,145,57,ERA5_2004.nc
2004,2004-01-05,0.00016123384,0.00014414718,145,57,ERA5_2004.nc
2004,2004-01-06,0.00035066588,0.00013998538,145,57,ERA5_2004.nc
2004,2004-01-07,0.00095879217,0.00017959194,145,57,ERA5_2004.nc
2004,2004-01-08,0.0007242256,0.00017533339,145,57,ERA5_2004.nc
2004,2004-01-09,0.0008876625,0.00018484364,145,57,ERA5_2004.nc
2004,2004-01-10,0.0006299668,0.00017429289,145,57,ERA5_2004.nc
2004,2004-01-11,0.0008379079,0.00015245625,145,57,ERA5_2004.nc
2004,2004-01-12,0.0011377432,0.00016385454,145,57,ERA5_2004.nc
2004,2004-01-13,0.0011066964,0.0001851985,145,57,ERA5_2004.nc
2004,2004-01-14,0.0017971294,0.0002465918,145,57,ERA5_2004.nc
2004,2004-01-15,0.001194048,0.00024092346,145,57,ERA5_2004.nc
2004,2004-01-16,0.00065237656,0.00017920774,145,57,ERA5_2004.nc
2004,2004-01-17,0.0004385733,0.0001493546,145,57,ERA5_2004.nc
2004,2004-01-18,0.0022162327,0.00048289704,145,57,ERA5_2004.nc
2004,2004-01-19,0.0010201313,0.00029383192,145,57,ERA5_2004.nc
2004,2004-01-20,0.0006806891,0.0002155029,145,57,ERA5_2004.nc
2004,2004-01-21,0.0015004503,0.00029587344,145,57,ERA5_2004.nc
2004,2004-01-22,0.0021282458,0.00027317475,145,57,ERA5_2004.nc
2004,2004-01-23,0.0014695631,0.00020735666,145,57,ERA5_2004.nc
2004,2004-01-24,0.0014255923,0.00020096978,145,57,ERA5_2004.nc
2004,2004-01-25,0.00053788134,0.00016099098,145,57,ERA5_2004.nc
2004,2004-01-26,0.00045298715,0.00012563875,145,57,ERA5_2004.nc
2004,2004-01-27,0.0007516206,0.0002168907,145,57,ERA5_2004.nc
2004,2004-01-28,0.0012991991,0.0004548801,145,57,ERA5_2004.nc
2004,2004-01-29,0.0004143961,0.00015794183,145,57,ERA5_2004.nc
2004,2004-01-30,0.00021878115,0.00014588781,145,57,ERA5_2004.nc
2004,2004-01-31,0.0005717741,0.00015507295,145,57,ERA5_2004.nc
2004,2004-02-01,0.0005446801,0.00014469377,145,57,ERA5_2004.nc
2004,2004-02-02,0.00052669796,0.00015146987,145,57,ERA5_2004.nc
2004,2004-02-03,0.000753824,0.0001980929,145,57,ERA5_2004.nc
2004,2004-02-04,0.0011672899,0.00018508165,145,57,ERA5_2004.nc
2004,2004-02-05,0.00042612245,0.000111771296,145,57,ERA5_2004.nc
2004,2004-02-06,8.053373e-05,0.000103315986,145,57,ERA5_2004.nc
2004,2004-02-07,0.00012966763,0.00011908205,145,57,ERA5_2004.nc
2004,2004-02-08,0.000117802316,0.00010131016,145,57,ERA5_2004.nc
2004,2004-02-09,0.00013845821,0.00010140469,145,57,ERA5_2004.nc
2004,2004-02-10,0.00018792132,9.9720266e-05,145,57,ERA5_2004.nc
2004,2004-02-11,0.00022305347,9.48732e-05,145,57,ERA5_2004.nc
2004,2004-02-12,0.0006348859,0.00010248001,145,57,ERA5_2004.nc
2004,2004-02-13,0.0003879363,9.5642e-05,145,57,ERA5_2004.nc
2004,2004-02-14,0.0010062894,0.000104018836,145,57,ERA5_2004.nc
2004,2004-02-15,0.0013605038,0.00013799414,145,57,ERA5_2004.nc
2004,2004-02-16,0.0010432757,0.000148466,145,57,ERA5_2004.nc
2004,2004-02-17,0.0015374225,0.00022208688,145,57,ERA5_2004.nc
2004,2004-02-18,0.00071378675,0.0001894972,145,57,ERA5_2004.nc
2004,2004-02-19,0.00085032766,0.00014795392,145,57,ERA5_2004.nc
2004,2004-02-20,0.00080816174,0.0001762187,145,57,ERA5_2004.nc
2004,2004-02-21,0.00059493975,0.00015986076,145,57,ERA5_2004.nc
2004,2004-02-22,0.0009003185,0.00014694768,145,57,ERA5_2004.nc
2004,2004-02-23,0.0007638362,0.00016102445,145,57,ERA5_2004.nc
2004,2004-02-24,0.00090197346,0.00015494355,145,57,ERA5_2004.nc
2004,2004-02-25,0.000516056,0.00011087367,145,57,ERA5_2004.nc
2004,2004-02-26,0.0012056261,0.00017086527,145,57,ERA5_2004.nc
2004,2004-02-27,0.0009875022,0.00019685064,145,57,ERA5_2004.nc
2004,2004-02-28,0.0011701648,0.00020812916,145,57,ERA5_2004.nc
2004,2004-02-29,0.0015397817,0.00027148268,145,57,ERA5_2004.nc
2004,2004-03-01,0.000600561,0.00016013412,145,57,ERA5_2004.nc
2004,2004-03-02,0.00074612885,0.00014503731,145,57,ERA5_2004.nc
2004,2004-03-03,0.0004624853,9.5804746e-05,145,57,ERA5_2004.nc
2004,2004-03-04,0.00044798694,0.000115346964,145,57,ERA5_2004.nc
2004,2004-03-05,0.0012816954,0.00015374366,145,57,ERA5_2004.nc
2004,2004-03-06,0.0007814105,0.00011388215,145,57,ERA5_2004.nc
2004,2004-03-07,0.00094977464,0.00014076853,145,57,ERA5_2004.nc
2004,2004-03-08,0.0011178311,0.00019498373,145,57,ERA5_2004.nc
2004,2004-03-09,0.00077724585,0.00019217221,145,57,ERA5_2004.nc
2004,2004-03-10,0.0007915178,0.00014899697,145,57,ERA5_2004.nc
2004,2004-03-11,0.0014024716,0.00025534828,145,57,ERA5_2004.nc
2004,2004-03-12,0.0008535546,0.00017827563,145,57,ERA5_2004.nc
2004,2004-03-13,0.00036241533,0.0001302296,145,57,ERA5_2004.nc
2004,2004-03-14,0.0007292055,0.00012517796,145,57,ERA5_2004.nc
2004,2004-03-15,0.00077009306,0.00014442817,145,57,ERA5_2004.nc
2004,2004-03-16,0.0007169921,0.00013460082,145,57,ERA5_2004.nc
2004,2004-03-17,0.00054561446,0.00012814815,145,57,ERA5_2004.nc
2004,2004-03-18,0.0006983563,0.00016717272,145,57,ERA5_2004.nc
2004,2004-03-19,0.00051956536,0.00013903796,145,57,ERA5_2004.nc
2004,2004-03-20,0.00070681283,0.00018278435,145,57,ERA5_2004.nc
2004,2004-03-21,0.00048159246,0.00014489355,145,57,ERA5_2004.nc
2004,2004-03-22,0.00019361157,9.407893e-05,145,57,ERA5_2004.nc
2004,2004-03-23,0.0005126964,8.5248015e-05,145,57,ERA5_2004.nc
2004,2004-03-24,0.0002836887,7.896979e-05,145,57,ERA5_2004.nc
2004,2004-03-25,0.00031994635,7.2382754e-05,145,57,ERA5_2004.nc
2004,2004-03-26,0.00086805027,0.00014701014,145,57,ERA5_2004.nc
2004,2004-03-27,0.00055543974,0.00010368622,145,57,ERA5_2004.nc
2004,2004-03-28,0.0006681025,0.00010069693,145,57,ERA5_2004.nc
2004,2004-03-29,0.00077361375,0.00013562414,145,57,ERA5_2004.nc
2004,2004-03-30,0.0014087831,0.0002282832,145,57,ERA5_2004.nc
2004,2004-03-31,0.0020877763,0.00028583285,145,57,ERA5_2004.nc
2004,2004-04-01,0.0008646915,0.00015115745,145,57,ERA5_2004.nc
2004,2004-04-02,0.0010607213,0.00012937114,145,57,ERA5_2004.nc
2004,2004-04-03,0.0030211145,0.0002582892,145,57,ERA5_2004.nc
2004,2004-04-04,0.0045200647,0.00040465678,145,57,ERA5_2004.nc
2004,2004-04-05,0.0025556914,0.00032295016,145,57,ERA5_2004.nc
2004,2004-04-06,0.0018618356,0.00023208767,145,57,ERA5_2004.nc
2004,2004-04-07,0.0013372907,0.00028293586,145,57,ERA5_2004.nc
2004,2004-04-08,0.0021630432,0.0002597762,145,57,ERA5_2004.nc
2004,2004-04-09,0.0034274997,0.0004314871,145,57,ERA5_2004.nc
2004,2004-04-10,0.003274328,0.00048143664,145,57,ERA5_2004.nc
2004,2004-04-11,0.0018478819,0.00032446207,145,57,ERA5_2004.nc
2004,2004-04-12,0.001549402,0.0003336379,145,57,ERA5_2004.nc
2004,2004-04-13,0.0021383804,0.00033487094,145,57,ERA5_2004.nc
2004,2004-04-14,0.0021672524,0.0003136036,145,57,ERA5_2004.nc
2004,2004-04-15,0.0012282096,0.00019847078,145,57,ERA5_2004.nc
2004,2004-04-16,0.0013686162,0.00020789662,145,57,ERA5_2004.nc
2004,2004-04-17,0.002544036,0.00039639225,145,57,ERA5_2004.nc
2004,2004-04-18,0.0011168931,0.00022571575,145,57,ERA5_2004.nc
2004,2004-04-19,0.0020306283,0.00033969968,145,57,ERA5_2004.nc
2004,2004-04-20,0.0016227993,0.0002791467,145,57,ERA5_2004.nc
2004,2004-04-21,0.0010763218,0.00021869506,145,57,ERA5_2004.nc
2004,2004-04-22,0.00216799,0.00026455405,145,57,ERA5_2004.nc
2004,2004-04-23,0.0021016821,0.00022449496,145,57,ERA5_2004.nc
2004,2004-04-24,0.0018278665,0.00032324932,145,57,ERA5_2004.nc
2004,2004-04-25,0.0018204638,0.00037927646,145,57,ERA5_2004.nc
2004,2004-04-26,0.0012600357,0.00022622186,145,57,ERA5_2004.nc
2004,2004-04-27,0.0012430933,0.00021329199,145,57,ERA5_2004.nc
2004,2004-04-28,0.002979206,0.00043514447,145,57,ERA5_2004.nc
2004,2004-04-29,0.0019932163,0.00040749751,145,57,ERA5_2004.nc
2004,2004-04-30,0.0038824303,0.000596886,145,57,ERA5_2004.nc
2004,2004-05-01,0.00304613,0.0004666529,145,57,ERA5_2004.nc
2004,2004-05-02,0.0020120689,0.00042280165,145,57,ERA5_2004.nc
2004,2004-05-03,0.0020841234,0.00038470427,145,57,ERA5_2004.nc
2004,2004-05-04,0.0007027589,0.00031912205,145,57,ERA5_2004.nc
2004,2004-05-05,0.000341904,0.00016563563,145,57,ERA5_2004.nc
2004,2004-05-06,0.00049357535,0.00021659287,145,57,ERA5_2004.nc
2004,2004-05-07,0.0021006984,0.00035135276,145,57,ERA5_2004.nc
2004,2004-05-08,0.0016722889,0.00040173286,145,57,ERA5_2004.nc
2004,2004-05-09,0.0011775333,0.00041783202,145,57,ERA5_2004.nc
2004,2004-05-10,0.0010407572,0.00029500976,145,57,ERA5_2004.nc
2004,2004-05-11,0.0009404665,0.00024769825,145,57,ERA5_2004.nc
2004,2004-05-12,0.0010359513,0.0002371773,145,57,ERA5_2004.nc
2004,2004-05-13,0.0019314643,0.00031153354,145,57,ERA5_2004.nc
2004,2004-05-14,0.0017171204,0.0002844549,145,57,ERA5_2004.nc
2004,2004-05-15,0.0007959348,0.00019115994,145,57,ERA5_2004.nc
2004,2004-05-16,0.0010975734,0.00018084946,145,57,ERA5_2004.nc
2004,2004-05-17,0.0006198244,0.00013437409,145,57,ERA5_2004.nc
2004,2004-05-18,0.00039881424,0.00011228125,145,57,ERA5_2004.nc
2004,2004-05-19,0.00046377763,0.00010594681,145,57,ERA5_2004.nc
2004,2004-05-20,0.0006319661,0.00013393794,145,57,ERA5_2004.nc
2004,2004-05-21,0.0020041806,0.000190741,145,57,ERA5_2004.nc
2004,2004-05-22,0.0017312476,0.00023616134,145,57,ERA5_2004.nc
2004,2004-05-23,0.00074305583,0.0001593162,145,57,ERA5_2004.nc
2004,2004-05-24,0.0012221015,0.00018710087,145,57,ERA5_2004.nc
2004,2004-05-25,0.0009842955,0.00016340049,145,57,ERA5_2004.nc
2004,2004-05-26,0.0010956345,0.00014264337,145,57,ERA5_2004.nc
2004,2004-05-27,0.002218768,0.00022773068,145,57,ERA5_2004.nc
2004,2004-05-28,0.0021346733,0.00020987517,145,57,ERA5_2004.nc
2004,2004-05-29,0.0023472859,0.00031841747,145,57,ERA5_2004.nc
2004,2004-05-30,0.0017560377,0.00024493123,145,57,ERA5_2004.nc
2004,2004-05-31,0.0020171062,0.00027516278,145,57,ERA5_2004.nc
2004,2004-06-01,0.0012516965,0.00017482064,145,57,ERA5_2004.nc
2004,2004-06-02,0.0020922585,0.00034982298,145,57,ERA5_2004.nc
2004,2004-06-03,0.0018900412,0.00028344,145,57,ERA5_2004.nc
2004,2004-06-04,0.0014892477,0.0002472733,145,57,ERA5_2004.nc
2004,2004-06-05,0.0021900404,0.00036624935,145,57,ERA5_2004.nc
2004,2004-06-06,0.0005826864,0.00016318998,145,57,ERA5_2004.nc
2004,2004-06-07,0.0010386617,0.00017541283,145,57,ERA5_2004.nc
2004,2004-06-08,0.0010572195,0.00017788468,145,57,ERA5_2004.nc
2004,2004-06-09,0.00151474,0.00024318269,145,57,ERA5_2004.nc
2004,2004-06-10,0.0018276332,0.00021366052,145,57,ERA5_2004.nc
2004,2004-06-11,0.00078976806,0.00016588511,145,57,ERA5_2004.nc
2004,2004-06-12,0.00088238355,0.00025221487,145,57,ERA5_2004.nc
2004,2004-06-13,0.0014706646,0.00019401892,145,57,ERA5_2004.nc
2004,2004-06-14,0.0025049374,0.00034088374,145,57,ERA5_2004.nc
2004,2004-06-15,0.0022770918,0.00029405698,145,57,ERA5_2004.nc
2004,2004-06-16,0.0010341692,0.00024034348,145,57,ERA5_2004.nc
2004,2004-06-17,0.001393612,0.0002631026,145,57,ERA5_2004.nc
2004,2004-06-18,0.0016411705,0.00031724232,145,57,ERA5_2004.nc
2004,2004-06-19,0.0012823197,0.0002366286,145,57,ERA5_2004.nc
2004,2004-06-20,0.0019170545,0.0002429912,145,57,ERA5_2004.nc
2004,2004-06-21,0.0018684526,0.00026502757,145,57,ERA5_2004.nc
2004,2004-06-22,0.0024728836,0.00034066837,145,57,ERA5_2004.nc
2004,2004-06-23,0.002610783,0.0003075362,145,57,ERA5_2004.nc
2004,2004-06-24,0.002675738,0.00033216598,145,57,ERA5_2004.nc
2004,2004-06-25,0.0030746318,0.00033764518,145,57,ERA5_2004.nc
2004,2004-06-26,0.0015385826,0.00028806512,145,57,ERA5_2004.nc
2004,2004-06-27,0.0010049093,0.00019649768,145,57,ERA5_2004.nc
2004,2004-06-28,0.0014795514,0.00021270361,145,57,ERA5_2004.nc
2004,2004-06-29,0.0016123741,0.00028579604,145,57,ERA5_2004.nc
2004,2004-06-30,0.0016102861,0.0002561134,145,57,ERA5_2004.nc
2004,2004-07-01,0.0016489747,0.00030288874,145,57,ERA5_2004.nc
2004,2004-07-02,0.0012174435,0.00027096117,145,57,ERA5_2004.nc
2004,2004-07-03,0.00091926486,0.0002272754,145,57,ERA5_2004.nc
2004,2004-07-04,0.00061173167,0.00018003442,145,57,ERA5_2004.nc
2004,2004-07-05,0.0011273253,0.00019243527,145,57,ERA5_2004.nc
2004,2004-07-06,0.0021866218,0.00025065048,145,57,ERA5_2004.nc
2004,2004-07-07,0.0014274183,0.00021221174,145,57,ERA5_2004.nc
2004,2004-07-08,0.00160706,0.00028149714,145,57,ERA5_2004.nc
2004,2004-07-09,0.0012029293,0.00019815644,145,57,ERA5_2004.nc
2004,2004-07-10,0.0013507511,0.00025786174,145,57,ERA5_2004.nc
2004,2004-07-11,0.0014011327,0.0002644082,145,57,ERA5_2004.nc
2004,2004-07-12,0.00097156444,0.00017457685,145,57,ERA5_2004.nc
2004,2004-07-13,0.001805163,0.00021884403,145,57,ERA5_2004.nc
2004,2004-07-14,0.0018699755,0.00022073742,145,57,ERA5_2004.nc
2004,2004-07-15,0.0023130768,0.00024601282,145,57,ERA5_2004.nc
2004,2004-07-16,0.0012480441,0.00018644988,145,57,ERA5_2004.nc
2004,2004-07-17,0.002636577,0.000279292,145,57,ERA5_2004.nc
2004,2004-07-18,0.0031821504,0.00032410875,145,57,ERA5_2004.nc
2004,2004-07-19,0.0018239799,0.0002746377,145,57,ERA5_2004.nc
2004,2004-07-20,0.001313363,0.00023595104,145,57,ERA5_2004.nc
2004,2004-07-21,0.001192645,0.0002689159,145,57,ERA5_2004.nc
2004,2004-07-22,0.002222498,0.00028501498,145,57,ERA5_2004.nc
2004,2004-07-23,0.003050982,0.0003850643,145,57,ERA5_2004.nc
2004,2004-07-24,0.0019897316,0.00026966084,145,57,ERA5_2004.nc
2004,2004-07-25,0.0012817397,0.000237422,145,57,ERA5_2004.nc
2004,2004-07-26,0.0019658576,0.00028531087,145,57,ERA5_2004.nc
2004,2004-07-27,0.0031676688,0.00038190873,145,57,ERA5_2004.nc
2004,2004-07-28,0.0024678214,0.00036368158,145,57,ERA5_2004.nc
2004,2004-07-29,0.001629419,0.00029434002,145,57,ERA5_2004.nc
2004,2004-07-30,0.0020161618,0.0002652971,145,57,ERA5_2004.nc
2004,2004-07-31,0.0017423665,0.00027287874,145,57,ERA5_2004.nc
2004,2004-08-01,0.0029898444,0.00041268094,145,57,ERA5_2004.nc
2004,2004-08-02,0.0018739034,0.0003015172,145,57,ERA5_2004.nc
2004,2004-08-03,0.0019467584,0.000311967,145,57,ERA5_2004.nc
2004,2004-08-04,0.0030420753,0.0003569455,145,57,ERA5_2004.nc
2004,2004-08-05,0.0027445648,0.00035272707,145,57,ERA5_2004.nc
2004,2004-08-06,0.0025725856,0.00042529334,145,57,ERA5_2004.nc
2004,2004-08-07,0.003706547,0.00058438955,145,57,ERA5_2004.nc
2004,2004-08-08,0.003313289,0.00048408966,145,57,ERA5_2004.nc
2004,2004-08-09,0.002293821,0.00044182164,145,57,ERA5_2004.nc
2004,2004-08-10,0.0025074831,0.00042926575,145,57,ERA5_2004.nc
2004,2004-08-11,0.0033457966,0.00056751823,145,57,ERA5_2004.nc
2004,2004-08-12,0.0040865242,0.0006094123,145,57,ERA5_2004.nc
2004,2004-08-13,0.0020510294,0.00042040437,145,57,ERA5_2004.nc
2004,2004-08-14,0.0021711085,0.00040680091,145,57,ERA5_2004.nc
2004,2004-08-15,0.0025705893,0.0005104665,145,57,ERA5_2004.nc
2004,2004-08-16,0.002697694,0.0005079183,145,57,ERA5_2004.nc
2004,2004-08-17,0.0028582104,0.0005734785,145,57,ERA5_2004.nc
2004,2004-08-18,0.0032221018,0.0005510555,145,57,ERA5_2004.nc
2004,2004-08-19,0.0029968978,0.00056410936,145,57,ERA5_2004.nc
2004,2004-08-20,0.0027015153,0.0005197944,145,57,ERA5_2004.nc
2004,2004-08-21,0.0017179719,0.00043382784,145,57,ERA5_2004.nc
2004,2004-08-22,0.0014923715,0.0003775644,145,57,ERA5_2004.nc
2004,2004-08-23,0.00318357,0.0006521776,145,57,ERA5_2004.nc
2004,2004-08-24,0.0017338599,0.0004332702,145,57,ERA5_2004.nc
2004,2004-08-25,0.0026004878,0.00049154117,145,57,ERA5_2004.nc
2004,2004-08-26,0.0017009968,0.00041091768,145,57,ERA5_2004.nc
2004,2004-08-27,0.001962536,0.000418758,145,57,ERA5_2004.nc
2004,2004-08-28,0.0013289751,0.00030044164,145,57,ERA5_2004.nc
2004,2004-08-29,0.0012794526,0.00029328142,145,57,ERA5_2004.nc
2004,2004-08-30,0.0019323196,0.00034072745,145,57,ERA5_2004.nc
2004,2004-08-31,0.0028809325,0.0004445905,145,57,ERA5_2004.nc
2004,2004-09-01,0.0015503834,0.00034422625,145,57,ERA5_2004.nc
2004,2004-09-02,0.0022288854,0.00039825068,145,57,ERA5_2004.nc
2004,2004-09-03,0.003189528,0.000490105,145,57,ERA5_2004.nc
2004,2004-09-04,0.0020192508,0.00045570888,145,57,ERA5_2004.nc
2004,2004-09-05,0.0020381338,0.00046481565,145,57,ERA5_2004.nc
2004,2004-09-06,0.0031339966,0.00051022467,145,57,ERA5_2004.nc
2004,2004-09-07,0.0029766206,0.0006036163,145,57,ERA5_2004.nc
2004,2004-09-08,0.0028649545,0.00055794953,145,57,ERA5_2004.nc
2004,2004-09-09,0.0012144546,0.0004132323,145,57,ERA5_2004.nc
2004,2004-09-10,0.0011618363,0.00034176468,145,57,ERA5_2004.nc
2004,2004-09-11,0.002702438,0.00045223045,145,57,ERA5_2004.nc
2004,2004-09-12,0.0013416301,0.00035422554,145,57,ERA5_2004.nc
2004,2004-09-13,0.0018736246,0.00042015716,145,57,ERA5_2004.nc
2004,2004-09-14,0.0025133793,0.0004893496,145,57,ERA5_2004.nc
2004,2004-09-15,0.0012254672,0.0003964829,145,57,ERA5_2004.nc
2004,2004-09-16,0.0013145255,0.00039480033,145,57,ERA5_2004.nc
2004,2004-09-17,0.0013442233,0.00035319413,145,57,ERA5_2004.nc
2004,2004-09-18,0.0030384003,0.00064663525,145,57,ERA5_2004.nc
2004,2004-09-19,0.0016278189,0.00041812917,145,57,ERA5_2004.nc
2004,2004-09-20,0.0012995164,0.00032352682,145,57,ERA5_2004.nc
2004,2004-09-21,0.002521799,0.00049498666,145,57,ERA5_2004.nc
2004,2004-09-22,0.0019886354,0.000415658,145,57,ERA5_2004.nc
2004,2004-09-23,0.0033157412,0.0007230165,145,57,ERA5_2004.nc
2004,2004-09-24,0.0018401504,0.0004864841,145,57,ERA5_2004.nc
2004,2004-09-25,0.0020539975,0.0004754042,145,57,ERA5_2004.nc
2004,2004-09-26,0.0021565412,0.00047506212,145,57,ERA5_2004.nc
2004,2004-09-27,0.002626082,0.0005578059,145,57,ERA5_2004.nc
2004,2004-09-28,0.003397427,0.0006397369,145,57,ERA5_2004.nc
2004,2004-09-29,0.002913441,0.0005326737,145,57,ERA5_2004.nc
2004,2004-09-30,0.0026879068,0.0005271753,145,57,ERA5_2004.nc
2004,2004-10-01,0.0031056637,0.00064289576,145,57,ERA5_2004.nc
2004,2004-10-02,0.0024258238,0.00063508144,145,57,ERA5_2004.nc
2004,2004-10-03,0.0012586915,0.00041919606,145,57,ERA5_2004.nc
2004,2004-10-04,0.0021528618,0.00050555146,145,57,ERA5_2004.nc
2004,2004-10-05,0.0024820436,0.00053351466,145,57,ERA5_2004.nc
2004,2004-10-06,0.0010666827,0.0003808761,145,57,ERA5_2004.nc
2004,2004-10-07,0.00041330402,0.00031286743,145,57,ERA5_2004.nc
2004,2004-10-08,0.0006757943,0.00029681294,145,57,ERA5_2004.nc
2004,2004-10-09,0.0016444351,0.0004034799,145,57,ERA5_2004.nc
2004,2004-10-10,0.0015671297,0.00035057176,145,57,ERA5_2004.nc
2004,2004-10-11,0.0021739472,0.00047242126,145,57,ERA5_2004.nc
2004,2004-10-12,0.0019434319,0.0004539332,145,57,ERA5_2004.nc
2004,2004-10-13,0.0010247208,0.00033356625,145,57,ERA5_2004.nc
2004,2004-10-14,0.0021612041,0.0005554925,145,57,ERA5_2004.nc
2004,2004-10-15,0.0021888707,0.00051768456,145,57,ERA5_2004.nc
2004,2004-10-16,0.002594918,0.00055013015,145,57,ERA5_2004.nc
2004,2004-10-17,0.0023354061,0.00053852994,145,57,ERA5_2004.nc
2004,2004-10-18,0.0010578318,0.00040937157,145,57,ERA5_2004.nc
2004,2004-10-19,0.0014016181,0.00041663402,145,57,ERA5_2004.nc
2004,2004-10-20,0.0017293033,0.0004156579,145,57,ERA5_2004.nc
2004,2004-10-21,0.0028996686,0.0006048898,145,57,ERA5_2004.nc
2004,2004-10-22,0.0019870105,0.00049311406,145,57,ERA5_2004.nc
2004,2004-10-23,0.0015122785,0.00044616064,145,57,ERA5_2004.nc
2004,2004-10-24,0.0014797577,0.00046102784,145,57,ERA5_2004.nc
2004,2004-10-25,0.0026038382,0.0005943914,145,57,ERA5_2004.nc
2004,2004-10-26,0.0030727687,0.0006830337,145,57,ERA5_2004.nc
2004,2004-10-27,0.00270087,0.00055428536,145,57,ERA5_2004.nc
2004,2004-10-28,0.0015368452,0.00049706036,145,57,ERA5_2004.nc
2004,2004-10-29,0.00228634,0.0006284406,145,57,ERA5_2004.nc
2004,2004-10-30,0.0029378561,0.00066990184,145,57,ERA5_2004.nc
2004,2004-10-31,0.0014088089,0.00049338595,145,57,ERA5_2004.nc
2004,2004-11-01,0.0029855245,0.0007163093,145,57,ERA5_2004.nc
2004,2004-11-02,0.0037801142,0.0007856635,145,57,ERA5_2004.nc
2004,2004-11-03,0.0022951919,0.00064787746,145,57,ERA5_2004.nc
2004,2004-11-04,0.0009472554,0.00042856825,145,57,ERA5_2004.nc
2004,2004-11-05,0.0022110727,0.0006164985,145,57,ERA5_2004.nc
2004,2004-11-06,0.0020879277,0.00066460605,145,57,ERA5_2004.nc
2004,2004-11-07,0.0016179681,0.0005317653,145,57,ERA5_2004.nc
2004,2004-11-08,0.0011755731,0.00046038342,145,57,ERA5_2004.nc
2004,2004-11-09,0.001478319,0.0005305123,145,57,ERA5_2004.nc
2004,2004-11-10,0.0013239812,0.00048166257,145,57,ERA5_2004.nc
2004,2004-11-11,0.0019340757,0.0006418695,145,57,ERA5_2004.nc
2004,2004-11-12,0.0008935822,0.00045053483,145,57,ERA5_2004.nc
2004,2004-11-13,0.0011719188,0.0005056237,145,57,ERA5_2004.nc
2004,2004-11-14,0.0016935134,0.0005634086,145,57,ERA5_2004.nc
2004,2004-11-15,0.0010277368,0.0004785447,145,57,ERA5_2004.nc
2004,2004-11-16,0.0008672412,0.00041958288,145,57,ERA5_2004.nc
2004,2004-11-17,0.0015473182,0.00046031474,145,57,ERA5_2004.nc
2004,2004-11-18,0.0018992685,0.00049366977,145,57,ERA5_2004.nc
2004,2004-11-19,0.0024880134,0.00062485004,145,57,ERA5_2004.nc
2004,2004-11-20,0.0020123695,0.00048658968,145,57,ERA5_2004.nc
2004,2004-11-21,0.0015165198,0.00043930986,145,57,ERA5_2004.nc
2004,2004-11-22,0.0019871911,0.000497489,145,57,ERA5_2004.nc
2004,2004-11-23,0.0026145815,0.0006635202,145,57,ERA5_2004.nc
2004,2004-11-24,0.00243304,0.00061351166,145,57,ERA5_2004.nc
2004,2004-11-25,0.002925476,0.00075610774,145,57,ERA5_2004.nc
2004,2004-11-26,0.001661901,0.00050392566,145,57,ERA5_2004.nc
2004,2004-11-27,0.00089587807,0.0004962571,145,57,ERA5_2004.nc
2004,2004-11-28,0.00031002585,0.00034586206,145,57,ERA5_2004.nc
2004,2004-11-29,0.000918316,0.00040858446,145,57,ERA5_2004.nc
2004,2004-11-30,0.0006355343,0.00035980588,145,57,ERA5_2004.nc
2004,2004-12-01,0.00083317305,0.00037555982,145,57,ERA5_2004.nc
2004,2004-12-02,0.0013719753,0.000448624,145,57,ERA5_2004.nc
2004,2004-12-03,0.0006691072,0.00033566856,145,57,ERA5_2004.nc
2004,2004-12-04,0.00050946703,0.00029103016,145,57,ERA5_2004.nc
2004,2004-12-05,0.0006031161,0.0003192195,145,57,ERA5_2004.nc
2004,2004-12-06,0.0009851956,0.00033407225,145,57,ERA5_2004.nc
2004,2004-12-07,0.0014938877,0.00044835353,145,57,ERA5_2004.nc
2004,2004-12-08,0.0013974309,0.00039582176,145,57,ERA5_2004.nc
2004,2004-12-09,0.0009651226,0.00035045197,145,57,ERA5_2004.nc
2004,2004-12-10,0.0008898233,0.0003049957,145,57,ERA5_2004.nc
2004,2004-12-11,0.0015773242,0.00045241936,145,57,ERA5_2004.nc
2004,2004-12-12,0.0010123812,0.0003346342,145,57,ERA5_2004.nc
2004,2004-12-13,0.00077020924,0.0003095735,145,57,ERA5_2004.nc
2004,2004-12-14,0.00055443344,0.0002885987,145,57,ERA5_2004.nc
2004,2004-12-15,0.0009980556,0.00030243956,145,57,ERA5_2004.nc
2004,2004-12-16,0.0014382999,0.0003342987,145,57,ERA5_2004.nc
2004,2004-12-17,0.0004671564,0.00025960774,145,57,ERA5_2004.nc
2004,2004-12-18,0.00089682965,0.0003332579,145,57,ERA5_2004.nc
2004,2004-12-19,0.00077677506,0.0003276302,145,57,ERA5_2004.nc
2004,2004-12-20,0.0005993701,0.00024781647,145,57,ERA5_2004.nc
2004,2004-12-21,0.00088696316,0.0002806367,145,57,ERA5_2004.nc
2004,2004-12-22,0.0007977588,0.00027697507,145,57,ERA5_2004.nc
2004,2004-12-23,0.0016026273,0.00034847617,145,57,ERA5_2004.nc
2004,2004-12-24,0.0016100517,0.00030856195,145,57,ERA5_2004.nc
2004,2004-12-25,0.0006931637,0.00024447634,145,57,ERA5_2004.nc
2004,2004-12-26,0.0004327865,0.00019772824,145,57,ERA5_2004.nc
2004,2004-12-27,0.00050860376,0.00025847304,145,57,ERA5_2004.nc
2004,2004-12-28,0.00049472216,0.00028741139,145,57,ERA5_2004.nc
2004,2004-12-29,0.000795705,0.00024855105,145,57,ERA5_2004.nc
2004,2004-12-30,0.00053782016,0.0002442671,145,57,ERA5_2004.nc
2004,2004-12-31,0.0004918246,0.00022286561,145,57,ERA5_2004.nc
2005,2005-01-01,0.00059741235,0.00020689768,145,57,ERA5_2005.nc
2005,2005-01-02,0.0012951738,0.00044865464,145,57,ERA5_2005.nc
2005,2005-01-03,0.00043365537,0.00019315092,145,57,ERA5_2005.nc
2005,2005-01-04,0.000629864,0.0001958982,145,57,ERA5_2005.nc
2005,2005-01-05,0.0007751924,0.00018473456,145,57,ERA5_2005.nc
2005,2005-01-06,0.00022350792,0.00016601288,145,57,ERA5_2005.nc
2005,2005-01-07,0.0006809938,0.00022280772,145,57,ERA5_2005.nc
2005,2005-01-08,0.00064449385,0.00017657984,145,57,ERA5_2005.nc
2005,2005-01-09,0.0001899669,0.00015909041,145,57,ERA5_2005.nc
2005,2005-01-10,0.00011243508,0.0001386519,145,57,ERA5_2005.nc
2005,2005-01-11,0.0001663882,0.00014596726,145,57,ERA5_2005.nc
2005,2005-01-12,0.0002391593,0.00015254998,145,57,ERA5_2005.nc
2005,2005-01-13,0.00034523552,0.00016173601,145,57,ERA5_2005.nc
2005,2005-01-14,0.0008970729,0.00017971844,145,57,ERA5_2005.nc
2005,2005-01-15,0.0005295101,0.00015129271,145,57,ERA5_2005.nc
2005,2005-01-16,0.00043932174,0.0001232469,145,57,ERA5_2005.nc
2005,2005-01-17,0.0005480646,0.00011705718,145,57,ERA5_2005.nc
2005,2005-01-18,0.0004894115,0.0001087791,145,57,ERA5_2005.nc
2005,2005-01-19,0.00049833936,0.00010737128,145,57,ERA5_2005.nc
2005,2005-01-20,0.00016135251,0.00010817715,145,57,ERA5_2005.nc
2005,2005-01-21,0.00028517557,0.00010692161,145,57,ERA5_2005.nc
2005,2005-01-22,0.0005112218,0.00010178807,145,57,ERA5_2005.nc
2005,2005-01-23,0.0009973601,0.00012271717,145,57,ERA5_2005.nc
2005,2005-01-24,0.0005247847,0.00011790848,145,57,ERA5_2005.nc
2005,2005-01-25,0.000566281,0.00011799189,145,57,ERA5_2005.nc
2005,2005-01-26,0.00049532234,0.0001237213,145,57,ERA5_2005.nc
2005,2005-01-27,0.0008174437,0.00017196506,145,57,ERA5_2005.nc
2005,2005-01-28,0.0009941895,0.00017472087,145,57,ERA5_2005.nc
2005,2005-01-29,0.00067746144,0.0001367857,145,57,ERA5_2005.nc
2005,2005-01-30,0.00023814032,0.0001018221,145,57,ERA5_2005.nc
2005,2005-01-31,0.0003088298,0.00012317738,145,57,ERA5_2005.nc
2005,2005-02-01,0.0009990003,0.00014334117,145,57,ERA5_2005.nc
2005,2005-02-02,0.0011345228,0.00017775044,145,57,ERA5_2005.nc
2005,2005-02-03,0.00047984888,0.00010729664,145,57,ERA5_2005.nc
2005,2005-02-04,0.0003533596,8.890483e-05,145,57,ERA5_2005.nc
2005,2005-02-05,0.00034732863,9.276984e-05,145,57,ERA5_2005.nc
2005,2005-02-06,0.0004043958,9.590098e-05,145,57,ERA5_2005.nc
2005,2005-02-07,0.0012098193,0.00018944552,145,57,ERA5_2005.nc
2005,2005-02-08,0.0014823708,0.00023811052,145,57,ERA5_2005.nc
2005,2005-02-09,0.00090473273,0.00015780784,145,57,ERA5_2005.nc
2005,2005-02-10,0.00017476967,7.2880735e-05,145,57,ERA5_2005.nc
2005,2005-02-11,0.0002547222,7.085177e-05,145,57,ERA5_2005.nc
2005,2005-02-12,0.00026184996,7.08224e-05,145,57,ERA5_2005.nc
2005,2005-02-13,8.0307975e-05,6.5717686e-05,145,57,ERA5_2005.nc
2005,2005-02-14,2.989489e-05,6.3656116e-05,145,57,ERA5_2005.nc
2005,2005-02-15,3.9457365e-05,6.305761e-05,145,57,ERA5_2005.nc
2005,2005-02-16,7.5178206e-05,6.3187676e-05,145,57,ERA5_2005.nc
2005,2005-02-17,0.00029967452,6.8212554e-05,145,57,ERA5_2005.nc
2005,2005-02-18,8.743826e-05,5.7889672e-05,145,57,ERA5_2005.nc
2005,2005-02-19,0.00018432437,5.984048e-05,145,57,ERA5_2005.nc
2005,2005-02-20,0.00021397226,5.50157e-05,145,57,ERA5_2005.nc
2005,2005-02-21,0.00031047856,5.4463053e-05,145,57,ERA5_2005.nc
2005,2005-02-22,0.00030746806,5.2970176e-05,145,57,ERA5_2005.nc
2005,2005-02-23,0.000103458144,5.5712135e-05,145,57,ERA5_2005.nc
2005,2005-02-24,4.9988284e-05,4.98168e-05,145,57,ERA5_2005.nc
2005,2005-02-25,0.00086545566,9.691037e-05,145,57,ERA5_2005.nc
2005,2005-02-26,0.0025391441,0.00027134514,145,57,ERA5_2005.nc
2005,2005-02-27,0.0013350707,0.00010161885,145,57,ERA5_2005.nc
2005,2005-02-28,0.0018349797,0.00013627722,145,57,ERA5_2005.nc
2005,2005-03-01,0.0003082233,7.4803334e-05,145,57,ERA5_2005.nc
2005,2005-03-02,0.0012456949,0.00016367162,145,57,ERA5_2005.nc
2005,2005-03-03,0.0010712522,0.00012249332,145,57,ERA5_2005.nc
2005,2005-03-04,0.00023381713,5.528637e-05,145,57,ERA5_2005.nc
2005,2005-03-05,0.0012010087,0.00012131,145,57,ERA5_2005.nc
2005,2005-03-06,0.002200658,0.0004264273,145,57,ERA5_2005.nc
2005,2005-03-07,0.00074191147,0.00013243554,145,57,ERA5_2005.nc
2005,2005-03-08,0.0006265682,7.2202754e-05,145,57,ERA5_2005.nc
2005,2005-03-09,0.001036654,8.1661434e-05,145,57,ERA5_2005.nc
2005,2005-03-10,0.00062089367,6.622131e-05,145,57,ERA5_2005.nc
2005,2005-03-11,0.0015246774,0.00012702015,145,57,ERA5_2005.nc
2005,2005-03-12,0.0016998381,0.00011729155,145,57,ERA5_2005.nc
2005,2005-03-13,0.0015299784,0.0002393723,145,57,ERA5_2005.nc
2005,2005-03-14,0.0019367153,0.00027129098,145,57,ERA5_2005.nc
2005,2005-03-15,0.0015444143,0.00021547577,145,57,ERA5_2005.nc
2005,2005-03-16,0.0035261733,0.0005874775,145,57,ERA5_2005.nc
2005,2005-03-17,0.0019675144,0.00030276913,145,57,ERA5_2005.nc
2005,2005-03-18,0.0015189955,0.00023129745,145,57,ERA5_2005.nc
2005,2005-03-19,0.0020928336,0.00034502705,145,57,ERA5_2005.nc
2005,2005-03-20,0.0029286547,0.0003565425,145,57,ERA5_2005.nc
2005,2005-03-21,0.0019271208,0.00034313556,145,57,ERA5_2005.nc
2005,2005-03-22,0.0018881835,0.0003501102,145,57,ERA5_2005.nc
2005,2005-03-23,0.0008946471,0.00016667217,145,57,ERA5_2005.nc
2005,2005-03-24,0.001060897,0.000213115,145,57,ERA5_2005.nc
2005,2005-03-25,0.0013814799,0.0002476718,145,57,ERA5_2005.nc
2005,2005-03-26,0.0011527194,0.00017282605,145,57,ERA5_2005.nc
2005,2005-03-27,0.0020351808,0.00033582188,145,57,ERA5_2005.nc
2005,2005-03-28,0.00058267824,0.00015444367,145,57,ERA5_2005.nc
2005,2005-03-29,0.00068517536,0.00016126301,145,57,ERA5_2005.nc
2005,2005-03-30,0.0005937284,9.9387194e-05,145,57,ERA5_2005.nc
2005,2005-03-31,0.00031285634,6.810498e-05,145,57,ERA5_2005.nc
2005,2005-04-01,0.0004263096,6.505507e-05,145,57,ERA5_2005.nc
2005,2005-04-02,0.00028602063,8.777334e-05,145,57,ERA5_2005.nc
2005,2005-04-03,0.0004127641,6.566275e-05,145,57,ERA5_2005.nc
2005,2005-04-04,0.0010777953,0.00012250239,145,57,ERA5_2005.nc
2005,2005-04-05,0.0017460416,0.0001834816,145,57,ERA5_2005.nc
2005,2005-04-06,0.0014354488,0.00023002026,145,57,ERA5_2005.nc
2005,2005-04-07,0.0013372416,0.00026179868,145,57,ERA5_2005.nc
2005,2005-04-08,0.0014365581,0.00030600748,145,57,ERA5_2005.nc
2005,2005-04-09,0.0014924332,0.00019565586,145,57,ERA5_2005.nc
2005,2005-04-10,0.0016191283,0.00018373306,145,57,ERA5_2005.nc
2005,2005-04-11,0.0022990492,0.00029932708,145,57,ERA5_2005.nc
2005,2005-04-12,0.0010954753,0.00015314446,145,57,ERA5_2005.nc
2005,2005-04-13,0.002322622,0.0003114905,145,57,ERA5_2005.nc
2005,2005-04-14,0.0013709479,0.00019260342,145,57,ERA5_2005.nc
2005,2005-04-15,0.0009947284,0.00015397972,145,57,ERA5_2005.nc
2005,2005-04-16,0.001786482,0.00020115433,145,57,ERA5_2005.nc
2005,2005-04-17,0.0017401892,0.00027887966,145,57,ERA5_2005.nc
2005,2005-04-18,0.0009946241,0.0001469925,145,57,ERA5_2005.nc
2005,2005-04-19,0.0015024354,0.00021694874,145,57,ERA5_2005.nc
2005,2005-04-20,0.00073784695,0.0001665898,145,57,ERA5_2005.nc
2005,2005-04-21,0.00043877636,9.512226e-05,145,57,ERA5_2005.nc
2005,2005-04-22,0.0018667922,0.00020668101,145,57,ERA5_2005.nc
2005,2005-04-23,0.0016882364,0.00020637331,145,57,ERA5_2005.nc
2005,2005-04-24,0.001580684,0.00017393444,145,57,ERA5_2005.nc
2005,2005-04-25,0.0012300933,0.00013945287,145,57,ERA5_2005.nc
2005,2005-04-26,0.0024096803,0.0003872658,145,57,ERA5_2005.nc
2005,2005-04-27,0.0032230327,0.00047479133,145,57,ERA5_2005.nc
2005,2005-04-28,0.003742245,0.0004449904,145,57,ERA5_2005.nc
2005,2005-04-29,0.001455747,0.0001608755,145,57,ERA5_2005.nc
2005,2005-04-30,0.0018664463,0.00023867874,145,57,ERA5_2005.nc
2005,2005-05-01,0.0033204297,0.00039412818,145,57,ERA5_2005.nc
2005,2005-05-02,0.0030453948,0.00042197708,145,57,ERA5_2005.nc
2005,2005-05-03,0.002666756,0.00035821387,145,57,ERA5_2005.nc
2005,2005-05-04,0.002389099,0.00039008778,145,57,ERA5_2005.nc
2005,2005-05-05,0.0037139202,0.00056699506,145,57,ERA5_2005.nc
2005,2005-05-06,0.0032378733,0.00054310355,145,57,ERA5_2005.nc
2005,2005-05-07,0.0018044447,0.00036643533,145,57,ERA5_2005.nc
2005,2005-05-08,0.001874415,0.00039028638,145,57,ERA5_2005.nc
2005,2005-05-09,0.0012630057,0.0002848685,145,57,ERA5_2005.nc
2005,2005-05-10,0.0013462442,0.00024301176,145,57,ERA5_2005.nc
2005,2005-05-11,0.002209452,0.00038924976,145,57,ERA5_2005.nc
2005,2005-05-12,0.0025423495,0.00048229547,145,57,ERA5_2005.nc
2005,2005-05-13,0.0018207997,0.00039839867,145,57,ERA5_2005.nc
2005,2005-05-14,0.0016372658,0.00046517455,145,57,ERA5_2005.nc
2005,2005-05-15,0.0011477706,0.00031797937,145,57,ERA5_2005.nc
2005,2005-05-16,0.0016649559,0.00037350372,145,57,ERA5_2005.nc
2005,2005-05-17,0.0012825276,0.00030306465,145,57,ERA5_2005.nc
2005,2005-05-18,0.0016486346,0.00034357441,145,57,ERA5_2005.nc
2005,2005-05-19,0.0008779378,0.0002155313,145,57,ERA5_2005.nc
2005,2005-05-20,0.001992377,0.0003236464,145,57,ERA5_2005.nc
2005,2005-05-21,0.0026521096,0.00042389712,145,57,ERA5_2005.nc
2005,2005-05-22,0.0027477515,0.00043164374,145,57,ERA5_2005.nc
2005,2005-05-23,0.0015617688,0.00033408945,145,57,ERA5_2005.nc
2005,2005-05-24,0.0035996335,0.00053754606,145,57,ERA5_2005.nc
2005,2005-05-25,0.0041996907,0.00049208064,145,57,ERA5_2005.nc
2005,2005-05-26,0.0032564104,0.0004243956,145,57,ERA5_2005.nc
2005,2005-05-27,0.003204823,0.0004942737,145,57,ERA5_2005.nc
2005,2005-05-28,0.0044047683,0.0005826297,145,57,ERA5_2005.nc
2005,2005-05-29,0.0040288055,0.0006852486,145,57,ERA5_2005.nc
2005,2005-05-30,0.0016094586,0.00042007782,145,57,ERA5_2005.nc
2005,2005-05-31,0.0010851223,0.00028178244,145,57,ERA5_2005.nc
2005,2005-06-01,0.001431084,0.00025901536,145,57,ERA5_2005.nc
2005,2005-06-02,0.0021709185,0.00035146798,145,57,ERA5_2005.nc
2005,2005-06-03,0.0010766496,0.000252597,145,57,ERA5_2005.nc
2005,2005-06-04,0.00088214,0.00022804286,145,57,ERA5_2005.nc
2005,2005-06-05,0.00093693647,0.00020815578,145,57,ERA5_2005.nc
2005,2005-06-06,0.002207185,0.00036823627,145,57,ERA5_2005.nc
2005,2005-06-07,0.0026088553,0.00042287965,145,57,ERA5_2005.nc
2005,2005-06-08,0.0026366184,0.0004341905,145,57,ERA5_2005.nc
2005,2005-06-09,0.0024190317,0.00040336902,145,57,ERA5_2005.nc
2005,2005-06-10,0.0017631894,0.00035794292,145,57,ERA5_2005.nc
2005,2005-06-11,0.0019513275,0.00036229566,145,57,ERA5_2005.nc
2005,2005-06-12,0.0019863662,0.00028453246,145,57,ERA5_2005.nc
2005,2005-06-13,0.0014013163,0.00026719534,145,57,ERA5_2005.nc
2005,2005-06-14,0.000656339,0.00019936595,145,57,ERA5_2005.nc
2005,2005-06-15,0.0014027357,0.0002400848,145,57,ERA5_2005.nc
2005,2005-06-16,0.002186214,0.0002856574,145,57,ERA5_2005.nc
2005,2005-06-17,0.0023555062,0.00038674122,145,57,ERA5_2005.nc
2005,2005-06-18,0.0027188035,0.0004276553,145,57,ERA5_2005.nc
2005,2005-06-19,0.0015782041,0.000317208,145,57,ERA5_2005.nc
2005,2005-06-20,0.00177093,0.0002841971,145,57,ERA5_2005.nc
2005,2005-06-21,0.0020616055,0.00031282386,145,57,ERA5_2005.nc
2005,2005-06-22,0.0028260197,0.0003899793,145,57,ERA5_2005.nc
2005,2005-06-23,0.002249245,0.00043406154,145,57,ERA5_2005.nc
2005,2005-06-24,0.0019026715,0.0003777243,145,57,ERA5_2005.nc
2005,2005-06-25,0.0015680469,0.0003694186,145,57,ERA5_2005.nc
2005,2005-06-26,0.0009458086,0.0002478003,145,57,ERA5_2005.nc
2005,2005-06-27,0.0026202374,0.0004424787,145,57,ERA5_2005.nc
2005,2005-06-28,0.0038105913,0.00049056025,145,57,ERA5_2005.nc
2005,2005-06-29,0.0025089793,0.00039672444,145,57,ERA5_2005.nc
2005,2005-06-30,0.0016010732,0.00032882288,145,57,ERA5_2005.nc
2005,2005-07-01,0.0013441339,0.0003422814,145,57,ERA5_2005.nc
2005,2005-07-02,0.0018769772,0.00031829506,145,57,ERA5_2005.nc
2005,2005-07-03,0.0023911675,0.0003445724,145,57,ERA5_2005.nc
2005,2005-07-04,0.0028610697,0.00039702334,145,57,ERA5_2005.nc
2005,2005-07-05,0.0028822108,0.00051374175,145,57,ERA5_2005.nc
2005,2005-07-06,0.0024059154,0.00037978933,145,57,ERA5_2005.nc
2005,2005-07-07,0.0015774679,0.00027005363,145,57,ERA5_2005.nc
2005,2005-07-08,0.0018534403,0.00032905754,145,57,ERA5_2005.nc
2005,2005-07-09,0.0032720761,0.00041680742,145,57,ERA5_2005.nc
2005,2005-07-10,0.0021464806,0.00035581086,145,57,ERA5_2005.nc
2005,2005-07-11,0.001971985,0.0002982805,145,57,ERA5_2005.nc
2005,2005-07-12,0.002277835,0.00032377918,145,57,ERA5_2005.nc
2005,2005-07-13,0.0016639038,0.00031692028,145,57,ERA5_2005.nc
2005,2005-07-14,0.00043468457,0.00021158259,145,57,ERA5_2005.nc
2005,2005-07-15,0.0013385782,0.00027596927,145,57,ERA5_2005.nc
2005,2005-07-16,0.0035701052,0.0005056971,145,57,ERA5_2005.nc
2005,2005-07-17,0.0031283714,0.00043097022,145,57,ERA5_2005.nc
2005,2005-07-18,0.0013489324,0.00025979374,145,57,ERA5_2005.nc
2005,2005-07-19,0.0007925986,0.0002274819,145,57,ERA5_2005.nc
2005,2005-07-20,0.00130316,0.00035488355,145,57,ERA5_2005.nc
2005,2005-07-21,0.0023533162,0.00038805383,145,57,ERA5_2005.nc
2005,2005-07-22,0.0025112578,0.00038240594,145,57,ERA5_2005.nc
2005,2005-07-23,0.0011208311,0.0003520938,145,57,ERA5_2005.nc
2005,2005-07-24,0.0021138103,0.0004204945,145,57,ERA5_2005.nc
2005,2005-07-25,0.0020022774,0.00029438274,145,57,ERA5_2005.nc
2005,2005-07-26,0.00245426,0.0003785248,145,57,ERA5_2005.nc
2005,2005-07-27,0.0020254827,0.00033184106,145,57,ERA5_2005.nc
2005,2005-07-28,0.003439025,0.00047598215,145,57,ERA5_2005.nc
2005,2005-07-29,0.0031096186,0.0004271358,145,57,ERA5_2005.nc
2005,2005-07-30,0.0027399962,0.00043848465,145,57,ERA5_2005.nc
2005,2005-07-31,0.00196807,0.00038831405,145,57,ERA5_2005.nc
2005,2005-08-01,0.0017662237,0.00035584945,145,57,ERA5_2005.nc
2005,2005-08-02,0.0025356594,0.00051839615,145,57,ERA5_2005.nc
2005,2005-08-03,0.0025926242,0.00053181255,145,57,ERA5_2005.nc
2005,2005-08-04,0.0023281688,0.0004452965,145,57,ERA5_2005.nc
2005,2005-08-05,0.0023483087,0.00046622322,145,57,ERA5_2005.nc
2005,2005-08-06,0.0026116525,0.00045365168,145,57,ERA5_2005.nc
2005,2005-08-07,0.0029096673,0.00048832595,145,57,ERA5_2005.nc
2005,2005-08-08,0.003521558,0.0007129564,145,57,ERA5_2005.nc
2005,2005-08-09,0.0016985768,0.00037670427,145,57,ERA5_2005.nc
2005,2005-08-10,0.0016639923,0.00041069722,145,57,ERA5_2005.nc
2005,2005-08-11,0.0017997576,0.00040353264,145,57,ERA5_2005.nc
2005,2005-08-12,0.0031147967,0.00050694705,145,57,ERA5_2005.nc
2005,2005-08-13,0.0039967205,0.0006697955,145,57,ERA5_2005.nc
2005,2005-08-14,0.004190917,0.00075531437,145,57,ERA5_2005.nc
2005,2005-08-15,0.0037777666,0.0007759594,145,57,ERA5_2005.nc
2005,2005-08-16,0.0035905843,0.0006787113,145,57,ERA5_2005.nc
2005,2005-08-17,0.0036612966,0.00071314897,145,57,ERA5_2005.nc
2005,2005-08-18,0.0033870256,0.0007100218,145,57,ERA5_2005.nc
2005,2005-08-19,0.0025063572,0.0006538136,145,57,ERA5_2005.nc
2005,2005-08-20,0.0027257293,0.0006699977,145,57,ERA5_2005.nc
2005,2005-08-21,0.0021354773,0.00049348624,145,57,ERA5_2005.nc
2005,2005-08-22,0.0019829397,0.0006070577,145,57,ERA5_2005.nc
2005,2005-08-23,0.001702495,0.00046780758,145,57,ERA5_2005.nc
2005,2005-08-24,0.0030122008,0.0005816156,145,57,ERA5_2005.nc
2005,2005-08-25,0.003643781,0.0007763989,145,57,ERA5_2005.nc
2005,2005-08-26,0.0037857033,0.0007837723,145,57,ERA5_2005.nc
2005,2005-08-27,0.0022500628,0.0005382613,145,57,ERA5_2005.nc
2005,2005-08-28,0.001174139,0.00040331582,145,57,ERA5_2005.nc
2005,2005-08-29,0.0025681725,0.00055070483,145,57,ERA5_2005.nc
2005,2005-08-30,0.0033140397,0.00061524025,145,57,ERA5_2005.nc
2005,2005-08-31,0.0018345631,0.000467089,145,57,ERA5_2005.nc
2005,2005-09-01,0.0010138666,0.00039816712,145,57,ERA5_2005.nc
2005,2005-09-02,0.0014953376,0.0004285537,145,57,ERA5_2005.nc
2005,2005-09-03,0.0027419003,0.0004957377,145,57,ERA5_2005.nc
2005,2005-09-04,0.0024837656,0.00048267987,145,57,ERA5_2005.nc
2005,2005-09-05,0.0027105354,0.0006293503,145,57,ERA5_2005.nc
2005,2005-09-06,0.0026738672,0.0004832496,145,57,ERA5_2005.nc
2005,2005-09-07,0.0036713127,0.0006139039,145,57,ERA5_2005.nc
2005,2005-09-08,0.0036282134,0.000728409,145,57,ERA5_2005.nc
2005,2005-09-09,0.0026113505,0.0005256166,145,57,ERA5_2005.nc
2005,2005-09-10,0.0026475159,0.0005884504,145,57,ERA5_2005.nc
2005,2005-09-11,0.0026037646,0.0006011869,145,57,ERA5_2005.nc
2005,2005-09-12,0.0022504607,0.00067903934,145,57,ERA5_2005.nc
2005,2005-09-13,0.002945141,0.0007394175,145,57,ERA5_2005.nc
2005,2005-09-14,0.0032078398,0.00063784793,145,57,ERA5_2005.nc
2005,2005-09-15,0.0026235692,0.0006065303,145,57,ERA5_2005.nc
2005,2005-09-16,0.0036520392,0.00086375384,145,57,ERA5_2005.nc
2005,2005-09-17,0.0028974563,0.0007608689,145,57,ERA5_2005.nc
2005,2005-09-18,0.0017538434,0.0005605926,145,57,ERA5_2005.nc
2005,2005-09-19,0.0019315949,0.0005602943,145,57,ERA5_2005.nc
2005,2005-09-20,0.004101997,0.00086456945,145,57,ERA5_2005.nc
2005,2005-09-21,0.0030621933,0.00073309615,145,57,ERA5_2005.nc
2005,2005-09-22,0.0012083872,0.000539255,145,57,ERA5_2005.nc
2005,2005-09-23,0.0011768644,0.00052262103,145,57,ERA5_2005.nc
2005,2005-09-24,0.001088459,0.00039334036,145,57,ERA5_2005.nc
2005,2005-09-25,0.0015267236,0.0005450339,145,57,ERA5_2005.nc
2005,2005-09-26,0.0019530827,0.00054009736,145,57,ERA5_2005.nc
2005,2005-09-27,0.001656619,0.0005442541,145,57,ERA5_2005.nc
2005,2005-09-28,0.0013218316,0.0004280911,145,57,ERA5_2005.nc
2005,2005-09-29,0.0018425639,0.0005001435,145,57,ERA5_2005.nc
2005,2005-09-30,0.0031611752,0.0006302416,145,57,ERA5_2005.nc
2005,2005-10-01,0.0022266386,0.0005312064,145,57,ERA5_2005.nc
2005,2005-10-02,0.0012777455,0.0004427772,145,57,ERA5_2005.nc
2005,2005-10-03,0.0011792745,0.00044514576,145,57,ERA5_2005.nc
2005,2005-10-04,0.0012436531,0.00039701926,145,57,ERA5_2005.nc
2005,2005-10-05,0.0029473072,0.00057541305,145,57,ERA5_2005.nc
2005,2005-10-06,0.0034034806,0.0006470677,145,57,ERA5_2005.nc
2005,2005-10-07,0.002239956,0.0005565507,145,57,ERA5_2005.nc
2005,2005-10-08,0.0011930012,0.0004351079,145,57,ERA5_2005.nc
2005,2005-10-09,0.0013474505,0.00051807176,145,57,ERA5_2005.nc
2005,2005-10-10,0.0014110035,0.00040708925,145,57,ERA5_2005.nc
2005,2005-10-11,0.0030617262,0.0006541215,145,57,ERA5_2005.nc
2005,2005-10-12,0.002914287,0.00066079927,145,57,ERA5_2005.nc
2005,2005-10-13,0.0027080537,0.0006744935,145,57,ERA5_2005.nc
2005,2005-10-14,0.0030156597,0.000647286,145,57,ERA5_2005.nc
2005,2005-10-15,0.0021141893,0.0005443526,145,57,ERA5_2005.nc
2005,2005-10-16,0.0031903547,0.0006942387,145,57,ERA5_2005.nc
2005,2005-10-17,0.0029212045,0.000904321,145,57,ERA5_2005.nc
2005,2005-10-18,0.001939567,0.0006757253,145,57,ERA5_2005.nc
2005,2005-10-19,0.0014813163,0.00050308567,145,57,ERA5_2005.nc
2005,2005-10-20,0.0025735414,0.00069016044,145,57,ERA5_2005.nc
2005,2005-10-21,0.0031991128,0.0007733385,145,57,ERA5_2005.nc
2005,2005-10-22,0.0026570556,0.00072601845,145,57,ERA5_2005.nc
2005,2005-10-23,0.0021985138,0.0006667048,145,57,ERA5_2005.nc
2005,2005-10-24,0.0019447571,0.0006567362,145,57,ERA5_2005.nc
2005,2005-10-25,0.0019020624,0.00063125876,145,57,ERA5_2005.nc
2005,2005-10-26,0.002327247,0.00069768575,145,57,ERA5_2005.nc
2005,2005-10-27,0.0035114407,0.0009989303,145,57,ERA5_2005.nc
2005,2005-10-28,0.002237258,0.00070169603,145,57,ERA5_2005.nc
2005,2005-10-29,0.0016438453,0.0006379487,145,57,ERA5_2005.nc
2005,2005-10-30,0.0019456174,0.00078682543,145,57,ERA5_2005.nc
2005,2005-10-31,0.001485004,0.00066117855,145,57,ERA5_2005.nc
2005,2005-11-01,0.0011283616,0.0005621434,145,57,ERA5_2005.nc
2005,2005-11-02,0.0009740281,0.000488931,145,57,ERA5_2005.nc
2005,2005-11-03,0.0020391834,0.00069252565,145,57,ERA5_2005.nc
2005,2005-11-04,0.002982907,0.00077968894,145,57,ERA5_2005.nc
2005,2005-11-05,0.002442533,0.0007302897,145,57,ERA5_2005.nc
2005,2005-11-06,0.0012750649,0.0005768294,145,57,ERA5_2005.nc
2005,2005-11-07,0.0013374379,0.0005744983,145,57,ERA5_2005.nc
2005,2005-11-08,0.0011034831,0.00055372994,145,57,ERA5_2005.nc
2005,2005-11-09,0.0008611039,0.00054701767,145,57,ERA5_2005.nc
2005,2005-11-10,0.00055311515,0.00042410934,145,57,ERA5_2005.nc
2005,2005-11-11,0.0011515014,0.0005386113,145,57,ERA5_2005.nc
2005,2005-11-12,0.0017550318,0.0006833477,145,57,ERA5_2005.nc
2005,2005-11-13,0.0007509234,0.00050030946,145,57,ERA5_2005.nc
2005,2005-11-14,0.0006946711,0.0004497178,145,57,ERA5_2005.nc
2005,2005-11-15,0.0008028744,0.00045633863,145,57,ERA5_2005.nc
2005,2005-11-16,0.000971845,0.0005401098,145,57,ERA5_2005.nc
2005,2005-11-17,0.0007442519,0.0004305339,145,57,ERA5_2005.nc
2005,2005-11-18,0.00084883417,0.00042311044,145,57,ERA5_2005.nc
2005,2005-11-19,0.00091293966,0.00041784078,145,57,ERA5_2005.nc
2005,2005-11-20,0.0009528097,0.00040068338,145,57,ERA5_2005.nc
2005,2005-11-21,0.0013317034,0.0004874558,145,57,ERA5_2005.nc
2005,2005-11-22,0.0009916081,0.00041552674,145,57,ERA5_2005.nc
2005,2005-11-23,0.00075037,0.00036668347,145,57,ERA5_2005.nc
2005,2005-11-24,0.0011151768,0.0004391821,145,57,ERA5_2005.nc
2005,2005-11-25,0.0009404745,0.00040815063,145,57,ERA5_2005.nc
2005,2005-11-26,0.00059902493,0.00039254202,145,57,ERA5_2005.nc
2005,2005-11-27,0.0006074595,0.00036669988,145,57,ERA5_2005.nc
2005,2005-11-28,0.00074665714,0.0003439252,145,57,ERA5_2005.nc
2005,2005-11-29,0.00069986767,0.00034290698,145,57,ERA5_2005.nc
2005,2005-11-30,0.00059385685,0.00034428178,145,57,ERA5_2005.nc
2005,2005-12-01,0.0004556317,0.0002985613,145,57,ERA5_2005.nc
2005,2005-12-02,0.0010752582,0.00035569243,145,57,ERA5_2005.nc
2005,2005-12-03,0.0005881506,0.0003345797,145,57,ERA5_2005.nc
2005,2005-12-04,0.0008453361,0.0003286068,145,57,ERA5_2005.nc
2005,2005-12-05,0.0009524543,0.00034450143,145,57,ERA5_2005.nc
2005,2005-12-06,0.001035222,0.0003430642,145,57,ERA5_2005.nc
2005,2005-12-07,0.0011385988,0.00035667978,145,57,ERA5_2005.nc
2005,2005-12-08,0.00025190553,0.00025279506,145,57,ERA5_2005.nc
2005,2005-12-09,0.0003690537,0.0002796835,145,57,ERA5_2005.nc
2005,2005-12-10,0.00070805126,0.0003002065,145,57,ERA5_2005.nc
2005,2005-12-11,0.00072049425,0.00027742935,145,57,ERA5_2005.nc
2005,2005-12-12,0.0011618789,0.00036040047,145,57,ERA5_2005.nc
2005,2005-12-13,0.000691624,0.00031545648,145,57,ERA5_2005.nc
2005,2005-12-14,0.00013083084,0.00020871739,145,57,ERA5_2005.nc
2005,2005-12-15,0.00025389955,0.00027922256,145,57,ERA5_2005.nc
2005,2005-12-16,0.00031830661,0.00020741583,145,57,ERA5_2005.nc
2005,2005-12-17,0.00051915256,0.00020814978,145,57,ERA5_2005.nc
2005,2005-12-18,0.00021426135,0.0001928493,145,57,ERA5_2005.nc
2005,2005-12-19,0.00019699415,0.00018851884,145,57,ERA5_2005.nc
2005,2005-12-20,0.00027441268,0.00017712153,145,57,ERA5_2005.nc
2005,2005-12-21,0.00028878363,0.00018388595,145,57,ERA5_2005.nc
2005,2005-12-22,0.0003976921,0.00016783566,145,57,ERA5_2005.nc
2005,2005-12-23,0.0011687368,0.00021118272,145,57,ERA5_2005.nc
2005,2005-12-24,0.0011725075,0.00021879032,145,57,ERA5_2005.nc
2005,2005-12-25,0.0010333688,0.00027364003,145,57,ERA5_2005.nc
2005,2005-12-26,0.0007233487,0.00019948371,145,57,ERA5_2005.nc
2005,2005-12-27,0.00032874924,0.0001715381,145,57,ERA5_2005.nc
2005,2005-12-28,0.00017912584,0.00015796194,145,57,ERA5_2005.nc
2005,2005-12-29,0.0002890202,0.00018586867,145,57,ERA5_2005.nc
2005,2005-12-30,0.00016146497,0.00015152397,145,57,ERA5_2005.nc
2005,2005-12-31,0.00039604548,0.00018228617,145,57,ERA5_2005.nc
2006,2006-01-01,0.00042457535,0.00018645586,145,57,ERA5_2006.nc
2006,2006-01-02,0.00013143894,0.000139921,145,57,ERA5_2006.nc
2006,2006-01-03,0.00029479055,0.00013959722,145,57,ERA5_2006.nc
2006,2006-01-04,0.0009368885,0.00018990203,145,57,ERA5_2006.nc
2006,2006-01-05,0.0010109643,0.00022252146,145,57,ERA5_2006.nc
2006,2006-01-06,0.00034345718,0.00014775107,145,57,ERA5_2006.nc
2006,2006-01-07,0.0006508103,0.00015824084,145,57,ERA5_2006.nc
2006,2006-01-08,0.00083347794,0.00018855953,145,57,ERA5_2006.nc
2006,2006-01-09,0.000599612,0.00019784781,145,57,ERA5_2006.nc
2006,2006-01-10,0.0014313618,0.00025682966,145,57,ERA5_2006.nc
2006,2006-01-11,0.0010960936,0.00016451011,145,57,ERA5_2006.nc
2006,2006-01-12,0.0009521949,0.00018000777,145,57,ERA5_2006.nc
2006,2006-01-13,0.0014936449,0.00021903186,145,57,ERA5_2006.nc
2006,2006-01-14,0.0011217224,0.0002564073,145,57,ERA5_2006.nc
2006,2006-01-15,0.001167401,0.00024810416,145,57,ERA5_2006.nc
2006,2006-01-16,0.0013813947,0.0002276227,145,57,ERA5_2006.nc
2006,2006-01-17,0.0007870116,0.00017422902,145,57,ERA5_2006.nc
2006,2006-01-18,0.0005282149,0.00017050689,145,57,ERA5_2006.nc
2006,2006-01-19,0.00066477305,0.00020935864,145,57,ERA5_2006.nc
2006,2006-01-20,0.00020913084,0.000125842,145,57,ERA5_2006.nc
2006,2006-01-21,0.00036617828,0.00014614244,145,57,ERA5_2006.nc
2006,2006-01-22,0.00033031323,0.000119873315,145,57,ERA5_2006.nc
2006,2006-01-23,8.2268656e-05,9.9161756e-05,145,57,ERA5_2006.nc
2006,2006-01-24,0.00011822549,9.635743e-05,145,57,ERA5_2006.nc
2006,2006-01-25,0.00035806865,9.7969925e-05,145,57,ERA5_2006.nc
2006,2006-01-26,0.0008152803,0.00022629122,145,57,ERA5_2006.nc
2006,2006-01-27,0.0006615349,0.00019039601,145,57,ERA5_2006.nc
2006,2006-01-28,0.0005202828,0.00010779402,145,57,ERA5_2006.nc
2006,2006-01-29,0.00043038896,0.0001240811,145,57,ERA5_2006.nc
2006,2006-01-30,0.00068489637,0.00016786999,145,57,ERA5_2006.nc
2006,2006-01-31,0.0010227599,0.00018451853,145,57,ERA5_2006.nc
2006,2006-02-01,0.0005893701,0.00012624972,145,57,ERA5_2006.nc
2006,2006-02-02,0.0005317891,0.000108239925,145,57,ERA5_2006.nc
2006,2006-02-03,0.0010983649,0.00017557711,145,57,ERA5_2006.nc
2006,2006-02-04,0.001211002,0.00029207126,145,57,ERA5_2006.nc
2006,2006-02-05,0.0001811192,9.4597504e-05,145,57,ERA5_2006.nc
2006,2006-02-06,0.00021079578,0.00011031366,145,57,ERA5_2006.nc
2006,2006-02-07,0.0001407472,8.3259e-05,145,57,ERA5_2006.nc
2006,2006-02-08,0.0007816567,0.000121814664,145,57,ERA5_2006.nc
2006,2006-02-09,0.00052284956,0.00010444174,145,57,ERA5_2006.nc
2006,2006-02-10,0.0006398994,0.000108245615,145,57,ERA5_2006.nc
2006,2006-02-11,0.00072219444,0.0001867391,145,57,ERA5_2006.nc
2006,2006-02-12,0.00095528224,0.00017570682,145,57,ERA5_2006.nc
2006,2006-02-13,0.0012239531,0.00013149463,145,57,ERA5_2006.nc
2006,2006-02-14,0.0013008493,0.0001337609,145,57,ERA5_2006.nc
2006,2006-02-15,0.00083337876,0.00012996599,145,57,ERA5_2006.nc
2006,2006-02-16,0.00061105215,0.0001243067,145,57,ERA5_2006.nc
2006,2006-02-17,0.00077206385,0.00019814416,145,57,ERA5_2006.nc
2006,2006-02-18,0.0007932775,0.00019356313,145,57,ERA5_2006.nc
2006,2006-02-19,0.00091688236,0.00014825366,145,57,ERA5_2006.nc
2006,2006-02-20,0.00063392,0.0001261087,145,57,ERA5_2006.nc
2006,2006-02-21,0.0009594952,0.00018501774,145,57,ERA5_2006.nc
2006,2006-02-22,0.002754224,0.0004092094,145,57,ERA5_2006.nc
2006,2006-02-23,0.0013801759,0.00024170132,145,57,ERA5_2006.nc
2006,2006-02-24,0.000954255,0.00021877963,145,57,ERA5_2006.nc
2006,2006-02-25,0.00070918817,0.0001628784,145,57,ERA5_2006.nc
2006,2006-02-26,0.00060583826,0.00015393956,145,57,ERA5_2006.nc
2006,2006-02-27,0.0017563421,0.0002794825,145,57,ERA5_2006.nc
2006,2006-02-28,0.0017330792,0.00026129786,145,57,ERA5_2006.nc
2006,2006-03-01,0.0012598248,0.00022287069,145,57,ERA5_2006.nc
2006,2006-03-02,0.00021231864,0.00012238526,145,57,ERA5_2006.nc
2006,2006-03-03,0.0014494502,0.000260646,145,57,ERA5_2006.nc
2006,2006-03-04,0.0009055425,0.00023143362,145,57,ERA5_2006.nc
2006,2006-03-05,0.0005907255,0.00015020993,145,57,ERA5_2006.nc
2006,2006-03-06,0.0006712099,0.00013600203,145,57,ERA5_2006.nc
2006,2006-03-07,0.0015094094,0.00021237445,145,57,ERA5_2006.nc
2006,2006-03-08,0.0028293934,0.00029676093,145,57,ERA5_2006.nc
2006,2006-03-09,0.0011660892,0.00015803378,145,57,ERA5_2006.nc
2006,2006-03-10,0.0012808221,0.00013114931,145,57,ERA5_2006.nc
2006,2006-03-11,0.00068791135,0.000103822334,145,57,ERA5_2006.nc
2006,2006-03-12,0.0015276163,0.00027941068,145,57,ERA5_2006.nc
2006,2006-03-13,0.0010984933,0.00016008958,145,57,ERA5_2006.nc
2006,2006-03-14,0.0010037997,0.00015253603,145,57,ERA5_2006.nc
2006,2006-03-15,0.00068597804,0.00010688739,145,57,ERA5_2006.nc
2006,2006-03-16,0.0012217138,0.00019376074,145,57,ERA5_2006.nc
2006,2006-03-17,0.0022067083,0.0003107202,145,57,ERA5_2006.nc
2006,2006-03-18,0.0017060607,0.0002148576,145,57,ERA5_2006.nc
2006,2006-03-19,0.0013952887,0.00020958172,145,57,ERA5_2006.nc
2006,2006-03-20,0.0014885108,0.00026194117,145,57,ERA5_2006.nc
2006,2006-03-21,0.0011683578,0.00024238625,145,57,ERA5_2006.nc
2006,2006-03-22,0.0016868063,0.0002911728,145,57,ERA5_2006.nc
2006,2006-03-23,0.0018037164,0.00042635517,145,57,ERA5_2006.nc
2006,2006-03-24,0.0010121339,0.0002308527,145,57,ERA5_2006.nc
2006,2006-03-25,0.0015251377,0.00023230913,145,57,ERA5_2006.nc
2006,2006-03-26,0.0025627539,0.000471987,145,57,ERA5_2006.nc
2006,2006-03-27,0.002425381,0.00031953084,145,57,ERA5_2006.nc
2006,2006-03-28,0.0018217396,0.0002345766,145,57,ERA5_2006.nc
2006,2006-03-29,0.0022720266,0.00031534786,145,57,ERA5_2006.nc
2006,2006-03-30,0.001057623,0.00024945597,145,57,ERA5_2006.nc
2006,2006-03-31,0.0009698513,0.00021506198,145,57,ERA5_2006.nc
2006,2006-04-01,0.0015129439,0.00027783046,145,57,ERA5_2006.nc
2006,2006-04-02,0.0018473584,0.00027883326,145,57,ERA5_2006.nc
2006,2006-04-03,0.0024278467,0.00043663816,145,57,ERA5_2006.nc
2006,2006-04-04,0.0023991545,0.0004299268,145,57,ERA5_2006.nc
2006,2006-04-05,0.0023828791,0.00038531245,145,57,ERA5_2006.nc
2006,2006-04-06,0.0014261908,0.00032489933,145,57,ERA5_2006.nc
2006,2006-04-07,0.0014215233,0.00035045797,145,57,ERA5_2006.nc
2006,2006-04-08,0.0013876571,0.0003218798,145,57,ERA5_2006.nc
2006,2006-04-09,0.0021262658,0.00038920465,145,57,ERA5_2006.nc
2006,2006-04-10,0.0018122201,0.0003390573,145,57,ERA5_2006.nc
2006,2006-04-11,0.0011049735,0.00020850844,145,57,ERA5_2006.nc
2006,2006-04-12,0.0013883079,0.00026245086,145,57,ERA5_2006.nc
2006,2006-04-13,0.0026340624,0.00054411823,145,57,ERA5_2006.nc
2006,2006-04-14,0.0014147053,0.00026884952,145,57,ERA5_2006.nc
2006,2006-04-15,0.0009638448,0.00021056083,145,57,ERA5_2006.nc
2006,2006-04-16,0.00172742,0.00024481324,145,57,ERA5_2006.nc
2006,2006-04-17,0.002223273,0.00042885685,145,57,ERA5_2006.nc
2006,2006-04-18,0.00223203,0.000441665,145,57,ERA5_2006.nc
2006,2006-04-19,0.0022505182,0.0004586638,145,57,ERA5_2006.nc
2006,2006-04-20,0.0017639666,0.00032381242,145,57,ERA5_2006.nc
2006,2006-04-21,0.0013166391,0.00028701941,145,57,ERA5_2006.nc
2006,2006-04-22,0.002906526,0.00053893006,145,57,ERA5_2006.nc
2006,2006-04-23,0.002288279,0.0004865465,145,57,ERA5_2006.nc
2006,2006-04-24,0.00086479017,0.0002812059,145,57,ERA5_2006.nc
2006,2006-04-25,0.0009369056,0.00022435213,145,57,ERA5_2006.nc
2006,2006-04-26,0.0013931161,0.00028285617,145,57,ERA5_2006.nc
2006,2006-04-27,0.0016347974,0.00037341355,145,57,ERA5_2006.nc
2006,2006-04-28,0.0011273363,0.00025523716,145,57,ERA5_2006.nc
2006,2006-04-29,0.0007883372,0.00019860972,145,57,ERA5_2006.nc
2006,2006-04-30,0.001081768,0.00019995976,145,57,ERA5_2006.nc
2006,2006-05-01,0.003973454,0.00052210956,145,57,ERA5_2006.nc
2006,2006-05-02,0.004196775,0.00057291414,145,57,ERA5_2006.nc
2006,2006-05-03,0.0020718938,0.0004191111,145,57,ERA5_2006.nc
2006,2006-05-04,0.0016564807,0.00036795286,145,57,ERA5_2006.nc
2006,2006-05-05,0.0013899702,0.00031884783,145,57,ERA5_2006.nc
2006,2006-05-06,0.0021553314,0.00041592013,145,57,ERA5_2006.nc
2006,2006-05-07,0.0013589363,0.00026859637,145,57,ERA5_2006.nc
2006,2006-05-08,0.0022824279,0.0004361278,145,57,ERA5_2006.nc
2006,2006-05-09,0.0029660673,0.00043600425,145,57,ERA5_2006.nc
2006,2006-05-10,0.004225599,0.000508036,145,57,ERA5_2006.nc
2006,2006-05-11,0.0047408743,0.0006705036,145,57,ERA5_2006.nc
2006,2006-05-12,0.0036046465,0.00060069794,145,57,ERA5_2006.nc
2006,2006-05-13,0.0028145793,0.00052443665,145,57,ERA5_2006.nc
2006,2006-05-14,0.0026595257,0.0004986082,145,57,ERA5_2006.nc
2006,2006-05-15,0.0035035792,0.0005873934,145,57,ERA5_2006.nc
2006,2006-05-16,0.004137083,0.0007169583,145,57,ERA5_2006.nc
2006,2006-05-17,0.003305731,0.0006360997,145,57,ERA5_2006.nc
2006,2006-05-18,0.002578352,0.000558055,145,57,ERA5_2006.nc
2006,2006-05-19,0.0019175526,0.000486248,145,57,ERA5_2006.nc
2006,2006-05-20,0.0014089113,0.00034729185,145,57,ERA5_2006.nc
2006,2006-05-21,0.002983367,0.00055689324,145,57,ERA5_2006.nc
2006,2006-05-22,0.0023590387,0.00052062306,145,57,ERA5_2006.nc
2006,2006-05-23,0.0022945725,0.00057560334,145,57,ERA5_2006.nc
2006,2006-05-24,0.0012503455,0.00036487414,145,57,ERA5_2006.nc
2006,2006-05-25,0.0011836537,0.0003472447,145,57,ERA5_2006.nc
2006,2006-05-26,0.0017246106,0.00033614604,145,57,ERA5_2006.nc
2006,2006-05-27,0.0017683494,0.00037891086,145,57,ERA5_2006.nc
2006,2006-05-28,0.0024616965,0.0004498075,145,57,ERA5_2006.nc
2006,2006-05-29,0.0020065634,0.00039661134,145,57,ERA5_2006.nc
2006,2006-05-30,0.0022651027,0.00044589525,145,57,ERA5_2006.nc
2006,2006-05-31,0.0013127388,0.00036618224,145,57,ERA5_2006.nc
2006,2006-06-01,0.0012057577,0.00035199913,145,57,ERA5_2006.nc
2006,2006-06-02,0.00096739316,0.0003107788,145,57,ERA5_2006.nc
2006,2006-06-03,0.0007900797,0.00028839806,145,57,ERA5_2006.nc
2006,2006-06-04,0.0016248185,0.00035914965,145,57,ERA5_2006.nc
2006,2006-06-05,0.0023080602,0.0003901577,145,57,ERA5_2006.nc
2006,2006-06-06,0.0020919964,0.0004381418,145,57,ERA5_2006.nc
2006,2006-06-07,0.00077618915,0.0003233991,145,57,ERA5_2006.nc
2006,2006-06-08,0.0004914748,0.00023912653,145,57,ERA5_2006.nc
2006,2006-06-09,0.0009466547,0.0002703987,145,57,ERA5_2006.nc
2006,2006-06-10,0.0018751462,0.00032959168,145,57,ERA5_2006.nc
2006,2006-06-11,0.002980764,0.000643912,145,57,ERA5_2006.nc
2006,2006-06-12,0.0032892518,0.0004940848,145,57,ERA5_2006.nc
2006,2006-06-13,0.0018451884,0.00035448183,145,57,ERA5_2006.nc
2006,2006-06-14,0.00064533524,0.00027157963,145,57,ERA5_2006.nc
2006,2006-06-15,0.001134592,0.00025997974,145,57,ERA5_2006.nc
2006,2006-06-16,0.0019414127,0.00031729805,145,57,ERA5_2006.nc
2006,2006-06-17,0.0032939797,0.00061431096,145,57,ERA5_2006.nc
2006,2006-06-18,0.0020775555,0.00046932307,145,57,ERA5_2006.nc
2006,2006-06-19,0.0017721513,0.00038957634,145,57,ERA5_2006.nc
2006,2006-06-20,0.0025244583,0.000485826,145,57,ERA5_2006.nc
2006,2006-06-21,0.0013282099,0.00034656236,145,57,ERA5_2006.nc
2006,2006-06-22,0.00035965725,0.0002443301,145,57,ERA5_2006.nc
2006,2006-06-23,0.0006856614,0.0002610613,145,57,ERA5_2006.nc
2006,2006-06-24,0.0019356654,0.0003634657,145,57,ERA5_2006.nc
2006,2006-06-25,0.0015591709,0.00031238995,145,57,ERA5_2006.nc
2006,2006-06-26,0.0017752587,0.0003780083,145,57,ERA5_2006.nc
2006,2006-06-27,0.0027758572,0.00047375337,145,57,ERA5_2006.nc
2006,2006-06-28,0.0016574876,0.00031580776,145,57,ERA5_2006.nc
2006,2006-06-29,0.0012644755,0.00028977866,145,57,ERA5_2006.nc
2006,2006-06-30,0.0010771037,0.00031389165,145,57,ERA5_2006.nc
2006,2006-07-01,0.0012343802,0.00034817483,145,57,ERA5_2006.nc
2006,2006-07-02,0.0010865385,0.00026682543,145,57,ERA5_2006.nc
2006,2006-07-03,0.0011078452,0.0002956206,145,57,ERA5_2006.nc
2006,2006-07-04,0.0014127537,0.00028499658,145,57,ERA5_2006.nc
2006,2006-07-05,0.0017435444,0.000334129,145,57,ERA5_2006.nc
2006,2006-07-06,0.002600824,0.00044504058,145,57,ERA5_2006.nc
2006,2006-07-07,0.003031976,0.00043520052,145,57,ERA5_2006.nc
2006,2006-07-08,0.004323936,0.00057208055,145,57,ERA5_2006.nc
2006,2006-07-09,0.0025962968,0.00041434454,145,57,ERA5_2006.nc
2006,2006-07-10,0.0013228115,0.00031270215,145,57,ERA5_2006.nc
2006,2006-07-11,0.0019103871,0.00037929753,145,57,ERA5_2006.nc
2006,2006-07-12,0.0017628586,0.0003340277,145,57,ERA5_2006.nc
2006,2006-07-13,0.0014374102,0.00032377007,145,57,ERA5_2006.nc
2006,2006-07-14,0.0011127114,0.0003526209,145,57,ERA5_2006.nc
2006,2006-07-15,0.0020407783,0.0003679363,145,57,ERA5_2006.nc
2006,2006-07-16,0.0015593147,0.00033482627,145,57,ERA5_2006.nc
2006,2006-07-17,0.0016396937,0.00036127667,145,57,ERA5_2006.nc
2006,2006-07-18,0.0025138096,0.00039744627,145,57,ERA5_2006.nc
2006,2006-07-19,0.0024556878,0.0003815947,145,57,ERA5_2006.nc
2006,2006-07-20,0.0022647085,0.0003330545,145,57,ERA5_2006.nc
2006,2006-07-21,0.0024859041,0.000349005,145,57,ERA5_2006.nc
2006,2006-07-22,0.0022778334,0.00034274196,145,57,ERA5_2006.nc
2006,2006-07-23,0.0041050976,0.0005810247,145,57,ERA5_2006.nc
2006,2006-07-24,0.0034265737,0.0005454438,145,57,ERA5_2006.nc
2006,2006-07-25,0.0015612424,0.00040195504,145,57,ERA5_2006.nc
2006,2006-07-26,0.0012432188,0.00034969783,145,57,ERA5_2006.nc
2006,2006-07-27,0.0022681565,0.0003974892,145,57,ERA5_2006.nc
2006,2006-07-28,0.0025060535,0.00044233832,145,57,ERA5_2006.nc
2006,2006-07-29,0.0021216448,0.00043028983,145,57,ERA5_2006.nc
2006,2006-07-30,0.0015985946,0.0004128562,145,57,ERA5_2006.nc
2006,2006-07-31,0.0014905303,0.00036269004,145,57,ERA5_2006.nc
2006,2006-08-01,0.0019543162,0.00038622733,145,57,ERA5_2006.nc
2006,2006-08-02,0.0023468898,0.00043255638,145,57,ERA5_2006.nc
2006,2006-08-03,0.0036453302,0.00051416864,145,57,ERA5_2006.nc
2006,2006-08-04,0.0049754702,0.0006306756,145,57,ERA5_2006.nc
2006,2006-08-05,0.002830414,0.00042855687,145,57,ERA5_2006.nc
2006,2006-08-06,0.0032183575,0.00047740387,145,57,ERA5_2006.nc
2006,2006-08-07,0.004000352,0.00057654566,145,57,ERA5_2006.nc
2006,2006-08-08,0.003691154,0.0005708316,145,57,ERA5_2006.nc
2006,2006-08-09,0.0032633084,0.00058839575,145,57,ERA5_2006.nc
2006,2006-08-10,0.0019053062,0.00044675218,145,57,ERA5_2006.nc
2006,2006-08-11,0.0018695164,0.0004212926,145,57,ERA5_2006.nc
2006,2006-08-12,0.0023074388,0.00045850914,145,57,ERA5_2006.nc
2006,2006-08-13,0.0027345233,0.00047692863,145,57,ERA5_2006.nc
2006,2006-08-14,0.0022948827,0.0004855622,145,57,ERA5_2006.nc
2006,2006-08-15,0.0017443066,0.00042086813,145,57,ERA5_2006.nc
2006,2006-08-16,0.0023354036,0.00045232475,145,57,ERA5_2006.nc
2006,2006-08-17,0.00228687,0.0005106933,145,57,ERA5_2006.nc
2006,2006-08-18,0.0017159972,0.00039007666,145,57,ERA5_2006.nc
2006,2006-08-19,0.0023175678,0.00041921495,145,57,ERA5_2006.nc
2006,2006-08-20,0.0022561871,0.0005489075,145,57,ERA5_2006.nc
2006,2006-08-21,0.00148828,0.0003900541,145,57,ERA5_2006.nc
2006,2006-08-22,0.0018515405,0.0003909442,145,57,ERA5_2006.nc
2006,2006-08-23,0.0022244924,0.00044091442,145,57,ERA5_2006.nc
2006,2006-08-24,0.0037953705,0.000743811,145,57,ERA5_2006.nc
2006,2006-08-25,0.004045704,0.0008171273,145,57,ERA5_2006.nc
2006,2006-08-26,0.0026448555,0.0005781767,145,57,ERA5_2006.nc
2006,2006-08-27,0.0017157536,0.000420914,145,57,ERA5_2006.nc
2006,2006-08-28,0.0027954187,0.00050948537,145,57,ERA5_2006.nc
2006,2006-08-29,0.0027578976,0.0006062384,145,57,ERA5_2006.nc
2006,2006-08-30,0.0015670357,0.00040841484,145,57,ERA5_2006.nc
2006,2006-08-31,0.0010578072,0.00043253475,145,57,ERA5_2006.nc
2006,2006-09-01,0.003136538,0.00064193737,145,57,ERA5_2006.nc
2006,2006-09-02,0.003816558,0.0006684129,145,57,ERA5_2006.nc
2006,2006-09-03,0.001989205,0.00040906676,145,57,ERA5_2006.nc
2006,2006-09-04,0.0015981351,0.00038104434,145,57,ERA5_2006.nc
2006,2006-09-05,0.0040594265,0.00075394206,145,57,ERA5_2006.nc
2006,2006-09-06,0.0026872514,0.00047783362,145,57,ERA5_2006.nc
2006,2006-09-07,0.0016949584,0.0004066878,145,57,ERA5_2006.nc
2006,2006-09-08,0.0016175009,0.0004503794,145,57,ERA5_2006.nc
2006,2006-09-09,0.0030417605,0.00061526604,145,57,ERA5_2006.nc
2006,2006-09-10,0.0031384635,0.0006800273,145,57,ERA5_2006.nc
2006,2006-09-11,0.001657617,0.00039702043,145,57,ERA5_2006.nc
2006,2006-09-12,0.0013777412,0.00040916342,145,57,ERA5_2006.nc
2006,2006-09-13,0.0023834247,0.0005768745,145,57,ERA5_2006.nc
2006,2006-09-14,0.0018794681,0.00044743225,145,57,ERA5_2006.nc
2006,2006-09-15,0.0026168157,0.0006416086,145,57,ERA5_2006.nc
2006,2006-09-16,0.0025170618,0.0005966516,145,57,ERA5_2006.nc
2006,2006-09-17,0.002508869,0.0005891473,145,57,ERA5_2006.nc
2006,2006-09-18,0.0023907644,0.00066571287,145,57,ERA5_2006.nc
2006,2006-09-19,0.0017318078,0.00048165573,145,57,ERA5_2006.nc
2006,2006-09-20,0.002560073,0.0005690305,145,57,ERA5_2006.nc
2006,2006-09-21,0.0049774447,0.0009564332,145,57,ERA5_2006.nc
2006,2006-09-22,0.0023941977,0.00063789386,145,57,ERA5_2006.nc
2006,2006-09-23,0.0028910665,0.0007408731,145,57,ERA5_2006.nc
2006,2006-09-24,0.0016765168,0.0005548067,145,57,ERA5_2006.nc
2006,2006-09-25,0.0020585163,0.000648672,145,57,ERA5_2006.nc
2006,2006-09-26,0.0024798159,0.000668707,145,57,ERA5_2006.nc
2006,2006-09-27,0.0022016414,0.0006246541,145,57,ERA5_2006.nc
2006,2006-09-28,0.0020245672,0.00050524366,145,57,ERA5_2006.nc
2006,2006-09-29,0.002179545,0.00060336455,145,57,ERA5_2006.nc
2006,2006-09-30,0.0031039347,0.00069295295,145,57,ERA5_2006.nc
2006,2006-10-01,0.0041419566,0.00085843145,145,57,ERA5_2006.nc
2006,2006-10-02,0.0019651356,0.00064637157,145,57,ERA5_2006.nc
2006,2006-10-03,0.001963328,0.000566233,145,57,ERA5_2006.nc
2006,2006-10-04,0.0013794586,0.0004989867,145,57,ERA5_2006.nc
2006,2006-10-05,0.0012376133,0.0004413557,145,57,ERA5_2006.nc
2006,2006-10-06,0.0017110435,0.00052461284,145,57,ERA5_2006.nc
2006,2006-10-07,0.0010984502,0.00042740733,145,57,ERA5_2006.nc
2006,2006-10-08,0.0017572307,0.0005467669,145,57,ERA5_2006.nc
2006,2006-10-09,0.001475872,0.0004663085,145,57,ERA5_2006.nc
2006,2006-10-10,0.0015131682,0.00046685734,145,57,ERA5_2006.nc
2006,2006-10-11,0.0015375558,0.00045183877,145,57,ERA5_2006.nc
2006,2006-10-12,0.0014582605,0.00048767796,145,57,ERA5_2006.nc
2006,2006-10-13,0.00092797505,0.00041596548,145,57,ERA5_2006.nc
2006,2006-10-14,0.00055144686,0.00031346397,145,57,ERA5_2006.nc
2006,2006-10-15,0.001038241,0.00035615673,145,57,ERA5_2006.nc
2006,2006-10-16,0.0012454211,0.0003607787,145,57,ERA5_2006.nc
2006,2006-10-17,0.0021970235,0.00047098164,145,57,ERA5_2006.nc
2006,2006-10-18,0.0021473449,0.0004485278,145,57,ERA5_2006.nc
2006,2006-10-19,0.0024861488,0.00054772536,145,57,ERA5_2006.nc
2006,2006-10-20,0.0022662075,0.0004807703,145,57,ERA5_2006.nc
2006,2006-10-21,0.0026871962,0.0006170048,145,57,ERA5_2006.nc
2006,2006-10-22,0.004856411,0.00095678197,145,57,ERA5_2006.nc
2006,2006-10-23,0.004521413,0.00086785847,145,57,ERA5_2006.nc
2006,2006-10-24,0.002582957,0.0005722998,145,57,ERA5_2006.nc
2006,2006-10-25,0.0029761493,0.0006724744,145,57,ERA5_2006.nc
2006,2006-10-26,0.0026832595,0.0006954487,145,57,ERA5_2006.nc
2006,2006-10-27,0.0030905264,0.00070791587,145,57,ERA5_2006.nc
2006,2006-10-28,0.002752301,0.0006843746,145,57,ERA5_2006.nc
2006,2006-10-29,0.0014590735,0.0004945738,145,57,ERA5_2006.nc
2006,2006-10-30,0.0027470142,0.0007439859,145,57,ERA5_2006.nc
2006,2006-10-31,0.0029790194,0.0007841464,145,57,ERA5_2006.nc
2006,2006-11-01,0.0021969895,0.00073019334,145,57,ERA5_2006.nc
2006,2006-11-02,0.0019189634,0.00067297445,145,57,ERA5_2006.nc
2006,2006-11-03,0.00160395,0.0006338419,145,57,ERA5_2006.nc
2006,2006-11-04,0.0017277668,0.0006720875,145,57,ERA5_2006.nc
2006,2006-11-05,0.001530177,0.0005924686,145,57,ERA5_2006.nc
2006,2006-11-06,0.0016266948,0.0005502725,145,57,ERA5_2006.nc
2006,2006-11-07,0.0027233334,0.0007618833,145,57,ERA5_2006.nc
2006,2006-11-08,0.0025168092,0.00081833964,145,57,ERA5_2006.nc
2006,2006-11-09,0.0016329237,0.00064328517,145,57,ERA5_2006.nc
2006,2006-11-10,0.001743579,0.0006521885,145,57,ERA5_2006.nc
2006,2006-11-11,0.0019974802,0.00066152035,145,57,ERA5_2006.nc
2006,2006-11-12,0.0026966135,0.00085186155,145,57,ERA5_2006.nc
2006,2006-11-13,0.002243352,0.00078284804,145,57,ERA5_2006.nc
2006,2006-11-14,0.0024290155,0.00079619745,145,57,ERA5_2006.nc
2006,2006-11-15,0.0023697834,0.0008526286,145,57,ERA5_2006.nc
2006,2006-11-16,0.0019333253,0.00076518615,145,57,ERA5_2006.nc
2006,2006-11-17,0.0023836005,0.00088401564,145,57,ERA5_2006.nc
2006,2006-11-18,0.0019090741,0.0007456061,145,57,ERA5_2006.nc
2006,2006-11-19,0.0015706373,0.00074306043,145,57,ERA5_2006.nc
2006,2006-11-20,0.0021225447,0.00085868157,145,57,ERA5_2006.nc
2006,2006-11-21,0.0019111119,0.00076897506,145,57,ERA5_2006.nc
2006,2006-11-22,0.0022879783,0.0008600652,145,57,ERA5_2006.nc
2006,2006-11-23,0.002357753,0.0007166811,145,57,ERA5_2006.nc
2006,2006-11-24,0.0015050771,0.0007397922,145,57,ERA5_2006.nc
2006,2006-11-25,0.0016408755,0.00079430756,145,57,ERA5_2006.nc
2006,2006-11-26,0.0013110985,0.0006920842,145,57,ERA5_2006.nc
2006,2006-11-27,0.0012434856,0.0006928919,145,57,ERA5_2006.nc
2006,2006-11-28,0.001696252,0.00073504006,145,57,ERA5_2006.nc
2006,2006-11-29,0.0011361171,0.00062377134,145,57,ERA5_2006.nc
2006,2006-11-30,0.00082677865,0.0006657506,145,57,ERA5_2006.nc
2006,2006-12-01,0.0014834004,0.00062035513,145,57,ERA5_2006.nc
2006,2006-12-02,0.001368291,0.0005774199,145,57,ERA5_2006.nc
2006,2006-12-03,0.0010563656,0.00055742345,145,57,ERA5_2006.nc
2006,2006-12-04,0.001124449,0.0005188647,145,57,ERA5_2006.nc
2006,2006-12-05,0.0019324678,0.0005614916,145,57,ERA5_2006.nc
2006,2006-12-06,0.0022833394,0.00064780505,145,57,ERA5_2006.nc
2006,2006-12-07,0.0018791589,0.00057857495,145,57,ERA5_2006.nc
2006,2006-12-08,0.0011633981,0.00050321786,145,57,ERA5_2006.nc
2006,2006-12-09,0.0004845735,0.00040817208,145,57,ERA5_2006.nc
2006,2006-12-10,0.00028985634,0.00032649474,145,57,ERA5_2006.nc
2006,2006-12-11,0.0003210631,0.00034766208,145,57,ERA5_2006.nc
2006,2006-12-12,0.001214806,0.00043815508,145,57,ERA5_2006.nc
2006,2006-12-13,0.0023061738,0.0006149942,145,57,ERA5_2006.nc
2006,2006-12-14,0.0012252023,0.00044325317,145,57,ERA5_2006.nc
2006,2006-12-15,0.0013868939,0.00049088156,145,57,ERA5_2006.nc
2006,2006-12-16,0.0013291754,0.00050063175,145,57,ERA5_2006.nc
2006,2006-12-17,0.0005144947,0.00037477442,145,57,ERA5_2006.nc
2006,2006-12-18,0.0010134473,0.0005063967,145,57,ERA5_2006.nc
2006,2006-12-19,0.0013640474,0.0004809264,145,57,ERA5_2006.nc
2006,2006-12-20,0.0015343494,0.0005834643,145,57,ERA5_2006.nc
2006,2006-12-21,0.0014600011,0.00055923546,145,57,ERA5_2006.nc
2006,2006-12-22,0.0006761664,0.00040009903,145,57,ERA5_2006.nc
2006,2006-12-23,0.00091018435,0.00041755283,145,57,ERA5_2006.nc
2006,2006-12-24,0.00070492714,0.00039214932,145,57,ERA5_2006.nc
2006,2006-12-25,0.0007074566,0.0003853242,145,57,ERA5_2006.nc
2006,2006-12-26,0.0010329436,0.0004117134,145,57,ERA5_2006.nc
2006,2006-12-27,0.0011442113,0.00036763656,145,57,ERA5_2006.nc
2006,2006-12-28,0.0015734262,0.00045137404,145,57,ERA5_2006.nc
2006,2006-12-29,0.0012784177,0.00044546783,145,57,ERA5_2006.nc
2006,2006-12-30,0.0010934442,0.00040282338,145,57,ERA5_2006.nc
2006,2006-12-31,0.0008301303,0.00040275088,145,57,ERA5_2006.nc
2007,2007-01-01,0.00045153368,0.00038369413,145,57,ERA5_2007.nc
2007,2007-01-02,0.00049418886,0.0003595258,145,57,ERA5_2007.nc
2007,2007-01-03,0.00048217084,0.0003210826,145,57,ERA5_2007.nc
2007,2007-01-04,0.00096616196,0.00033108165,145,57,ERA5_2007.nc
2007,2007-01-05,0.0009010425,0.0003090701,145,57,ERA5_2007.nc
2007,2007-01-06,0.0009613703,0.0003809285,145,57,ERA5_2007.nc
2007,2007-01-07,0.00054472627,0.000267205,145,57,ERA5_2007.nc
2007,2007-01-08,0.00020174407,0.00022324405,145,57,ERA5_2007.nc
2007,2007-01-09,0.00017196029,0.00020990672,145,57,ERA5_2007.nc
2007,2007-01-10,0.00027489447,0.00022231211,145,57,ERA5_2007.nc
2007,2007-01-11,0.0003014948,0.00020125121,145,57,ERA5_2007.nc
2007,2007-01-12,0.00030661764,0.00019377802,145,57,ERA5_2007.nc
2007,2007-01-13,0.0011911655,0.00024941665,145,57,ERA5_2007.nc
2007,2007-01-14,0.00083788484,0.00025990346,145,57,ERA5_2007.nc
2007,2007-01-15,0.00077792024,0.00031430958,145,57,ERA5_2007.nc
2007,2007-01-16,0.0007602078,0.00026803865,145,57,ERA5_2007.nc
2007,2007-01-17,0.00021403302,0.00017174117,145,57,ERA5_2007.nc
2007,2007-01-18,0.0007218118,0.0002508078,145,57,ERA5_2007.nc
2007,2007-01-19,0.00093158765,0.00030909607,145,57,ERA5_2007.nc
2007,2007-01-20,0.0010239445,0.00026286126,145,57,ERA5_2007.nc
2007,2007-01-21,0.0004905767,0.00021117632,145,57,ERA5_2007.nc
2007,2007-01-22,0.00038716843,0.00021467748,145,57,ERA5_2007.nc
2007,2007-01-23,0.00023379376,0.0001525681,145,57,ERA5_2007.nc
2007,2007-01-24,0.00047831394,0.0001732294,145,57,ERA5_2007.nc
2007,2007-01-25,0.00039104154,0.00017178073,145,57,ERA5_2007.nc
2007,2007-01-26,0.0007516196,0.00019557576,145,57,ERA5_2007.nc
2007,2007-01-27,0.00076998427,0.00022285603,145,57,ERA5_2007.nc
2007,2007-01-28,0.0009195653,0.00027437657,145,57,ERA5_2007.nc
2007,2007-01-29,0.00062654563,0.0001805773,145,57,ERA5_2007.nc
2007,2007-01-30,0.0010609766,0.00024316463,145,57,ERA5_2007.nc
2007,2007-01-31,0.00092773983,0.0002878661,145,57,ERA5_2007.nc
2007,2007-02-01,0.0010023196,0.00023683548,145,57,ERA5_2007.nc
2007,2007-02-02,0.0009419919,0.00027179456,145,57,ERA5_2007.nc
2007,2007-02-03,0.001838475,0.00035504537,145,57,ERA5_2007.nc
2007,2007-02-04,0.0013702819,0.00026188174,145,57,ERA5_2007.nc
2007,2007-02-05,0.0015738406,0.00027457537,145,57,ERA5_2007.nc
2007,2007-02-06,0.0013704376,0.00027789344,145,57,ERA5_2007.nc
2007,2007-02-07,0.00089110585,0.00022050798,145,57,ERA5_2007.nc
2007,2007-02-08,0.0013671406,0.00033111038,145,57,ERA5_2007.nc
2007,2007-02-09,0.00080860546,0.00021276483,145,57,ERA5_2007.nc
2007,2007-02-10,0.0004398489,0.00020181827,145,57,ERA5_2007.nc
2007,2007-02-11,0.0009024935,0.00021427654,145,57,ERA5_2007.nc
2007,2007-02-12,0.0008128687,0.00020237832,145,57,ERA5_2007.nc
2007,2007-02-13,0.0015022242,0.00032922384,145,57,ERA5_2007.nc
2007,2007-02-14,0.00040339548,0.00016869913,145,57,ERA5_2007.nc
2007,2007-02-15,0.000647559,0.00019501102,145,57,ERA5_2007.nc
2007,2007-02-16,0.00033079818,0.00015264223,145,57,ERA5_2007.nc
2007,2007-02-17,0.00042208892,0.00013625453,145,57,ERA5_2007.nc
2007,2007-02-18,0.00031916413,0.00012684116,145,57,ERA5_2007.nc
2007,2007-02-19,0.00012679968,0.00011462796,145,57,ERA5_2007.nc
2007,2007-02-20,0.00023772096,0.00011369566,145,57,ERA5_2007.nc
2007,2007-02-21,0.0004596875,0.00012354869,145,57,ERA5_2007.nc
2007,2007-02-22,0.0010882069,0.00015193017,145,57,ERA5_2007.nc
2007,2007-02-23,0.0010648463,0.00014599234,145,57,ERA5_2007.nc
2007,2007-02-24,0.0004524767,0.00010919455,145,57,ERA5_2007.nc
2007,2007-02-25,0.0016783362,0.00015850151,145,57,ERA5_2007.nc
2007,2007-02-26,0.0010778639,0.00015433267,145,57,ERA5_2007.nc
2007,2007-02-27,0.0006089319,0.00015088764,145,57,ERA5_2007.nc
2007,2007-02-28,0.0012035435,0.00022567698,145,57,ERA5_2007.nc
2007,2007-03-01,0.0005228374,0.000116935036,145,57,ERA5_2007.nc
2007,2007-03-02,0.00026162004,9.537354e-05,145,57,ERA5_2007.nc
2007,2007-03-03,0.00028917938,0.00010694261,145,57,ERA5_2007.nc
2007,2007-03-04,0.00038385202,0.00012654444,145,57,ERA5_2007.nc
2007,2007-03-05,7.001469e-05,8.129996e-05,145,57,ERA5_2007.nc
2007,2007-03-06,0.0001513023,8.76958e-05,145,57,ERA5_2007.nc
2007,2007-03-07,0.00019547323,8.705379e-05,145,57,ERA5_2007.nc
2007,2007-03-08,0.00061977725,0.0001643395,145,57,ERA5_2007.nc
2007,2007-03-09,0.00026633014,9.037723e-05,145,57,ERA5_2007.nc
2007,2007-03-10,0.0012962983,0.00018855877,145,57,ERA5_2007.nc
2007,2007-03-11,0.0014258178,0.00014407389,145,57,ERA5_2007.nc
2007,2007-03-12,0.00042764985,0.000107713044,145,57,ERA5_2007.nc
2007,2007-03-13,0.0008915449,0.0001033155,145,57,ERA5_2007.nc
2007,2007-03-14,0.0013339495,0.00014928982,145,57,ERA5_2007.nc
2007,2007-03-15,0.0013626799,0.00013265843,145,57,ERA5_2007.nc
2007,2007-03-16,0.0026380168,0.0003428281,145,57,ERA5_2007.nc
2007,2007-03-17,0.0010895671,0.00014135033,145,57,ERA5_2007.nc
2007,2007-03-18,0.00095960917,0.00018460293,145,57,ERA5_2007.nc
2007,2007-03-19,0.0010854447,0.00022403679,145,57,ERA5_2007.nc
2007,2007-03-20,0.00051883317,0.00012379687,145,57,ERA5_2007.nc
2007,2007-03-21,0.0008114301,0.00013202243,145,57,ERA5_2007.nc
2007,2007-03-22,0.00046799477,9.26409e-05,145,57,ERA5_2007.nc
2007,2007-03-23,0.0008211625,9.946615e-05,145,57,ERA5_2007.nc
2007,2007-03-24,0.00035930105,8.42202e-05,145,57,ERA5_2007.nc
2007,2007-03-25,0.000621048,9.94721e-05,145,57,ERA5_2007.nc
2007,2007-03-26,0.001376902,0.00015334412,145,57,ERA5_2007.nc
2007,2007-03-27,0.0018354526,0.00023095313,145,57,ERA5_2007.nc
2007,2007-03-28,0.0015618232,0.00021068161,145,57,ERA5_2007.nc
2007,2007-03-29,0.0004678116,9.121823e-05,145,57,ERA5_2007.nc
2007,2007-03-30,0.0004797483,9.0349306e-05,145,57,ERA5_2007.nc
2007,2007-03-31,0.0005267656,8.848918e-05,145,57,ERA5_2007.nc
2007,2007-04-01,0.00030620885,8.336936e-05,145,57,ERA5_2007.nc
2007,2007-04-02,9.269016e-05,6.0930586e-05,145,57,ERA5_2007.nc
2007,2007-04-03,0.00053756003,8.7914406e-05,145,57,ERA5_2007.nc
2007,2007-04-04,0.00052060554,7.79267e-05,145,57,ERA5_2007.nc
2007,2007-04-05,0.0006561403,8.600749e-05,145,57,ERA5_2007.nc
2007,2007-04-06,0.00045830378,7.3642805e-05,145,57,ERA5_2007.nc
2007,2007-04-07,0.00057864294,8.6491884e-05,145,57,ERA5_2007.nc
2007,2007-04-08,0.0017377469,0.00017634506,145,57,ERA5_2007.nc
2007,2007-04-09,0.0012549974,0.00017955835,145,57,ERA5_2007.nc
2007,2007-04-10,0.0016635708,0.00023016513,145,57,ERA5_2007.nc
2007,2007-04-11,0.0023156342,0.00020895009,145,57,ERA5_2007.nc
2007,2007-04-12,0.0027167306,0.00021812815,145,57,ERA5_2007.nc
2007,2007-04-13,0.0028254285,0.00027253403,145,57,ERA5_2007.nc
2007,2007-04-14,0.003676928,0.0003920886,145,57,ERA5_2007.nc
2007,2007-04-15,0.0012462441,0.0001934115,145,57,ERA5_2007.nc
2007,2007-04-16,0.0014600338,0.00030423078,145,57,ERA5_2007.nc
2007,2007-04-17,0.0021383609,0.00036812498,145,57,ERA5_2007.nc
2007,2007-04-18,0.002061746,0.00029679004,145,57,ERA5_2007.nc
2007,2007-04-19,0.001895728,0.00038179453,145,57,ERA5_2007.nc
2007,2007-04-20,0.001877426,0.0003789268,145,57,ERA5_2007.nc
2007,2007-04-21,0.0015830463,0.000350523,145,57,ERA5_2007.nc
2007,2007-04-22,0.00073655014,0.00012824836,145,57,ERA5_2007.nc
2007,2007-04-23,0.0010341855,0.00014248797,145,57,ERA5_2007.nc
2007,2007-04-24,0.0023081386,0.00030129915,145,57,ERA5_2007.nc
2007,2007-04-25,0.003108225,0.0004405506,145,57,ERA5_2007.nc
2007,2007-04-26,0.0024839132,0.00031758365,145,57,ERA5_2007.nc
2007,2007-04-27,0.0022461442,0.00040245883,145,57,ERA5_2007.nc
2007,2007-04-28,0.0014138394,0.00025356846,145,57,ERA5_2007.nc
2007,2007-04-29,0.00072971446,0.00012968382,145,57,ERA5_2007.nc
2007,2007-04-30,0.0024566962,0.0002827185,145,57,ERA5_2007.nc
2007,2007-05-01,0.0015849676,0.00025207948,145,57,ERA5_2007.nc
2007,2007-05-02,0.0008777726,0.00015480211,145,57,ERA5_2007.nc
2007,2007-05-03,0.0009481436,0.00017023612,145,57,ERA5_2007.nc
2007,2007-05-04,0.0014412426,0.0001740618,145,57,ERA5_2007.nc
2007,2007-05-05,0.0031702954,0.0004909078,145,57,ERA5_2007.nc
2007,2007-05-06,0.0019998944,0.0003674447,145,57,ERA5_2007.nc
2007,2007-05-07,0.0017483884,0.00033790123,145,57,ERA5_2007.nc
2007,2007-05-08,0.000616871,0.00018019212,145,57,ERA5_2007.nc
2007,2007-05-09,0.0012546363,0.00017727204,145,57,ERA5_2007.nc
2007,2007-05-10,0.00085339614,0.00016153342,145,57,ERA5_2007.nc
2007,2007-05-11,0.0009479746,0.00013173898,145,57,ERA5_2007.nc
2007,2007-05-12,0.0041602342,0.00050049333,145,57,ERA5_2007.nc
2007,2007-05-13,0.0019762423,0.00030358776,145,57,ERA5_2007.nc
2007,2007-05-14,0.0023645803,0.00033073314,145,57,ERA5_2007.nc
2007,2007-05-15,0.0037907097,0.00063360983,145,57,ERA5_2007.nc
2007,2007-05-16,0.0023832985,0.0003917641,145,57,ERA5_2007.nc
2007,2007-05-17,0.0022325006,0.0004002386,145,57,ERA5_2007.nc
2007,2007-05-18,0.0022720061,0.00038783567,145,57,ERA5_2007.nc
2007,2007-05-19,0.00040950777,0.00017187637,145,57,ERA5_2007.nc
2007,2007-05-20,0.00096161966,0.00023742225,145,57,ERA5_2007.nc
2007,2007-05-21,0.00042967987,0.00015165054,145,57,ERA5_2007.nc
2007,2007-05-22,0.0010939111,0.00019154324,145,57,ERA5_2007.nc
2007,2007-05-23,0.0018184356,0.00027460576,145,57,ERA5_2007.nc
2007,2007-05-24,0.0020081091,0.00027978458,145,57,ERA5_2007.nc
2007,2007-05-25,0.0015940291,0.00031354977,145,57,ERA5_2007.nc
2007,2007-05-26,0.0014037315,0.0003053554,145,57,ERA5_2007.nc
2007,2007-05-27,0.0013100402,0.0002925765,145,57,ERA5_2007.nc
2007,2007-05-28,0.0013203085,0.00023491593,145,57,ERA5_2007.nc
2007,2007-05-29,0.0022973195,0.00037591648,145,57,ERA5_2007.nc
2007,2007-05-30,0.0014034845,0.00026420748,145,57,ERA5_2007.nc
2007,2007-05-31,0.0020714337,0.00030157293,145,57,ERA5_2007.nc
2007,2007-06-01,0.0025250728,0.00044546355,145,57,ERA5_2007.nc
2007,2007-06-02,0.0032206941,0.00042766772,145,57,ERA5_2007.nc
2007,2007-06-03,0.0030506437,0.0004533609,145,57,ERA5_2007.nc
2007,2007-06-04,0.0027280892,0.00051442394,145,57,ERA5_2007.nc
2007,2007-06-05,0.0024400053,0.0004474444,145,57,ERA5_2007.nc
2007,2007-06-06,0.0017847847,0.0003434056,145,57,ERA5_2007.nc
2007,2007-06-07,0.0011595292,0.00025817135,145,57,ERA5_2007.nc
2007,2007-06-08,0.0017480403,0.00029453312,145,57,ERA5_2007.nc
2007,2007-06-09,0.0030921693,0.00046178483,145,57,ERA5_2007.nc
2007,2007-06-10,0.0040529966,0.00059709337,145,57,ERA5_2007.nc
2007,2007-06-11,0.0020734095,0.00040927427,145,57,ERA5_2007.nc
2007,2007-06-12,0.0017691117,0.000402936,145,57,ERA5_2007.nc
2007,2007-06-13,0.0022215552,0.00035503524,145,57,ERA5_2007.nc
2007,2007-06-14,0.0031877859,0.00051718915,145,57,ERA5_2007.nc
2007,2007-06-15,0.0021328186,0.00040929427,145,57,ERA5_2007.nc
2007,2007-06-16,0.0014290097,0.00035422697,145,57,ERA5_2007.nc
2007,2007-06-17,0.0020092223,0.00035494188,145,57,ERA5_2007.nc
2007,2007-06-18,0.00232689,0.00043779024,145,57,ERA5_2007.nc
2007,2007-06-19,0.0014257147,0.00037071298,145,57,ERA5_2007.nc
2007,2007-06-20,0.0015915607,0.0003564686,145,57,ERA5_2007.nc
2007,2007-06-21,0.0015436774,0.00033592893,145,57,ERA5_2007.nc
2007,2007-06-22,0.0027835607,0.00045950347,145,57,ERA5_2007.nc
2007,2007-06-23,0.0022711128,0.0003821231,145,57,ERA5_2007.nc
2007,2007-06-24,0.0009564065,0.00024022485,145,57,ERA5_2007.nc
2007,2007-06-25,0.0017108464,0.00029308628,145,57,ERA5_2007.nc
2007,2007-06-26,0.0024805134,0.0003399429,145,57,ERA5_2007.nc
2007,2007-06-27,0.0020433436,0.00034449733,145,57,ERA5_2007.nc
2007,2007-06-28,0.0013520333,0.0002430284,145,57,ERA5_2007.nc
2007,2007-06-29,0.0021413476,0.0003375149,145,57,ERA5_2007.nc
2007,2007-06-30,0.0025456874,0.00037539093,145,57,ERA5_2007.nc
2007,2007-07-01,0.0022734813,0.0003552879,145,57,ERA5_2007.nc
2007,2007-07-02,0.0034462842,0.00047844762,145,57,ERA5_2007.nc
2007,2007-07-03,0.0045902445,0.0006361983,145,57,ERA5_2007.nc
2007,2007-07-04,0.003804313,0.00050946046,145,57,ERA5_2007.nc
2007,2007-07-05,0.0027343356,0.00041918326,145,57,ERA5_2007.nc
2007,2007-07-06,0.0023291034,0.00040438393,145,57,ERA5_2007.nc
2007,2007-07-07,0.0013978533,0.0003105707,145,57,ERA5_2007.nc
2007,2007-07-08,0.0024115006,0.000402998,145,57,ERA5_2007.nc
2007,2007-07-09,0.0032429053,0.00037142762,145,57,ERA5_2007.nc
2007,2007-07-10,0.0033021176,0.00045480585,145,57,ERA5_2007.nc
2007,2007-07-11,0.0017441474,0.00033560742,145,57,ERA5_2007.nc
2007,2007-07-12,0.0029635604,0.0004114656,145,57,ERA5_2007.nc
2007,2007-07-13,0.004073965,0.0004431025,145,57,ERA5_2007.nc
2007,2007-07-14,0.001539353,0.00027143984,145,57,ERA5_2007.nc
2007,2007-07-15,0.0012452025,0.0002755148,145,57,ERA5_2007.nc
2007,2007-07-16,0.0037066576,0.0005447861,145,57,ERA5_2007.nc
2007,2007-07-17,0.0040134573,0.0005709275,145,57,ERA5_2007.nc
2007,2007-07-18,0.002364112,0.00045841708,145,57,ERA5_2007.nc
2007,2007-07-19,0.0011843696,0.00031347852,145,57,ERA5_2007.nc
2007,2007-07-20,0.0017386363,0.0003177825,145,57,ERA5_2007.nc
2007,2007-07-21,0.0022252356,0.0003837494,145,57,ERA5_2007.nc
2007,2007-07-22,0.0020306676,0.00035856693,145,57,ERA5_2007.nc
2007,2007-07-23,0.0020314339,0.00032283302,145,57,ERA5_2007.nc
2007,2007-07-24,0.0026640384,0.00037383242,145,57,ERA5_2007.nc
2007,2007-07-25,0.0037470008,0.0004560118,145,57,ERA5_2007.nc
2007,2007-07-26,0.002865191,0.00041414791,145,57,ERA5_2007.nc
2007,2007-07-27,0.001570428,0.00036254438,145,57,ERA5_2007.nc
2007,2007-07-28,0.0028068153,0.0004690697,145,57,ERA5_2007.nc
2007,2007-07-29,0.00373409,0.0004985386,145,57,ERA5_2007.nc
2007,2007-07-30,0.004679748,0.0006377216,145,57,ERA5_2007.nc
2007,2007-07-31,0.00356283,0.00056615565,145,57,ERA5_2007.nc
2007,2007-08-01,0.0035169674,0.000538709,145,57,ERA5_2007.nc
2007,2007-08-02,0.0025321818,0.00040685752,145,57,ERA5_2007.nc
2007,2007-08-03,0.0031255602,0.000518929,145,57,ERA5_2007.nc
2007,2007-08-04,0.0032060076,0.0006142481,145,57,ERA5_2007.nc
2007,2007-08-05,0.003985648,0.00075291516,145,57,ERA5_2007.nc
2007,2007-08-06,0.0024048765,0.00045998185,145,57,ERA5_2007.nc
2007,2007-08-07,0.0029455503,0.0005640348,145,57,ERA5_2007.nc
2007,2007-08-08,0.0031198421,0.0006683996,145,57,ERA5_2007.nc
2007,2007-08-09,0.0030444902,0.0006143191,145,57,ERA5_2007.nc
2007,2007-08-10,0.003212923,0.0007749165,145,57,ERA5_2007.nc
2007,2007-08-11,0.0024607498,0.0005923932,145,57,ERA5_2007.nc
2007,2007-08-12,0.0020490992,0.0004976022,145,57,ERA5_2007.nc
2007,2007-08-13,0.0024165811,0.0005289125,145,57,ERA5_2007.nc
2007,2007-08-14,0.0032802166,0.00078351307,145,57,ERA5_2007.nc
2007,2007-08-15,0.0025946705,0.0006545527,145,57,ERA5_2007.nc
2007,2007-08-16,0.0019118355,0.0005790972,145,57,ERA5_2007.nc
2007,2007-08-17,0.0032371548,0.00060814223,145,57,ERA5_2007.nc
2007,2007-08-18,0.0031135166,0.00063164823,145,57,ERA5_2007.nc
2007,2007-08-19,0.0022310098,0.0005252791,145,57,ERA5_2007.nc
2007,2007-08-20,0.0029715407,0.00059520634,145,57,ERA5_2007.nc
2007,2007-08-21,0.0028378202,0.0005832429,145,57,ERA5_2007.nc
2007,2007-08-22,0.0030500167,0.0006345872,145,57,ERA5_2007.nc
2007,2007-08-23,0.0025096564,0.0006166783,145,57,ERA5_2007.nc
2007,2007-08-24,0.0015835117,0.0004081264,145,57,ERA5_2007.nc
2007,2007-08-25,0.0027374346,0.0005253416,145,57,ERA5_2007.nc
2007,2007-08-26,0.0032118214,0.00063001335,145,57,ERA5_2007.nc
2007,2007-08-27,0.003893581,0.00086013786,145,57,ERA5_2007.nc
2007,2007-08-28,0.0022402345,0.0006267936,145,57,ERA5_2007.nc
2007,2007-08-29,0.0021376077,0.00046488014,145,57,ERA5_2007.nc
2007,2007-08-30,0.0017352283,0.00048224625,145,57,ERA5_2007.nc
2007,2007-08-31,0.0026996583,0.00049807323,145,57,ERA5_2007.nc
2007,2007-09-01,0.0028696875,0.00065804704,145,57,ERA5_2007.nc
2007,2007-09-02,0.003753932,0.0007128777,145,57,ERA5_2007.nc
2007,2007-09-03,0.0032241258,0.0006094681,145,57,ERA5_2007.nc
2007,2007-09-04,0.0042085685,0.00087282655,145,57,ERA5_2007.nc
2007,2007-09-05,0.0030446341,0.00066080055,145,57,ERA5_2007.nc
2007,2007-09-06,0.0022925024,0.00058320875,145,57,ERA5_2007.nc
2007,2007-09-07,0.0025932034,0.0006780969,145,57,ERA5_2007.nc
2007,2007-09-08,0.003075448,0.0007772296,145,57,ERA5_2007.nc
2007,2007-09-09,0.0025203903,0.0006109327,145,57,ERA5_2007.nc
2007,2007-09-10,0.0025630114,0.000711621,145,57,ERA5_2007.nc
2007,2007-09-11,0.0037006321,0.0008794538,145,57,ERA5_2007.nc
2007,2007-09-12,0.002514318,0.0006438955,145,57,ERA5_2007.nc
2007,2007-09-13,0.003149786,0.00077239977,145,57,ERA5_2007.nc
2007,2007-09-14,0.002451975,0.0007246259,145,57,ERA5_2007.nc
2007,2007-09-15,0.0029694838,0.00078702345,145,57,ERA5_2007.nc
2007,2007-09-16,0.0016632348,0.0006134276,145,57,ERA5_2007.nc
2007,2007-09-17,0.0018297881,0.00061936874,145,57,ERA5_2007.nc
2007,2007-09-18,0.0032493952,0.0007621001,145,57,ERA5_2007.nc
2007,2007-09-19,0.002954232,0.0007465177,145,57,ERA5_2007.nc
2007,2007-09-20,0.001662362,0.00058827363,145,57,ERA5_2007.nc
2007,2007-09-21,0.00285144,0.0007872925,145,57,ERA5_2007.nc
2007,2007-09-22,0.002110651,0.00060404255,145,57,ERA5_2007.nc
2007,2007-09-23,0.001093213,0.00047870827,145,57,ERA5_2007.nc
2007,2007-09-24,0.0018035577,0.0005649637,145,57,ERA5_2007.nc
2007,2007-09-25,0.0017693061,0.00052367244,145,57,ERA5_2007.nc
2007,2007-09-26,0.0024650805,0.00062251615,145,57,ERA5_2007.nc
2007,2007-09-27,0.0014288856,0.0005761426,145,57,ERA5_2007.nc
2007,2007-09-28,0.00096807943,0.00040202,145,57,ERA5_2007.nc
2007,2007-09-29,0.0017889419,0.0005349895,145,57,ERA5_2007.nc
2007,2007-09-30,0.0025360542,0.0006294986,145,57,ERA5_2007.nc
2007,2007-10-01,0.0043816636,0.0010943068,145,57,ERA5_2007.nc
2007,2007-10-02,0.0021106894,0.0006689178,145,57,ERA5_2007.nc
2007,2007-10-03,0.0018051951,0.0006028445,145,57,ERA5_2007.nc
2007,2007-10-04,0.0025607266,0.00074315345,145,57,ERA5_2007.nc
2007,2007-10-05,0.0016509589,0.00054991816,145,57,ERA5_2007.nc
2007,2007-10-06,0.0022893436,0.0006242116,145,57,ERA5_2007.nc
2007,2007-10-07,0.0030157473,0.00083805854,145,57,ERA5_2007.nc
2007,2007-10-08,0.0022260433,0.00070874835,145,57,ERA5_2007.nc
2007,2007-10-09,0.0027107247,0.0007631668,145,57,ERA5_2007.nc
2007,2007-10-10,0.0014003799,0.00059107767,145,57,ERA5_2007.nc
2007,2007-10-11,0.0011822524,0.000503991,145,57,ERA5_2007.nc
2007,2007-10-12,0.0015924622,0.00058739085,145,57,ERA5_2007.nc
2007,2007-10-13,0.0011972277,0.00053863204,145,57,ERA5_2007.nc
2007,2007-10-14,0.0017604904,0.00060734415,145,57,ERA5_2007.nc
2007,2007-10-15,0.0015186585,0.000550242,145,57,ERA5_2007.nc
2007,2007-10-16,0.00194616,0.00061435776,145,57,ERA5_2007.nc
2007,2007-10-17,0.0018015016,0.0005359483,145,57,ERA5_2007.nc
2007,2007-10-18,0.0016336695,0.00053409184,145,57,ERA5_2007.nc
2007,2007-10-19,0.0016851379,0.0005102014,145,57,ERA5_2007.nc
2007,2007-10-20,0.003049817,0.0008268991,145,57,ERA5_2007.nc
2007,2007-10-21,0.0032994538,0.0008072684,145,57,ERA5_2007.nc
2007,2007-10-22,0.0024986838,0.00060922856,145,57,ERA5_2007.nc
2007,2007-10-23,0.0013827708,0.0005573893,145,57,ERA5_2007.nc
2007,2007-10-24,0.0011071723,0.00046000612,145,57,ERA5_2007.nc
2007,2007-10-25,0.0017019163,0.0005743861,145,57,ERA5_2007.nc
2007,2007-10-26,0.0010078251,0.00046793948,145,57,ERA5_2007.nc
2007,2007-10-27,0.0015607683,0.0005490512,145,57,ERA5_2007.nc
2007,2007-10-28,0.0009042344,0.00046619488,145,57,ERA5_2007.nc
2007,2007-10-29,0.0013720186,0.00060820824,145,57,ERA5_2007.nc
2007,2007-10-30,0.001011159,0.00050545647,145,57,ERA5_2007.nc
2007,2007-10-31,0.0006523489,0.00042978904,145,57,ERA5_2007.nc
2007,2007-11-01,0.0009183453,0.0004581865,145,57,ERA5_2007.nc
2007,2007-11-02,0.0014303033,0.000475963,145,57,ERA5_2007.nc
2007,2007-11-03,0.0034275695,0.00099625,145,57,ERA5_2007.nc
2007,2007-11-04,0.002433558,0.00061843503,145,57,ERA5_2007.nc
2007,2007-11-05,0.0008841056,0.00047680273,145,57,ERA5_2007.nc
2007,2007-11-06,0.0018719633,0.00057942164,145,57,ERA5_2007.nc
2007,2007-11-07,0.0022249923,0.0006198499,145,57,ERA5_2007.nc
2007,2007-11-08,0.0023179427,0.0006082457,145,57,ERA5_2007.nc
2007,2007-11-09,0.0013061559,0.00047885982,145,57,ERA5_2007.nc
2007,2007-11-10,0.0016877719,0.00051875325,145,57,ERA5_2007.nc
2007,2007-11-11,0.0020163185,0.0005978135,145,57,ERA5_2007.nc
2007,2007-11-12,0.002422267,0.00073282246,145,57,ERA5_2007.nc
2007,2007-11-13,0.001354021,0.0004812841,145,57,ERA5_2007.nc
2007,2007-11-14,0.0013882779,0.000522366,145,57,ERA5_2007.nc
2007,2007-11-15,0.0022846146,0.000645534,145,57,ERA5_2007.nc
2007,2007-11-16,0.0028775446,0.00083608186,145,57,ERA5_2007.nc
2007,2007-11-17,0.001977215,0.0007620914,145,57,ERA5_2007.nc
2007,2007-11-18,0.0014306405,0.000646481,145,57,ERA5_2007.nc
2007,2007-11-19,0.000845007,0.00047825044,145,57,ERA5_2007.nc
2007,2007-11-20,0.0008665301,0.00044954557,145,57,ERA5_2007.nc
2007,2007-11-21,0.0011978971,0.00048238933,145,57,ERA5_2007.nc
2007,2007-11-22,0.0013786707,0.00055040733,145,57,ERA5_2007.nc
2007,2007-11-23,0.0015968175,0.0006112519,145,57,ERA5_2007.nc
2007,2007-11-24,0.0013387844,0.00055443496,145,57,ERA5_2007.nc
2007,2007-11-25,0.0007959926,0.00046137418,145,57,ERA5_2007.nc
2007,2007-11-26,0.00065727485,0.00046116996,145,57,ERA5_2007.nc
2007,2007-11-27,0.0007796482,0.00046615198,145,57,ERA5_2007.nc
2007,2007-11-28,0.00066379446,0.0004358992,145,57,ERA5_2007.nc
2007,2007-11-29,0.00061302405,0.0004220059,145,57,ERA5_2007.nc
2007,2007-11-30,0.00064401346,0.000415403,145,57,ERA5_2007.nc
2007,2007-12-01,0.0007125982,0.0003904914,145,57,ERA5_2007.nc
2007,2007-12-02,0.0008503135,0.00040999532,145,57,ERA5_2007.nc
2007,2007-12-03,0.0013684602,0.00047042657,145,57,ERA5_2007.nc
2007,2007-12-04,0.0009797662,0.00044538768,145,57,ERA5_2007.nc
2007,2007-12-05,0.0005700292,0.00032906028,145,57,ERA5_2007.nc
2007,2007-12-06,0.00070462434,0.00030977908,145,57,ERA5_2007.nc
2007,2007-12-07,0.0017893519,0.0004617485,145,57,ERA5_2007.nc
2007,2007-12-08,0.001996552,0.00043140916,145,57,ERA5_2007.nc
2007,2007-12-09,0.0011226358,0.00034361175,145,57,ERA5_2007.nc
2007,2007-12-10,0.00096955645,0.00038052147,145,57,ERA5_2007.nc
2007,2007-12-11,0.0015082671,0.00046898302,145,57,ERA5_2007.nc
2007,2007-12-12,0.0011028828,0.00038216927,145,57,ERA5_2007.nc
2007,2007-12-13,0.0005853987,0.0002984408,145,57,ERA5_2007.nc
2007,2007-12-14,0.0007868508,0.00033746695,145,57,ERA5_2007.nc
2007,2007-12-15,0.00033836832,0.00028310478,145,57,ERA5_2007.nc
2007,2007-12-16,0.00016102655,0.00024586843,145,57,ERA5_2007.nc
2007,2007-12-17,0.00012370979,0.00023721007,145,57,ERA5_2007.nc
2007,2007-12-18,0.00031559257,0.00023832147,145,57,ERA5_2007.nc
2007,2007-12-19,0.0005313322,0.00024502963,145,57,ERA5_2007.nc
2007,2007-12-20,0.00092053425,0.00023442053,145,57,ERA5_2007.nc
2007,2007-12-21,0.00041244828,0.00023570948,145,57,ERA5_2007.nc
2007,2007-12-22,0.00023299827,0.00023393735,145,57,ERA5_2007.nc
2007,2007-12-23,0.00030113256,0.0002361199,145,57,ERA5_2007.nc
2007,2007-12-24,0.00038022263,0.00021842477,145,57,ERA5_2007.nc
2007,2007-12-25,0.00047102204,0.00027311113,145,57,ERA5_2007.nc
2007,2007-12-26,0.00040803442,0.00027687044,145,57,ERA5_2007.nc
2007,2007-12-27,0.00038836047,0.00023236466,145,57,ERA5_2007.nc
2007,2007-12-28,0.00038974034,0.00022985431,145,57,ERA5_2007.nc
2007,2007-12-29,0.00011735278,0.0001750336,145,57,ERA5_2007.nc
2007,2007-12-30,0.0005467121,0.0001963043,145,57,ERA5_2007.nc
2007,2007-12-31,0.00043733628,0.00022095603,145,57,ERA5_2007.nc
2008,2008-01-01,0.00043224063,0.00018675758,145,57,ERA5_2008.nc
2008,2008-01-02,0.0007050357,0.00019866435,145,57,ERA5_2008.nc
2008,2008-01-03,0.00043327012,0.0001848781,145,57,ERA5_2008.nc
2008,2008-01-04,0.00029292225,0.00016342543,145,57,ERA5_2008.nc
2008,2008-01-05,0.00048187978,0.00016462903,145,57,ERA5_2008.nc
2008,2008-01-06,0.00058122404,0.00019494102,145,57,ERA5_2008.nc
2008,2008-01-07,0.000492213,0.00018898316,145,57,ERA5_2008.nc
2008,2008-01-08,0.00050161674,0.0001680294,145,57,ERA5_2008.nc
2008,2008-01-09,0.00094333116,0.00016601016,145,57,ERA5_2008.nc
2008,2008-01-10,0.00044071686,0.00014417744,145,57,ERA5_2008.nc
2008,2008-01-11,0.00055916596,0.00019152105,145,57,ERA5_2008.nc
2008,2008-01-12,0.0005634328,0.00017339044,145,57,ERA5_2008.nc
2008,2008-01-13,0.0009736887,0.00023650863,145,57,ERA5_2008.nc
2008,2008-01-14,0.0011343779,0.00025417263,145,57,ERA5_2008.nc
2008,2008-01-15,0.0016188223,0.0002288373,145,57,ERA5_2008.nc
2008,2008-01-16,0.0015750846,0.00023397426,145,57,ERA5_2008.nc
2008,2008-01-17,0.0010025416,0.00019697726,145,57,ERA5_2008.nc
2008,2008-01-18,0.0009025755,0.00021825,145,57,ERA5_2008.nc
2008,2008-01-19,0.0010671753,0.00021922679,145,57,ERA5_2008.nc
2008,2008-01-20,0.0012650157,0.00021182967,145,57,ERA5_2008.nc
2008,2008-01-21,0.002996451,0.0003396194,145,57,ERA5_2008.nc
2008,2008-01-22,0.002047008,0.0002423482,145,57,ERA5_2008.nc
2008,2008-01-23,0.001146833,0.00024755066,145,57,ERA5_2008.nc
2008,2008-01-24,0.000727639,0.00018732349,145,57,ERA5_2008.nc
2008,2008-01-25,0.00089443126,0.0001851659,145,57,ERA5_2008.nc
2008,2008-01-26,0.0013779599,0.00024064971,145,57,ERA5_2008.nc
2008,2008-01-27,0.00080240774,0.00018763574,145,57,ERA5_2008.nc
2008,2008-01-28,0.0002492776,0.00011786094,145,57,ERA5_2008.nc
2008,2008-01-29,0.00058333285,0.0001423202,145,57,ERA5_2008.nc
2008,2008-01-30,0.0005594728,0.00014916845,145,57,ERA5_2008.nc
2008,2008-01-31,0.00019770284,0.000121463774,145,57,ERA5_2008.nc
2008,2008-02-01,0.00010312623,0.00011861078,145,57,ERA5_2008.nc
2008,2008-02-02,8.2422215e-05,0.00012416935,145,57,ERA5_2008.nc
2008,2008-02-03,0.00016984316,0.00012337566,145,57,ERA5_2008.nc
2008,2008-02-04,8.9601424e-05,0.00011017609,145,57,ERA5_2008.nc
2008,2008-02-05,0.00026228375,0.00011521854,145,57,ERA5_2008.nc
2008,2008-02-06,0.00084784976,0.00013766992,145,57,ERA5_2008.nc
2008,2008-02-07,0.0011375162,0.00017544784,145,57,ERA5_2008.nc
2008,2008-02-08,0.0015637658,0.00018030984,145,57,ERA5_2008.nc
2008,2008-02-09,0.00047066368,0.00015247794,145,57,ERA5_2008.nc
2008,2008-02-10,0.0015617786,0.00019732854,145,57,ERA5_2008.nc
2008,2008-02-11,0.0009836566,0.0001829355,145,57,ERA5_2008.nc
2008,2008-02-12,0.0013709313,0.00025369914,145,57,ERA5_2008.nc
2008,2008-02-13,0.00092084537,0.00014513166,145,57,ERA5_2008.nc
2008,2008-02-14,0.0006644471,0.00014033396,145,57,ERA5_2008.nc
2008,2008-02-15,0.0005821763,0.00015207697,145,57,ERA5_2008.nc
2008,2008-02-16,0.0003296648,0.000114180235,145,57,ERA5_2008.nc
2008,2008-02-17,0.0002682742,9.9908895e-05,145,57,ERA5_2008.nc
2008,2008-02-18,0.000745169,0.00012914684,145,57,ERA5_2008.nc
2008,2008-02-19,0.00055140187,0.00018538494,145,57,ERA5_2008.nc
2008,2008-02-20,0.00040486525,0.000119590586,145,57,ERA5_2008.nc
2008,2008-02-21,0.0003182249,0.00011834741,145,57,ERA5_2008.nc
2008,2008-02-22,0.00030298153,0.00012785234,145,57,ERA5_2008.nc
2008,2008-02-23,7.672157e-05,8.688406e-05,145,57,ERA5_2008.nc
2008,2008-02-24,0.00018605153,8.972273e-05,145,57,ERA5_2008.nc
2008,2008-02-25,0.0013714985,0.00015800868,145,57,ERA5_2008.nc
2008,2008-02-26,0.0016746777,0.00024311991,145,57,ERA5_2008.nc
2008,2008-02-27,0.00065817975,0.00014149645,145,57,ERA5_2008.nc
2008,2008-02-28,0.0005471178,0.000156004,145,57,ERA5_2008.nc
2008,2008-02-29,0.00064230245,0.00013748083,145,57,ERA5_2008.nc
2008,2008-03-01,0.0006733771,0.0001658122,145,57,ERA5_2008.nc
2008,2008-03-02,0.00039973384,0.00013093262,145,57,ERA5_2008.nc
2008,2008-03-03,0.0003033449,0.00011125736,145,57,ERA5_2008.nc
2008,2008-03-04,0.00046378875,0.00010625013,145,57,ERA5_2008.nc
2008,2008-03-05,0.00054070924,0.00012521111,145,57,ERA5_2008.nc
2008,2008-03-06,0.001283739,0.00016731278,145,57,ERA5_2008.nc
2008,2008-03-07,0.0014831987,0.00021123009,145,57,ERA5_2008.nc
2008,2008-03-08,0.0012947965,0.00016329708,145,57,ERA5_2008.nc
2008,2008-03-09,0.001037424,0.0001776143,145,57,ERA5_2008.nc
2008,2008-03-10,0.0009229369,0.00016765523,145,57,ERA5_2008.nc
2008,2008-03-11,0.0013697455,0.00016588983,145,57,ERA5_2008.nc
2008,2008-03-12,0.0013187604,0.00019692558,145,57,ERA5_2008.nc
2008,2008-03-13,0.001460342,0.00014177104,145,57,ERA5_2008.nc
2008,2008-03-14,0.0015394288,0.00016540174,145,57,ERA5_2008.nc
2008,2008-03-15,0.0006237471,0.000115424045,145,57,ERA5_2008.nc
2008,2008-03-16,0.0019026657,0.0002192934,145,57,ERA5_2008.nc
2008,2008-03-17,0.0023088667,0.00045362057,145,57,ERA5_2008.nc
2008,2008-03-18,0.00090153026,0.00017401855,145,57,ERA5_2008.nc
2008,2008-03-19,0.0008243526,0.00020346133,145,57,ERA5_2008.nc
2008,2008-03-20,0.0013050291,0.00018585581,145,57,ERA5_2008.nc
2008,2008-03-21,0.0014679529,0.00028500555,145,57,ERA5_2008.nc
2008,2008-03-22,0.0015874733,0.00029561314,145,57,ERA5_2008.nc
2008,2008-03-23,0.0015007424,0.00024325305,145,57,ERA5_2008.nc
2008,2008-03-24,0.00075558986,0.00021936523,145,57,ERA5_2008.nc
2008,2008-03-25,0.00049564266,0.00013171445,145,57,ERA5_2008.nc
2008,2008-03-26,0.0029512376,0.00038837508,145,57,ERA5_2008.nc
2008,2008-03-27,0.003160378,0.00042033006,145,57,ERA5_2008.nc
2008,2008-03-28,0.0015698244,0.00037782826,145,57,ERA5_2008.nc
2008,2008-03-29,0.0018233182,0.0002797488,145,57,ERA5_2008.nc
2008,2008-03-30,0.0016383562,0.00023209717,145,57,ERA5_2008.nc
2008,2008-03-31,0.0014512532,0.00019897419,145,57,ERA5_2008.nc
2008,2008-04-01,0.0022890174,0.00034346626,145,57,ERA5_2008.nc
2008,2008-04-02,0.00059227017,0.00013854854,145,57,ERA5_2008.nc
2008,2008-04-03,0.0008624807,0.0001559865,145,57,ERA5_2008.nc
2008,2008-04-04,0.00044937,0.00011609733,145,57,ERA5_2008.nc
2008,2008-04-05,0.0008571111,0.00011934446,145,57,ERA5_2008.nc
2008,2008-04-06,0.00085881574,0.00012473711,145,57,ERA5_2008.nc
2008,2008-04-07,0.00091248483,0.00013012112,145,57,ERA5_2008.nc
2008,2008-04-08,0.0019120625,0.00023805081,145,57,ERA5_2008.nc
2008,2008-04-09,0.0027659654,0.0002878318,145,57,ERA5_2008.nc
2008,2008-04-10,0.0026615318,0.00033851454,145,57,ERA5_2008.nc
2008,2008-04-11,0.0021986263,0.00031656487,145,57,ERA5_2008.nc
2008,2008-04-12,0.0028265184,0.00039326638,145,57,ERA5_2008.nc
2008,2008-04-13,0.0021599843,0.0003491696,145,57,ERA5_2008.nc
2008,2008-04-14,0.001930422,0.00039858796,145,57,ERA5_2008.nc
2008,2008-04-15,0.0018285081,0.00022197576,145,57,ERA5_2008.nc
2008,2008-04-16,0.0022729184,0.0003461127,145,57,ERA5_2008.nc
2008,2008-04-17,0.0013307377,0.00026128278,145,57,ERA5_2008.nc
2008,2008-04-18,0.001238896,0.00020737184,145,57,ERA5_2008.nc
2008,2008-04-19,0.0025793505,0.0003905007,145,57,ERA5_2008.nc
2008,2008-04-20,0.003667552,0.00057005207,145,57,ERA5_2008.nc
2008,2008-04-21,0.0032956852,0.00048337024,145,57,ERA5_2008.nc
2008,2008-04-22,0.0017324195,0.0003345549,145,57,ERA5_2008.nc
2008,2008-04-23,0.0009866655,0.00019049036,145,57,ERA5_2008.nc
2008,2008-04-24,0.002815317,0.00039755006,145,57,ERA5_2008.nc
2008,2008-04-25,0.003508403,0.000511529,145,57,ERA5_2008.nc
2008,2008-04-26,0.0025349474,0.0003257414,145,57,ERA5_2008.nc
2008,2008-04-27,0.00064631645,0.00016960432,145,57,ERA5_2008.nc
2008,2008-04-28,0.0008322554,0.00017188271,145,57,ERA5_2008.nc
2008,2008-04-29,0.001956312,0.00028032798,145,57,ERA5_2008.nc
2008,2008-04-30,0.0012977605,0.00022718639,145,57,ERA5_2008.nc
2008,2008-05-01,0.0011675996,0.00022365383,145,57,ERA5_2008.nc
2008,2008-05-02,0.0012170089,0.00025202218,145,57,ERA5_2008.nc
2008,2008-05-03,0.0018009016,0.00034740902,145,57,ERA5_2008.nc
2008,2008-05-04,0.0021397644,0.00034769782,145,57,ERA5_2008.nc
2008,2008-05-05,0.0020222191,0.00034353428,145,57,ERA5_2008.nc
2008,2008-05-06,0.0005298817,0.00017172308,145,57,ERA5_2008.nc
2008,2008-05-07,0.0005322352,0.00015340064,145,57,ERA5_2008.nc
2008,2008-05-08,0.0007631753,0.00015764928,145,57,ERA5_2008.nc
2008,2008-05-09,0.0014355688,0.00025381224,145,57,ERA5_2008.nc
2008,2008-05-10,0.0007342133,0.00020582895,145,57,ERA5_2008.nc
2008,2008-05-11,0.0004890163,0.00014172195,145,57,ERA5_2008.nc
2008,2008-05-12,0.0016463896,0.00023998792,145,57,ERA5_2008.nc
2008,2008-05-13,0.0014100134,0.00022628607,145,57,ERA5_2008.nc
2008,2008-05-14,0.0010806584,0.00019495274,145,57,ERA5_2008.nc
2008,2008-05-15,0.0015322766,0.00021818056,145,57,ERA5_2008.nc
2008,2008-05-16,0.0012021959,0.00018095304,145,57,ERA5_2008.nc
2008,2008-05-17,0.0013056404,0.00016898414,145,57,ERA5_2008.nc
2008,2008-05-18,0.001415741,0.00020151224,145,57,ERA5_2008.nc
2008,2008-05-19,0.0016981392,0.00026974958,145,57,ERA5_2008.nc
2008,2008-05-20,0.0021712456,0.00034721917,145,57,ERA5_2008.nc
2008,2008-05-21,0.0020630015,0.0003427,145,57,ERA5_2008.nc
2008,2008-05-22,0.0019884668,0.00029908662,145,57,ERA5_2008.nc
2008,2008-05-23,0.0017729206,0.00029634713,145,57,ERA5_2008.nc
2008,2008-05-24,0.001886426,0.0003305847,145,57,ERA5_2008.nc
2008,2008-05-25,0.0025011778,0.00034756755,145,57,ERA5_2008.nc
2008,2008-05-26,0.0015168313,0.00032431528,145,57,ERA5_2008.nc
2008,2008-05-27,0.0017779826,0.0002718898,145,57,ERA5_2008.nc
2008,2008-05-28,0.0019720243,0.00032657638,145,57,ERA5_2008.nc
2008,2008-05-29,0.00089078024,0.00022568819,145,57,ERA5_2008.nc
2008,2008-05-30,0.0014550976,0.00032369792,145,57,ERA5_2008.nc
2008,2008-05-31,0.0017109613,0.00033662,145,57,ERA5_2008.nc
2008,2008-06-01,0.0021277494,0.00036919146,145,57,ERA5_2008.nc
2008,2008-06-02,0.0030953642,0.0005611937,145,57,ERA5_2008.nc
2008,2008-06-03,0.00047774354,0.0002638565,145,57,ERA5_2008.nc
2008,2008-06-04,0.0010911456,0.00027838175,145,57,ERA5_2008.nc
2008,2008-06-05,0.0024105655,0.0005002193,145,57,ERA5_2008.nc
2008,2008-06-06,0.004135417,0.00058305834,145,57,ERA5_2008.nc
2008,2008-06-07,0.003486541,0.00063049595,145,57,ERA5_2008.nc
2008,2008-06-08,0.0014542678,0.0003505621,145,57,ERA5_2008.nc
2008,2008-06-09,0.0019292245,0.00043382298,145,57,ERA5_2008.nc
2008,2008-06-10,0.0026141885,0.0004874083,145,57,ERA5_2008.nc
2008,2008-06-11,0.0019797664,0.00051688345,145,57,ERA5_2008.nc
2008,2008-06-12,0.00044110575,0.00024168147,145,57,ERA5_2008.nc
2008,2008-06-13,0.00088960316,0.0002739862,145,57,ERA5_2008.nc
2008,2008-06-14,0.0015932492,0.00041455336,145,57,ERA5_2008.nc
2008,2008-06-15,0.0010799367,0.0002948297,145,57,ERA5_2008.nc
2008,2008-06-16,0.0016626781,0.00034764135,145,57,ERA5_2008.nc
2008,2008-06-17,0.0014839873,0.00033561906,145,57,ERA5_2008.nc
2008,2008-06-18,0.0016644641,0.00038872106,145,57,ERA5_2008.nc
2008,2008-06-19,0.0012699997,0.00026951873,145,57,ERA5_2008.nc
2008,2008-06-20,0.0014277566,0.00031227554,145,57,ERA5_2008.nc
2008,2008-06-21,0.0029591701,0.00045232748,145,57,ERA5_2008.nc
2008,2008-06-22,0.00091172836,0.0002481651,145,57,ERA5_2008.nc
2008,2008-06-23,0.00054328353,0.00019792336,145,57,ERA5_2008.nc
2008,2008-06-24,0.0010953562,0.00023237983,145,57,ERA5_2008.nc
2008,2008-06-25,0.0014672391,0.00026589245,145,57,ERA5_2008.nc
2008,2008-06-26,0.0015134029,0.000331187,145,57,ERA5_2008.nc
2008,2008-06-27,0.0019325342,0.00034347188,145,57,ERA5_2008.nc
2008,2008-06-28,0.0007963474,0.00022350298,145,57,ERA5_2008.nc
2008,2008-06-29,0.0007414216,0.00021878557,145,57,ERA5_2008.nc
2008,2008-06-30,0.00037774254,0.00019124991,145,57,ERA5_2008.nc
2008,2008-07-01,0.0009668692,0.00026768618,145,57,ERA5_2008.nc
2008,2008-07-02,0.0019664338,0.00030433724,145,57,ERA5_2008.nc
2008,2008-07-03,0.0035283342,0.0004837243,145,57,ERA5_2008.nc
2008,2008-07-04,0.0016235799,0.0003362829,145,57,ERA5_2008.nc
2008,2008-07-05,0.0012915545,0.00026744505,145,57,ERA5_2008.nc
2008,2008-07-06,0.0025878106,0.00046672538,145,57,ERA5_2008.nc
2008,2008-07-07,0.0029517089,0.0005176778,145,57,ERA5_2008.nc
2008,2008-07-08,0.000882672,0.00029537993,145,57,ERA5_2008.nc
2008,2008-07-09,0.0026436225,0.00035816903,145,57,ERA5_2008.nc
2008,2008-07-10,0.003319093,0.00040438777,145,57,ERA5_2008.nc
2008,2008-07-11,0.0024972057,0.0004762434,145,57,ERA5_2008.nc
2008,2008-07-12,0.001433887,0.00027363055,145,57,ERA5_2008.nc
2008,2008-07-13,0.0016183828,0.00027844607,145,57,ERA5_2008.nc
2008,2008-07-14,0.0017089901,0.00030784757,145,57,ERA5_2008.nc
2008,2008-07-15,0.0020837346,0.0003037069,145,57,ERA5_2008.nc
2008,2008-07-16,0.00224628,0.00034338827,145,57,ERA5_2008.nc
2008,2008-07-17,0.0019788593,0.0003249637,145,57,ERA5_2008.nc
2008,2008-07-18,0.0030526475,0.00042323006,145,57,ERA5_2008.nc
2008,2008-07-19,0.0028179293,0.00046725912,145,57,ERA5_2008.nc
2008,2008-07-20,0.0017357195,0.00038447767,145,57,ERA5_2008.nc
2008,2008-07-21,0.0012467171,0.00035503847,145,57,ERA5_2008.nc
2008,2008-07-22,0.0017479496,0.00027995993,145,57,ERA5_2008.nc
2008,2008-07-23,0.0027743438,0.00046388773,145,57,ERA5_2008.nc
2008,2008-07-24,0.0027164188,0.000476553,145,57,ERA5_2008.nc
2008,2008-07-25,0.0018704152,0.00038104015,145,57,ERA5_2008.nc
2008,2008-07-26,0.0021829568,0.00034925685,145,57,ERA5_2008.nc
2008,2008-07-27,0.0017991563,0.00037752432,145,57,ERA5_2008.nc
2008,2008-07-28,0.0032300735,0.00044886186,145,57,ERA5_2008.nc
2008,2008-07-29,0.0029195321,0.00044449823,145,57,ERA5_2008.nc
2008,2008-07-30,0.0022957644,0.00043056195,145,57,ERA5_2008.nc
2008,2008-07-31,0.0018099269,0.00039294158,145,57,ERA5_2008.nc
2008,2008-08-01,0.0031321263,0.00053599896,145,57,ERA5_2008.nc
2008,2008-08-02,0.0026709163,0.00054676016,145,57,ERA5_2008.nc
2008,2008-08-03,0.0026641656,0.00053325435,145,57,ERA5_2008.nc
2008,2008-08-04,0.002498077,0.00049659936,145,57,ERA5_2008.nc
2008,2008-08-05,0.0025357972,0.0005043952,145,57,ERA5_2008.nc
2008,2008-08-06,0.0020201337,0.00044525843,145,57,ERA5_2008.nc
2008,2008-08-07,0.00298661,0.0005695773,145,57,ERA5_2008.nc
2008,2008-08-08,0.0013615058,0.00037496648,145,57,ERA5_2008.nc
2008,2008-08-09,0.0016135728,0.00041828095,145,57,ERA5_2008.nc
2008,2008-08-10,0.0019831297,0.0003779326,145,57,ERA5_2008.nc
2008,2008-08-11,0.0026689526,0.00052440015,145,57,ERA5_2008.nc
2008,2008-08-12,0.0027831956,0.000664713,145,57,ERA5_2008.nc
2008,2008-08-13,0.0014855178,0.00039468927,145,57,ERA5_2008.nc
2008,2008-08-14,0.0023903851,0.0004924855,145,57,ERA5_2008.nc
2008,2008-08-15,0.003252705,0.0007730061,145,57,ERA5_2008.nc
2008,2008-08-16,0.0036348288,0.0006602499,145,57,ERA5_2008.nc
2008,2008-08-17,0.0028285098,0.0005194881,145,57,ERA5_2008.nc
2008,2008-08-18,0.0028669878,0.0005699899,145,57,ERA5_2008.nc
2008,2008-08-19,0.0030136083,0.00063078373,145,57,ERA5_2008.nc
2008,2008-08-20,0.0040895487,0.0008090051,145,57,ERA5_2008.nc
2008,2008-08-21,0.001722522,0.00052556075,145,57,ERA5_2008.nc
2008,2008-08-22,0.0014056733,0.00045862337,145,57,ERA5_2008.nc
2008,2008-08-23,0.0018581637,0.00048644756,145,57,ERA5_2008.nc
2008,2008-08-24,0.0019564168,0.00045315063,145,57,ERA5_2008.nc
2008,2008-08-25,0.0033820935,0.00063847564,145,57,ERA5_2008.nc
2008,2008-08-26,0.0016959395,0.00044993038,145,57,ERA5_2008.nc
2008,2008-08-27,0.0030039859,0.00052920706,145,57,ERA5_2008.nc
2008,2008-08-28,0.00299762,0.00057143474,145,57,ERA5_2008.nc
2008,2008-08-29,0.0020087645,0.00056675595,145,57,ERA5_2008.nc
2008,2008-08-30,0.002135382,0.0005577485,145,57,ERA5_2008.nc
2008,2008-08-31,0.0023159115,0.00051167473,145,57,ERA5_2008.nc
2008,2008-09-01,0.001669216,0.00047804043,145,57,ERA5_2008.nc
2008,2008-09-02,0.0026967998,0.00054052635,145,57,ERA5_2008.nc
2008,2008-09-03,0.0027598245,0.0007255996,145,57,ERA5_2008.nc
2008,2008-09-04,0.0012833531,0.0003733358,145,57,ERA5_2008.nc
2008,2008-09-05,0.0032511172,0.000597637,145,57,ERA5_2008.nc
2008,2008-09-06,0.0025556386,0.0005226644,145,57,ERA5_2008.nc
2008,2008-09-07,0.0033593278,0.00059189997,145,57,ERA5_2008.nc
2008,2008-09-08,0.0031866024,0.00063218223,145,57,ERA5_2008.nc
2008,2008-09-09,0.0019184274,0.00052295375,145,57,ERA5_2008.nc
2008,2008-09-10,0.0015549054,0.00042309973,145,57,ERA5_2008.nc
2008,2008-09-11,0.004018142,0.00068856165,145,57,ERA5_2008.nc
2008,2008-09-12,0.0036055057,0.00064155436,145,57,ERA5_2008.nc
2008,2008-09-13,0.0020794938,0.00052454084,145,57,ERA5_2008.nc
2008,2008-09-14,0.0020899586,0.00050288707,145,57,ERA5_2008.nc
2008,2008-09-15,0.0028209828,0.0006640933,145,57,ERA5_2008.nc
2008,2008-09-16,0.0027481974,0.0005638766,145,57,ERA5_2008.nc
2008,2008-09-17,0.0017667627,0.0005415382,145,57,ERA5_2008.nc
2008,2008-09-18,0.002134528,0.00056344527,145,57,ERA5_2008.nc
2008,2008-09-19,0.001791673,0.00041851174,145,57,ERA5_2008.nc
2008,2008-09-20,0.0027662758,0.0006828933,145,57,ERA5_2008.nc
2008,2008-09-21,0.0012617921,0.00038823942,145,57,ERA5_2008.nc
2008,2008-09-22,0.0021690137,0.0005111806,145,57,ERA5_2008.nc
2008,2008-09-23,0.0027728514,0.00060260616,145,57,ERA5_2008.nc
2008,2008-09-24,0.0031212154,0.0006772791,145,57,ERA5_2008.nc
2008,2008-09-25,0.0014830022,0.00042046167,145,57,ERA5_2008.nc
2008,2008-09-26,0.00066688145,0.00031837565,145,57,ERA5_2008.nc
2008,2008-09-27,0.0005078944,0.0002826444,145,57,ERA5_2008.nc
2008,2008-09-28,0.0013252398,0.00037426833,145,57,ERA5_2008.nc
2008,2008-09-29,0.002385441,0.0005235595,145,57,ERA5_2008.nc
2008,2008-09-30,0.0018352318,0.00038766194,145,57,ERA5_2008.nc
2008,2008-10-01,0.001511576,0.00037922102,145,57,ERA5_2008.nc
2008,2008-10-02,0.0023547544,0.0005398932,145,57,ERA5_2008.nc
2008,2008-10-03,0.002678669,0.000533122,145,57,ERA5_2008.nc
2008,2008-10-04,0.00318198,0.0006151401,145,57,ERA5_2008.nc
2008,2008-10-05,0.0027765275,0.00041554047,145,57,ERA5_2008.nc
2008,2008-10-06,0.0015811659,0.00033826078,145,57,ERA5_2008.nc
2008,2008-10-07,0.0023974204,0.0005320107,145,57,ERA5_2008.nc
2008,2008-10-08,0.0040161563,0.0008950573,145,57,ERA5_2008.nc
2008,2008-10-09,0.0033582612,0.0009600348,145,57,ERA5_2008.nc
2008,2008-10-10,0.0014923991,0.00055991823,145,57,ERA5_2008.nc
2008,2008-10-11,0.0019357731,0.0005264073,145,57,ERA5_2008.nc
2008,2008-10-12,0.0032866644,0.0006711246,145,57,ERA5_2008.nc
2008,2008-10-13,0.0038970974,0.0007759746,145,57,ERA5_2008.nc
2008,2008-10-14,0.0021800047,0.00060665153,145,57,ERA5_2008.nc
2008,2008-10-15,0.0007428898,0.00038945785,145,57,ERA5_2008.nc
2008,2008-10-16,0.0014195484,0.0004324444,145,57,ERA5_2008.nc
2008,2008-10-17,0.0017557666,0.00054149807,145,57,ERA5_2008.nc
2008,2008-10-18,0.002040478,0.00069793145,145,57,ERA5_2008.nc
2008,2008-10-19,0.0026705908,0.00078769255,145,57,ERA5_2008.nc
2008,2008-10-20,0.0019331754,0.00060599996,145,57,ERA5_2008.nc
2008,2008-10-21,0.0026765205,0.0006063259,145,57,ERA5_2008.nc
2008,2008-10-22,0.003145654,0.0006841748,145,57,ERA5_2008.nc
2008,2008-10-23,0.0024040223,0.00058253016,145,57,ERA5_2008.nc
2008,2008-10-24,0.0019812114,0.00060488086,145,57,ERA5_2008.nc
2008,2008-10-25,0.0016623946,0.0006376037,145,57,ERA5_2008.nc
2008,2008-10-26,0.002299342,0.0006556384,145,57,ERA5_2008.nc
2008,2008-10-27,0.0028544427,0.0008098527,145,57,ERA5_2008.nc
2008,2008-10-28,0.0024580718,0.00070871436,145,57,ERA5_2008.nc
2008,2008-10-29,0.0012919862,0.0005780837,145,57,ERA5_2008.nc
2008,2008-10-30,0.0010441253,0.0005649781,145,57,ERA5_2008.nc
2008,2008-10-31,0.0010697994,0.0005068471,145,57,ERA5_2008.nc
2008,2008-11-01,0.0012577535,0.0005314991,145,57,ERA5_2008.nc
2008,2008-11-02,0.0020286096,0.00061588106,145,57,ERA5_2008.nc
2008,2008-11-03,0.0020706167,0.00067532976,145,57,ERA5_2008.nc
2008,2008-11-04,0.0031577146,0.0009291294,145,57,ERA5_2008.nc
2008,2008-11-05,0.0031484677,0.00089010195,145,57,ERA5_2008.nc
2008,2008-11-06,0.0019187947,0.00063747406,145,57,ERA5_2008.nc
2008,2008-11-07,0.0030059188,0.0007630344,145,57,ERA5_2008.nc
2008,2008-11-08,0.0022226407,0.0007260316,145,57,ERA5_2008.nc
2008,2008-11-09,0.0019567597,0.00062704063,145,57,ERA5_2008.nc
2008,2008-11-10,0.0030465529,0.0011193303,145,57,ERA5_2008.nc
2008,2008-11-11,0.0015726651,0.0006787924,145,57,ERA5_2008.nc
2008,2008-11-12,0.0017608947,0.0007136662,145,57,ERA5_2008.nc
2008,2008-11-13,0.0016577202,0.00074020284,145,57,ERA5_2008.nc
2008,2008-11-14,0.0009066388,0.00057194097,145,57,ERA5_2008.nc
2008,2008-11-15,0.0008513009,0.00058269635,145,57,ERA5_2008.nc
2008,2008-11-16,0.00044318385,0.0004491692,145,57,ERA5_2008.nc
2008,2008-11-17,0.0009030695,0.00048300158,145,57,ERA5_2008.nc
2008,2008-11-18,0.001090758,0.00053975714,145,57,ERA5_2008.nc
2008,2008-11-19,0.0009200189,0.0004915076,145,57,ERA5_2008.nc
2008,2008-11-20,0.00073645264,0.0004719915,145,57,ERA5_2008.nc
2008,2008-11-21,0.00046688723,0.00040932195,145,57,ERA5_2008.nc
2008,2008-11-22,0.0003742875,0.0003620123,145,57,ERA5_2008.nc
2008,2008-11-23,0.00023660995,0.0003371478,145,57,ERA5_2008.nc
2008,2008-11-24,0.00017551237,0.00029958275,145,57,ERA5_2008.nc
2008,2008-11-25,0.00050157076,0.0003564117,145,57,ERA5_2008.nc
2008,2008-11-26,0.00044956998,0.0003272569,145,57,ERA5_2008.nc
2008,2008-11-27,0.0005433647,0.00034634696,145,57,ERA5_2008.nc
2008,2008-11-28,0.00050437613,0.00033915677,145,57,ERA5_2008.nc
2008,2008-11-29,0.00061556685,0.00030341215,145,57,ERA5_2008.nc
2008,2008-11-30,0.0005904143,0.00029756935,145,57,ERA5_2008.nc
2008,2008-12-01,0.0006044718,0.00030094903,145,57,ERA5_2008.nc
2008,2008-12-02,0.00088407623,0.00030247818,145,57,ERA5_2008.nc
2008,2008-12-03,0.0007059919,0.00030815185,145,57,ERA5_2008.nc
2008,2008-12-04,0.0010817958,0.00031853924,145,57,ERA5_2008.nc
2008,2008-12-05,0.0006194305,0.00026251998,145,57,ERA5_2008.nc
2008,2008-12-06,0.000588566,0.00024477535,145,57,ERA5_2008.nc
2008,2008-12-07,0.00061124435,0.00024284373,145,57,ERA5_2008.nc
2008,2008-12-08,0.0007772575,0.0002546121,145,57,ERA5_2008.nc
2008,2008-12-09,0.00095321966,0.00028055065,145,57,ERA5_2008.nc
2008,2008-12-10,0.00095585274,0.00026487498,145,57,ERA5_2008.nc
2008,2008-12-11,0.00045151054,0.00021062019,145,57,ERA5_2008.nc
2008,2008-12-12,0.00050409336,0.00021812096,145,57,ERA5_2008.nc
2008,2008-12-13,0.00091354933,0.00032858533,145,57,ERA5_2008.nc
2008,2008-12-14,0.00018506596,0.00018308083,145,57,ERA5_2008.nc
2008,2008-12-15,0.00027915702,0.00020152784,145,57,ERA5_2008.nc
2008,2008-12-16,0.00023592079,0.00018832508,145,57,ERA5_2008.nc
2008,2008-12-17,0.00018370934,0.00017369687,145,57,ERA5_2008.nc
2008,2008-12-18,0.00040161802,0.00018438592,145,57,ERA5_2008.nc
2008,2008-12-19,0.00037727403,0.00017597032,145,57,ERA5_2008.nc
2008,2008-12-20,0.00037804202,0.0001799555,145,57,ERA5_2008.nc
2008,2008-12-21,0.00031093354,0.00015053833,145,57,ERA5_2008.nc
2008,2008-12-22,0.0010406403,0.00016319953,145,57,ERA5_2008.nc
2008,2008-12-23,0.0009463673,0.00018224656,145,57,ERA5_2008.nc
2008,2008-12-24,0.00057222316,0.00016437727,145,57,ERA5_2008.nc
2008,2008-12-25,0.0004358536,0.0001594736,145,57,ERA5_2008.nc
2008,2008-12-26,0.00040777773,0.00016538653,145,57,ERA5_2008.nc
2008,2008-12-27,0.0004929457,0.00019433803,145,57,ERA5_2008.nc
2008,2008-12-28,0.00021832212,0.0001488286,145,57,ERA5_2008.nc
2008,2008-12-29,0.00039035588,0.00014494311,145,57,ERA5_2008.nc
2008,2008-12-30,0.0007616704,0.00017737309,145,57,ERA5_2008.nc
2008,2008-12-31,0.0006997335,0.0002001388,145,57,ERA5_2008.nc
2009,2009-01-01,0.0004489282,0.00013974324,145,57,ERA5_2009.nc
2009,2009-01-02,0.00072599016,0.00017494852,145,57,ERA5_2009.nc
2009,2009-01-03,0.0006763451,0.00020899043,145,57,ERA5_2009.nc
2009,2009-01-04,0.000352067,0.00014127644,145,57,ERA5_2009.nc
2009,2009-01-05,0.0002723597,0.0001449466,145,57,ERA5_2009.nc
2009,2009-01-06,0.0005705145,0.00018973486,145,57,ERA5_2009.nc
2009,2009-01-07,0.0006452898,0.00016808319,145,57,ERA5_2009.nc
2009,2009-01-08,0.00041583192,0.00013721359,145,57,ERA5_2009.nc
2009,2009-01-09,0.00023335365,0.00012473721,145,57,ERA5_2009.nc
2009,2009-01-10,0.00025884798,0.00011868388,145,57,ERA5_2009.nc
2009,2009-01-11,0.00046233812,0.00013290765,145,57,ERA5_2009.nc
2009,2009-01-12,0.00025388948,0.00011982199,145,57,ERA5_2009.nc
2009,2009-01-13,0.0002859104,0.00012261432,145,57,ERA5_2009.nc
2009,2009-01-14,0.00017930398,0.000110706824,145,57,ERA5_2009.nc
2009,2009-01-15,7.827298e-05,0.00010398881,145,57,ERA5_2009.nc
2009,2009-01-16,0.00034123752,0.00011455882,145,57,ERA5_2009.nc
2009,2009-01-17,0.0010220385,0.00022077469,145,57,ERA5_2009.nc
2009,2009-01-18,0.0005831144,0.00016927568,145,57,ERA5_2009.nc
2009,2009-01-19,0.0014341164,0.00024935778,145,57,ERA5_2009.nc
2009,2009-01-20,0.0009911044,0.00016547962,145,57,ERA5_2009.nc
2009,2009-01-21,0.00093063957,0.00018709061,145,57,ERA5_2009.nc
2009,2009-01-22,0.0007239704,0.00020804914,145,57,ERA5_2009.nc
2009,2009-01-23,0.0016683042,0.0002794736,145,57,ERA5_2009.nc
2009,2009-01-24,0.0014235869,0.00022801563,145,57,ERA5_2009.nc
2009,2009-01-25,0.0013880966,0.00021720285,145,57,ERA5_2009.nc
2009,2009-01-26,0.001148657,0.00018996929,145,57,ERA5_2009.nc
2009,2009-01-27,0.0021114019,0.00028901396,145,57,ERA5_2009.nc
2009,2009-01-28,0.0013926523,0.00028522022,145,57,ERA5_2009.nc
2009,2009-01-29,0.0018422863,0.00034184093,145,57,ERA5_2009.nc
2009,2009-01-30,0.0019595814,0.0003582506,145,57,ERA5_2009.nc
2009,2009-01-31,0.0008179402,0.00016507736,145,57,ERA5_2009.nc
2009,2009-02-01,0.00082144,0.00020111368,145,57,ERA5_2009.nc
2009,2009-02-02,0.0005606372,0.00015706517,145,57,ERA5_2009.nc
2009,2009-02-03,0.0011567754,0.00023945667,145,57,ERA5_2009.nc
2009,2009-02-04,0.0011394349,0.00026021252,145,57,ERA5_2009.nc
2009,2009-02-05,0.00043925957,0.00015136698,145,57,ERA5_2009.nc
2009,2009-02-06,0.00038838794,0.00017297082,145,57,ERA5_2009.nc
2009,2009-02-07,0.0004849062,0.0001518337,145,57,ERA5_2009.nc
2009,2009-02-08,0.0013008314,0.00025791986,145,57,ERA5_2009.nc
2009,2009-02-09,0.0009359361,0.00019448076,145,57,ERA5_2009.nc
2009,2009-02-10,0.0010929818,0.00019805196,145,57,ERA5_2009.nc
2009,2009-02-11,0.00050386996,0.00013461558,145,57,ERA5_2009.nc
2009,2009-02-12,0.00041882036,0.00010988956,145,57,ERA5_2009.nc
2009,2009-02-13,0.00067757175,0.00015173593,145,57,ERA5_2009.nc
2009,2009-02-14,0.00016901593,0.00010383177,145,57,ERA5_2009.nc
2009,2009-02-15,0.00055290456,0.00010174159,145,57,ERA5_2009.nc
2009,2009-02-16,0.0005222983,0.00010676334,145,57,ERA5_2009.nc
2009,2009-02-17,0.00088681106,0.00016590569,145,57,ERA5_2009.nc
2009,2009-02-18,0.0013494678,0.00024315965,145,57,ERA5_2009.nc
2009,2009-02-19,0.0010175144,0.00022549534,145,57,ERA5_2009.nc
2009,2009-02-20,0.0007271511,0.00016214099,145,57,ERA5_2009.nc
2009,2009-02-21,0.00089793315,0.00017136347,145,57,ERA5_2009.nc
2009,2009-02-22,0.0010104403,0.00017922182,145,57,ERA5_2009.nc
2009,2009-02-23,0.0012241418,0.00019454386,145,57,ERA5_2009.nc
2009,2009-02-24,0.00035070497,0.00010541468,145,57,ERA5_2009.nc
2009,2009-02-25,0.0003264935,9.8483346e-05,145,57,ERA5_2009.nc
2009,2009-02-26,0.00047805195,0.00010397072,145,57,ERA5_2009.nc
2009,2009-02-27,0.0023732514,0.0002862313,145,57,ERA5_2009.nc
2009,2009-02-28,0.0029980622,0.00041414262,145,57,ERA5_2009.nc
2009,2009-03-01,0.0018389437,0.0002442496,145,57,ERA5_2009.nc
2009,2009-03-02,0.0009275998,0.00017349332,145,57,ERA5_2009.nc
2009,2009-03-03,0.0005320082,0.00022369897,145,57,ERA5_2009.nc
2009,2009-03-04,0.0004222181,0.00014810704,145,57,ERA5_2009.nc
2009,2009-03-05,0.0002932549,0.000107496,145,57,ERA5_2009.nc
2009,2009-03-06,0.00031330832,0.00011554327,145,57,ERA5_2009.nc
2009,2009-03-07,0.0006533766,0.00014732181,145,57,ERA5_2009.nc
2009,2009-03-08,0.00047971468,9.2932765e-05,145,57,ERA5_2009.nc
2009,2009-03-09,0.0005743152,0.00011099003,145,57,ERA5_2009.nc
2009,2009-03-10,0.00043740787,9.4694726e-05,145,57,ERA5_2009.nc
2009,2009-03-11,0.0008815297,0.00016880364,145,57,ERA5_2009.nc
2009,2009-03-12,0.0006508478,0.00015223805,145,57,ERA5_2009.nc
2009,2009-03-13,0.00091306784,0.00017751125,145,57,ERA5_2009.nc
2009,2009-03-14,0.0006205571,0.00012656552,145,57,ERA5_2009.nc
2009,2009-03-15,0.00063301576,0.00012857569,145,57,ERA5_2009.nc
2009,2009-03-16,0.0013803319,0.0003161874,145,57,ERA5_2009.nc
2009,2009-03-17,0.0011478974,0.0001822839,145,57,ERA5_2009.nc
2009,2009-03-18,0.0005539407,0.00013743855,145,57,ERA5_2009.nc
2009,2009-03-19,0.0009122611,0.00013998212,145,57,ERA5_2009.nc
2009,2009-03-20,0.0019003362,0.00040209186,145,57,ERA5_2009.nc
2009,2009-03-21,0.00044178098,0.00013682425,145,57,ERA5_2009.nc
2009,2009-03-22,0.00094916124,0.00014942458,145,57,ERA5_2009.nc
2009,2009-03-23,0.0007795304,0.00012561823,145,57,ERA5_2009.nc
2009,2009-03-24,0.00038028142,0.00012451963,145,57,ERA5_2009.nc
2009,2009-03-25,0.0010555598,0.00014980996,145,57,ERA5_2009.nc
2009,2009-03-26,0.00046765513,0.00011659142,145,57,ERA5_2009.nc
2009,2009-03-27,0.00018383627,9.102195e-05,145,57,ERA5_2009.nc
2009,2009-03-28,0.00030733153,9.968886e-05,145,57,ERA5_2009.nc
2009,2009-03-29,0.00074374705,0.00014613153,145,57,ERA5_2009.nc
2009,2009-03-30,0.0016123808,0.00026836336,145,57,ERA5_2009.nc
2009,2009-03-31,0.0027892753,0.0002832589,145,57,ERA5_2009.nc
2009,2009-04-01,0.0013833914,0.00024456886,145,57,ERA5_2009.nc
2009,2009-04-02,0.0009545305,0.00021285101,145,57,ERA5_2009.nc
2009,2009-04-03,0.0018186469,0.00020195855,145,57,ERA5_2009.nc
2009,2009-04-04,0.002459788,0.00031966312,145,57,ERA5_2009.nc
2009,2009-04-05,0.0008537348,0.00017711031,145,57,ERA5_2009.nc
2009,2009-04-06,0.0018607103,0.00022957203,145,57,ERA5_2009.nc
2009,2009-04-07,0.002140217,0.000305288,145,57,ERA5_2009.nc
2009,2009-04-08,0.0008867105,0.00018488399,145,57,ERA5_2009.nc
2009,2009-04-09,0.0021712426,0.00028644223,145,57,ERA5_2009.nc
2009,2009-04-10,0.003468626,0.0005658475,145,57,ERA5_2009.nc
2009,2009-04-11,0.0038010099,0.0005446605,145,57,ERA5_2009.nc
2009,2009-04-12,0.0035134926,0.00046435077,145,57,ERA5_2009.nc
2009,2009-04-13,0.0015339961,0.0003995685,145,57,ERA5_2009.nc
2009,2009-04-14,0.0011503203,0.0002533382,145,57,ERA5_2009.nc
2009,2009-04-15,0.0031371056,0.00049017754,145,57,ERA5_2009.nc
2009,2009-04-16,0.0020934893,0.00039097172,145,57,ERA5_2009.nc
2009,2009-04-17,0.00078712625,0.00024223726,145,57,ERA5_2009.nc
2009,2009-04-18,0.0019411345,0.0003542879,145,57,ERA5_2009.nc
2009,2009-04-19,0.0027276168,0.00046569874,145,57,ERA5_2009.nc
2009,2009-04-20,0.0013270312,0.00028495173,145,57,ERA5_2009.nc
2009,2009-04-21,0.00089193427,0.00019001821,145,57,ERA5_2009.nc
2009,2009-04-22,0.00076905114,0.00016345523,145,57,ERA5_2009.nc
2009,2009-04-23,0.0011046508,0.00019715668,145,57,ERA5_2009.nc
2009,2009-04-24,0.0010130468,0.00019193857,145,57,ERA5_2009.nc
2009,2009-04-25,0.0013061587,0.00020197498,145,57,ERA5_2009.nc
2009,2009-04-26,0.0018643913,0.0003141233,145,57,ERA5_2009.nc
2009,2009-04-27,0.0022910554,0.0003449794,145,57,ERA5_2009.nc
2009,2009-04-28,0.0019074641,0.00028330807,145,57,ERA5_2009.nc
2009,2009-04-29,0.0016973643,0.0002747988,145,57,ERA5_2009.nc
2009,2009-04-30,0.00191775,0.00029657676,145,57,ERA5_2009.nc
2009,2009-05-01,0.0012724593,0.00024180456,145,57,ERA5_2009.nc
2009,2009-05-02,0.0007456216,0.00015037805,145,57,ERA5_2009.nc
2009,2009-05-03,0.0012781357,0.00020419777,145,57,ERA5_2009.nc
2009,2009-05-04,0.00050686573,0.00012561816,145,57,ERA5_2009.nc
2009,2009-05-05,0.00046738968,0.00011806625,145,57,ERA5_2009.nc
2009,2009-05-06,0.0013809624,0.00017705835,145,57,ERA5_2009.nc
2009,2009-05-07,0.002607209,0.00051504263,145,57,ERA5_2009.nc
2009,2009-05-08,0.0009147856,0.00020396215,145,57,ERA5_2009.nc
2009,2009-05-09,0.0009802271,0.0002414768,145,57,ERA5_2009.nc
2009,2009-05-10,0.0033492395,0.00043255833,145,57,ERA5_2009.nc
2009,2009-05-11,0.0040844986,0.0006184426,145,57,ERA5_2009.nc
2009,2009-05-12,0.0028564353,0.00038261726,145,57,ERA5_2009.nc
2009,2009-05-13,0.0010441297,0.00022382225,145,57,ERA5_2009.nc
2009,2009-05-14,0.0016949403,0.00029256433,145,57,ERA5_2009.nc
2009,2009-05-15,0.0012387391,0.00025529755,145,57,ERA5_2009.nc
2009,2009-05-16,0.0018387997,0.00039101654,145,57,ERA5_2009.nc
2009,2009-05-17,0.00081439555,0.00026603648,145,57,ERA5_2009.nc
2009,2009-05-18,0.0004961742,0.00018474713,145,57,ERA5_2009.nc
2009,2009-05-19,0.0008293734,0.00019539424,145,57,ERA5_2009.nc
2009,2009-05-20,0.0013854774,0.00024536758,145,57,ERA5_2009.nc
2009,2009-05-21,0.002343293,0.00035496766,145,57,ERA5_2009.nc
2009,2009-05-22,0.0025653522,0.0003697371,145,57,ERA5_2009.nc
2009,2009-05-23,0.0010823304,0.00023162767,145,57,ERA5_2009.nc
2009,2009-05-24,0.0006492232,0.00019587603,145,57,ERA5_2009.nc
2009,2009-05-25,0.0010817819,0.00024538324,145,57,ERA5_2009.nc
2009,2009-05-26,0.0017822131,0.0003144467,145,57,ERA5_2009.nc
2009,2009-05-27,0.0012836708,0.00028050138,145,57,ERA5_2009.nc
2009,2009-05-28,0.001194231,0.0003006925,145,57,ERA5_2009.nc
2009,2009-05-29,0.0011121768,0.00023951435,145,57,ERA5_2009.nc
2009,2009-05-30,0.0013877552,0.00030915585,145,57,ERA5_2009.nc
2009,2009-05-31,0.0009093353,0.0002147143,145,57,ERA5_2009.nc
2009,2009-06-01,0.0009468179,0.00024105959,145,57,ERA5_2009.nc
2009,2009-06-02,0.00095107505,0.00020733225,145,57,ERA5_2009.nc
2009,2009-06-03,0.0022440425,0.00028833092,145,57,ERA5_2009.nc
2009,2009-06-04,0.0013572187,0.00022967701,145,57,ERA5_2009.nc
2009,2009-06-05,0.00085588556,0.0001705568,145,57,ERA5_2009.nc
2009,2009-06-06,0.0007669185,0.0001819095,145,57,ERA5_2009.nc
2009,2009-06-07,0.0009093101,0.00017053843,145,57,ERA5_2009.nc
2009,2009-06-08,0.0022826598,0.00029044715,145,57,ERA5_2009.nc
2009,2009-06-09,0.0009861724,0.00018099358,145,57,ERA5_2009.nc
2009,2009-06-10,0.00078650215,0.00018470292,145,57,ERA5_2009.nc
2009,2009-06-11,0.00081653765,0.00015661679,145,57,ERA5_2009.nc
2009,2009-06-12,0.0009742362,0.00014810349,145,57,ERA5_2009.nc
2009,2009-06-13,0.0010518717,0.00016667572,145,57,ERA5_2009.nc
2009,2009-06-14,0.0012278161,0.00018654608,145,57,ERA5_2009.nc
2009,2009-06-15,0.0016278445,0.0002426846,145,57,ERA5_2009.nc
2009,2009-06-16,0.0013178078,0.00022114883,145,57,ERA5_2009.nc
2009,2009-06-17,0.0019481014,0.00028794876,145,57,ERA5_2009.nc
2009,2009-06-18,0.0016155415,0.00023681583,145,57,ERA5_2009.nc
2009,2009-06-19,0.001332782,0.0002098114,145,57,ERA5_2009.nc
2009,2009-06-20,0.00066449697,0.00015386096,145,57,ERA5_2009.nc
2009,2009-06-21,0.0013394668,0.00022204814,145,57,ERA5_2009.nc
2009,2009-06-22,0.0015577498,0.00025129353,145,57,ERA5_2009.nc
2009,2009-06-23,0.002228095,0.00023337133,145,57,ERA5_2009.nc
2009,2009-06-24,0.0010661704,0.00019381748,145,57,ERA5_2009.nc
2009,2009-06-25,0.0007253481,0.00018677049,145,57,ERA5_2009.nc
2009,2009-06-26,0.0010990731,0.00020488363,145,57,ERA5_2009.nc
2009,2009-06-27,0.0024107082,0.0003136607,145,57,ERA5_2009.nc
2009,2009-06-28,0.0037116045,0.00047590508,145,57,ERA5_2009.nc
2009,2009-06-29,0.0024242273,0.000385907,145,57,ERA5_2009.nc
2009,2009-06-30,0.0015683381,0.00025638586,145,57,ERA5_2009.nc
2009,2009-07-01,0.0016410317,0.0002717014,145,57,ERA5_2009.nc
2009,2009-07-02,0.002226415,0.00040309597,145,57,ERA5_2009.nc
2009,2009-07-03,0.00092725945,0.00018068647,145,57,ERA5_2009.nc
2009,2009-07-04,0.0015831117,0.00020380736,145,57,ERA5_2009.nc
2009,2009-07-05,0.0014119623,0.00021473877,145,57,ERA5_2009.nc
2009,2009-07-06,0.001054199,0.00021421033,145,57,ERA5_2009.nc
2009,2009-07-07,0.0011434732,0.00022139368,145,57,ERA5_2009.nc
2009,2009-07-08,0.0028042365,0.00030490136,145,57,ERA5_2009.nc
2009,2009-07-09,0.0020280823,0.00032826717,145,57,ERA5_2009.nc
2009,2009-07-10,0.0013916363,0.00026359037,145,57,ERA5_2009.nc
2009,2009-07-11,0.0012365459,0.00019525157,145,57,ERA5_2009.nc
2009,2009-07-12,0.00071810675,0.00020356584,145,57,ERA5_2009.nc
2009,2009-07-13,0.0012889921,0.00029246442,145,57,ERA5_2009.nc
2009,2009-07-14,0.00092265336,0.00018965824,145,57,ERA5_2009.nc
2009,2009-07-15,0.0009762311,0.00019311521,145,57,ERA5_2009.nc
2009,2009-07-16,0.0011958049,0.00019552707,145,57,ERA5_2009.nc
2009,2009-07-17,0.0024011205,0.00028699051,145,57,ERA5_2009.nc
2009,2009-07-18,0.0037466586,0.00036411395,145,57,ERA5_2009.nc
2009,2009-07-19,0.001565979,0.00020165853,145,57,ERA5_2009.nc
2009,2009-07-20,0.00089603954,0.00019557177,145,57,ERA5_2009.nc
2009,2009-07-21,0.001709451,0.00024811382,145,57,ERA5_2009.nc
2009,2009-07-22,0.0027516417,0.00029097358,145,57,ERA5_2009.nc
2009,2009-07-23,0.002217857,0.00037959628,145,57,ERA5_2009.nc
2009,2009-07-24,0.001939576,0.00029547274,145,57,ERA5_2009.nc
2009,2009-07-25,0.0038139783,0.0004309549,145,57,ERA5_2009.nc
2009,2009-07-26,0.00213781,0.00032884214,145,57,ERA5_2009.nc
2009,2009-07-27,0.0014253618,0.00023355286,145,57,ERA5_2009.nc
2009,2009-07-28,0.0016908883,0.00024931403,145,57,ERA5_2009.nc
2009,2009-07-29,0.0015466291,0.00027419798,145,57,ERA5_2009.nc
2009,2009-07-30,0.0006760096,0.00019035628,145,57,ERA5_2009.nc
2009,2009-07-31,0.0016496326,0.00025817854,145,57,ERA5_2009.nc
2009,2009-08-01,0.002507023,0.00037364737,145,57,ERA5_2009.nc
2009,2009-08-02,0.0018572032,0.00028996932,145,57,ERA5_2009.nc
2009,2009-08-03,0.002259818,0.00039798795,145,57,ERA5_2009.nc
2009,2009-08-04,0.0018073695,0.00040189104,145,57,ERA5_2009.nc
2009,2009-08-05,0.0008607916,0.00023863603,145,57,ERA5_2009.nc
2009,2009-08-06,0.0021472923,0.00038369416,145,57,ERA5_2009.nc
2009,2009-08-07,0.0027247658,0.00039049014,145,57,ERA5_2009.nc
2009,2009-08-08,0.0016477284,0.0003135373,145,57,ERA5_2009.nc
2009,2009-08-09,0.0022169822,0.00040748212,145,57,ERA5_2009.nc
2009,2009-08-10,0.002070661,0.00037718957,145,57,ERA5_2009.nc
2009,2009-08-11,0.0012815295,0.0002933391,145,57,ERA5_2009.nc
2009,2009-08-12,0.0025003566,0.0003946257,145,57,ERA5_2009.nc
2009,2009-08-13,0.0022353905,0.00036115537,145,57,ERA5_2009.nc
2009,2009-08-14,0.0023568266,0.00039240974,145,57,ERA5_2009.nc
2009,2009-08-15,0.0023720157,0.00035701983,145,57,ERA5_2009.nc
2009,2009-08-16,0.0029740883,0.00043853206,145,57,ERA5_2009.nc
2009,2009-08-17,0.0020602047,0.00040519086,145,57,ERA5_2009.nc
2009,2009-08-18,0.002597617,0.0004286024,145,57,ERA5_2009.nc
2009,2009-08-19,0.0036143102,0.0005682329,145,57,ERA5_2009.nc
2009,2009-08-20,0.0014664507,0.00040946063,145,57,ERA5_2009.nc
2009,2009-08-21,0.0016960728,0.00041231478,145,57,ERA5_2009.nc
2009,2009-08-22,0.0028869973,0.00046439102,145,57,ERA5_2009.nc
2009,2009-08-23,0.0027364413,0.0004699333,145,57,ERA5_2009.nc
2009,2009-08-24,0.0030718078,0.0004316616,145,57,ERA5_2009.nc
2009,2009-08-25,0.0024173695,0.00039639825,145,57,ERA5_2009.nc
2009,2009-08-26,0.0021694438,0.00030246394,145,57,ERA5_2009.nc
2009,2009-08-27,0.0029443176,0.0004672557,145,57,ERA5_2009.nc
2009,2009-08-28,0.0026375898,0.00037566852,145,57,ERA5_2009.nc
2009,2009-08-29,0.0018251311,0.00036700207,145,57,ERA5_2009.nc
2009,2009-08-30,0.00063472625,0.00024081825,145,57,ERA5_2009.nc
2009,2009-08-31,0.001855047,0.00032828283,145,57,ERA5_2009.nc
2009,2009-09-01,0.0029490949,0.00046925832,145,57,ERA5_2009.nc
2009,2009-09-02,0.0035186233,0.00058439135,145,57,ERA5_2009.nc
2009,2009-09-03,0.001726612,0.0004590997,145,57,ERA5_2009.nc
2009,2009-09-04,0.0009815939,0.0003418785,145,57,ERA5_2009.nc
2009,2009-09-05,0.0021325788,0.00046586583,145,57,ERA5_2009.nc
2009,2009-09-06,0.0025633145,0.0005177006,145,57,ERA5_2009.nc
2009,2009-09-07,0.0029380145,0.0005340921,145,57,ERA5_2009.nc
2009,2009-09-08,0.0023652718,0.0005887931,145,57,ERA5_2009.nc
2009,2009-09-09,0.0011417196,0.00030561286,145,57,ERA5_2009.nc
2009,2009-09-10,0.0024084041,0.00044826578,145,57,ERA5_2009.nc
2009,2009-09-11,0.0023677961,0.00048216654,145,57,ERA5_2009.nc
2009,2009-09-12,0.0015110209,0.0003929648,145,57,ERA5_2009.nc
2009,2009-09-13,0.0018484603,0.0004538523,145,57,ERA5_2009.nc
2009,2009-09-14,0.0025832946,0.00044155004,145,57,ERA5_2009.nc
2009,2009-09-15,0.0021146224,0.0004420545,145,57,ERA5_2009.nc
2009,2009-09-16,0.0023843646,0.0004900785,145,57,ERA5_2009.nc
2009,2009-09-17,0.0021111907,0.00036778732,145,57,ERA5_2009.nc
2009,2009-09-18,0.0025173551,0.0004835252,145,57,ERA5_2009.nc
2009,2009-09-19,0.0030607814,0.00053308305,145,57,ERA5_2009.nc
2009,2009-09-20,0.0022109787,0.0004931365,145,57,ERA5_2009.nc
2009,2009-09-21,0.0034033987,0.0007214375,145,57,ERA5_2009.nc
2009,2009-09-22,0.00211949,0.0004652299,145,57,ERA5_2009.nc
2009,2009-09-23,0.0012273293,0.0004714721,145,57,ERA5_2009.nc
2009,2009-09-24,0.0011677156,0.00036335166,145,57,ERA5_2009.nc
2009,2009-09-25,0.0027350658,0.0004885851,145,57,ERA5_2009.nc
2009,2009-09-26,0.0020237484,0.00047423877,145,57,ERA5_2009.nc
2009,2009-09-27,0.0017862685,0.00042771618,145,57,ERA5_2009.nc
2009,2009-09-28,0.0025005508,0.00047650785,145,57,ERA5_2009.nc
2009,2009-09-29,0.0029367744,0.00059288077,145,57,ERA5_2009.nc
2009,2009-09-30,0.0019958806,0.0004636005,145,57,ERA5_2009.nc
2009,2009-10-01,0.0024204962,0.00059027784,145,57,ERA5_2009.nc
2009,2009-10-02,0.0021693106,0.00046483905,145,57,ERA5_2009.nc
2009,2009-10-03,0.0016389622,0.00045914893,145,57,ERA5_2009.nc
2009,2009-10-04,0.0017929521,0.00048012,145,57,ERA5_2009.nc
2009,2009-10-05,0.0026745673,0.00056222774,145,57,ERA5_2009.nc
2009,2009-10-06,0.0017097075,0.0004923069,145,57,ERA5_2009.nc
2009,2009-10-07,0.0029735789,0.00062604714,145,57,ERA5_2009.nc
2009,2009-10-08,0.0033876013,0.0007809775,145,57,ERA5_2009.nc
2009,2009-10-09,0.002768618,0.00064629666,145,57,ERA5_2009.nc
2009,2009-10-10,0.003046502,0.00078572216,145,57,ERA5_2009.nc
2009,2009-10-11,0.001313692,0.0004872822,145,57,ERA5_2009.nc
2009,2009-10-12,0.0012858238,0.00044599897,145,57,ERA5_2009.nc
2009,2009-10-13,0.0017610434,0.0005767976,145,57,ERA5_2009.nc
2009,2009-10-14,0.0015560745,0.0005246188,145,57,ERA5_2009.nc
2009,2009-10-15,0.0022406396,0.0006265766,145,57,ERA5_2009.nc
2009,2009-10-16,0.0022540786,0.0005078201,145,57,ERA5_2009.nc
2009,2009-10-17,0.003559567,0.0007643442,145,57,ERA5_2009.nc
2009,2009-10-18,0.0024596676,0.0006744292,145,57,ERA5_2009.nc
2009,2009-10-19,0.0017740321,0.0005164948,145,57,ERA5_2009.nc
2009,2009-10-20,0.0017848623,0.0005474172,145,57,ERA5_2009.nc
2009,2009-10-21,0.002267693,0.00065684214,145,57,ERA5_2009.nc
2009,2009-10-22,0.0015150376,0.0004883196,145,57,ERA5_2009.nc
2009,2009-10-23,0.0013821048,0.00049132074,145,57,ERA5_2009.nc
2009,2009-10-24,0.0023708083,0.0006605298,145,57,ERA5_2009.nc
2009,2009-10-25,0.0026444383,0.0006118073,145,57,ERA5_2009.nc
2009,2009-10-26,0.0020600404,0.00060390844,145,57,ERA5_2009.nc
2009,2009-10-27,0.001512578,0.0005097812,145,57,ERA5_2009.nc
2009,2009-10-28,0.0031006332,0.00081023003,145,57,ERA5_2009.nc
2009,2009-10-29,0.0028698065,0.0006870495,145,57,ERA5_2009.nc
2009,2009-10-30,0.002075811,0.00060035044,145,57,ERA5_2009.nc
2009,2009-10-31,0.001971973,0.00059578684,145,57,ERA5_2009.nc
2009,2009-11-01,0.0012866739,0.0004033257,145,57,ERA5_2009.nc
2009,2009-11-02,0.0011753533,0.00040687603,145,57,ERA5_2009.nc
2009,2009-11-03,0.0011787245,0.00047163625,145,57,ERA5_2009.nc
2009,2009-11-04,0.0014806227,0.0004895617,145,57,ERA5_2009.nc
2009,2009-11-05,0.0034643048,0.0009086804,145,57,ERA5_2009.nc
2009,2009-11-06,0.0027527725,0.00080364326,145,57,ERA5_2009.nc
2009,2009-11-07,0.0012427788,0.00053130696,145,57,ERA5_2009.nc
2009,2009-11-08,0.0018302645,0.0005712602,145,57,ERA5_2009.nc
2009,2009-11-09,0.0007097002,0.0004695733,145,57,ERA5_2009.nc
2009,2009-11-10,0.0012265504,0.0005610981,145,57,ERA5_2009.nc
2009,2009-11-11,0.001328561,0.0006096861,145,57,ERA5_2009.nc
2009,2009-11-12,0.0011752397,0.0004600859,145,57,ERA5_2009.nc
2009,2009-11-13,0.0010523269,0.00044633256,145,57,ERA5_2009.nc
2009,2009-11-14,0.00048731145,0.00036543622,145,57,ERA5_2009.nc
2009,2009-11-15,0.0031020741,0.0008412766,145,57,ERA5_2009.nc
2009,2009-11-16,0.0026548826,0.0008255857,145,57,ERA5_2009.nc
2009,2009-11-17,0.00130735,0.00045855867,145,57,ERA5_2009.nc
2009,2009-11-18,0.001184999,0.00051069685,145,57,ERA5_2009.nc
2009,2009-11-19,0.0012474204,0.0005342538,145,57,ERA5_2009.nc
2009,2009-11-20,0.0010485768,0.00051620265,145,57,ERA5_2009.nc
2009,2009-11-21,0.0012772252,0.000517951,145,57,ERA5_2009.nc
2009,2009-11-22,0.00039988026,0.00035301663,145,57,ERA5_2009.nc
2009,2009-11-23,0.00068901194,0.0003661692,145,57,ERA5_2009.nc
2009,2009-11-24,0.0009839025,0.00039512978,145,57,ERA5_2009.nc
2009,2009-11-25,0.0016733248,0.0005085388,145,57,ERA5_2009.nc
2009,2009-11-26,0.0013153546,0.0005345381,145,57,ERA5_2009.nc
2009,2009-11-27,0.0008432337,0.00042457663,145,57,ERA5_2009.nc
2009,2009-11-28,0.0010010626,0.0004487166,145,57,ERA5_2009.nc
2009,2009-11-29,0.0011606668,0.00040408457,145,57,ERA5_2009.nc
2009,2009-11-30,0.001002893,0.00040897192,145,57,ERA5_2009.nc
2009,2009-12-01,0.0007760755,0.00037808693,145,57,ERA5_2009.nc
2009,2009-12-02,0.0011748327,0.00046195794,145,57,ERA5_2009.nc
2009,2009-12-03,0.0013379694,0.00045991834,145,57,ERA5_2009.nc
2009,2009-12-04,0.001377564,0.0004154069,145,57,ERA5_2009.nc
2009,2009-12-05,0.0013017769,0.00040863326,145,57,ERA5_2009.nc
2009,2009-12-06,0.0018430969,0.00048775028,145,57,ERA5_2009.nc
2009,2009-12-07,0.0013417595,0.0003648284,145,57,ERA5_2009.nc
2009,2009-12-08,0.0008623966,0.0003450443,145,57,ERA5_2009.nc
2009,2009-12-09,0.0016259257,0.0004903838,145,57,ERA5_2009.nc
2009,2009-12-10,0.00258541,0.00056323037,145,57,ERA5_2009.nc
2009,2009-12-11,0.0022628903,0.00047164815,145,57,ERA5_2009.nc
2009,2009-12-12,0.0018515077,0.0004935403,145,57,ERA5_2009.nc
2009,2009-12-13,0.0009823741,0.00037338914,145,57,ERA5_2009.nc
2009,2009-12-14,0.0013646425,0.00041501527,145,57,ERA5_2009.nc
2009,2009-12-15,0.0013916576,0.00047876342,145,57,ERA5_2009.nc
2009,2009-12-16,0.00080442196,0.00034031662,145,57,ERA5_2009.nc
2009,2009-12-17,0.00080694095,0.00032853032,145,57,ERA5_2009.nc
2009,2009-12-18,0.0007145357,0.00035072857,145,57,ERA5_2009.nc
2009,2009-12-19,0.00026445073,0.00028106014,145,57,ERA5_2009.nc
2009,2009-12-20,0.0002510696,0.00024248738,145,57,ERA5_2009.nc
2009,2009-12-21,0.00038837016,0.00025360836,145,57,ERA5_2009.nc
2009,2009-12-22,0.00056971,0.00027250557,145,57,ERA5_2009.nc
2009,2009-12-23,0.0011215915,0.00030420188,145,57,ERA5_2009.nc
2009,2009-12-24,0.0018419682,0.00037494424,145,57,ERA5_2009.nc
2009,2009-12-25,0.0015150692,0.00034856828,145,57,ERA5_2009.nc
2009,2009-12-26,0.0015025907,0.00034527486,145,57,ERA5_2009.nc
2009,2009-12-27,0.0013533578,0.00034416083,145,57,ERA5_2009.nc
2009,2009-12-28,0.001788639,0.00047774037,145,57,ERA5_2009.nc
2009,2009-12-29,0.0013978835,0.0003861612,145,57,ERA5_2009.nc
2009,2009-12-30,0.0012541956,0.00043669564,145,57,ERA5_2009.nc
2009,2009-12-31,0.0010351627,0.00032680604,145,57,ERA5_2009.nc
2010,2010-01-01,0.0021879817,0.000497818,145,57,ERA5_2010.nc
2010,2010-01-02,0.0014851047,0.00042650237,145,57,ERA5_2010.nc
2010,2010-01-03,0.0005964689,0.00033194688,145,57,ERA5_2010.nc
2010,2010-01-04,0.0007099207,0.00031349732,145,57,ERA5_2010.nc
2010,2010-01-05,0.00094402046,0.00039723716,145,57,ERA5_2010.nc
2010,2010-01-06,0.0011952255,0.00042348338,145,57,ERA5_2010.nc
2010,2010-01-07,0.0006044025,0.000319039,145,57,ERA5_2010.nc
2010,2010-01-08,0.0007273208,0.00028549737,145,57,ERA5_2010.nc
2010,2010-01-09,0.0007911395,0.0003972033,145,57,ERA5_2010.nc
2010,2010-01-10,0.0005153676,0.00033537362,145,57,ERA5_2010.nc
2010,2010-01-11,0.00040264148,0.0002453614,145,57,ERA5_2010.nc
2010,2010-01-12,0.0004034647,0.00023348264,145,57,ERA5_2010.nc
2010,2010-01-13,0.0017537806,0.00040148347,145,57,ERA5_2010.nc
2010,2010-01-14,0.0010164727,0.00035243467,145,57,ERA5_2010.nc
2010,2010-01-15,0.0007187581,0.0002536854,145,57,ERA5_2010.nc
2010,2010-01-16,0.00033815354,0.00017205637,145,57,ERA5_2010.nc
2010,2010-01-17,0.0009049842,0.00018553819,145,57,ERA5_2010.nc
2010,2010-01-18,0.0019698238,0.00019974157,145,57,ERA5_2010.nc
2010,2010-01-19,0.001466823,0.0002556325,145,57,ERA5_2010.nc
2010,2010-01-20,0.0012437403,0.00027093396,145,57,ERA5_2010.nc
2010,2010-01-21,0.00082626083,0.00023885391,145,57,ERA5_2010.nc
2010,2010-01-22,0.0009958956,0.00030800945,145,57,ERA5_2010.nc
2010,2010-01-23,0.0006823612,0.00020093554,145,57,ERA5_2010.nc
2010,2010-01-24,0.0008445572,0.00023305832,145,57,ERA5_2010.nc
2010,2010-01-25,0.00039035056,0.00015510131,145,57,ERA5_2010.nc
2010,2010-01-26,0.00023637275,0.00016275831,145,57,ERA5_2010.nc
2010,2010-01-27,0.00024440122,0.0001840991,145,57,ERA5_2010.nc
2010,2010-01-28,5.199527e-05,0.00012810802,145,57,ERA5_2010.nc
2010,2010-01-29,4.4562206e-05,0.000121801684,145,57,ERA5_2010.nc
2010,2010-01-30,0.00011232397,0.00011824771,145,57,ERA5_2010.nc
2010,2010-01-31,0.00019126236,0.00011758777,145,57,ERA5_2010.nc
2010,2010-02-01,7.0884766e-05,0.00011669335,145,57,ERA5_2010.nc
2010,2010-02-02,0.00070670125,0.00022727287,145,57,ERA5_2010.nc
2010,2010-02-03,0.0017081718,0.00039770105,145,57,ERA5_2010.nc
2010,2010-02-04,0.0014557671,0.00015015449,145,57,ERA5_2010.nc
2010,2010-02-05,0.0011352487,0.00016065215,145,57,ERA5_2010.nc
2010,2010-02-06,0.0013998463,0.0001855942,145,57,ERA5_2010.nc
2010,2010-02-07,0.0014938575,0.00029998753,145,57,ERA5_2010.nc
2010,2010-02-08,0.0011624123,0.00023794624,145,57,ERA5_2010.nc
2010,2010-02-09,0.0009901028,0.00022366966,145,57,ERA5_2010.nc
2010,2010-02-10,0.00039524614,0.00014686026,145,57,ERA5_2010.nc
2010,2010-02-11,0.00037093402,0.000105615276,145,57,ERA5_2010.nc
2010,2010-02-12,0.0006589887,0.00011896565,145,57,ERA5_2010.nc
2010,2010-02-13,0.00061390793,0.00013311557,145,57,ERA5_2010.nc
2010,2010-02-14,0.0012172582,0.0002250356,145,57,ERA5_2010.nc
2010,2010-02-15,0.0018435859,0.00032617038,145,57,ERA5_2010.nc
2010,2010-02-16,0.002285775,0.00029080128,145,57,ERA5_2010.nc
2010,2010-02-17,0.00093658845,0.0001948777,145,57,ERA5_2010.nc
2010,2010-02-18,0.00044098953,0.00014248813,145,57,ERA5_2010.nc
2010,2010-02-19,0.0010023911,0.0002541457,145,57,ERA5_2010.nc
2010,2010-02-20,0.0018435114,0.00027912384,145,57,ERA5_2010.nc
2010,2010-02-21,0.0011458953,0.00020338717,145,57,ERA5_2010.nc
2010,2010-02-22,0.001965186,0.00028829358,145,57,ERA5_2010.nc
2010,2010-02-23,0.0009951652,0.00018859515,145,57,ERA5_2010.nc
2010,2010-02-24,0.0021278812,0.0003800576,145,57,ERA5_2010.nc
2010,2010-02-25,0.004293697,0.0005587739,145,57,ERA5_2010.nc
2010,2010-02-26,0.0026321076,0.00041793002,145,57,ERA5_2010.nc
2010,2010-02-27,0.0010520772,0.00026584137,145,57,ERA5_2010.nc
2010,2010-02-28,0.0034546214,0.0005378673,145,57,ERA5_2010.nc
2010,2010-03-01,0.0027805688,0.00044460993,145,57,ERA5_2010.nc
2010,2010-03-02,0.00045638694,0.00020322303,145,57,ERA5_2010.nc
2010,2010-03-03,0.0008834111,0.00031378018,145,57,ERA5_2010.nc
2010,2010-03-04,0.0012033323,0.0003793468,145,57,ERA5_2010.nc
2010,2010-03-05,0.00041460706,0.00018126788,145,57,ERA5_2010.nc
2010,2010-03-06,0.0013719704,0.00030883346,145,57,ERA5_2010.nc
2010,2010-03-07,0.0006825663,0.00018556044,145,57,ERA5_2010.nc
2010,2010-03-08,0.0015925124,0.00025549368,145,57,ERA5_2010.nc
2010,2010-03-09,0.0006286022,0.00015748457,145,57,ERA5_2010.nc
2010,2010-03-10,0.0009562165,0.00018763011,145,57,ERA5_2010.nc
2010,2010-03-11,0.00021355784,0.000118823955,145,57,ERA5_2010.nc
2010,2010-03-12,0.0007161388,0.00014562569,145,57,ERA5_2010.nc
2010,2010-03-13,0.0006305212,0.00012113328,145,57,ERA5_2010.nc
2010,2010-03-14,0.0010229284,0.00020418369,145,57,ERA5_2010.nc
2010,2010-03-15,0.0006844443,0.00014103357,145,57,ERA5_2010.nc
2010,2010-03-16,0.0007231118,0.00016754959,145,57,ERA5_2010.nc
2010,2010-03-17,0.002611232,0.00033703263,145,57,ERA5_2010.nc
2010,2010-03-18,0.0039134426,0.0006636849,145,57,ERA5_2010.nc
2010,2010-03-19,0.0030294885,0.00043893358,145,57,ERA5_2010.nc
2010,2010-03-20,0.0017844136,0.00033549173,145,57,ERA5_2010.nc
2010,2010-03-21,0.0016053254,0.0003064041,145,57,ERA5_2010.nc
2010,2010-03-22,0.0027240925,0.0005596463,145,57,ERA5_2010.nc
2010,2010-03-23,0.0034915481,0.00087383005,145,57,ERA5_2010.nc
2010,2010-03-24,0.0021598116,0.0004585083,145,57,ERA5_2010.nc
2010,2010-03-25,0.0010709977,0.00033642346,145,57,ERA5_2010.nc
2010,2010-03-26,0.0022769598,0.0005539038,145,57,ERA5_2010.nc
2010,2010-03-27,0.0035695422,0.00094892865,145,57,ERA5_2010.nc
2010,2010-03-28,0.0017056778,0.00053272594,145,57,ERA5_2010.nc
2010,2010-03-29,0.0014390846,0.00046836372,145,57,ERA5_2010.nc
2010,2010-03-30,0.0009441199,0.0003717055,145,57,ERA5_2010.nc
2010,2010-03-31,0.00092338864,0.00033553736,145,57,ERA5_2010.nc
2010,2010-04-01,0.0009584165,0.00030201182,145,57,ERA5_2010.nc
2010,2010-04-02,0.0020668034,0.00043244817,145,57,ERA5_2010.nc
2010,2010-04-03,0.0014816899,0.00037950568,145,57,ERA5_2010.nc
2010,2010-04-04,0.0013992107,0.00033927205,145,57,ERA5_2010.nc
2010,2010-04-05,0.0013276589,0.00031948974,145,57,ERA5_2010.nc
2010,2010-04-06,0.0013251333,0.00025100313,145,57,ERA5_2010.nc
2010,2010-04-07,0.000998589,0.00022633406,145,57,ERA5_2010.nc
2010,2010-04-08,0.0012883081,0.00028581446,145,57,ERA5_2010.nc
2010,2010-04-09,0.0006610368,0.0001907708,145,57,ERA5_2010.nc
2010,2010-04-10,0.0016428118,0.00034795664,145,57,ERA5_2010.nc
2010,2010-04-11,0.00034227775,0.00016350637,145,57,ERA5_2010.nc
2010,2010-04-12,0.0014690883,0.0002816848,145,57,ERA5_2010.nc
2010,2010-04-13,0.0024479593,0.00046739395,145,57,ERA5_2010.nc
2010,2010-04-14,0.0015680732,0.0003001708,145,57,ERA5_2010.nc
2010,2010-04-15,0.0028747972,0.00052297773,145,57,ERA5_2010.nc
2010,2010-04-16,0.000984168,0.0002877273,145,57,ERA5_2010.nc
2010,2010-04-17,0.0013234324,0.0003122928,145,57,ERA5_2010.nc
2010,2010-04-18,0.0013117205,0.00030218018,145,57,ERA5_2010.nc
2010,2010-04-19,0.0009775017,0.0002502001,145,57,ERA5_2010.nc
2010,2010-04-20,0.0016985732,0.00029065055,145,57,ERA5_2010.nc
2010,2010-04-21,0.0017994532,0.00032680458,145,57,ERA5_2010.nc
2010,2010-04-22,0.0028161332,0.0005762325,145,57,ERA5_2010.nc
2010,2010-04-23,0.002483618,0.0007076743,145,57,ERA5_2010.nc
2010,2010-04-24,0.0016200836,0.0005131434,145,57,ERA5_2010.nc
2010,2010-04-25,0.00096101343,0.00032798827,145,57,ERA5_2010.nc
2010,2010-04-26,0.0016338313,0.00040114124,145,57,ERA5_2010.nc
2010,2010-04-27,0.0019976154,0.00037683774,145,57,ERA5_2010.nc
2010,2010-04-28,0.002031852,0.0004192792,145,57,ERA5_2010.nc
2010,2010-04-29,0.0027364467,0.00055315916,145,57,ERA5_2010.nc
2010,2010-04-30,0.0030663025,0.00063362677,145,57,ERA5_2010.nc
2010,2010-05-01,0.004585473,0.000757034,145,57,ERA5_2010.nc
2010,2010-05-02,0.00455775,0.00088568224,145,57,ERA5_2010.nc
2010,2010-05-03,0.0021414976,0.00048479647,145,57,ERA5_2010.nc
2010,2010-05-04,0.0029903357,0.0006592483,145,57,ERA5_2010.nc
2010,2010-05-05,0.0028468166,0.0006471279,145,57,ERA5_2010.nc
2010,2010-05-06,0.0017310682,0.00049984077,145,57,ERA5_2010.nc
2010,2010-05-07,0.002740567,0.00053537975,145,57,ERA5_2010.nc
2010,2010-05-08,0.00302287,0.0006043444,145,57,ERA5_2010.nc
2010,2010-05-09,0.0030564289,0.0006960041,145,57,ERA5_2010.nc
2010,2010-05-10,0.0024202464,0.0005537369,145,57,ERA5_2010.nc
2010,2010-05-11,0.0013637589,0.0004501923,145,57,ERA5_2010.nc
2010,2010-05-12,0.00072169024,0.00034471223,145,57,ERA5_2010.nc
2010,2010-05-13,0.001987082,0.00047155784,145,57,ERA5_2010.nc
2010,2010-05-14,0.0022662724,0.0004979973,145,57,ERA5_2010.nc
2010,2010-05-15,0.0032241722,0.0006401193,145,57,ERA5_2010.nc
2010,2010-05-16,0.0015289227,0.00050081324,145,57,ERA5_2010.nc
2010,2010-05-17,0.0011053855,0.00043909077,145,57,ERA5_2010.nc
2010,2010-05-18,0.0015468964,0.00043592934,145,57,ERA5_2010.nc
2010,2010-05-19,0.0016069442,0.0004862082,145,57,ERA5_2010.nc
2010,2010-05-20,0.00067488133,0.00032820873,145,57,ERA5_2010.nc
2010,2010-05-21,0.00039011764,0.000237179,145,57,ERA5_2010.nc
2010,2010-05-22,0.0018033348,0.00034594437,145,57,ERA5_2010.nc
2010,2010-05-23,0.0016835881,0.0003326752,145,57,ERA5_2010.nc
2010,2010-05-24,0.0017850033,0.0004973806,145,57,ERA5_2010.nc
2010,2010-05-25,0.0014889108,0.00039457352,145,57,ERA5_2010.nc
2010,2010-05-26,0.0019255335,0.00036823523,145,57,ERA5_2010.nc
2010,2010-05-27,0.0017275878,0.00036702346,145,57,ERA5_2010.nc
2010,2010-05-28,0.0011419893,0.00033973964,145,57,ERA5_2010.nc
2010,2010-05-29,0.0013977922,0.0003344136,145,57,ERA5_2010.nc
2010,2010-05-30,0.0016959524,0.00037249428,145,57,ERA5_2010.nc
2010,2010-05-31,0.0012841085,0.00026793656,145,57,ERA5_2010.nc
2010,2010-06-01,0.0034852014,0.0007034566,145,57,ERA5_2010.nc
2010,2010-06-02,0.0020618394,0.00044904475,145,57,ERA5_2010.nc
2010,2010-06-03,0.0021416547,0.0004401356,145,57,ERA5_2010.nc
2010,2010-06-04,0.001990162,0.00036377873,145,57,ERA5_2010.nc
2010,2010-06-05,0.0016814931,0.00037219966,145,57,ERA5_2010.nc
2010,2010-06-06,0.0025785612,0.00048730415,145,57,ERA5_2010.nc
2010,2010-06-07,0.0026391651,0.00055352657,145,57,ERA5_2010.nc
2010,2010-06-08,0.0009037206,0.00029832593,145,57,ERA5_2010.nc
2010,2010-06-09,0.00045216037,0.0002290082,145,57,ERA5_2010.nc
2010,2010-06-10,0.0011931302,0.0002587267,145,57,ERA5_2010.nc
2010,2010-06-11,0.0026135757,0.00043177692,145,57,ERA5_2010.nc
2010,2010-06-12,0.002138603,0.00045060425,145,57,ERA5_2010.nc
2010,2010-06-13,0.0012302053,0.00039589868,145,57,ERA5_2010.nc
2010,2010-06-14,0.0007363076,0.0002699722,145,57,ERA5_2010.nc
2010,2010-06-15,0.0013335202,0.00039790402,145,57,ERA5_2010.nc
2010,2010-06-16,0.0020197388,0.00043266203,145,57,ERA5_2010.nc
2010,2010-06-17,0.0036974573,0.0005016879,145,57,ERA5_2010.nc
2010,2010-06-18,0.0029728473,0.000534272,145,57,ERA5_2010.nc
2010,2010-06-19,0.0016347964,0.00043275923,145,57,ERA5_2010.nc
2010,2010-06-20,0.0009766608,0.00030199674,145,57,ERA5_2010.nc
2010,2010-06-21,0.00045670755,0.00025469164,145,57,ERA5_2010.nc
2010,2010-06-22,0.0012484272,0.0003558531,145,57,ERA5_2010.nc
2010,2010-06-23,0.0012943598,0.00032123574,145,57,ERA5_2010.nc
2010,2010-06-24,0.0020906876,0.00040023407,145,57,ERA5_2010.nc
2010,2010-06-25,0.0019910433,0.0004519826,145,57,ERA5_2010.nc
2010,2010-06-26,0.0006698675,0.00025123253,145,57,ERA5_2010.nc
2010,2010-06-27,0.002592539,0.0004032401,145,57,ERA5_2010.nc
2010,2010-06-28,0.0030308096,0.0004397393,145,57,ERA5_2010.nc
2010,2010-06-29,0.001566432,0.0003583624,145,57,ERA5_2010.nc
2010,2010-06-30,0.0004912181,0.00023054337,145,57,ERA5_2010.nc
2010,2010-07-01,0.00083119434,0.00028417754,145,57,ERA5_2010.nc
2010,2010-07-02,0.001955297,0.00032975516,145,57,ERA5_2010.nc
2010,2010-07-03,0.0024623065,0.0004522125,145,57,ERA5_2010.nc
2010,2010-07-04,0.0023501609,0.0003894266,145,57,ERA5_2010.nc
2010,2010-07-05,0.0013236906,0.00030683033,145,57,ERA5_2010.nc
2010,2010-07-06,0.0012808752,0.00027550326,145,57,ERA5_2010.nc
2010,2010-07-07,0.001986116,0.0003365477,145,57,ERA5_2010.nc
2010,2010-07-08,0.0029057392,0.00047744098,145,57,ERA5_2010.nc
2010,2010-07-09,0.0020593172,0.0004074195,145,57,ERA5_2010.nc
2010,2010-07-10,0.0009983672,0.0003398303,145,57,ERA5_2010.nc
2010,2010-07-11,0.0006568681,0.00023077292,145,57,ERA5_2010.nc
2010,2010-07-12,0.0010325022,0.00028175386,145,57,ERA5_2010.nc
2010,2010-07-13,0.0019817257,0.00026791194,145,57,ERA5_2010.nc
2010,2010-07-14,0.0036219573,0.00048242346,145,57,ERA5_2010.nc
2010,2010-07-15,0.0030394974,0.0003903281,145,57,ERA5_2010.nc
2010,2010-07-16,0.0016333796,0.00025275943,145,57,ERA5_2010.nc
2010,2010-07-17,0.0013771357,0.00029011467,145,57,ERA5_2010.nc
2010,2010-07-18,0.00309818,0.00042358655,145,57,ERA5_2010.nc
2010,2010-07-19,0.0027447813,0.00035056128,145,57,ERA5_2010.nc
2010,2010-07-20,0.002574868,0.00038255987,145,57,ERA5_2010.nc
2010,2010-07-21,0.002895977,0.00037897614,145,57,ERA5_2010.nc
2010,2010-07-22,0.0040847305,0.00065783155,145,57,ERA5_2010.nc
2010,2010-07-23,0.003422497,0.00056064746,145,57,ERA5_2010.nc
2010,2010-07-24,0.002424083,0.00036861902,145,57,ERA5_2010.nc
2010,2010-07-25,0.0029733032,0.00039477582,145,57,ERA5_2010.nc
2010,2010-07-26,0.0035161367,0.0004934699,145,57,ERA5_2010.nc
2010,2010-07-27,0.0024276709,0.00046590425,145,57,ERA5_2010.nc
2010,2010-07-28,0.0023457962,0.00046988612,145,57,ERA5_2010.nc
2010,2010-07-29,0.0013183577,0.0003340444,145,57,ERA5_2010.nc
2010,2010-07-30,0.0019201203,0.00042382118,145,57,ERA5_2010.nc
2010,2010-07-31,0.002144719,0.0004940863,145,57,ERA5_2010.nc
2010,2010-08-01,0.0022256118,0.00042833548,145,57,ERA5_2010.nc
2010,2010-08-02,0.0016835353,0.0003877443,145,57,ERA5_2010.nc
2010,2010-08-03,0.0025465917,0.00040441373,145,57,ERA5_2010.nc
2010,2010-08-04,0.0014335824,0.00033855258,145,57,ERA5_2010.nc
2010,2010-08-05,0.001021343,0.00024202834,145,57,ERA5_2010.nc
2010,2010-08-06,0.001924432,0.0002906535,145,57,ERA5_2010.nc
2010,2010-08-07,0.0029069325,0.0005239124,145,57,ERA5_2010.nc
2010,2010-08-08,0.002570672,0.00045230874,145,57,ERA5_2010.nc
2010,2010-08-09,0.0037217396,0.0005872884,145,57,ERA5_2010.nc
2010,2010-08-10,0.00408192,0.0006038174,145,57,ERA5_2010.nc
2010,2010-08-11,0.0041886386,0.00068722764,145,57,ERA5_2010.nc
2010,2010-08-12,0.0022102036,0.00044122833,145,57,ERA5_2010.nc
2010,2010-08-13,0.0015970545,0.00037268558,145,57,ERA5_2010.nc
2010,2010-08-14,0.0021433013,0.0005142956,145,57,ERA5_2010.nc
2010,2010-08-15,0.001992175,0.00045956144,145,57,ERA5_2010.nc
2010,2010-08-16,0.001160289,0.0004513752,145,57,ERA5_2010.nc
2010,2010-08-17,0.002144596,0.0004367703,145,57,ERA5_2010.nc
2010,2010-08-18,0.0020979545,0.00040469924,145,57,ERA5_2010.nc
2010,2010-08-19,0.0017427033,0.0004461016,145,57,ERA5_2010.nc
2010,2010-08-20,0.0012496919,0.0003572755,145,57,ERA5_2010.nc
2010,2010-08-21,0.0019477281,0.0003834517,145,57,ERA5_2010.nc
2010,2010-08-22,0.0028534522,0.00051706866,145,57,ERA5_2010.nc
2010,2010-08-23,0.0031349082,0.00049541896,145,57,ERA5_2010.nc
2010,2010-08-24,0.003361368,0.0004682136,145,57,ERA5_2010.nc
2010,2010-08-25,0.0021784513,0.0003612305,145,57,ERA5_2010.nc
2010,2010-08-26,0.0036439782,0.00058451184,145,57,ERA5_2010.nc
2010,2010-08-27,0.0032151397,0.0005691193,145,57,ERA5_2010.nc
2010,2010-08-28,0.0018615958,0.00041559373,145,57,ERA5_2010.nc
2010,2010-08-29,0.0037470008,0.00062614016,145,57,ERA5_2010.nc
2010,2010-08-30,0.004016844,0.0007603739,145,57,ERA5_2010.nc
2010,2010-08-31,0.0026469314,0.0006778673,145,57,ERA5_2010.nc
2010,2010-09-01,0.0022236938,0.000581873,145,57,ERA5_2010.nc
2010,2010-09-02,0.0022041067,0.00048460887,145,57,ERA5_2010.nc
2010,2010-09-03,0.0030117906,0.000618626,145,57,ERA5_2010.nc
2010,2010-09-04,0.0032525961,0.00065687916,145,57,ERA5_2010.nc
2010,2010-09-05,0.0036384577,0.00067105953,145,57,ERA5_2010.nc
2010,2010-09-06,0.0030218172,0.0006920845,145,57,ERA5_2010.nc
2010,2010-09-07,0.003145844,0.0007367331,145,57,ERA5_2010.nc
2010,2010-09-08,0.0018372627,0.00049568375,145,57,ERA5_2010.nc
2010,2010-09-09,0.002756826,0.00050854625,145,57,ERA5_2010.nc
2010,2010-09-10,0.002205035,0.0005375438,145,57,ERA5_2010.nc
2010,2010-09-11,0.0034066208,0.0006931323,145,57,ERA5_2010.nc
2010,2010-09-12,0.003911888,0.0007631144,145,57,ERA5_2010.nc
2010,2010-09-13,0.0024799935,0.00060175284,145,57,ERA5_2010.nc
2010,2010-09-14,0.0030328464,0.0007488802,145,57,ERA5_2010.nc
2010,2010-09-15,0.0020815614,0.0005904038,145,57,ERA5_2010.nc
2010,2010-09-16,0.0012815052,0.00047377392,145,57,ERA5_2010.nc
2010,2010-09-17,0.0024106246,0.0006389584,145,57,ERA5_2010.nc
2010,2010-09-18,0.0025457994,0.00060037064,145,57,ERA5_2010.nc
2010,2010-09-19,0.0018468086,0.00061977777,145,57,ERA5_2010.nc
2010,2010-09-20,0.003300813,0.0007341076,145,57,ERA5_2010.nc
2010,2010-09-21,0.0039968523,0.000863355,145,57,ERA5_2010.nc
2010,2010-09-22,0.0019712658,0.00058857637,145,57,ERA5_2010.nc
2010,2010-09-23,0.0025692324,0.00062696496,145,57,ERA5_2010.nc
2010,2010-09-24,0.0024735285,0.0006605418,145,57,ERA5_2010.nc
2010,2010-09-25,0.0026877644,0.0006730652,145,57,ERA5_2010.nc
2010,2010-09-26,0.0011016368,0.0004808346,145,57,ERA5_2010.nc
2010,2010-09-27,0.00091964426,0.00043211714,145,57,ERA5_2010.nc
2010,2010-09-28,0.0006285916,0.00038609354,145,57,ERA5_2010.nc
2010,2010-09-29,0.0013693431,0.00041318173,145,57,ERA5_2010.nc
2010,2010-09-30,0.0023564063,0.00063713186,145,57,ERA5_2010.nc
2010,2010-10-01,0.0017620558,0.00040887043,145,57,ERA5_2010.nc
2010,2010-10-02,0.0011683179,0.00045367636,145,57,ERA5_2010.nc
2010,2010-10-03,0.0010797034,0.0003556537,145,57,ERA5_2010.nc
2010,2010-10-04,0.0015588973,0.00042369467,145,57,ERA5_2010.nc
2010,2010-10-05,0.0023676534,0.0005674843,145,57,ERA5_2010.nc
2010,2010-10-06,0.0029292833,0.00053593353,145,57,ERA5_2010.nc
2010,2010-10-07,0.002337202,0.00055146625,145,57,ERA5_2010.nc
2010,2010-10-08,0.0025726063,0.00060581637,145,57,ERA5_2010.nc
2010,2010-10-09,0.0028236066,0.00059616554,145,57,ERA5_2010.nc
2010,2010-10-10,0.0019077375,0.0004323264,145,57,ERA5_2010.nc
2010,2010-10-11,0.0018295809,0.0005320874,145,57,ERA5_2010.nc
2010,2010-10-12,0.0017769273,0.00043518952,145,57,ERA5_2010.nc
2010,2010-10-13,0.0015677414,0.00048345464,145,57,ERA5_2010.nc
2010,2010-10-14,0.0025844357,0.00059535925,145,57,ERA5_2010.nc
2010,2010-10-15,0.0030947705,0.0005551027,145,57,ERA5_2010.nc
2010,2010-10-16,0.0023521227,0.0005665836,145,57,ERA5_2010.nc
2010,2010-10-17,0.0018304097,0.00048250495,145,57,ERA5_2010.nc
2010,2010-10-18,0.0023939596,0.0005773221,145,57,ERA5_2010.nc
2010,2010-10-19,0.0027038413,0.000564208,145,57,ERA5_2010.nc
2010,2010-10-20,0.0028469465,0.0006199922,145,57,ERA5_2010.nc
2010,2010-10-21,0.002335052,0.00054584985,145,57,ERA5_2010.nc
2010,2010-10-22,0.002375115,0.0006475218,145,57,ERA5_2010.nc
2010,2010-10-23,0.0020082872,0.00057636306,145,57,ERA5_2010.nc
2010,2010-10-24,0.003077467,0.000722321,145,57,ERA5_2010.nc
2010,2010-10-25,0.0031434344,0.0007575406,145,57,ERA5_2010.nc
2010,2010-10-26,0.0017935843,0.0006182918,145,57,ERA5_2010.nc
2010,2010-10-27,0.0022198446,0.00064798025,145,57,ERA5_2010.nc
2010,2010-10-28,0.0028513758,0.0007822309,145,57,ERA5_2010.nc
2010,2010-10-29,0.0014965746,0.00046186443,145,57,ERA5_2010.nc
2010,2010-10-30,0.0012752598,0.000514876,145,57,ERA5_2010.nc
2010,2010-10-31,0.0009092797,0.00044171928,145,57,ERA5_2010.nc
2010,2010-11-01,0.0016637906,0.00052659574,145,57,ERA5_2010.nc
2010,2010-11-02,0.0013030968,0.00044413868,145,57,ERA5_2010.nc
2010,2010-11-03,0.0015983095,0.0005502208,145,57,ERA5_2010.nc
2010,2010-11-04,0.0012037599,0.00047961637,145,57,ERA5_2010.nc
2010,2010-11-05,0.00088012946,0.0004397445,145,57,ERA5_2010.nc
2010,2010-11-06,0.00096224237,0.00039583424,145,57,ERA5_2010.nc
2010,2010-11-07,0.0016234184,0.0005662691,145,57,ERA5_2010.nc
2010,2010-11-08,0.0014490541,0.00047089133,145,57,ERA5_2010.nc
2010,2010-11-09,0.0011570738,0.00047572772,145,57,ERA5_2010.nc
2010,2010-11-10,0.0011767911,0.00040205312,145,57,ERA5_2010.nc
2010,2010-11-11,0.0007125372,0.00035623743,145,57,ERA5_2010.nc
2010,2010-11-12,0.001959997,0.00067266845,145,57,ERA5_2010.nc
2010,2010-11-13,0.0027588871,0.00074533926,145,57,ERA5_2010.nc
2010,2010-11-14,0.0015778915,0.000436322,145,57,ERA5_2010.nc
2010,2010-11-15,0.0020656516,0.00051000866,145,57,ERA5_2010.nc
2010,2010-11-16,0.0012759159,0.00044832224,145,57,ERA5_2010.nc
2010,2010-11-17,0.0016139023,0.00056562654,145,57,ERA5_2010.nc
2010,2010-11-18,0.001831695,0.00050961797,145,57,ERA5_2010.nc
2010,2010-11-19,0.0016050239,0.00052155263,145,57,ERA5_2010.nc
2010,2010-11-20,0.000707173,0.0004157822,145,57,ERA5_2010.nc
2010,2010-11-21,0.000225819,0.00029028128,145,57,ERA5_2010.nc
2010,2010-11-22,0.0011892992,0.00039469218,145,57,ERA5_2010.nc
2010,2010-11-23,0.0019972161,0.00053778174,145,57,ERA5_2010.nc
2010,2010-11-24,0.001260289,0.00041097452,145,57,ERA5_2010.nc
2010,2010-11-25,0.0010952536,0.00045313494,145,57,ERA5_2010.nc
2010,2010-11-26,0.0011171383,0.00042693195,145,57,ERA5_2010.nc
2010,2010-11-27,0.0005516353,0.00030085313,145,57,ERA5_2010.nc
2010,2010-11-28,0.001082625,0.00043263944,145,57,ERA5_2010.nc
2010,2010-11-29,0.0010088892,0.00043821335,145,57,ERA5_2010.nc
2010,2010-11-30,0.0009630092,0.00034914154,145,57,ERA5_2010.nc
2010,2010-12-01,0.0014455086,0.00045155516,145,57,ERA5_2010.nc
2010,2010-12-02,0.0007054736,0.00031283632,145,57,ERA5_2010.nc
2010,2010-12-03,0.0005905094,0.00028408278,145,57,ERA5_2010.nc
2010,2010-12-04,0.0005345646,0.0003012953,145,57,ERA5_2010.nc
2010,2010-12-05,0.00052623916,0.0002731328,145,57,ERA5_2010.nc
2010,2010-12-06,0.0011921377,0.00033157205,145,57,ERA5_2010.nc
2010,2010-12-07,0.0013557647,0.00032706754,145,57,ERA5_2010.nc
2010,2010-12-08,0.0015702336,0.00037468618,145,57,ERA5_2010.nc
2010,2010-12-09,0.0011039148,0.00033072743,145,57,ERA5_2010.nc
2010,2010-12-10,0.0014623881,0.00043195585,145,57,ERA5_2010.nc
2010,2010-12-11,0.0020212936,0.00042093583,145,57,ERA5_2010.nc
2010,2010-12-12,0.0020320865,0.00043261936,145,57,ERA5_2010.nc
2010,2010-12-13,0.0007794319,0.00029675502,145,57,ERA5_2010.nc
2010,2010-12-14,0.00038801506,0.00025186804,145,57,ERA5_2010.nc
2010,2010-12-15,0.0003911879,0.00026441316,145,57,ERA5_2010.nc
2010,2010-12-16,0.00015006744,0.00021775835,145,57,ERA5_2010.nc
2010,2010-12-17,0.00018575983,0.00020624787,145,57,ERA5_2010.nc
2010,2010-12-18,0.00033144729,0.00021039351,145,57,ERA5_2010.nc
2010,2010-12-19,0.00042173784,0.00023051165,145,57,ERA5_2010.nc
2010,2010-12-20,0.0005510574,0.00023559085,145,57,ERA5_2010.nc
2010,2010-12-21,0.00059351197,0.00021035036,145,57,ERA5_2010.nc
2010,2010-12-22,0.0005859019,0.00022934684,145,57,ERA5_2010.nc
2010,2010-12-23,0.0010808851,0.00029374985,145,57,ERA5_2010.nc
2010,2010-12-24,0.0004753963,0.00020277822,145,57,ERA5_2010.nc
2010,2010-12-25,0.0006801884,0.00024712068,145,57,ERA5_2010.nc
2010,2010-12-26,0.0008249244,0.00024673587,145,57,ERA5_2010.nc
2010,2010-12-27,0.0019060293,0.00043090183,145,57,ERA5_2010.nc
2010,2010-12-28,0.0019145609,0.00031868982,145,57,ERA5_2010.nc
2010,2010-12-29,0.0018765978,0.00028111116,145,57,ERA5_2010.nc
2010,2010-12-30,0.0013647901,0.00019526326,145,57,ERA5_2010.nc
2010,2010-12-31,0.0006154654,0.0001927563,145,57,ERA5_2010.nc
2011,2011-01-01,0.00070642395,0.00025652797,145,57,ERA5_2011.nc
2011,2011-01-02,0.000393615,0.00020756837,145,57,ERA5_2011.nc
2011,2011-01-03,0.00033472202,0.00018924665,145,57,ERA5_2011.nc
2011,2011-01-04,0.00067420513,0.00020092328,145,57,ERA5_2011.nc
2011,2011-01-05,0.00071023067,0.00020925974,145,57,ERA5_2011.nc
2011,2011-01-06,0.0007851859,0.00020572112,145,57,ERA5_2011.nc
2011,2011-01-07,0.00049397134,0.00017468048,145,57,ERA5_2011.nc
2011,2011-01-08,0.00062441407,0.0001899269,145,57,ERA5_2011.nc
2011,2011-01-09,0.0004757356,0.000176236,145,57,ERA5_2011.nc
2011,2011-01-10,0.00054359116,0.00018705317,145,57,ERA5_2011.nc
2011,2011-01-11,0.0003534835,0.000171863,145,57,ERA5_2011.nc
2011,2011-01-12,0.0005861833,0.00020375013,145,57,ERA5_2011.nc
2011,2011-01-13,0.0008017005,0.00028000903,145,57,ERA5_2011.nc
2011,2011-01-14,0.001229112,0.0002231104,145,57,ERA5_2011.nc
2011,2011-01-15,0.0010245695,0.00021808634,145,57,ERA5_2011.nc
2011,2011-01-16,0.0010372099,0.00021198565,145,57,ERA5_2011.nc
2011,2011-01-17,0.0014088887,0.00025258417,145,57,ERA5_2011.nc
2011,2011-01-18,0.0007874729,0.00019960222,145,57,ERA5_2011.nc
2011,2011-01-19,0.0003892958,0.00016025954,145,57,ERA5_2011.nc
2011,2011-01-20,0.00033064658,0.00015554873,145,57,ERA5_2011.nc
2011,2011-01-21,0.00018896535,0.00014536474,145,57,ERA5_2011.nc
2011,2011-01-22,0.00023209208,0.00013995828,145,57,ERA5_2011.nc
2011,2011-01-23,9.193558e-05,0.00012344409,145,57,ERA5_2011.nc
2011,2011-01-24,0.00033121483,0.00014816463,145,57,ERA5_2011.nc
2011,2011-01-25,0.00045164154,0.00015156865,145,57,ERA5_2011.nc
2011,2011-01-26,0.0005284604,0.00015020509,145,57,ERA5_2011.nc
2011,2011-01-27,0.00032102587,0.00014463042,145,57,ERA5_2011.nc
2011,2011-01-28,0.00016819572,0.00010847313,145,57,ERA5_2011.nc
2011,2011-01-29,0.00050505204,0.00012764701,145,57,ERA5_2011.nc
2011,2011-01-30,0.0005367761,0.00013490143,145,57,ERA5_2011.nc
2011,2011-01-31,0.0010855757,0.00018228835,145,57,ERA5_2011.nc
2011,2011-02-01,0.0018798818,0.00020172205,145,57,ERA5_2011.nc
2011,2011-02-02,0.0007045934,0.0001398834,145,57,ERA5_2011.nc
2011,2011-02-03,0.0011605546,0.00017957356,145,57,ERA5_2011.nc
2011,2011-02-04,0.0005138314,0.00015516712,145,57,ERA5_2011.nc
2011,2011-02-05,0.00043307978,0.000101039426,145,57,ERA5_2011.nc
2011,2011-02-06,0.0007566991,0.00010216082,145,57,ERA5_2011.nc
2011,2011-02-07,0.0010815177,0.00012639348,145,57,ERA5_2011.nc
2011,2011-02-08,0.00061968644,0.000114564995,145,57,ERA5_2011.nc
2011,2011-02-09,0.0001850116,8.974574e-05,145,57,ERA5_2011.nc
2011,2011-02-10,0.0008613466,0.0001371142,145,57,ERA5_2011.nc
2011,2011-02-11,0.0008943767,0.00018459128,145,57,ERA5_2011.nc
2011,2011-02-12,0.0010807061,0.00014819592,145,57,ERA5_2011.nc
2011,2011-02-13,0.0009107711,0.00013915484,145,57,ERA5_2011.nc
2011,2011-02-14,0.0005396746,0.00011207277,145,57,ERA5_2011.nc
2011,2011-02-15,0.000626308,0.00012593853,145,57,ERA5_2011.nc
2011,2011-02-16,0.000568051,0.00010513094,145,57,ERA5_2011.nc
2011,2011-02-17,0.00020499948,9.666484e-05,145,57,ERA5_2011.nc
2011,2011-02-18,0.0004659432,0.00010824252,145,57,ERA5_2011.nc
2011,2011-02-19,0.00095537206,0.00014541345,145,57,ERA5_2011.nc
2011,2011-02-20,0.0015148285,0.00017399782,145,57,ERA5_2011.nc
2011,2011-02-21,0.00089605246,0.00015569567,145,57,ERA5_2011.nc
2011,2011-02-22,0.0005393194,0.00011468034,145,57,ERA5_2011.nc
2011,2011-02-23,0.0005733746,9.105883e-05,145,57,ERA5_2011.nc
2011,2011-02-24,0.00095119566,0.00015268708,145,57,ERA5_2011.nc
2011,2011-02-25,0.00062107644,0.00010671705,145,57,ERA5_2011.nc
2011,2011-02-26,0.0006924797,9.038366e-05,145,57,ERA5_2011.nc
2011,2011-02-27,0.0004434215,8.271607e-05,145,57,ERA5_2011.nc
2011,2011-02-28,0.00056233245,9.546083e-05,145,57,ERA5_2011.nc
2011,2011-03-01,0.00045145772,0.000116299314,145,57,ERA5_2011.nc
2011,2011-03-02,0.0004523449,8.913936e-05,145,57,ERA5_2011.nc
2011,2011-03-03,0.0007352202,0.00011691831,145,57,ERA5_2011.nc
2011,2011-03-04,0.0004126955,8.933623e-05,145,57,ERA5_2011.nc
2011,2011-03-05,0.00080515794,0.0001076992,145,57,ERA5_2011.nc
2011,2011-03-06,0.00092705205,0.00014089078,145,57,ERA5_2011.nc
2011,2011-03-07,0.00038380473,9.043483e-05,145,57,ERA5_2011.nc
2011,2011-03-08,0.00056720886,8.604163e-05,145,57,ERA5_2011.nc
2011,2011-03-09,0.0011349291,0.00017182861,145,57,ERA5_2011.nc
2011,2011-03-10,0.0010989632,0.00018929571,145,57,ERA5_2011.nc
2011,2011-03-11,0.0005380774,9.434207e-05,145,57,ERA5_2011.nc
2011,2011-03-12,0.00046337984,0.000103823826,145,57,ERA5_2011.nc
2011,2011-03-13,0.00038514278,0.000102006175,145,57,ERA5_2011.nc
2011,2011-03-14,0.0013778706,0.00021126642,145,57,ERA5_2011.nc
2011,2011-03-15,0.0017360111,0.00021435475,145,57,ERA5_2011.nc
2011,2011-03-16,0.001162838,0.00016115975,145,57,ERA5_2011.nc
2011,2011-03-17,0.001463911,0.00019771015,145,57,ERA5_2011.nc
2011,2011-03-18,0.001471397,0.00022166269,145,57,ERA5_2011.nc
2011,2011-03-19,0.0024444247,0.00024792872,145,57,ERA5_2011.nc
2011,2011-03-20,0.0014878497,0.00019708328,145,57,ERA5_2011.nc
2011,2011-03-21,0.0023633924,0.00031907548,145,57,ERA5_2011.nc
2011,2011-03-22,0.0011232401,0.00022674425,145,57,ERA5_2011.nc
2011,2011-03-23,0.0007224284,0.00011306066,145,57,ERA5_2011.nc
2011,2011-03-24,0.0013260478,0.00013821718,145,57,ERA5_2011.nc
2011,2011-03-25,0.0021964617,0.000280722,145,57,ERA5_2011.nc
2011,2011-03-26,0.0014339198,0.0002601268,145,57,ERA5_2011.nc
2011,2011-03-27,0.0010163112,0.00024418245,145,57,ERA5_2011.nc
2011,2011-03-28,0.0003458429,0.00010021482,145,57,ERA5_2011.nc
2011,2011-03-29,0.00090109603,0.00016693593,145,57,ERA5_2011.nc
2011,2011-03-30,0.0017553027,0.00026020547,145,57,ERA5_2011.nc
2011,2011-03-31,0.0013530455,0.00021225901,145,57,ERA5_2011.nc
2011,2011-04-01,0.00095226074,0.0001664364,145,57,ERA5_2011.nc
2011,2011-04-02,0.00036248582,9.608119e-05,145,57,ERA5_2011.nc
2011,2011-04-03,0.0013549246,0.00010936189,145,57,ERA5_2011.nc
2011,2011-04-04,0.0027325614,0.0003555975,145,57,ERA5_2011.nc
2011,2011-04-05,0.0015098329,0.00019713945,145,57,ERA5_2011.nc
2011,2011-04-06,0.0016326555,0.00026304123,145,57,ERA5_2011.nc
2011,2011-04-07,0.0021153807,0.0002639987,145,57,ERA5_2011.nc
2011,2011-04-08,0.0016530978,0.00025333697,145,57,ERA5_2011.nc
2011,2011-04-09,0.0012989551,0.00023059035,145,57,ERA5_2011.nc
2011,2011-04-10,0.0003915258,9.446009e-05,145,57,ERA5_2011.nc
2011,2011-04-11,0.00072662137,0.00011473822,145,57,ERA5_2011.nc
2011,2011-04-12,0.0014753088,0.00018612498,145,57,ERA5_2011.nc
2011,2011-04-13,0.0011345497,0.00015758738,145,57,ERA5_2011.nc
2011,2011-04-14,0.00125223,0.00018114058,145,57,ERA5_2011.nc
2011,2011-04-15,0.0014154658,0.00019985694,145,57,ERA5_2011.nc
2011,2011-04-16,0.0019173202,0.00028513142,145,57,ERA5_2011.nc
2011,2011-04-17,0.0008160644,0.00015724267,145,57,ERA5_2011.nc
2011,2011-04-18,0.00045538152,9.6132135e-05,145,57,ERA5_2011.nc
2011,2011-04-19,0.0011417712,0.00013825324,145,57,ERA5_2011.nc
2011,2011-04-20,0.0021309583,0.00031744092,145,57,ERA5_2011.nc
2011,2011-04-21,0.0016666944,0.0002046669,145,57,ERA5_2011.nc
2011,2011-04-22,0.0015913663,0.00020806203,145,57,ERA5_2011.nc
2011,2011-04-23,0.0013969219,0.0002119641,145,57,ERA5_2011.nc
2011,2011-04-24,0.0012515004,0.00016223942,145,57,ERA5_2011.nc
2011,2011-04-25,0.002805738,0.00036025618,145,57,ERA5_2011.nc
2011,2011-04-26,0.0013248356,0.00026562854,145,57,ERA5_2011.nc
2011,2011-04-27,0.0025731032,0.0003660764,145,57,ERA5_2011.nc
2011,2011-04-28,0.0013739213,0.0002233453,145,57,ERA5_2011.nc
2011,2011-04-29,0.0015502027,0.00027818457,145,57,ERA5_2011.nc
2011,2011-04-30,0.0021227775,0.000293372,145,57,ERA5_2011.nc
2011,2011-05-01,0.002464674,0.0003563266,145,57,ERA5_2011.nc
2011,2011-05-02,0.0018558282,0.00036213855,145,57,ERA5_2011.nc
2011,2011-05-03,0.0012997114,0.00033037548,145,57,ERA5_2011.nc
2011,2011-05-04,0.00069738145,0.00018412952,145,57,ERA5_2011.nc
2011,2011-05-05,0.0018989767,0.00031288603,145,57,ERA5_2011.nc
2011,2011-05-06,0.0009940565,0.00024133112,145,57,ERA5_2011.nc
2011,2011-05-07,0.0005842046,0.00015886145,145,57,ERA5_2011.nc
2011,2011-05-08,0.0010553407,0.00019764656,145,57,ERA5_2011.nc
2011,2011-05-09,0.0020817325,0.00023571022,145,57,ERA5_2011.nc
2011,2011-05-10,0.002754116,0.00038262902,145,57,ERA5_2011.nc
2011,2011-05-11,0.0020354886,0.00031041788,145,57,ERA5_2011.nc
2011,2011-05-12,0.001189559,0.00018289269,145,57,ERA5_2011.nc
2011,2011-05-13,0.0011315717,0.00017720241,145,57,ERA5_2011.nc
2011,2011-05-14,0.001269171,0.00017172955,145,57,ERA5_2011.nc
2011,2011-05-15,0.0018382589,0.00021681076,145,57,ERA5_2011.nc
2011,2011-05-16,0.0021442513,0.0003758004,145,57,ERA5_2011.nc
2011,2011-05-17,0.00068229204,0.00015372189,145,57,ERA5_2011.nc
2011,2011-05-18,0.0011989258,0.00021356408,145,57,ERA5_2011.nc
2011,2011-05-19,0.0010467924,0.00020911844,145,57,ERA5_2011.nc
2011,2011-05-20,0.0019380813,0.00038191816,145,57,ERA5_2011.nc
2011,2011-05-21,0.0025695583,0.00034305447,145,57,ERA5_2011.nc
2011,2011-05-22,0.001895413,0.00028528288,145,57,ERA5_2011.nc
2011,2011-05-23,0.0023272887,0.00026339976,145,57,ERA5_2011.nc
2011,2011-05-24,0.0044110096,0.00039420745,145,57,ERA5_2011.nc
2011,2011-05-25,0.0030975407,0.00039631766,145,57,ERA5_2011.nc
2011,2011-05-26,0.0017087266,0.00029628508,145,57,ERA5_2011.nc
2011,2011-05-27,0.0014218579,0.00024548103,145,57,ERA5_2011.nc
2011,2011-05-28,0.0025795905,0.0002686475,145,57,ERA5_2011.nc
2011,2011-05-29,0.0033631881,0.000350377,145,57,ERA5_2011.nc
2011,2011-05-30,0.0011856807,0.0002309217,145,57,ERA5_2011.nc
2011,2011-05-31,0.001597955,0.00024094316,145,57,ERA5_2011.nc
2011,2011-06-01,0.001225367,0.00025874565,145,57,ERA5_2011.nc
2011,2011-06-02,0.0006802234,0.00024474497,145,57,ERA5_2011.nc
2011,2011-06-03,0.000987135,0.00021077029,145,57,ERA5_2011.nc
2011,2011-06-04,0.00083399465,0.0002192694,145,57,ERA5_2011.nc
2011,2011-06-05,0.0014784228,0.0002250956,145,57,ERA5_2011.nc
2011,2011-06-06,0.0025645923,0.000337696,145,57,ERA5_2011.nc
2011,2011-06-07,0.0011401274,0.0003033909,145,57,ERA5_2011.nc
2011,2011-06-08,0.0006316231,0.00022333697,145,57,ERA5_2011.nc
2011,2011-06-09,0.001475971,0.00033626892,145,57,ERA5_2011.nc
2011,2011-06-10,0.0039047492,0.0004536959,145,57,ERA5_2011.nc
2011,2011-06-11,0.004559822,0.0005888079,145,57,ERA5_2011.nc
2011,2011-06-12,0.0014506311,0.00023971994,145,57,ERA5_2011.nc
2011,2011-06-13,0.0008665155,0.00021642522,145,57,ERA5_2011.nc
2011,2011-06-14,0.0011836457,0.00028841186,145,57,ERA5_2011.nc
2011,2011-06-15,0.0008719973,0.00021092483,145,57,ERA5_2011.nc
2011,2011-06-16,0.0008070944,0.00021544335,145,57,ERA5_2011.nc
2011,2011-06-17,0.0012475778,0.00024696044,145,57,ERA5_2011.nc
2011,2011-06-18,0.0019136433,0.0003146446,145,57,ERA5_2011.nc
2011,2011-06-19,0.0019370164,0.00039453676,145,57,ERA5_2011.nc
2011,2011-06-20,0.0019859911,0.00034675677,145,57,ERA5_2011.nc
2011,2011-06-21,0.0018497887,0.0003911208,145,57,ERA5_2011.nc
2011,2011-06-22,0.0023632878,0.0004326994,145,57,ERA5_2011.nc
2011,2011-06-23,0.0022320643,0.00038672076,145,57,ERA5_2011.nc
2011,2011-06-24,0.00145651,0.00028070973,145,57,ERA5_2011.nc
2011,2011-06-25,0.0010158271,0.00030910337,145,57,ERA5_2011.nc
2011,2011-06-26,0.0014080929,0.0003546062,145,57,ERA5_2011.nc
2011,2011-06-27,0.003366548,0.0004830525,145,57,ERA5_2011.nc
2011,2011-06-28,0.0035529728,0.00052985176,145,57,ERA5_2011.nc
2011,2011-06-29,0.0013785328,0.00031527027,145,57,ERA5_2011.nc
2011,2011-06-30,0.00094154273,0.00025141978,145,57,ERA5_2011.nc
2011,2011-07-01,0.0009708378,0.00025544025,145,57,ERA5_2011.nc
2011,2011-07-02,0.0008772897,0.0002822564,145,57,ERA5_2011.nc
2011,2011-07-03,0.0017349622,0.00034258782,145,57,ERA5_2011.nc
2011,2011-07-04,0.0018356069,0.00039265348,145,57,ERA5_2011.nc
2011,2011-07-05,0.001398005,0.00037422392,145,57,ERA5_2011.nc
2011,2011-07-06,0.0010251092,0.00028940616,145,57,ERA5_2011.nc
2011,2011-07-07,0.0016216421,0.00027557026,145,57,ERA5_2011.nc
2011,2011-07-08,0.002241641,0.00034510728,145,57,ERA5_2011.nc
2011,2011-07-09,0.0011636075,0.00027785028,145,57,ERA5_2011.nc
2011,2011-07-10,0.0016177137,0.0002688,145,57,ERA5_2011.nc
2011,2011-07-11,0.0027666297,0.0004077516,145,57,ERA5_2011.nc
2011,2011-07-12,0.0024118738,0.0003702927,145,57,ERA5_2011.nc
2011,2011-07-13,0.001656418,0.0002982039,145,57,ERA5_2011.nc
2011,2011-07-14,0.0008102829,0.00023441436,145,57,ERA5_2011.nc
2011,2011-07-15,0.001215731,0.00024952536,145,57,ERA5_2011.nc
2011,2011-07-16,0.0012457089,0.00023616612,145,57,ERA5_2011.nc
2011,2011-07-17,0.0021497994,0.00042824913,145,57,ERA5_2011.nc
2011,2011-07-18,0.0011546379,0.00022710863,145,57,ERA5_2011.nc
2011,2011-07-19,0.0008738438,0.000238906,145,57,ERA5_2011.nc
2011,2011-07-20,0.0012753976,0.00026460103,145,57,ERA5_2011.nc
2011,2011-07-21,0.0034880834,0.0004407141,145,57,ERA5_2011.nc
2011,2011-07-22,0.0020505139,0.0003400265,145,57,ERA5_2011.nc
2011,2011-07-23,0.001338031,0.0002714692,145,57,ERA5_2011.nc
2011,2011-07-24,0.002027181,0.00024678741,145,57,ERA5_2011.nc
2011,2011-07-25,0.0027574494,0.00035676168,145,57,ERA5_2011.nc
2011,2011-07-26,0.0020080465,0.00027370852,145,57,ERA5_2011.nc
2011,2011-07-27,0.0017573204,0.0002903383,145,57,ERA5_2011.nc
2011,2011-07-28,0.0039483663,0.0004985943,145,57,ERA5_2011.nc
2011,2011-07-29,0.00448318,0.0007846856,145,57,ERA5_2011.nc
2011,2011-07-30,0.0021813973,0.00033716287,145,57,ERA5_2011.nc
2011,2011-07-31,0.0011752911,0.00030215314,145,57,ERA5_2011.nc
2011,2011-08-01,0.0021420904,0.0002990249,145,57,ERA5_2011.nc
2011,2011-08-02,0.0020296588,0.00041457196,145,57,ERA5_2011.nc
2011,2011-08-03,0.003339728,0.0004448198,145,57,ERA5_2011.nc
2011,2011-08-04,0.0028212655,0.00047866942,145,57,ERA5_2011.nc
2011,2011-08-05,0.0015227788,0.00029159198,145,57,ERA5_2011.nc
2011,2011-08-06,0.002314893,0.0003598872,145,57,ERA5_2011.nc
2011,2011-08-07,0.0040926808,0.00058544124,145,57,ERA5_2011.nc
2011,2011-08-08,0.0031384286,0.00045003608,145,57,ERA5_2011.nc
2011,2011-08-09,0.0019468768,0.0003451128,145,57,ERA5_2011.nc
2011,2011-08-10,0.0024218657,0.00037386446,145,57,ERA5_2011.nc
2011,2011-08-11,0.0031966385,0.0004429213,145,57,ERA5_2011.nc
2011,2011-08-12,0.0032865824,0.00051206525,145,57,ERA5_2011.nc
2011,2011-08-13,0.003216511,0.00048600457,145,57,ERA5_2011.nc
2011,2011-08-14,0.0024108351,0.00042919847,145,57,ERA5_2011.nc
2011,2011-08-15,0.0038478603,0.00061497284,145,57,ERA5_2011.nc
2011,2011-08-16,0.0040835813,0.00072152645,145,57,ERA5_2011.nc
2011,2011-08-17,0.002407895,0.0005466278,145,57,ERA5_2011.nc
2011,2011-08-18,0.0026379062,0.00052506546,145,57,ERA5_2011.nc
2011,2011-08-19,0.0020185593,0.00042241428,145,57,ERA5_2011.nc
2011,2011-08-20,0.0020187218,0.00047708047,145,57,ERA5_2011.nc
2011,2011-08-21,0.0021155034,0.0004626788,145,57,ERA5_2011.nc
2011,2011-08-22,0.0017404892,0.00043924042,145,57,ERA5_2011.nc
2011,2011-08-23,0.0034439687,0.0006363994,145,57,ERA5_2011.nc
2011,2011-08-24,0.002683034,0.0006182841,145,57,ERA5_2011.nc
2011,2011-08-25,0.0017886074,0.00044630488,145,57,ERA5_2011.nc
2011,2011-08-26,0.0030692487,0.000523964,145,57,ERA5_2011.nc
2011,2011-08-27,0.0039059639,0.0007281484,145,57,ERA5_2011.nc
2011,2011-08-28,0.0030088266,0.00058730866,145,57,ERA5_2011.nc
2011,2011-08-29,0.0024341333,0.0005675439,145,57,ERA5_2011.nc
2011,2011-08-30,0.0021328102,0.00040340328,145,57,ERA5_2011.nc
2011,2011-08-31,0.0035520983,0.0006162849,145,57,ERA5_2011.nc
2011,2011-09-01,0.0025505465,0.00062509114,145,57,ERA5_2011.nc
2011,2011-09-02,0.0030426506,0.00057453883,145,57,ERA5_2011.nc
2011,2011-09-03,0.002423686,0.00050222693,145,57,ERA5_2011.nc
2011,2011-09-04,0.003105695,0.00066980603,145,57,ERA5_2011.nc
2011,2011-09-05,0.0032094987,0.00095484196,145,57,ERA5_2011.nc
2011,2011-09-06,0.002959549,0.0005748181,145,57,ERA5_2011.nc
2011,2011-09-07,0.0032211484,0.00065438385,145,57,ERA5_2011.nc
2011,2011-09-08,0.0017615862,0.00045628974,145,57,ERA5_2011.nc
2011,2011-09-09,0.001982883,0.00048640347,145,57,ERA5_2011.nc
2011,2011-09-10,0.0033766716,0.0007107807,145,57,ERA5_2011.nc
2011,2011-09-11,0.002467364,0.00058446627,145,57,ERA5_2011.nc
2011,2011-09-12,0.0026517543,0.0005619108,145,57,ERA5_2011.nc
2011,2011-09-13,0.003370253,0.0007316369,145,57,ERA5_2011.nc
2011,2011-09-14,0.0030242032,0.00061435974,145,57,ERA5_2011.nc
2011,2011-09-15,0.0025635096,0.0005881965,145,57,ERA5_2011.nc
2011,2011-09-16,0.002844892,0.00068293,145,57,ERA5_2011.nc
2011,2011-09-17,0.0048579676,0.0011626107,145,57,ERA5_2011.nc
2011,2011-09-18,0.0023593968,0.0008258452,145,57,ERA5_2011.nc
2011,2011-09-19,0.0014036335,0.00057372544,145,57,ERA5_2011.nc
2011,2011-09-20,0.0010364132,0.00046010833,145,57,ERA5_2011.nc
2011,2011-09-21,0.001673253,0.00058144325,145,57,ERA5_2011.nc
2011,2011-09-22,0.0016323142,0.0004973308,145,57,ERA5_2011.nc
2011,2011-09-23,0.002008337,0.00053593155,145,57,ERA5_2011.nc
2011,2011-09-24,0.0018274821,0.0005549139,145,57,ERA5_2011.nc
2011,2011-09-25,0.0019904547,0.00055770826,145,57,ERA5_2011.nc
2011,2011-09-26,0.0028849468,0.0006657229,145,57,ERA5_2011.nc
2011,2011-09-27,0.0012402706,0.00043581743,145,57,ERA5_2011.nc
2011,2011-09-28,0.0022805263,0.00058076315,145,57,ERA5_2011.nc
2011,2011-09-29,0.0034684017,0.00081075856,145,57,ERA5_2011.nc
2011,2011-09-30,0.0025191153,0.00059379975,145,57,ERA5_2011.nc
2011,2011-10-01,0.0017674079,0.00050203793,145,57,ERA5_2011.nc
2011,2011-10-02,0.002286512,0.00054022577,145,57,ERA5_2011.nc
2011,2011-10-03,0.002657447,0.00071669265,145,57,ERA5_2011.nc
2011,2011-10-04,0.002380231,0.0006755624,145,57,ERA5_2011.nc
2011,2011-10-05,0.0011751987,0.00040993898,145,57,ERA5_2011.nc
2011,2011-10-06,0.0024145222,0.00058783474,145,57,ERA5_2011.nc
2011,2011-10-07,0.003446158,0.00069594895,145,57,ERA5_2011.nc
2011,2011-10-08,0.002982886,0.00079841656,145,57,ERA5_2011.nc
2011,2011-10-09,0.001266274,0.00044239635,145,57,ERA5_2011.nc
2011,2011-10-10,0.00084410515,0.00037262507,145,57,ERA5_2011.nc
2011,2011-10-11,0.0014120715,0.00040397455,145,57,ERA5_2011.nc
2011,2011-10-12,0.0015689433,0.00040572294,145,57,ERA5_2011.nc
2011,2011-10-13,0.0033874293,0.0006723269,145,57,ERA5_2011.nc
2011,2011-10-14,0.0037065996,0.0006372337,145,57,ERA5_2011.nc
2011,2011-10-15,0.002043349,0.0004984224,145,57,ERA5_2011.nc
2011,2011-10-16,0.0032066498,0.0006546421,145,57,ERA5_2011.nc
2011,2011-10-17,0.0029185868,0.0006685025,145,57,ERA5_2011.nc
2011,2011-10-18,0.0033644792,0.0006365075,145,57,ERA5_2011.nc
2011,2011-10-19,0.0031393245,0.0006784898,145,57,ERA5_2011.nc
2011,2011-10-20,0.0012729336,0.0004477164,145,57,ERA5_2011.nc
2011,2011-10-21,0.0015655285,0.0004654405,145,57,ERA5_2011.nc
2011,2011-10-22,0.003199317,0.0009070649,145,57,ERA5_2011.nc
2011,2011-10-23,0.0026713382,0.0008176588,145,57,ERA5_2011.nc
2011,2011-10-24,0.002537245,0.0007298784,145,57,ERA5_2011.nc
2011,2011-10-25,0.0013936737,0.000484121,145,57,ERA5_2011.nc
2011,2011-10-26,0.0033924906,0.0009586771,145,57,ERA5_2011.nc
2011,2011-10-27,0.0034046995,0.000790043,145,57,ERA5_2011.nc
2011,2011-10-28,0.0022632692,0.00062014704,145,57,ERA5_2011.nc
2011,2011-10-29,0.0015083904,0.0005971894,145,57,ERA5_2011.nc
2011,2011-10-30,0.0019476049,0.00072588166,145,57,ERA5_2011.nc
2011,2011-10-31,0.0021136156,0.00062609895,145,57,ERA5_2011.nc
2011,2011-11-01,0.0016456642,0.0005959504,145,57,ERA5_2011.nc
2011,2011-11-02,0.00144317,0.0005260858,145,57,ERA5_2011.nc
2011,2011-11-03,0.002344645,0.0006660136,145,57,ERA5_2011.nc
2011,2011-11-04,0.00200808,0.0006527106,145,57,ERA5_2011.nc
2011,2011-11-05,0.0025303303,0.0007133962,145,57,ERA5_2011.nc
2011,2011-11-06,0.0017184943,0.0006412701,145,57,ERA5_2011.nc
2011,2011-11-07,0.0011281334,0.00046078506,145,57,ERA5_2011.nc
2011,2011-11-08,0.0035175788,0.00094940356,145,57,ERA5_2011.nc
2011,2011-11-09,0.0027554804,0.0008515658,145,57,ERA5_2011.nc
2011,2011-11-10,0.0020139345,0.0007380252,145,57,ERA5_2011.nc
2011,2011-11-11,0.0013556174,0.0005506151,145,57,ERA5_2011.nc
2011,2011-11-12,0.002382982,0.00069967395,145,57,ERA5_2011.nc
2011,2011-11-13,0.0023594743,0.0006900508,145,57,ERA5_2011.nc
2011,2011-11-14,0.0019685435,0.00053013867,145,57,ERA5_2011.nc
2011,2011-11-15,0.0023664406,0.0006386023,145,57,ERA5_2011.nc
2011,2011-11-16,0.0018939833,0.0006049265,145,57,ERA5_2011.nc
2011,2011-11-17,0.0012813949,0.000534902,145,57,ERA5_2011.nc
2011,2011-11-18,0.0015937479,0.0005950491,145,57,ERA5_2011.nc
2011,2011-11-19,0.0027171338,0.0007595703,145,57,ERA5_2011.nc
2011,2011-11-20,0.002652898,0.00081322505,145,57,ERA5_2011.nc
2011,2011-11-21,0.0009176977,0.0005783537,145,57,ERA5_2011.nc
2011,2011-11-22,0.00078074133,0.00049419835,145,57,ERA5_2011.nc
2011,2011-11-23,0.0014138112,0.00061475986,145,57,ERA5_2011.nc
2011,2011-11-24,0.0029862379,0.0009628507,145,57,ERA5_2011.nc
2011,2011-11-25,0.0020721355,0.00065791805,145,57,ERA5_2011.nc
2011,2011-11-26,0.0008727168,0.0005670926,145,57,ERA5_2011.nc
2011,2011-11-27,0.00088335935,0.00048335336,145,57,ERA5_2011.nc
2011,2011-11-28,0.0014655323,0.00060212275,145,57,ERA5_2011.nc
2011,2011-11-29,0.0013135003,0.000603748,145,57,ERA5_2011.nc
2011,2011-11-30,0.001339491,0.000538464,145,57,ERA5_2011.nc
2011,2011-12-01,0.0011492567,0.0005815261,145,57,ERA5_2011.nc
2011,2011-12-02,0.00066397066,0.00047551817,145,57,ERA5_2011.nc
2011,2011-12-03,0.0010745449,0.00047255817,145,57,ERA5_2011.nc
2011,2011-12-04,0.0015569334,0.0005496254,145,57,ERA5_2011.nc
2011,2011-12-05,0.0010561792,0.00054852956,145,57,ERA5_2011.nc
2011,2011-12-06,0.0009988642,0.0005107067,145,57,ERA5_2011.nc
2011,2011-12-07,0.0005232376,0.00042649687,145,57,ERA5_2011.nc
2011,2011-12-08,0.00095913257,0.00046512665,145,57,ERA5_2011.nc
2011,2011-12-09,0.00063145574,0.00042405043,145,57,ERA5_2011.nc
2011,2011-12-10,0.00058409816,0.00034020474,145,57,ERA5_2011.nc
2011,2011-12-11,0.000582858,0.0003729904,145,57,ERA5_2011.nc
2011,2011-12-12,0.0005513395,0.00034951267,145,57,ERA5_2011.nc
2011,2011-12-13,0.0010895096,0.0003925166,145,57,ERA5_2011.nc
2011,2011-12-14,0.0010345012,0.0003946824,145,57,ERA5_2011.nc
2011,2011-12-15,0.0006714122,0.0003471101,145,57,ERA5_2011.nc
2011,2011-12-16,0.0011232656,0.0003657004,145,57,ERA5_2011.nc
2011,2011-12-17,0.0015221041,0.00047586393,145,57,ERA5_2011.nc
2011,2011-12-18,0.00088826683,0.00040981878,145,57,ERA5_2011.nc
2011,2011-12-19,0.000598523,0.00031061622,145,57,ERA5_2011.nc
2011,2011-12-20,0.00053847284,0.0003244263,145,57,ERA5_2011.nc
2011,2011-12-21,0.0008041114,0.0003141533,145,57,ERA5_2011.nc
2011,2011-12-22,0.0011660766,0.00044012087,145,57,ERA5_2011.nc
2011,2011-12-23,0.0007149454,0.00030723057,145,57,ERA5_2011.nc
2011,2011-12-24,0.00059948314,0.00029000838,145,57,ERA5_2011.nc
2011,2011-12-25,0.0003484283,0.00021844507,145,57,ERA5_2011.nc
2011,2011-12-26,0.000417748,0.00023307564,145,57,ERA5_2011.nc
2011,2011-12-27,0.0005226335,0.0002318056,145,57,ERA5_2011.nc
2011,2011-12-28,0.00073281454,0.00025646147,145,57,ERA5_2011.nc
2011,2011-12-29,0.00063425367,0.0002841929,145,57,ERA5_2011.nc
2011,2011-12-30,0.0010790715,0.00031745853,145,57,ERA5_2011.nc
2011,2011-12-31,0.0005207333,0.00023533424,145,57,ERA5_2011.nc
2012,2012-01-01,0.00032099074,0.00019855381,145,57,ERA5_2012.nc
2012,2012-01-02,0.0003652748,0.0001832954,145,57,ERA5_2012.nc
2012,2012-01-03,0.00049754634,0.00020129705,145,57,ERA5_2012.nc
2012,2012-01-04,0.00024271195,0.00017565867,145,57,ERA5_2012.nc
2012,2012-01-05,0.0003365366,0.00017417644,145,57,ERA5_2012.nc
2012,2012-01-06,0.0002744985,0.0001622211,145,57,ERA5_2012.nc
2012,2012-01-07,0.0003997699,0.00016032325,145,57,ERA5_2012.nc
2012,2012-01-08,0.00041855188,0.00016327256,145,57,ERA5_2012.nc
2012,2012-01-09,0.00041449047,0.00017755896,145,57,ERA5_2012.nc
2012,2012-01-10,0.00039253107,0.00014524067,145,57,ERA5_2012.nc
2012,2012-01-11,0.00070218486,0.00018089545,145,57,ERA5_2012.nc
2012,2012-01-12,0.0006835448,0.00016309386,145,57,ERA5_2012.nc
2012,2012-01-13,0.0008234964,0.00015886637,145,57,ERA5_2012.nc
2012,2012-01-14,0.0002318969,0.0001305035,145,57,ERA5_2012.nc
2012,2012-01-15,0.00033448538,0.00014308788,145,57,ERA5_2012.nc
2012,2012-01-16,0.00032625213,0.00012962526,145,57,ERA5_2012.nc
2012,2012-01-17,0.00033960855,0.00012446183,145,57,ERA5_2012.nc
2012,2012-01-18,0.00033871696,0.00012402431,145,57,ERA5_2012.nc
2012,2012-01-19,0.0003112239,0.00014962297,145,57,ERA5_2012.nc
2012,2012-01-20,0.00019056958,0.00011492142,145,57,ERA5_2012.nc
2012,2012-01-21,0.000107318825,0.00010008356,145,57,ERA5_2012.nc
2012,2012-01-22,0.0002931563,0.00010115543,145,57,ERA5_2012.nc
2012,2012-01-23,6.888967e-05,0.00010449004,145,57,ERA5_2012.nc
2012,2012-01-24,0.00026224065,9.376349e-05,145,57,ERA5_2012.nc
2012,2012-01-25,0.00013264104,9.3178256e-05,145,57,ERA5_2012.nc
2012,2012-01-26,0.00019354126,9.216544e-05,145,57,ERA5_2012.nc
2012,2012-01-27,0.00022379494,9.390127e-05,145,57,ERA5_2012.nc
2012,2012-01-28,0.00011343082,8.817109e-05,145,57,ERA5_2012.nc
2012,2012-01-29,0.000110016175,8.2348706e-05,145,57,ERA5_2012.nc
2012,2012-01-30,0.00077548483,0.000101306236,145,57,ERA5_2012.nc
2012,2012-01-31,0.0010534392,0.00010645177,145,57,ERA5_2012.nc
2012,2012-02-01,0.0007404358,9.109771e-05,145,57,ERA5_2012.nc
2012,2012-02-02,0.00043209956,8.049692e-05,145,57,ERA5_2012.nc
2012,2012-02-03,0.00028990654,7.685298e-05,145,57,ERA5_2012.nc
2012,2012-02-04,9.012326e-05,7.263303e-05,145,57,ERA5_2012.nc
2012,2012-02-05,0.00017963757,7.126329e-05,145,57,ERA5_2012.nc
2012,2012-02-06,0.00018371466,6.8644804e-05,145,57,ERA5_2012.nc
2012,2012-02-07,0.00043760572,7.4994256e-05,145,57,ERA5_2012.nc
2012,2012-02-08,0.00027599602,7.732723e-05,145,57,ERA5_2012.nc
2012,2012-02-09,0.00021414805,6.635689e-05,145,57,ERA5_2012.nc
2012,2012-02-10,0.0006230988,7.685747e-05,145,57,ERA5_2012.nc
2012,2012-02-11,0.000426678,8.294976e-05,145,57,ERA5_2012.nc
2012,2012-02-12,0.00061765045,8.570279e-05,145,57,ERA5_2012.nc
2012,2012-02-13,0.0009025469,9.989018e-05,145,57,ERA5_2012.nc
2012,2012-02-14,0.000535567,8.046205e-05,145,57,ERA5_2012.nc
2012,2012-02-15,0.0008403065,0.00011954443,145,57,ERA5_2012.nc
2012,2012-02-16,0.0008737357,8.608973e-05,145,57,ERA5_2012.nc
2012,2012-02-17,0.0021769665,0.00021575377,145,57,ERA5_2012.nc
2012,2012-02-18,0.0017653953,0.00019593934,145,57,ERA5_2012.nc
2012,2012-02-19,0.0012060421,0.00012717617,145,57,ERA5_2012.nc
2012,2012-02-20,0.0007541478,0.00012805135,145,57,ERA5_2012.nc
2012,2012-02-21,0.00037128892,0.00011315625,145,57,ERA5_2012.nc
2012,2012-02-22,0.00062511483,0.000102791506,145,57,ERA5_2012.nc
2012,2012-02-23,0.0013497598,0.0001930253,145,57,ERA5_2012.nc
2012,2012-02-24,0.0016914957,0.00024851313,145,57,ERA5_2012.nc
2012,2012-02-25,0.00091701205,0.00012092772,145,57,ERA5_2012.nc
2012,2012-02-26,0.0013428635,0.00011711406,145,57,ERA5_2012.nc
2012,2012-02-27,0.0005213968,0.000104109386,145,57,ERA5_2012.nc
2012,2012-02-28,0.00071444234,0.00012426477,145,57,ERA5_2012.nc
2012,2012-02-29,0.0014158865,0.00013421921,145,57,ERA5_2012.nc
2012,2012-03-01,0.0015685923,0.00015748735,145,57,ERA5_2012.nc
2012,2012-03-02,0.0010069651,0.00015375168,145,57,ERA5_2012.nc
2012,2012-03-03,0.0012777948,0.00015767917,145,57,ERA5_2012.nc
2012,2012-03-04,0.0009326035,0.0001522811,145,57,ERA5_2012.nc
2012,2012-03-05,0.0003666074,9.3039955e-05,145,57,ERA5_2012.nc
2012,2012-03-06,0.00040109688,9.952472e-05,145,57,ERA5_2012.nc
2012,2012-03-07,0.00038577407,8.986555e-05,145,57,ERA5_2012.nc
2012,2012-03-08,0.0005826875,0.0001048033,145,57,ERA5_2012.nc
2012,2012-03-09,0.00053352374,7.5004755e-05,145,57,ERA5_2012.nc
2012,2012-03-10,0.00023863395,6.785142e-05,145,57,ERA5_2012.nc
2012,2012-03-11,0.00059833983,7.776161e-05,145,57,ERA5_2012.nc
2012,2012-03-12,0.0007107915,7.961929e-05,145,57,ERA5_2012.nc
2012,2012-03-13,0.0007785296,7.0651135e-05,145,57,ERA5_2012.nc
2012,2012-03-14,0.00041491806,5.774657e-05,145,57,ERA5_2012.nc
2012,2012-03-15,0.0008246093,9.706169e-05,145,57,ERA5_2012.nc
2012,2012-03-16,0.0002774169,6.255238e-05,145,57,ERA5_2012.nc
2012,2012-03-17,0.00050065963,7.711429e-05,145,57,ERA5_2012.nc
2012,2012-03-18,0.00074294483,0.00014723667,145,57,ERA5_2012.nc
2012,2012-03-19,0.00027254195,6.950085e-05,145,57,ERA5_2012.nc
2012,2012-03-20,0.00034607202,8.2580664e-05,145,57,ERA5_2012.nc
2012,2012-03-21,0.0005590712,0.00013992866,145,57,ERA5_2012.nc
2012,2012-03-22,0.0003032175,6.554279e-05,145,57,ERA5_2012.nc
2012,2012-03-23,0.0005681176,8.527501e-05,145,57,ERA5_2012.nc
2012,2012-03-24,0.0014410655,0.00017438881,145,57,ERA5_2012.nc
2012,2012-03-25,0.00090942753,0.00011588772,145,57,ERA5_2012.nc
2012,2012-03-26,0.00069601636,7.255032e-05,145,57,ERA5_2012.nc
2012,2012-03-27,0.0010671576,0.00012552338,145,57,ERA5_2012.nc
2012,2012-03-28,0.00022302826,5.2752155e-05,145,57,ERA5_2012.nc
2012,2012-03-29,0.00085179496,0.00010774823,145,57,ERA5_2012.nc
2012,2012-03-30,0.0015483706,0.0002266868,145,57,ERA5_2012.nc
2012,2012-03-31,0.0012892126,0.00019268274,145,57,ERA5_2012.nc
2012,2012-04-01,0.0009419955,0.00010381593,145,57,ERA5_2012.nc
2012,2012-04-02,0.0006216733,0.0001232457,145,57,ERA5_2012.nc
2012,2012-04-03,0.00042196648,9.2481394e-05,145,57,ERA5_2012.nc
2012,2012-04-04,0.0013817362,0.00035897025,145,57,ERA5_2012.nc
2012,2012-04-05,0.0025335508,0.00041379067,145,57,ERA5_2012.nc
2012,2012-04-06,0.0020418407,0.00020747907,145,57,ERA5_2012.nc
2012,2012-04-07,0.0012113843,0.00014129916,145,57,ERA5_2012.nc
2012,2012-04-08,0.0008199493,0.0001549406,145,57,ERA5_2012.nc
2012,2012-04-09,0.0008964697,0.00011931865,145,57,ERA5_2012.nc
2012,2012-04-10,0.0013701539,0.00016750369,145,57,ERA5_2012.nc
2012,2012-04-11,0.0006317989,0.000100613695,145,57,ERA5_2012.nc
2012,2012-04-12,0.0014917898,0.00013835068,145,57,ERA5_2012.nc
2012,2012-04-13,0.0020433357,0.00023629039,145,57,ERA5_2012.nc
2012,2012-04-14,0.0016006184,0.00021811249,145,57,ERA5_2012.nc
2012,2012-04-15,0.0024120063,0.0003275373,145,57,ERA5_2012.nc
2012,2012-04-16,0.0019184962,0.00022237081,145,57,ERA5_2012.nc
2012,2012-04-17,0.001758944,0.00027034708,145,57,ERA5_2012.nc
2012,2012-04-18,0.0024885065,0.0003215258,145,57,ERA5_2012.nc
2012,2012-04-19,0.00092791015,0.00013575269,145,57,ERA5_2012.nc
2012,2012-04-20,0.0027080826,0.00028204272,145,57,ERA5_2012.nc
2012,2012-04-21,0.0034723254,0.0004038816,145,57,ERA5_2012.nc
2012,2012-04-22,0.0026044305,0.00051570893,145,57,ERA5_2012.nc
2012,2012-04-23,0.0023504286,0.00045809103,145,57,ERA5_2012.nc
2012,2012-04-24,0.0037902915,0.00050579663,145,57,ERA5_2012.nc
2012,2012-04-25,0.0011094462,0.00027288462,145,57,ERA5_2012.nc
2012,2012-04-26,0.0007889231,0.00019654835,145,57,ERA5_2012.nc
2012,2012-04-27,0.002951845,0.00044984164,145,57,ERA5_2012.nc
2012,2012-04-28,0.0018625988,0.0003409576,145,57,ERA5_2012.nc
2012,2012-04-29,0.0012159629,0.00027489208,145,57,ERA5_2012.nc
2012,2012-04-30,0.0012388492,0.00032605522,145,57,ERA5_2012.nc
2012,2012-05-01,0.00089371594,0.00021349803,145,57,ERA5_2012.nc
2012,2012-05-02,0.001964659,0.00027431955,145,57,ERA5_2012.nc
2012,2012-05-03,0.0015075493,0.00032066036,145,57,ERA5_2012.nc
2012,2012-05-04,0.0020050742,0.00042427226,145,57,ERA5_2012.nc
2012,2012-05-05,0.0021231545,0.00034593572,145,57,ERA5_2012.nc
2012,2012-05-06,0.0020887782,0.00048328625,145,57,ERA5_2012.nc
2012,2012-05-07,0.0026889988,0.0004328183,145,57,ERA5_2012.nc
2012,2012-05-08,0.0025843142,0.0004037391,145,57,ERA5_2012.nc
2012,2012-05-09,0.0019433355,0.00035472857,145,57,ERA5_2012.nc
2012,2012-05-10,0.0022260407,0.00032581948,145,57,ERA5_2012.nc
2012,2012-05-11,0.0023848661,0.00036027434,145,57,ERA5_2012.nc
2012,2012-05-12,0.0015036458,0.00026480475,145,57,ERA5_2012.nc
2012,2012-05-13,0.002641879,0.00033517793,145,57,ERA5_2012.nc
2012,2012-05-14,0.0023568845,0.00034683198,145,57,ERA5_2012.nc
2012,2012-05-15,0.003426671,0.0005742914,145,57,ERA5_2012.nc
2012,2012-05-16,0.0022301655,0.00047913013,145,57,ERA5_2012.nc
2012,2012-05-17,0.0020272313,0.00036107612,145,57,ERA5_2012.nc
2012,2012-05-18,0.0015773724,0.00026758132,145,57,ERA5_2012.nc
2012,2012-05-19,0.0021691637,0.0004128482,145,57,ERA5_2012.nc
2012,2012-05-20,0.0017655137,0.0003821996,145,57,ERA5_2012.nc
2012,2012-05-21,0.0009946092,0.00027907518,145,57,ERA5_2012.nc
2012,2012-05-22,0.0013655684,0.00024684565,145,57,ERA5_2012.nc
2012,2012-05-23,0.002570976,0.00045221383,145,57,ERA5_2012.nc
2012,2012-05-24,0.0016408667,0.00024391405,145,57,ERA5_2012.nc
2012,2012-05-25,0.002720965,0.0003530909,145,57,ERA5_2012.nc
2012,2012-05-26,0.002395189,0.00034009625,145,57,ERA5_2012.nc
2012,2012-05-27,0.0021298341,0.00032591794,145,57,ERA5_2012.nc
2012,2012-05-28,0.0024080751,0.00038296077,145,57,ERA5_2012.nc
2012,2012-05-29,0.0011709437,0.0002501069,145,57,ERA5_2012.nc
2012,2012-05-30,0.00039053147,0.00015740684,145,57,ERA5_2012.nc
2012,2012-05-31,0.00083578285,0.00018180916,145,57,ERA5_2012.nc
2012,2012-06-01,0.0014199265,0.00021478217,145,57,ERA5_2012.nc
2012,2012-06-02,0.0013878283,0.00022410479,145,57,ERA5_2012.nc
2012,2012-06-03,0.0017993234,0.00028338222,145,57,ERA5_2012.nc
2012,2012-06-04,0.0014155746,0.0003310606,145,57,ERA5_2012.nc
2012,2012-06-05,0.0024595708,0.00033074518,145,57,ERA5_2012.nc
2012,2012-06-06,0.0025593503,0.0003727821,145,57,ERA5_2012.nc
2012,2012-06-07,0.0018036489,0.00032821303,145,57,ERA5_2012.nc
2012,2012-06-08,0.0007579782,0.00023406863,145,57,ERA5_2012.nc
2012,2012-06-09,0.0014977391,0.00034333498,145,57,ERA5_2012.nc
2012,2012-06-10,0.0012304485,0.00021509352,145,57,ERA5_2012.nc
2012,2012-06-11,0.0012248347,0.00020762117,145,57,ERA5_2012.nc
2012,2012-06-12,0.0010792826,0.00018703596,145,57,ERA5_2012.nc
2012,2012-06-13,0.0011566032,0.00017235476,145,57,ERA5_2012.nc
2012,2012-06-14,0.0014558758,0.00022687236,145,57,ERA5_2012.nc
2012,2012-06-15,0.0019809292,0.00032433192,145,57,ERA5_2012.nc
2012,2012-06-16,0.002382727,0.0002897787,145,57,ERA5_2012.nc
2012,2012-06-17,0.0022795813,0.00029297336,145,57,ERA5_2012.nc
2012,2012-06-18,0.0016917934,0.0002892975,145,57,ERA5_2012.nc
2012,2012-06-19,0.0014944974,0.0003055735,145,57,ERA5_2012.nc
2012,2012-06-20,0.0017382955,0.00025941085,145,57,ERA5_2012.nc
2012,2012-06-21,0.0029573552,0.00032845227,145,57,ERA5_2012.nc
2012,2012-06-22,0.0020222203,0.00034733946,145,57,ERA5_2012.nc
2012,2012-06-23,0.0024155541,0.00031299872,145,57,ERA5_2012.nc
2012,2012-06-24,0.00275935,0.00036106684,145,57,ERA5_2012.nc
2012,2012-06-25,0.002267862,0.00033068814,145,57,ERA5_2012.nc
2012,2012-06-26,0.0016121062,0.0003129827,145,57,ERA5_2012.nc
2012,2012-06-27,0.0017455344,0.00028889772,145,57,ERA5_2012.nc
2012,2012-06-28,0.0022301502,0.00033540482,145,57,ERA5_2012.nc
2012,2012-06-29,0.002554008,0.00029768414,145,57,ERA5_2012.nc
2012,2012-06-30,0.0020262306,0.000340975,145,57,ERA5_2012.nc
2012,2012-07-01,0.00279444,0.00040695642,145,57,ERA5_2012.nc
2012,2012-07-02,0.0028099616,0.0004697449,145,57,ERA5_2012.nc
2012,2012-07-03,0.0017746885,0.00030018605,145,57,ERA5_2012.nc
2012,2012-07-04,0.0015203727,0.00028541748,145,57,ERA5_2012.nc
2012,2012-07-05,0.002186838,0.00030302972,145,57,ERA5_2012.nc
2012,2012-07-06,0.0025528618,0.0003625747,145,57,ERA5_2012.nc
2012,2012-07-07,0.0017079284,0.00029375567,145,57,ERA5_2012.nc
2012,2012-07-08,0.0012025515,0.00025794917,145,57,ERA5_2012.nc
2012,2012-07-09,0.001635647,0.00035719643,145,57,ERA5_2012.nc
2012,2012-07-10,0.0022751568,0.00036579985,145,57,ERA5_2012.nc
2012,2012-07-11,0.002160312,0.0003184029,145,57,ERA5_2012.nc
2012,2012-07-12,0.0040907348,0.00067817734,145,57,ERA5_2012.nc
2012,2012-07-13,0.0023606224,0.00044188157,145,57,ERA5_2012.nc
2012,2012-07-14,0.0014435352,0.00030656817,145,57,ERA5_2012.nc
2012,2012-07-15,0.002132283,0.0003420498,145,57,ERA5_2012.nc
2012,2012-07-16,0.0019080887,0.00041777352,145,57,ERA5_2012.nc
2012,2012-07-17,0.0038365165,0.0005794777,145,57,ERA5_2012.nc
2012,2012-07-18,0.0037722923,0.0006195095,145,57,ERA5_2012.nc
2012,2012-07-19,0.0012310869,0.00034420413,145,57,ERA5_2012.nc
2012,2012-07-20,0.0013464289,0.00037765212,145,57,ERA5_2012.nc
2012,2012-07-21,0.0014336216,0.00032331233,145,57,ERA5_2012.nc
2012,2012-07-22,0.0029555967,0.00045614614,145,57,ERA5_2012.nc
2012,2012-07-23,0.003231314,0.00053582893,145,57,ERA5_2012.nc
2012,2012-07-24,0.0026504295,0.0004633686,145,57,ERA5_2012.nc
2012,2012-07-25,0.002489842,0.0005018748,145,57,ERA5_2012.nc
2012,2012-07-26,0.0025985143,0.00056493876,145,57,ERA5_2012.nc
2012,2012-07-27,0.0022037965,0.00040391446,145,57,ERA5_2012.nc
2012,2012-07-28,0.0023731152,0.0004513411,145,57,ERA5_2012.nc
2012,2012-07-29,0.0018928775,0.0003722568,145,57,ERA5_2012.nc
2012,2012-07-30,0.0031862038,0.0005153713,145,57,ERA5_2012.nc
2012,2012-07-31,0.0029442948,0.00051935035,145,57,ERA5_2012.nc
2012,2012-08-01,0.002641831,0.000516282,145,57,ERA5_2012.nc
2012,2012-08-02,0.0026616296,0.0005226257,145,57,ERA5_2012.nc
2012,2012-08-03,0.002857575,0.0005207656,145,57,ERA5_2012.nc
2012,2012-08-04,0.0020918404,0.00036893284,145,57,ERA5_2012.nc
2012,2012-08-05,0.002268428,0.00044551003,145,57,ERA5_2012.nc
2012,2012-08-06,0.0034311293,0.000602776,145,57,ERA5_2012.nc
2012,2012-08-07,0.0030604529,0.0005670092,145,57,ERA5_2012.nc
2012,2012-08-08,0.002768091,0.00048512663,145,57,ERA5_2012.nc
2012,2012-08-09,0.0031676758,0.0005529743,145,57,ERA5_2012.nc
2012,2012-08-10,0.003004633,0.0005328851,145,57,ERA5_2012.nc
2012,2012-08-11,0.0032551447,0.0005072509,145,57,ERA5_2012.nc
2012,2012-08-12,0.003665002,0.0006210293,145,57,ERA5_2012.nc
2012,2012-08-13,0.0015845136,0.0004051691,145,57,ERA5_2012.nc
2012,2012-08-14,0.001974715,0.0003738551,145,57,ERA5_2012.nc
2012,2012-08-15,0.0035014427,0.00054629054,145,57,ERA5_2012.nc
2012,2012-08-16,0.002345934,0.0005323466,145,57,ERA5_2012.nc
2012,2012-08-17,0.0023432244,0.0004793759,145,57,ERA5_2012.nc
2012,2012-08-18,0.0036159256,0.00064988935,145,57,ERA5_2012.nc
2012,2012-08-19,0.0017995802,0.00045284006,145,57,ERA5_2012.nc
2012,2012-08-20,0.0021467654,0.0004747545,145,57,ERA5_2012.nc
2012,2012-08-21,0.0033775042,0.00068284175,145,57,ERA5_2012.nc
2012,2012-08-22,0.0017245461,0.0004021643,145,57,ERA5_2012.nc
2012,2012-08-23,0.0015097519,0.0004228329,145,57,ERA5_2012.nc
2012,2012-08-24,0.002869464,0.0005644216,145,57,ERA5_2012.nc
2012,2012-08-25,0.0026275525,0.00054374966,145,57,ERA5_2012.nc
2012,2012-08-26,0.0024826021,0.0005704802,145,57,ERA5_2012.nc
2012,2012-08-27,0.0015869506,0.0004325739,145,57,ERA5_2012.nc
2012,2012-08-28,0.0019132912,0.00042401027,145,57,ERA5_2012.nc
2012,2012-08-29,0.0033181023,0.0006053025,145,57,ERA5_2012.nc
2012,2012-08-30,0.0033897478,0.0006843977,145,57,ERA5_2012.nc
2012,2012-08-31,0.0026345062,0.00063690287,145,57,ERA5_2012.nc
2012,2012-09-01,0.003128144,0.0006740979,145,57,ERA5_2012.nc
2012,2012-09-02,0.0028771616,0.00067985593,145,57,ERA5_2012.nc
2012,2012-09-03,0.0025468748,0.0005853689,145,57,ERA5_2012.nc
2012,2012-09-04,0.0035060626,0.0007377651,145,57,ERA5_2012.nc
2012,2012-09-05,0.0023318618,0.0005131649,145,57,ERA5_2012.nc
2012,2012-09-06,0.0032501393,0.0007081375,145,57,ERA5_2012.nc
2012,2012-09-07,0.003036953,0.000706029,145,57,ERA5_2012.nc
2012,2012-09-08,0.0023804102,0.00068513385,145,57,ERA5_2012.nc
2012,2012-09-09,0.002145684,0.00054217427,145,57,ERA5_2012.nc
2012,2012-09-10,0.004020259,0.0008631297,145,57,ERA5_2012.nc
2012,2012-09-11,0.0029556286,0.00076435204,145,57,ERA5_2012.nc
2012,2012-09-12,0.0029347592,0.00073671783,145,57,ERA5_2012.nc
2012,2012-09-13,0.003743671,0.00083464675,145,57,ERA5_2012.nc
2012,2012-09-14,0.0036770375,0.0009819005,145,57,ERA5_2012.nc
2012,2012-09-15,0.0022711596,0.0007841337,145,57,ERA5_2012.nc
2012,2012-09-16,0.0016775727,0.0005532208,145,57,ERA5_2012.nc
2012,2012-09-17,0.0021134848,0.0006390884,145,57,ERA5_2012.nc
2012,2012-09-18,0.0015870826,0.0005326797,145,57,ERA5_2012.nc
2012,2012-09-19,0.0017137225,0.0005422183,145,57,ERA5_2012.nc
2012,2012-09-20,0.0015178041,0.00047392878,145,57,ERA5_2012.nc
2012,2012-09-21,0.0013241381,0.00041307017,145,57,ERA5_2012.nc
2012,2012-09-22,0.002723748,0.00062944123,145,57,ERA5_2012.nc
2012,2012-09-23,0.0015794726,0.00045570266,145,57,ERA5_2012.nc
2012,2012-09-24,0.0016778931,0.0005581686,145,57,ERA5_2012.nc
2012,2012-09-25,0.002015349,0.00050667365,145,57,ERA5_2012.nc
2012,2012-09-26,0.0039847754,0.00077779073,145,57,ERA5_2012.nc
2012,2012-09-27,0.003165382,0.000740339,145,57,ERA5_2012.nc
2012,2012-09-28,0.0014568116,0.0005611231,145,57,ERA5_2012.nc
2012,2012-09-29,0.0016055234,0.00051480904,145,57,ERA5_2012.nc
2012,2012-09-30,0.003117939,0.00066923734,145,57,ERA5_2012.nc
2012,2012-10-01,0.002451771,0.00065890606,145,57,ERA5_2012.nc
2012,2012-10-02,0.0015431975,0.0004508508,145,57,ERA5_2012.nc
2012,2012-10-03,0.0020565605,0.00058644614,145,57,ERA5_2012.nc
2012,2012-10-04,0.0012916318,0.00043038616,145,57,ERA5_2012.nc
2012,2012-10-05,0.0019779254,0.0004992667,145,57,ERA5_2012.nc
2012,2012-10-06,0.0015401873,0.000443084,145,57,ERA5_2012.nc
2012,2012-10-07,0.001954162,0.00057022244,145,57,ERA5_2012.nc
2012,2012-10-08,0.001681635,0.00044088063,145,57,ERA5_2012.nc
2012,2012-10-09,0.001829677,0.00043165573,145,57,ERA5_2012.nc
2012,2012-10-10,0.0019977663,0.0005481122,145,57,ERA5_2012.nc
2012,2012-10-11,0.0029683358,0.00061374553,145,57,ERA5_2012.nc
2012,2012-10-12,0.004761605,0.00090610073,145,57,ERA5_2012.nc
2012,2012-10-13,0.0027617672,0.00068975263,145,57,ERA5_2012.nc
2012,2012-10-14,0.0018984138,0.00058978354,145,57,ERA5_2012.nc
2012,2012-10-15,0.0021976428,0.0006914469,145,57,ERA5_2012.nc
2012,2012-10-16,0.0010123993,0.00039056287,145,57,ERA5_2012.nc
2012,2012-10-17,0.0011836048,0.00048011163,145,57,ERA5_2012.nc
2012,2012-10-18,0.0012640284,0.0004623848,145,57,ERA5_2012.nc
2012,2012-10-19,0.0018861115,0.0006044157,145,57,ERA5_2012.nc
2012,2012-10-20,0.0012952299,0.00042307598,145,57,ERA5_2012.nc
2012,2012-10-21,0.0026622592,0.00060471904,145,57,ERA5_2012.nc
2012,2012-10-22,0.0022586777,0.0005664094,145,57,ERA5_2012.nc
2012,2012-10-23,0.0013082604,0.00039734825,145,57,ERA5_2012.nc
2012,2012-10-24,0.0033665358,0.0007730366,145,57,ERA5_2012.nc
2012,2012-10-25,0.0043591023,0.0009836057,145,57,ERA5_2012.nc
2012,2012-10-26,0.0016449654,0.0006215582,145,57,ERA5_2012.nc
2012,2012-10-27,0.0013413194,0.0005861077,145,57,ERA5_2012.nc
2012,2012-10-28,0.0025719318,0.0007640322,145,57,ERA5_2012.nc
2012,2012-10-29,0.0014630016,0.00055192556,145,57,ERA5_2012.nc
2012,2012-10-30,0.0034429133,0.00080852315,145,57,ERA5_2012.nc
2012,2012-10-31,0.0047382046,0.0009657586,145,57,ERA5_2012.nc
2012,2012-11-01,0.003152094,0.0007920884,145,57,ERA5_2012.nc
2012,2012-11-02,0.0027601738,0.0007649936,145,57,ERA5_2012.nc
2012,2012-11-03,0.0022584433,0.00064726453,145,57,ERA5_2012.nc
2012,2012-11-04,0.0028575826,0.00071010704,145,57,ERA5_2012.nc
2012,2012-11-05,0.002371402,0.0007047121,145,57,ERA5_2012.nc
2012,2012-11-06,0.0018648314,0.0007831251,145,57,ERA5_2012.nc
2012,2012-11-07,0.002059613,0.00062582357,145,57,ERA5_2012.nc
2012,2012-11-08,0.0032208196,0.00077388185,145,57,ERA5_2012.nc
2012,2012-11-09,0.0022037523,0.0006418056,145,57,ERA5_2012.nc
2012,2012-11-10,0.001362214,0.0005527546,145,57,ERA5_2012.nc
2012,2012-11-11,0.0012338477,0.0005295096,145,57,ERA5_2012.nc
2012,2012-11-12,0.00037915344,0.00039277133,145,57,ERA5_2012.nc
2012,2012-11-13,0.0012265658,0.0004965784,145,57,ERA5_2012.nc
2012,2012-11-14,0.0017804103,0.0005532302,145,57,ERA5_2012.nc
2012,2012-11-15,0.0017238714,0.0006262902,145,57,ERA5_2012.nc
2012,2012-11-16,0.0010997003,0.00039226393,145,57,ERA5_2012.nc
2012,2012-11-17,0.0016229321,0.00051114196,145,57,ERA5_2012.nc
2012,2012-11-18,0.0011428576,0.0004473849,145,57,ERA5_2012.nc
2012,2012-11-19,0.0013022455,0.00050103164,145,57,ERA5_2012.nc
2012,2012-11-20,0.0010081414,0.0004227742,145,57,ERA5_2012.nc
2012,2012-11-21,0.001339961,0.00047573002,145,57,ERA5_2012.nc
2012,2012-11-22,0.0010767024,0.0004930969,145,57,ERA5_2012.nc
2012,2012-11-23,0.0012264275,0.0004088335,145,57,ERA5_2012.nc
2012,2012-11-24,0.00090267,0.00038826244,145,57,ERA5_2012.nc
2012,2012-11-25,0.0006085995,0.0003520108,145,57,ERA5_2012.nc
2012,2012-11-26,0.0013086592,0.00046958856,145,57,ERA5_2012.nc
2012,2012-11-27,0.0015166439,0.00044847222,145,57,ERA5_2012.nc
2012,2012-11-28,0.002063536,0.0005299349,145,57,ERA5_2012.nc
2012,2012-11-29,0.00084499404,0.00040729504,145,57,ERA5_2012.nc
2012,2012-11-30,0.0007044966,0.000386917,145,57,ERA5_2012.nc
2012,2012-12-01,0.0003339904,0.0002935248,145,57,ERA5_2012.nc
2012,2012-12-02,0.00042490778,0.00027555192,145,57,ERA5_2012.nc
2012,2012-12-03,0.0012852715,0.00040518068,145,57,ERA5_2012.nc
2012,2012-12-04,0.0016143573,0.0005144055,145,57,ERA5_2012.nc
2012,2012-12-05,0.0017777445,0.00047595546,145,57,ERA5_2012.nc
2012,2012-12-06,0.0013449648,0.00039861762,145,57,ERA5_2012.nc
2012,2012-12-07,0.0016302991,0.00038631848,145,57,ERA5_2012.nc
2012,2012-12-08,0.0012965351,0.00040426536,145,57,ERA5_2012.nc
2012,2012-12-09,0.0019206781,0.00051010796,145,57,ERA5_2012.nc
2012,2012-12-10,0.0011281357,0.00031050367,145,57,ERA5_2012.nc
2012,2012-12-11,0.00048995094,0.00031150685,145,57,ERA5_2012.nc
2012,2012-12-12,0.00023149606,0.00024329465,145,57,ERA5_2012.nc
2012,2012-12-13,0.0008129054,0.00029715156,145,57,ERA5_2012.nc
2012,2012-12-14,0.0011325083,0.00040890853,145,57,ERA5_2012.nc
2012,2012-12-15,0.0015240947,0.0003911796,145,57,ERA5_2012.nc
2012,2012-12-16,0.0009376033,0.0003261054,145,57,ERA5_2012.nc
2012,2012-12-17,0.00070748327,0.00031010923,145,57,ERA5_2012.nc
2012,2012-12-18,0.0010627182,0.00031112804,145,57,ERA5_2012.nc
2012,2012-12-19,0.0016958673,0.00041877365,145,57,ERA5_2012.nc
2012,2012-12-20,0.0016411287,0.00040495582,145,57,ERA5_2012.nc
2012,2012-12-21,0.00080465386,0.00029999117,145,57,ERA5_2012.nc
2012,2012-12-22,0.0014092149,0.0004176294,145,57,ERA5_2012.nc
2012,2012-12-23,0.00152587,0.00039528275,145,57,ERA5_2012.nc
2012,2012-12-24,0.0011284952,0.0003746831,145,57,ERA5_2012.nc
2012,2012-12-25,0.0010499011,0.00037570717,145,57,ERA5_2012.nc
2012,2012-12-26,0.0007979838,0.00036574114,145,57,ERA5_2012.nc
2012,2012-12-27,0.000845291,0.00033437484,145,57,ERA5_2012.nc
2012,2012-12-28,0.0011806309,0.00040434074,145,57,ERA5_2012.nc
2012,2012-12-29,0.0011788455,0.0003895602,145,57,ERA5_2012.nc
2012,2012-12-30,0.00070113275,0.00038109545,145,57,ERA5_2012.nc
2012,2012-12-31,0.00063488877,0.00030831763,145,57,ERA5_2012.nc
2013,2013-01-01,0.00051275885,0.0002769363,145,57,ERA5_2013.nc
2013,2013-01-02,0.00043625687,0.0002859537,145,57,ERA5_2013.nc
2013,2013-01-03,0.00053527555,0.00024162553,145,57,ERA5_2013.nc
2013,2013-01-04,0.00040647335,0.00023283687,145,57,ERA5_2013.nc
2013,2013-01-05,0.0007723166,0.00024900323,145,57,ERA5_2013.nc
2013,2013-01-06,0.0014929706,0.00024295179,145,57,ERA5_2013.nc
2013,2013-01-07,0.0012960513,0.000316662,145,57,ERA5_2013.nc
2013,2013-01-08,0.0023814559,0.0003412686,145,57,ERA5_2013.nc
2013,2013-01-09,0.0015235081,0.00030340278,145,57,ERA5_2013.nc
2013,2013-01-10,0.00077099004,0.00024601613,145,57,ERA5_2013.nc
2013,2013-01-11,0.0006224963,0.00026920962,145,57,ERA5_2013.nc
2013,2013-01-12,0.000278374,0.00021948195,145,57,ERA5_2013.nc
2013,2013-01-13,0.00017696705,0.00017292677,145,57,ERA5_2013.nc
2013,2013-01-14,0.00025593612,0.00024371262,145,57,ERA5_2013.nc
2013,2013-01-15,0.00015565217,0.00015757207,145,57,ERA5_2013.nc
2013,2013-01-16,0.00030280993,0.00017354649,145,57,ERA5_2013.nc
2013,2013-01-17,0.0004045475,0.00016368617,145,57,ERA5_2013.nc
2013,2013-01-18,0.0007155111,0.00018292549,145,57,ERA5_2013.nc
2013,2013-01-19,0.00073103036,0.00017921906,145,57,ERA5_2013.nc
2013,2013-01-20,0.0001740256,0.00016358268,145,57,ERA5_2013.nc
2013,2013-01-21,4.715236e-05,0.0001261328,145,57,ERA5_2013.nc
2013,2013-01-22,5.193025e-05,0.00012045521,145,57,ERA5_2013.nc
2013,2013-01-23,0.00042111098,0.00018639257,145,57,ERA5_2013.nc
2013,2013-01-24,0.00043469202,0.00017169226,145,57,ERA5_2013.nc
2013,2013-01-25,0.00078856235,0.00016020809,145,57,ERA5_2013.nc
2013,2013-01-26,0.00053504895,0.00013515123,145,57,ERA5_2013.nc
2013,2013-01-27,0.00077753747,0.00014717795,145,57,ERA5_2013.nc
2013,2013-01-28,0.0016711806,0.00021531706,145,57,ERA5_2013.nc
2013,2013-01-29,0.0009286124,0.000167078,145,57,ERA5_2013.nc
2013,2013-01-30,0.0020429143,0.00022471728,145,57,ERA5_2013.nc
2013,2013-01-31,0.0017055292,0.00016987657,145,57,ERA5_2013.nc
2013,2013-02-01,0.0018674857,0.00023792515,145,57,ERA5_2013.nc
2013,2013-02-02,0.00055342994,0.00015503832,145,57,ERA5_2013.nc
2013,2013-02-03,0.0004475658,0.00019120588,145,57,ERA5_2013.nc
2013,2013-02-04,4.4642806e-05,9.2087445e-05,145,57,ERA5_2013.nc
2013,2013-02-05,0.0001206102,9.190786e-05,145,57,ERA5_2013.nc
2013,2013-02-06,0.00054054067,0.000109147935,145,57,ERA5_2013.nc
2013,2013-02-07,0.0004787728,0.000117835494,145,57,ERA5_2013.nc
2013,2013-02-08,0.0005638746,0.0001356096,145,57,ERA5_2013.nc
2013,2013-02-09,0.00016648477,8.403628e-05,145,57,ERA5_2013.nc
2013,2013-02-10,0.000792496,0.00011727393,145,57,ERA5_2013.nc
2013,2013-02-11,0.0008714387,0.00017787136,145,57,ERA5_2013.nc
2013,2013-02-12,0.00037878548,0.000116374315,145,57,ERA5_2013.nc
2013,2013-02-13,0.0013684718,0.00017210256,145,57,ERA5_2013.nc
2013,2013-02-14,0.0012642465,0.00015573678,145,57,ERA5_2013.nc
2013,2013-02-15,0.0005422833,0.00015089502,145,57,ERA5_2013.nc
2013,2013-02-16,0.00026161017,9.937491e-05,145,57,ERA5_2013.nc
2013,2013-02-17,0.00036703752,9.800397e-05,145,57,ERA5_2013.nc
2013,2013-02-18,0.0013236103,0.00019781577,145,57,ERA5_2013.nc
2013,2013-02-19,0.00068488915,0.00022057832,145,57,ERA5_2013.nc
2013,2013-02-20,0.00058839883,0.00012394617,145,57,ERA5_2013.nc
2013,2013-02-21,0.00043635408,0.00012595329,145,57,ERA5_2013.nc
2013,2013-02-22,0.00017320485,8.950528e-05,145,57,ERA5_2013.nc
2013,2013-02-23,0.00023035746,8.706149e-05,145,57,ERA5_2013.nc
2013,2013-02-24,7.582201e-05,7.46729e-05,145,57,ERA5_2013.nc
2013,2013-02-25,6.0704977e-05,7.135449e-05,145,57,ERA5_2013.nc
2013,2013-02-26,0.00019905376,7.309559e-05,145,57,ERA5_2013.nc
2013,2013-02-27,8.503267e-05,6.946012e-05,145,57,ERA5_2013.nc
2013,2013-02-28,0.0001649264,7.3642404e-05,145,57,ERA5_2013.nc
2013,2013-03-01,0.0002051864,6.678184e-05,145,57,ERA5_2013.nc
2013,2013-03-02,0.00049239805,7.589493e-05,145,57,ERA5_2013.nc
2013,2013-03-03,0.00046335696,8.832365e-05,145,57,ERA5_2013.nc
2013,2013-03-04,0.000670102,9.1942e-05,145,57,ERA5_2013.nc
2013,2013-03-05,0.0010512996,0.00014554875,145,57,ERA5_2013.nc
2013,2013-03-06,0.0010920018,0.0001894488,145,57,ERA5_2013.nc
2013,2013-03-07,0.0012054481,0.00018154018,145,57,ERA5_2013.nc
2013,2013-03-08,0.0012174726,0.0001308911,145,57,ERA5_2013.nc
2013,2013-03-09,0.0015337963,0.00019685048,145,57,ERA5_2013.nc
2013,2013-03-10,0.0017488587,0.00019337347,145,57,ERA5_2013.nc
2013,2013-03-11,0.0014805505,0.00026125959,145,57,ERA5_2013.nc
2013,2013-03-12,0.001584895,0.0002450379,145,57,ERA5_2013.nc
2013,2013-03-13,0.001488608,0.00026916407,145,57,ERA5_2013.nc
2013,2013-03-14,0.0016667088,0.0002930956,145,57,ERA5_2013.nc
2013,2013-03-15,0.0003634863,0.00010114942,145,57,ERA5_2013.nc
2013,2013-03-16,0.0013752324,0.00013417663,145,57,ERA5_2013.nc
2013,2013-03-17,0.0018415682,0.00021502018,145,57,ERA5_2013.nc
2013,2013-03-18,0.0012596825,0.00024403131,145,57,ERA5_2013.nc
2013,2013-03-19,0.0019089387,0.0002790435,145,57,ERA5_2013.nc
2013,2013-03-20,0.0014243583,0.00018995407,145,57,ERA5_2013.nc
2013,2013-03-21,0.0015277336,0.00026865414,145,57,ERA5_2013.nc
2013,2013-03-22,0.0022166946,0.00037182609,145,57,ERA5_2013.nc
2013,2013-03-23,0.00159236,0.0002735183,145,57,ERA5_2013.nc
2013,2013-03-24,0.0012829892,0.00039556998,145,57,ERA5_2013.nc
2013,2013-03-25,0.0016355051,0.00020650547,145,57,ERA5_2013.nc
2013,2013-03-26,0.00209871,0.0004382031,145,57,ERA5_2013.nc
2013,2013-03-27,0.0013852147,0.00023697234,145,57,ERA5_2013.nc
2013,2013-03-28,0.002192311,0.0003814503,145,57,ERA5_2013.nc
2013,2013-03-29,0.0011548067,0.00025449303,145,57,ERA5_2013.nc
2013,2013-03-30,0.0028996067,0.00068253546,145,57,ERA5_2013.nc
2013,2013-03-31,0.0027532524,0.00040564884,145,57,ERA5_2013.nc
2013,2013-04-01,0.00078754005,0.00022875397,145,57,ERA5_2013.nc
2013,2013-04-02,0.0003125858,0.00016052436,145,57,ERA5_2013.nc
2013,2013-04-03,0.0010095998,0.00019122733,145,57,ERA5_2013.nc
2013,2013-04-04,0.0016653691,0.00026179868,145,57,ERA5_2013.nc
2013,2013-04-05,0.0011372314,0.0002616692,145,57,ERA5_2013.nc
2013,2013-04-06,0.002717442,0.00051591266,145,57,ERA5_2013.nc
2013,2013-04-07,0.0026760502,0.0005324102,145,57,ERA5_2013.nc
2013,2013-04-08,0.0011396986,0.0002521652,145,57,ERA5_2013.nc
2013,2013-04-09,0.0016478113,0.00038165055,145,57,ERA5_2013.nc
2013,2013-04-10,0.0015637719,0.00039297494,145,57,ERA5_2013.nc
2013,2013-04-11,0.002287092,0.00042024237,145,57,ERA5_2013.nc
2013,2013-04-12,0.0021805752,0.00047011947,145,57,ERA5_2013.nc
2013,2013-04-13,0.0006344599,0.0002559637,145,57,ERA5_2013.nc
2013,2013-04-14,0.0011232226,0.00033324736,145,57,ERA5_2013.nc
2013,2013-04-15,0.0016953986,0.0004054552,145,57,ERA5_2013.nc
2013,2013-04-16,0.00254924,0.00044183608,145,57,ERA5_2013.nc
2013,2013-04-17,0.0015324585,0.00043329602,145,57,ERA5_2013.nc
2013,2013-04-18,0.001453022,0.00041583215,145,57,ERA5_2013.nc
2013,2013-04-19,0.0012170798,0.00025891775,145,57,ERA5_2013.nc
2013,2013-04-20,0.0025845277,0.00051053753,145,57,ERA5_2013.nc
2013,2013-04-21,0.0014235324,0.0003479947,145,57,ERA5_2013.nc
2013,2013-04-22,0.0013171122,0.00032294323,145,57,ERA5_2013.nc
2013,2013-04-23,0.0010144492,0.00023806485,145,57,ERA5_2013.nc
2013,2013-04-24,0.0019714623,0.00040258488,145,57,ERA5_2013.nc
2013,2013-04-25,0.0016399843,0.0003549881,145,57,ERA5_2013.nc
2013,2013-04-26,0.0011266997,0.00037158787,145,57,ERA5_2013.nc
2013,2013-04-27,0.0017867228,0.00040531703,145,57,ERA5_2013.nc
2013,2013-04-28,0.002890437,0.00049908296,145,57,ERA5_2013.nc
2013,2013-04-29,0.0026147957,0.0004643531,145,57,ERA5_2013.nc
2013,2013-04-30,0.0022424362,0.000556772,145,57,ERA5_2013.nc
2013,2013-05-01,0.0019258789,0.00054242427,145,57,ERA5_2013.nc
2013,2013-05-02,0.001520379,0.00034534355,145,57,ERA5_2013.nc
2013,2013-05-03,0.0027166696,0.0005292448,145,57,ERA5_2013.nc
2013,2013-05-04,0.0019300533,0.00042284047,145,57,ERA5_2013.nc
2013,2013-05-05,0.003434425,0.0006153499,145,57,ERA5_2013.nc
2013,2013-05-06,0.002488772,0.0005771322,145,57,ERA5_2013.nc
2013,2013-05-07,0.0021193381,0.00046971475,145,57,ERA5_2013.nc
2013,2013-05-08,0.0018743976,0.00048617163,145,57,ERA5_2013.nc
2013,2013-05-09,0.0033311474,0.000753911,145,57,ERA5_2013.nc
2013,2013-05-10,0.0018089217,0.00040017196,145,57,ERA5_2013.nc
2013,2013-05-11,0.0018671204,0.00041684875,145,57,ERA5_2013.nc
2013,2013-05-12,0.0029160702,0.00043962724,145,57,ERA5_2013.nc
2013,2013-05-13,0.0015910342,0.00035025107,145,57,ERA5_2013.nc
2013,2013-05-14,0.0012645586,0.0003385317,145,57,ERA5_2013.nc
2013,2013-05-15,0.0008866838,0.0002884488,145,57,ERA5_2013.nc
2013,2013-05-16,0.00079426717,0.00023967339,145,57,ERA5_2013.nc
2013,2013-05-17,0.00035670857,0.0001980701,145,57,ERA5_2013.nc
2013,2013-05-18,0.0005162045,0.0002199509,145,57,ERA5_2013.nc
2013,2013-05-19,0.0010490455,0.00024547667,145,57,ERA5_2013.nc
2013,2013-05-20,0.0010669677,0.00022693725,145,57,ERA5_2013.nc
2013,2013-05-21,0.0006947896,0.0002007758,145,57,ERA5_2013.nc
2013,2013-05-22,0.0008196288,0.00019873874,145,57,ERA5_2013.nc
2013,2013-05-23,0.00088536093,0.00024213833,145,57,ERA5_2013.nc
2013,2013-05-24,0.0013473779,0.0002550137,145,57,ERA5_2013.nc
2013,2013-05-25,0.0009322873,0.00020095835,145,57,ERA5_2013.nc
2013,2013-05-26,0.0006051201,0.00015959817,145,57,ERA5_2013.nc
2013,2013-05-27,0.0007591389,0.00015938174,145,57,ERA5_2013.nc
2013,2013-05-28,0.0014038854,0.00019982763,145,57,ERA5_2013.nc
2013,2013-05-29,0.0012317025,0.0002037824,145,57,ERA5_2013.nc
2013,2013-05-30,0.0014045071,0.0002039909,145,57,ERA5_2013.nc
2013,2013-05-31,0.0007099699,0.00018879039,145,57,ERA5_2013.nc
2013,2013-06-01,0.00091219426,0.00019806977,145,57,ERA5_2013.nc
2013,2013-06-02,0.00053412426,0.00016936165,145,57,ERA5_2013.nc
2013,2013-06-03,0.0008707407,0.00017677051,145,57,ERA5_2013.nc
2013,2013-06-04,0.0020989503,0.00027666066,145,57,ERA5_2013.nc
2013,2013-06-05,0.0014108294,0.00024759013,145,57,ERA5_2013.nc
2013,2013-06-06,0.0007284598,0.0002082859,145,57,ERA5_2013.nc
2013,2013-06-07,0.00079157413,0.00026967004,145,57,ERA5_2013.nc
2013,2013-06-08,0.0007582472,0.00020848984,145,57,ERA5_2013.nc
2013,2013-06-09,0.0009274449,0.00022155455,145,57,ERA5_2013.nc
2013,2013-06-10,0.0011380573,0.0003001658,145,57,ERA5_2013.nc
2013,2013-06-11,0.0014877361,0.0002284452,145,57,ERA5_2013.nc
2013,2013-06-12,0.0019097221,0.00029174733,145,57,ERA5_2013.nc
2013,2013-06-13,0.0022109053,0.00033008316,145,57,ERA5_2013.nc
2013,2013-06-14,0.0013954521,0.00024529768,145,57,ERA5_2013.nc
2013,2013-06-15,0.00087315665,0.00025233137,145,57,ERA5_2013.nc
2013,2013-06-16,0.0011299078,0.00021400407,145,57,ERA5_2013.nc
2013,2013-06-17,0.0020081843,0.0002674574,145,57,ERA5_2013.nc
2013,2013-06-18,0.001661235,0.00021380412,145,57,ERA5_2013.nc
2013,2013-06-19,0.0016263378,0.00024754653,145,57,ERA5_2013.nc
2013,2013-06-20,0.0013364819,0.00026610278,145,57,ERA5_2013.nc
2013,2013-06-21,0.0017103264,0.00027352135,145,57,ERA5_2013.nc
2013,2013-06-22,0.0019460979,0.00025517907,145,57,ERA5_2013.nc
2013,2013-06-23,0.0012534236,0.00019646043,145,57,ERA5_2013.nc
2013,2013-06-24,0.0009702395,0.00016730744,145,57,ERA5_2013.nc
2013,2013-06-25,0.0010911511,0.00016668436,145,57,ERA5_2013.nc
2013,2013-06-26,0.0015549886,0.00028181582,145,57,ERA5_2013.nc
2013,2013-06-27,0.0015692404,0.00027855832,145,57,ERA5_2013.nc
2013,2013-06-28,0.0016099679,0.00025310603,145,57,ERA5_2013.nc
2013,2013-06-29,0.0035609964,0.00041338618,145,57,ERA5_2013.nc
2013,2013-06-30,0.0020301116,0.0004309674,145,57,ERA5_2013.nc
2013,2013-07-01,0.00072297046,0.0001923498,145,57,ERA5_2013.nc
2013,2013-07-02,0.0015011225,0.00025174092,145,57,ERA5_2013.nc
2013,2013-07-03,0.0026343681,0.0002862908,145,57,ERA5_2013.nc
2013,2013-07-04,0.0024415222,0.00044445106,145,57,ERA5_2013.nc
2013,2013-07-05,0.0011703888,0.00022578026,145,57,ERA5_2013.nc
2013,2013-07-06,0.0012775977,0.00021341007,145,57,ERA5_2013.nc
2013,2013-07-07,0.0018541507,0.00023832356,145,57,ERA5_2013.nc
2013,2013-07-08,0.0023854568,0.00039248442,145,57,ERA5_2013.nc
2013,2013-07-09,0.0013597505,0.00030393072,145,57,ERA5_2013.nc
2013,2013-07-10,0.0013555551,0.00027692632,145,57,ERA5_2013.nc
2013,2013-07-11,0.0023988308,0.00030818925,145,57,ERA5_2013.nc
2013,2013-07-12,0.0021363725,0.0002897944,145,57,ERA5_2013.nc
2013,2013-07-13,0.0010420794,0.00021673526,145,57,ERA5_2013.nc
2013,2013-07-14,0.001237349,0.0002405492,145,57,ERA5_2013.nc
2013,2013-07-15,0.0024259426,0.00026643838,145,57,ERA5_2013.nc
2013,2013-07-16,0.0014477491,0.00022093074,145,57,ERA5_2013.nc
2013,2013-07-17,0.0010940726,0.0001835295,145,57,ERA5_2013.nc
2013,2013-07-18,0.0017808271,0.0002255453,145,57,ERA5_2013.nc
2013,2013-07-19,0.001719183,0.00023668652,145,57,ERA5_2013.nc
2013,2013-07-20,0.0012133017,0.00029217737,145,57,ERA5_2013.nc
2013,2013-07-21,0.0017384829,0.00032104956,145,57,ERA5_2013.nc
2013,2013-07-22,0.002089,0.00034853222,145,57,ERA5_2013.nc
2013,2013-07-23,0.0013266305,0.0002798369,145,57,ERA5_2013.nc
2013,2013-07-24,0.002308468,0.00035563583,145,57,ERA5_2013.nc
2013,2013-07-25,0.0023791667,0.000361551,145,57,ERA5_2013.nc
2013,2013-07-26,0.002087557,0.00035597855,145,57,ERA5_2013.nc
2013,2013-07-27,0.0016779416,0.0002515545,145,57,ERA5_2013.nc
2013,2013-07-28,0.002746598,0.0004497774,145,57,ERA5_2013.nc
2013,2013-07-29,0.0022315374,0.00031908587,145,57,ERA5_2013.nc
2013,2013-07-30,0.0027154712,0.00043049786,145,57,ERA5_2013.nc
2013,2013-07-31,0.0031454114,0.00036612054,145,57,ERA5_2013.nc
2013,2013-08-01,0.0034779331,0.00032640336,145,57,ERA5_2013.nc
2013,2013-08-02,0.0034332406,0.0004388678,145,57,ERA5_2013.nc
2013,2013-08-03,0.0032512862,0.00036445545,145,57,ERA5_2013.nc
2013,2013-08-04,0.0029664778,0.0003865462,145,57,ERA5_2013.nc
2013,2013-08-05,0.0033141077,0.0004828911,145,57,ERA5_2013.nc
2013,2013-08-06,0.0032146873,0.00037313555,145,57,ERA5_2013.nc
2013,2013-08-07,0.0020939184,0.00029388967,145,57,ERA5_2013.nc
2013,2013-08-08,0.0014107786,0.00025123937,145,57,ERA5_2013.nc
2013,2013-08-09,0.003240586,0.00046940672,145,57,ERA5_2013.nc
2013,2013-08-10,0.0035875076,0.00040096842,145,57,ERA5_2013.nc
2013,2013-08-11,0.0023883963,0.00042521252,145,57,ERA5_2013.nc
2013,2013-08-12,0.0029292086,0.0003725774,145,57,ERA5_2013.nc
2013,2013-08-13,0.0033318822,0.00058564096,145,57,ERA5_2013.nc
2013,2013-08-14,0.0022224027,0.00042533333,145,57,ERA5_2013.nc
2013,2013-08-15,0.0032430761,0.0004529927,145,57,ERA5_2013.nc
2013,2013-08-16,0.0030861355,0.0004384919,145,57,ERA5_2013.nc
2013,2013-08-17,0.0024303943,0.00043566793,145,57,ERA5_2013.nc
2013,2013-08-18,0.0029331692,0.0005252445,145,57,ERA5_2013.nc
2013,2013-08-19,0.004146683,0.00071505364,145,57,ERA5_2013.nc
2013,2013-08-20,0.0020330036,0.00043049938,145,57,ERA5_2013.nc
2013,2013-08-21,0.0030072131,0.00049946393,145,57,ERA5_2013.nc
2013,2013-08-22,0.0040813615,0.00069563,145,57,ERA5_2013.nc
2013,2013-08-23,0.0023580948,0.0004918161,145,57,ERA5_2013.nc
2013,2013-08-24,0.0035418028,0.00072835665,145,57,ERA5_2013.nc
2013,2013-08-25,0.0023738279,0.0005590104,145,57,ERA5_2013.nc
2013,2013-08-26,0.0018282433,0.00044931422,145,57,ERA5_2013.nc
2013,2013-08-27,0.0008845218,0.00033427632,145,57,ERA5_2013.nc
2013,2013-08-28,0.0016894208,0.00040471915,145,57,ERA5_2013.nc
2013,2013-08-29,0.0023346255,0.00042042456,145,57,ERA5_2013.nc
2013,2013-08-30,0.0019217099,0.00041265332,145,57,ERA5_2013.nc
2013,2013-08-31,0.002407295,0.00040660557,145,57,ERA5_2013.nc
2013,2013-09-01,0.004341171,0.00069782115,145,57,ERA5_2013.nc
2013,2013-09-02,0.0029457314,0.00062473223,145,57,ERA5_2013.nc
2013,2013-09-03,0.0018678991,0.0004455928,145,57,ERA5_2013.nc
2013,2013-09-04,0.0012307476,0.0003177173,145,57,ERA5_2013.nc
2013,2013-09-05,0.0038023512,0.00068142,145,57,ERA5_2013.nc
2013,2013-09-06,0.002204917,0.00052514474,145,57,ERA5_2013.nc
2013,2013-09-07,0.0019517215,0.00045951846,145,57,ERA5_2013.nc
2013,2013-09-08,0.0029516066,0.00057026936,145,57,ERA5_2013.nc
2013,2013-09-09,0.0023496798,0.0005826404,145,57,ERA5_2013.nc
2013,2013-09-10,0.0015617835,0.00045241584,145,57,ERA5_2013.nc
2013,2013-09-11,0.0012395201,0.00036545322,145,57,ERA5_2013.nc
2013,2013-09-12,0.0032668153,0.00066043565,145,57,ERA5_2013.nc
2013,2013-09-13,0.0013775039,0.00045940926,145,57,ERA5_2013.nc
2013,2013-09-14,0.0011947654,0.00038084766,145,57,ERA5_2013.nc
2013,2013-09-15,0.0017920386,0.00039996125,145,57,ERA5_2013.nc
2013,2013-09-16,0.0016220356,0.00041755007,145,57,ERA5_2013.nc
2013,2013-09-17,0.0019271163,0.0004586252,145,57,ERA5_2013.nc
2013,2013-09-18,0.0019171237,0.00046007888,145,57,ERA5_2013.nc
2013,2013-09-19,0.0025568963,0.00051413,145,57,ERA5_2013.nc
2013,2013-09-20,0.0020408593,0.00042917894,145,57,ERA5_2013.nc
2013,2013-09-21,0.0016312869,0.0004140025,145,57,ERA5_2013.nc
2013,2013-09-22,0.002172958,0.00051499886,145,57,ERA5_2013.nc
2013,2013-09-23,0.0034899316,0.00070246676,145,57,ERA5_2013.nc
2013,2013-09-24,0.0039271596,0.0008323394,145,57,ERA5_2013.nc
2013,2013-09-25,0.0024042148,0.0006571439,145,57,ERA5_2013.nc
2013,2013-09-26,0.0015530584,0.00043549828,145,57,ERA5_2013.nc
2013,2013-09-27,0.0025072112,0.0006368204,145,57,ERA5_2013.nc
2013,2013-09-28,0.003405956,0.00072923454,145,57,ERA5_2013.nc
2013,2013-09-29,0.002904592,0.00069828436,145,57,ERA5_2013.nc
2013,2013-09-30,0.0021731008,0.00065051706,145,57,ERA5_2013.nc
2013,2013-10-01,0.0021103208,0.0006874452,145,57,ERA5_2013.nc
2013,2013-10-02,0.0030350336,0.0008254454,145,57,ERA5_2013.nc
2013,2013-10-03,0.0028695916,0.0006877547,145,57,ERA5_2013.nc
2013,2013-10-04,0.0016949511,0.00052214705,145,57,ERA5_2013.nc
2013,2013-10-05,0.0024648272,0.0005943511,145,57,ERA5_2013.nc
2013,2013-10-06,0.0024440424,0.00061816094,145,57,ERA5_2013.nc
2013,2013-10-07,0.0019151415,0.00059745525,145,57,ERA5_2013.nc
2013,2013-10-08,0.0029069777,0.00070298184,145,57,ERA5_2013.nc
2013,2013-10-09,0.0030036028,0.00074055186,145,57,ERA5_2013.nc
2013,2013-10-10,0.0021300332,0.0005880386,145,57,ERA5_2013.nc
2013,2013-10-11,0.0027289176,0.00061419106,145,57,ERA5_2013.nc
2013,2013-10-12,0.0037895953,0.0009364633,145,57,ERA5_2013.nc
2013,2013-10-13,0.0013735204,0.00047189652,145,57,ERA5_2013.nc
2013,2013-10-14,0.00082349026,0.0004044331,145,57,ERA5_2013.nc
2013,2013-10-15,0.00081390294,0.0003612139,145,57,ERA5_2013.nc
2013,2013-10-16,0.0020405333,0.00048896304,145,57,ERA5_2013.nc
2013,2013-10-17,0.0011470498,0.00039853132,145,57,ERA5_2013.nc
2013,2013-10-18,0.00077261374,0.00039169515,145,57,ERA5_2013.nc
2013,2013-10-19,0.0011922043,0.00042891136,145,57,ERA5_2013.nc
2013,2013-10-20,0.0011480588,0.00037965848,145,57,ERA5_2013.nc
2013,2013-10-21,0.0018012773,0.00050512294,145,57,ERA5_2013.nc
2013,2013-10-22,0.0016073723,0.00036904926,145,57,ERA5_2013.nc
2013,2013-10-23,0.0021618141,0.00052951113,145,57,ERA5_2013.nc
2013,2013-10-24,0.0023898804,0.00049820653,145,57,ERA5_2013.nc
2013,2013-10-25,0.0015227996,0.00042913985,145,57,ERA5_2013.nc
2013,2013-10-26,0.001938937,0.00045953493,145,57,ERA5_2013.nc
2013,2013-10-27,0.0012456437,0.00039873348,145,57,ERA5_2013.nc
2013,2013-10-28,0.00193491,0.00046277634,145,57,ERA5_2013.nc
2013,2013-10-29,0.0022481245,0.00047082978,145,57,ERA5_2013.nc
2013,2013-10-30,0.0014460009,0.000440963,145,57,ERA5_2013.nc
2013,2013-10-31,0.0005882958,0.00029178677,145,57,ERA5_2013.nc
2013,2013-11-01,0.00095000345,0.00033643114,145,57,ERA5_2013.nc
2013,2013-11-02,0.0009785747,0.00033451366,145,57,ERA5_2013.nc
2013,2013-11-03,0.0019146807,0.00048199002,145,57,ERA5_2013.nc
2013,2013-11-04,0.0025768154,0.00057175604,145,57,ERA5_2013.nc
2013,2013-11-05,0.0017487595,0.00049409893,145,57,ERA5_2013.nc
2013,2013-11-06,0.0023727706,0.00056138355,145,57,ERA5_2013.nc
2013,2013-11-07,0.0024725972,0.0005320392,145,57,ERA5_2013.nc
2013,2013-11-08,0.0027598508,0.00062120764,145,57,ERA5_2013.nc
2013,2013-11-09,0.0023202668,0.0005541364,145,57,ERA5_2013.nc
2013,2013-11-10,0.0022165147,0.00063817075,145,57,ERA5_2013.nc
2013,2013-11-11,0.001832799,0.0005715351,145,57,ERA5_2013.nc
2013,2013-11-12,0.0011546022,0.0005078458,145,57,ERA5_2013.nc
2013,2013-11-13,0.00080897775,0.00035746256,145,57,ERA5_2013.nc
2013,2013-11-14,0.002513528,0.00068003545,145,57,ERA5_2013.nc
2013,2013-11-15,0.002313674,0.0006128184,145,57,ERA5_2013.nc
2013,2013-11-16,0.00242473,0.00064341427,145,57,ERA5_2013.nc
2013,2013-11-17,0.0010283217,0.00039327226,145,57,ERA5_2013.nc
2013,2013-11-18,0.00088428735,0.00038262748,145,57,ERA5_2013.nc
2013,2013-11-19,0.0013220243,0.00043294925,145,57,ERA5_2013.nc
2013,2013-11-20,0.0013061753,0.00046101888,145,57,ERA5_2013.nc
2013,2013-11-21,0.0012134844,0.0005137026,145,57,ERA5_2013.nc
2013,2013-11-22,0.0009919553,0.00043014842,145,57,ERA5_2013.nc
2013,2013-11-23,0.0009324018,0.00040092057,145,57,ERA5_2013.nc
2013,2013-11-24,0.0012600278,0.00042940985,145,57,ERA5_2013.nc
2013,2013-11-25,0.0017600837,0.0004964754,145,57,ERA5_2013.nc
2013,2013-11-26,0.0015330327,0.00044238768,145,57,ERA5_2013.nc
2013,2013-11-27,0.0006452652,0.00035774786,145,57,ERA5_2013.nc
2013,2013-11-28,0.0002532482,0.00027077278,145,57,ERA5_2013.nc
2013,2013-11-29,0.00034394214,0.00025675094,145,57,ERA5_2013.nc
2013,2013-11-30,0.0002183186,0.0002398938,145,57,ERA5_2013.nc
2013,2013-12-01,0.00037580347,0.00024521316,145,57,ERA5_2013.nc
2013,2013-12-02,0.0007154029,0.0003010886,145,57,ERA5_2013.nc
2013,2013-12-03,0.0007355071,0.0002883717,145,57,ERA5_2013.nc
2013,2013-12-04,0.00086279935,0.00029857567,145,57,ERA5_2013.nc
2013,2013-12-05,0.0012420481,0.00030226167,145,57,ERA5_2013.nc
2013,2013-12-06,0.0020490917,0.00034012826,145,57,ERA5_2013.nc
2013,2013-12-07,0.0010794493,0.00028642511,145,57,ERA5_2013.nc
2013,2013-12-08,0.0011038437,0.0003172271,145,57,ERA5_2013.nc
2013,2013-12-09,0.00050348206,0.0002340332,145,57,ERA5_2013.nc
2013,2013-12-10,0.0007308895,0.00026188616,145,57,ERA5_2013.nc
2013,2013-12-11,0.001875131,0.00037543717,145,57,ERA5_2013.nc
2013,2013-12-12,0.0019927083,0.00031904812,145,57,ERA5_2013.nc
2013,2013-12-13,0.0021995488,0.00031119486,145,57,ERA5_2013.nc
2013,2013-12-14,0.0014161933,0.00031920752,145,57,ERA5_2013.nc
2013,2013-12-15,0.0007525225,0.00035921397,145,57,ERA5_2013.nc
2013,2013-12-16,0.0006310285,0.0002811734,145,57,ERA5_2013.nc
2013,2013-12-17,0.00076713384,0.000245969,145,57,ERA5_2013.nc
2013,2013-12-18,0.00041035353,0.00021555943,145,57,ERA5_2013.nc
2013,2013-12-19,0.00037883307,0.0002234036,145,57,ERA5_2013.nc
2013,2013-12-20,0.00014698747,0.00018191099,145,57,ERA5_2013.nc
2013,2013-12-21,8.773573e-05,0.00016588281,145,57,ERA5_2013.nc
2013,2013-12-22,0.000105241634,0.0001621212,145,57,ERA5_2013.nc
2013,2013-12-23,0.00011514155,0.00015814352,145,57,ERA5_2013.nc
2013,2013-12-24,0.00028069346,0.0001663377,145,57,ERA5_2013.nc
2013,2013-12-25,0.00033854053,0.0001584385,145,57,ERA5_2013.nc
2013,2013-12-26,0.00034609338,0.00015637932,145,57,ERA5_2013.nc
2013,2013-12-27,0.00029249716,0.0001592099,145,57,ERA5_2013.nc
2013,2013-12-28,0.00044912525,0.00016152285,145,57,ERA5_2013.nc
2013,2013-12-29,0.0008734844,0.00016749547,145,57,ERA5_2013.nc
2013,2013-12-30,0.0010074785,0.00020105696,145,57,ERA5_2013.nc
2013,2013-12-31,0.0013725519,0.00023469419,145,57,ERA5_2013.nc
2014,2014-01-01,0.0006558049,0.00018919166,145,57,ERA5_2014.nc
2014,2014-01-02,0.00047978002,0.00017529639,145,57,ERA5_2014.nc
2014,2014-01-03,0.00015441072,0.00011502435,145,57,ERA5_2014.nc
2014,2014-01-04,0.00022779264,0.00016829626,145,57,ERA5_2014.nc
2014,2014-01-05,0.0002033904,0.00011967643,145,57,ERA5_2014.nc
2014,2014-01-06,0.00017223571,0.00011075525,145,57,ERA5_2014.nc
2014,2014-01-07,0.00044669065,0.00013065402,145,57,ERA5_2014.nc
2014,2014-01-08,0.0007358958,0.000118061216,145,57,ERA5_2014.nc
2014,2014-01-09,0.00074658135,0.00014151439,145,57,ERA5_2014.nc
2014,2014-01-10,0.00039345707,0.00013289825,145,57,ERA5_2014.nc
2014,2014-01-11,0.00022509973,0.00011600732,145,57,ERA5_2014.nc
2014,2014-01-12,0.00017702646,0.0001036115,145,57,ERA5_2014.nc
2014,2014-01-13,9.4147035e-05,9.360527e-05,145,57,ERA5_2014.nc
2014,2014-01-14,0.0001736116,9.727193e-05,145,57,ERA5_2014.nc
2014,2014-01-15,0.00011424424,9.592674e-05,145,57,ERA5_2014.nc
2014,2014-01-16,8.253148e-05,8.800374e-05,145,57,ERA5_2014.nc
2014,2014-01-17,0.00014166391,9.315956e-05,145,57,ERA5_2014.nc
2014,2014-01-18,0.00017196305,9.049417e-05,145,57,ERA5_2014.nc
2014,2014-01-19,0.0001707804,8.7048655e-05,145,57,ERA5_2014.nc
2014,2014-01-20,0.00049403356,0.00010965651,145,57,ERA5_2014.nc
2014,2014-01-21,0.0005652075,0.000119675715,145,57,ERA5_2014.nc
2014,2014-01-22,0.0003898444,0.000115116105,145,57,ERA5_2014.nc
2014,2014-01-23,0.00047233875,0.000109477434,145,57,ERA5_2014.nc
2014,2014-01-24,0.00055680965,9.95109e-05,145,57,ERA5_2014.nc
2014,2014-01-25,0.0008354947,0.00011632197,145,57,ERA5_2014.nc
2014,2014-01-26,0.00036621158,8.106105e-05,145,57,ERA5_2014.nc
2014,2014-01-27,0.0011634545,0.00014364687,145,57,ERA5_2014.nc
2014,2014-01-28,0.0007644484,8.835934e-05,145,57,ERA5_2014.nc
2014,2014-01-29,0.0003725161,7.193349e-05,145,57,ERA5_2014.nc
2014,2014-01-30,0.0002488324,6.531362e-05,145,57,ERA5_2014.nc
2014,2014-01-31,0.0003216073,7.4773634e-05,145,57,ERA5_2014.nc
2014,2014-02-01,0.0009426372,9.0056914e-05,145,57,ERA5_2014.nc
2014,2014-02-02,0.0010342827,0.00011670937,145,57,ERA5_2014.nc
2014,2014-02-03,0.0011052227,0.00012874047,145,57,ERA5_2014.nc
2014,2014-02-04,0.00065212697,0.000113466995,145,57,ERA5_2014.nc
2014,2014-02-05,0.0008693906,0.000114910195,145,57,ERA5_2014.nc
2014,2014-02-06,0.0007877321,0.000112166264,145,57,ERA5_2014.nc
2014,2014-02-07,0.0007381019,0.00012168823,145,57,ERA5_2014.nc
2014,2014-02-08,0.0003938077,0.00010007396,145,57,ERA5_2014.nc
2014,2014-02-09,0.00029633637,7.902294e-05,145,57,ERA5_2014.nc
2014,2014-02-10,0.0003565218,0.00010294977,145,57,ERA5_2014.nc
2014,2014-02-11,0.00019140833,9.823402e-05,145,57,ERA5_2014.nc
2014,2014-02-12,0.00021637017,8.619696e-05,145,57,ERA5_2014.nc
2014,2014-02-13,0.00016570804,5.6047204e-05,145,57,ERA5_2014.nc
2014,2014-02-14,0.00040121318,6.4357235e-05,145,57,ERA5_2014.nc
2014,2014-02-15,0.00081420597,5.7700443e-05,145,57,ERA5_2014.nc
2014,2014-02-16,0.0005117515,8.582126e-05,145,57,ERA5_2014.nc
2014,2014-02-17,0.00033304188,0.00011216401,145,57,ERA5_2014.nc
2014,2014-02-18,0.00034854314,0.00010591734,145,57,ERA5_2014.nc
2014,2014-02-19,0.00034255075,8.166507e-05,145,57,ERA5_2014.nc
2014,2014-02-20,0.000717486,8.868055e-05,145,57,ERA5_2014.nc
2014,2014-02-21,0.00032534273,7.725117e-05,145,57,ERA5_2014.nc
2014,2014-02-22,0.0002192588,6.666752e-05,145,57,ERA5_2014.nc
2014,2014-02-23,0.0007751663,9.83201e-05,145,57,ERA5_2014.nc
2014,2014-02-24,0.0011933821,0.00012139091,145,57,ERA5_2014.nc
2014,2014-02-25,0.00056565367,9.344107e-05,145,57,ERA5_2014.nc
2014,2014-02-26,0.0008474338,9.053576e-05,145,57,ERA5_2014.nc
2014,2014-02-27,0.00023527135,5.1731986e-05,145,57,ERA5_2014.nc
2014,2014-02-28,0.0002639899,7.688707e-05,145,57,ERA5_2014.nc
2014,2014-03-01,0.00050821493,5.23813e-05,145,57,ERA5_2014.nc
2014,2014-03-02,0.0007785546,7.355398e-05,145,57,ERA5_2014.nc
2014,2014-03-03,0.0008035878,9.764494e-05,145,57,ERA5_2014.nc
2014,2014-03-04,0.000988919,0.00011332893,145,57,ERA5_2014.nc
2014,2014-03-05,0.0010352306,0.00013428138,145,57,ERA5_2014.nc
2014,2014-03-06,0.0010706931,0.00013086194,145,57,ERA5_2014.nc
2014,2014-03-07,0.0012227125,0.000118387,145,57,ERA5_2014.nc
2014,2014-03-08,0.0006684817,5.4480188e-05,145,57,ERA5_2014.nc
2014,2014-03-09,0.0021663206,0.000119742814,145,57,ERA5_2014.nc
2014,2014-03-10,0.0030350634,0.0003141884,145,57,ERA5_2014.nc
2014,2014-03-11,0.0031852731,0.00025755508,145,57,ERA5_2014.nc
2014,2014-03-12,0.0026407423,0.00018565376,145,57,ERA5_2014.nc
2014,2014-03-13,0.0041603935,0.00043499068,145,57,ERA5_2014.nc
2014,2014-03-14,0.0021962777,0.00025172252,145,57,ERA5_2014.nc
2014,2014-03-15,0.0005808491,0.00012420927,145,57,ERA5_2014.nc
2014,2014-03-16,0.00055675127,0.00010085628,145,57,ERA5_2014.nc
2014,2014-03-17,0.0006870484,9.893907e-05,145,57,ERA5_2014.nc
2014,2014-03-18,0.0009012094,0.00016083382,145,57,ERA5_2014.nc
2014,2014-03-19,0.00087593374,0.00014536238,145,57,ERA5_2014.nc
2014,2014-03-20,0.00055400736,0.00010887251,145,57,ERA5_2014.nc
2014,2014-03-21,0.00068257144,0.00012987945,145,57,ERA5_2014.nc
2014,2014-03-22,0.0005289566,6.487888e-05,145,57,ERA5_2014.nc
2014,2014-03-23,0.0022633723,0.00034336172,145,57,ERA5_2014.nc
2014,2014-03-24,0.0020471527,0.00019250743,145,57,ERA5_2014.nc
2014,2014-03-25,0.0016965683,0.00028468054,145,57,ERA5_2014.nc
2014,2014-03-26,0.000650816,0.00014635547,145,57,ERA5_2014.nc
2014,2014-03-27,0.0011732577,0.00016778207,145,57,ERA5_2014.nc
2014,2014-03-28,0.0015869219,0.00023459228,145,57,ERA5_2014.nc
2014,2014-03-29,0.00053825724,0.00013717834,145,57,ERA5_2014.nc
2014,2014-03-30,0.00092903624,0.00018420178,145,57,ERA5_2014.nc
2014,2014-03-31,0.00087748276,0.00014969947,145,57,ERA5_2014.nc
2014,2014-04-01,0.0011462666,0.00016235383,145,57,ERA5_2014.nc
2014,2014-04-02,0.0010711954,0.00014153686,145,57,ERA5_2014.nc
2014,2014-04-03,0.0015279033,0.00013817335,145,57,ERA5_2014.nc
2014,2014-04-04,0.002573077,0.0002780962,145,57,ERA5_2014.nc
2014,2014-04-05,0.0016119573,0.00022973455,145,57,ERA5_2014.nc
2014,2014-04-06,0.001921929,0.00027958723,145,57,ERA5_2014.nc
2014,2014-04-07,0.0033689712,0.0005254978,145,57,ERA5_2014.nc
2014,2014-04-08,0.0013042195,0.00021411137,145,57,ERA5_2014.nc
2014,2014-04-09,0.0007541174,0.00012001123,145,57,ERA5_2014.nc
2014,2014-04-10,0.0010319036,8.973824e-05,145,57,ERA5_2014.nc
2014,2014-04-11,0.0016085503,0.00015071756,145,57,ERA5_2014.nc
2014,2014-04-12,0.002536477,0.00031129096,145,57,ERA5_2014.nc
2014,2014-04-13,0.0019784952,0.00020977005,145,57,ERA5_2014.nc
2014,2014-04-14,0.0030653768,0.00033786922,145,57,ERA5_2014.nc
2014,2014-04-15,0.0033766364,0.0004660564,145,57,ERA5_2014.nc
2014,2014-04-16,0.0024989895,0.00042566156,145,57,ERA5_2014.nc
2014,2014-04-17,0.0017014212,0.00024011584,145,57,ERA5_2014.nc
2014,2014-04-18,0.0013940635,0.00020387417,145,57,ERA5_2014.nc
2014,2014-04-19,0.001797433,0.00026686,145,57,ERA5_2014.nc
2014,2014-04-20,0.0025618006,0.00031028563,145,57,ERA5_2014.nc
2014,2014-04-21,0.0025924991,0.00037530967,145,57,ERA5_2014.nc
2014,2014-04-22,0.002369754,0.00031599958,145,57,ERA5_2014.nc
2014,2014-04-23,0.0013859903,0.00020802449,145,57,ERA5_2014.nc
2014,2014-04-24,0.0022202972,0.00031740539,145,57,ERA5_2014.nc
2014,2014-04-25,0.0016836134,0.00026518636,145,57,ERA5_2014.nc
2014,2014-04-26,0.0014631532,0.00025878096,145,57,ERA5_2014.nc
2014,2014-04-27,0.0015703046,0.00025447187,145,57,ERA5_2014.nc
2014,2014-04-28,0.0015922829,0.00024860012,145,57,ERA5_2014.nc
2014,2014-04-29,0.00061245426,0.00015215154,145,57,ERA5_2014.nc
2014,2014-04-30,0.0016935233,0.00024093717,145,57,ERA5_2014.nc
2014,2014-05-01,0.0021707616,0.00027435058,145,57,ERA5_2014.nc
2014,2014-05-02,0.0017723002,0.00023698427,145,57,ERA5_2014.nc
2014,2014-05-03,0.0012231955,0.00018853723,145,57,ERA5_2014.nc
2014,2014-05-04,0.00072775147,0.00015961548,145,57,ERA5_2014.nc
2014,2014-05-05,0.0014213608,0.0001888023,145,57,ERA5_2014.nc
2014,2014-05-06,0.0021395162,0.00028365484,145,57,ERA5_2014.nc
2014,2014-05-07,0.0033275257,0.00041438278,145,57,ERA5_2014.nc
2014,2014-05-08,0.004910636,0.0005602787,145,57,ERA5_2014.nc
2014,2014-05-09,0.004096874,0.0006020761,145,57,ERA5_2014.nc
2014,2014-05-10,0.002820494,0.00045774993,145,57,ERA5_2014.nc
2014,2014-05-11,0.0031883223,0.00052548165,145,57,ERA5_2014.nc
2014,2014-05-12,0.0053542205,0.0009029318,145,57,ERA5_2014.nc
2014,2014-05-13,0.0018205307,0.00039422582,145,57,ERA5_2014.nc
2014,2014-05-14,0.00043880177,0.00016500906,145,57,ERA5_2014.nc
2014,2014-05-15,0.0020432451,0.00039735655,145,57,ERA5_2014.nc
2014,2014-05-16,0.0013662898,0.00027168298,145,57,ERA5_2014.nc
2014,2014-05-17,0.0013414677,0.00029235205,145,57,ERA5_2014.nc
2014,2014-05-18,0.0012202776,0.0003110641,145,57,ERA5_2014.nc
2014,2014-05-19,0.00044134058,0.00019382505,145,57,ERA5_2014.nc
2014,2014-05-20,0.001243148,0.0002490195,145,57,ERA5_2014.nc
2014,2014-05-21,0.0020331624,0.00036948652,145,57,ERA5_2014.nc
2014,2014-05-22,0.0019688853,0.00029197845,145,57,ERA5_2014.nc
2014,2014-05-23,0.0020989967,0.0003581326,145,57,ERA5_2014.nc
2014,2014-05-24,0.0019568412,0.00029280153,145,57,ERA5_2014.nc
2014,2014-05-25,0.0011712668,0.00025458355,145,57,ERA5_2014.nc
2014,2014-05-26,0.0009728406,0.0002739345,145,57,ERA5_2014.nc
2014,2014-05-27,0.0009500392,0.00018665017,145,57,ERA5_2014.nc
2014,2014-05-28,0.0019007339,0.00033120732,145,57,ERA5_2014.nc
2014,2014-05-29,0.0018649253,0.0003267047,145,57,ERA5_2014.nc
2014,2014-05-30,0.001523946,0.00038564316,145,57,ERA5_2014.nc
2014,2014-05-31,0.0011437337,0.00029255787,145,57,ERA5_2014.nc
2014,2014-06-01,0.001069787,0.00033608358,145,57,ERA5_2014.nc
2014,2014-06-02,0.00080710475,0.00019632868,145,57,ERA5_2014.nc
2014,2014-06-03,0.0012603616,0.00021195937,145,57,ERA5_2014.nc
2014,2014-06-04,0.0020288655,0.00024424418,145,57,ERA5_2014.nc
2014,2014-06-05,0.0012230442,0.0002513784,145,57,ERA5_2014.nc
2014,2014-06-06,0.0011387519,0.00021759496,145,57,ERA5_2014.nc
2014,2014-06-07,0.0015106567,0.0003310289,145,57,ERA5_2014.nc
2014,2014-06-08,0.002919151,0.00040128324,145,57,ERA5_2014.nc
2014,2014-06-09,0.002768626,0.00041157223,145,57,ERA5_2014.nc
2014,2014-06-10,0.0013725254,0.00026433048,145,57,ERA5_2014.nc
2014,2014-06-11,0.00095524214,0.00029488484,145,57,ERA5_2014.nc
2014,2014-06-12,0.0014196422,0.00031056337,145,57,ERA5_2014.nc
2014,2014-06-13,0.0019932375,0.00031836348,145,57,ERA5_2014.nc
2014,2014-06-14,0.0014423894,0.00024925062,145,57,ERA5_2014.nc
2014,2014-06-15,0.0013679772,0.00029944722,145,57,ERA5_2014.nc
2014,2014-06-16,0.0009419185,0.0002450122,145,57,ERA5_2014.nc
2014,2014-06-17,0.0008642285,0.00021477725,145,57,ERA5_2014.nc
2014,2014-06-18,0.0012828289,0.00025268845,145,57,ERA5_2014.nc
2014,2014-06-19,0.0014358597,0.0002643249,145,57,ERA5_2014.nc
2014,2014-06-20,0.002646596,0.00045374985,145,57,ERA5_2014.nc
2014,2014-06-21,0.0018930684,0.00030859592,145,57,ERA5_2014.nc
2014,2014-06-22,0.0013442781,0.00025350973,145,57,ERA5_2014.nc
2014,2014-06-23,0.0012331458,0.0002673628,145,57,ERA5_2014.nc
2014,2014-06-24,0.0010746942,0.00021844922,145,57,ERA5_2014.nc
2014,2014-06-25,0.0018336612,0.00032254177,145,57,ERA5_2014.nc
2014,2014-06-26,0.0019781538,0.00027474615,145,57,ERA5_2014.nc
2014,2014-06-27,0.0011426578,0.0002502282,145,57,ERA5_2014.nc
2014,2014-06-28,0.0009861173,0.00028200343,145,57,ERA5_2014.nc
2014,2014-06-29,0.0017436235,0.0002674332,145,57,ERA5_2014.nc
2014,2014-06-30,0.002112866,0.00032077252,145,57,ERA5_2014.nc
2014,2014-07-01,0.0006332739,0.0002543872,145,57,ERA5_2014.nc
2014,2014-07-02,0.00038940628,0.00016779162,145,57,ERA5_2014.nc
2014,2014-07-03,0.0005445713,0.00020055339,145,57,ERA5_2014.nc
2014,2014-07-04,0.0012254701,0.00019751486,145,57,ERA5_2014.nc
2014,2014-07-05,0.0020035284,0.00020686627,145,57,ERA5_2014.nc
2014,2014-07-06,0.0018346186,0.00026618154,145,57,ERA5_2014.nc
2014,2014-07-07,0.0025049932,0.0003591447,145,57,ERA5_2014.nc
2014,2014-07-08,0.0012652804,0.00022024964,145,57,ERA5_2014.nc
2014,2014-07-09,0.0014544829,0.00032654247,145,57,ERA5_2014.nc
2014,2014-07-10,0.0024250718,0.00031966175,145,57,ERA5_2014.nc
2014,2014-07-11,0.0022023807,0.00028749456,145,57,ERA5_2014.nc
2014,2014-07-12,0.0007615081,0.00020699014,145,57,ERA5_2014.nc
2014,2014-07-13,0.0007238308,0.00021698684,145,57,ERA5_2014.nc
2014,2014-07-14,0.0018287387,0.00036698589,145,57,ERA5_2014.nc
2014,2014-07-15,0.0019284348,0.0002703038,145,57,ERA5_2014.nc
2014,2014-07-16,0.0015658513,0.0002415482,145,57,ERA5_2014.nc
2014,2014-07-17,0.0020442868,0.00030849487,145,57,ERA5_2014.nc
2014,2014-07-18,0.0016176124,0.00030043747,145,57,ERA5_2014.nc
2014,2014-07-19,0.0014842097,0.00030011067,145,57,ERA5_2014.nc
2014,2014-07-20,0.0020883726,0.00032636733,145,57,ERA5_2014.nc
2014,2014-07-21,0.0019874065,0.00029661212,145,57,ERA5_2014.nc
2014,2014-07-22,0.002412236,0.0002881782,145,57,ERA5_2014.nc
2014,2014-07-23,0.002876807,0.00038195,145,57,ERA5_2014.nc
2014,2014-07-24,0.0028442428,0.00036086596,145,57,ERA5_2014.nc
2014,2014-07-25,0.002277871,0.00027943857,145,57,ERA5_2014.nc
2014,2014-07-26,0.0021324032,0.00032220373,145,57,ERA5_2014.nc
2014,2014-07-27,0.0017310961,0.00035328604,145,57,ERA5_2014.nc
2014,2014-07-28,0.0019336762,0.0004048886,145,57,ERA5_2014.nc
2014,2014-07-29,0.002325468,0.0004250764,145,57,ERA5_2014.nc
2014,2014-07-30,0.003628841,0.00046235067,145,57,ERA5_2014.nc
2014,2014-07-31,0.0029450261,0.0003979158,145,57,ERA5_2014.nc
2014,2014-08-01,0.0014989566,0.00025321287,145,57,ERA5_2014.nc
2014,2014-08-02,0.0031958115,0.00044595255,145,57,ERA5_2014.nc
2014,2014-08-03,0.0028541028,0.00040173283,145,57,ERA5_2014.nc
2014,2014-08-04,0.0019867066,0.00033094623,145,57,ERA5_2014.nc
2014,2014-08-05,0.0032179283,0.00045592128,145,57,ERA5_2014.nc
2014,2014-08-06,0.004559978,0.00063646876,145,57,ERA5_2014.nc
2014,2014-08-07,0.0032424228,0.00060188636,145,57,ERA5_2014.nc
2014,2014-08-08,0.001589447,0.0003308589,145,57,ERA5_2014.nc
2014,2014-08-09,0.0024958826,0.00041436002,145,57,ERA5_2014.nc
2014,2014-08-10,0.004175841,0.0005212816,145,57,ERA5_2014.nc
2014,2014-08-11,0.0020786207,0.00038724364,145,57,ERA5_2014.nc
2014,2014-08-12,0.0030178614,0.0004380729,145,57,ERA5_2014.nc
2014,2014-08-13,0.0038701934,0.0006321836,145,57,ERA5_2014.nc
2014,2014-08-14,0.0033622151,0.00061525876,145,57,ERA5_2014.nc
2014,2014-08-15,0.0018760815,0.00041424696,145,57,ERA5_2014.nc
2014,2014-08-16,0.0023106497,0.00046455205,145,57,ERA5_2014.nc
2014,2014-08-17,0.0019017272,0.00045625548,145,57,ERA5_2014.nc
2014,2014-08-18,0.0030822945,0.00052961695,145,57,ERA5_2014.nc
2014,2014-08-19,0.0023432658,0.00046554246,145,57,ERA5_2014.nc
2014,2014-08-20,0.0015982729,0.00034129125,145,57,ERA5_2014.nc
2014,2014-08-21,0.0025524413,0.00043749413,145,57,ERA5_2014.nc
2014,2014-08-22,0.0025891215,0.00043410622,145,57,ERA5_2014.nc
2014,2014-08-23,0.0026357225,0.0004554695,145,57,ERA5_2014.nc
2014,2014-08-24,0.002149375,0.00039068522,145,57,ERA5_2014.nc
2014,2014-08-25,0.0026293476,0.00045979815,145,57,ERA5_2014.nc
2014,2014-08-26,0.0035835374,0.0005784286,145,57,ERA5_2014.nc
2014,2014-08-27,0.0022598282,0.0005018852,145,57,ERA5_2014.nc
2014,2014-08-28,0.002508246,0.0005453351,145,57,ERA5_2014.nc
2014,2014-08-29,0.0025791887,0.0004696762,145,57,ERA5_2014.nc
2014,2014-08-30,0.0023459857,0.00039075804,145,57,ERA5_2014.nc
2014,2014-08-31,0.00233071,0.00043575288,145,57,ERA5_2014.nc
2014,2014-09-01,0.0023563441,0.00047507288,145,57,ERA5_2014.nc
2014,2014-09-02,0.0032825284,0.0004941498,145,57,ERA5_2014.nc
2014,2014-09-03,0.0037023288,0.00054576405,145,57,ERA5_2014.nc
2014,2014-09-04,0.0036055674,0.00062699115,145,57,ERA5_2014.nc
2014,2014-09-05,0.0044177836,0.0007520715,145,57,ERA5_2014.nc
2014,2014-09-06,0.0031304224,0.0005313059,145,57,ERA5_2014.nc
2014,2014-09-07,0.0024131085,0.00047806892,145,57,ERA5_2014.nc
2014,2014-09-08,0.0025652417,0.00053467567,145,57,ERA5_2014.nc
2014,2014-09-09,0.0024667874,0.00045312682,145,57,ERA5_2014.nc
2014,2014-09-10,0.0015411666,0.00036257278,145,57,ERA5_2014.nc
2014,2014-09-11,0.00090280897,0.0002793431,145,57,ERA5_2014.nc
2014,2014-09-12,0.0020494773,0.00040657082,145,57,ERA5_2014.nc
2014,2014-09-13,0.0020369766,0.00047595636,145,57,ERA5_2014.nc
2014,2014-09-14,0.0011314196,0.00035062194,145,57,ERA5_2014.nc
2014,2014-09-15,0.0015001518,0.00033624156,145,57,ERA5_2014.nc
2014,2014-09-16,0.0018454564,0.0003731065,145,57,ERA5_2014.nc
2014,2014-09-17,0.002096917,0.00043121376,145,57,ERA5_2014.nc
2014,2014-09-18,0.0019424328,0.00040113038,145,57,ERA5_2014.nc
2014,2014-09-19,0.0021886535,0.00043230172,145,57,ERA5_2014.nc
2014,2014-09-20,0.0020710784,0.00040423885,145,57,ERA5_2014.nc
2014,2014-09-21,0.0012391376,0.0004117421,145,57,ERA5_2014.nc
2014,2014-09-22,0.0034593728,0.0006347939,145,57,ERA5_2014.nc
2014,2014-09-23,0.003107885,0.0007321616,145,57,ERA5_2014.nc
2014,2014-09-24,0.0014403223,0.00043613353,145,57,ERA5_2014.nc
2014,2014-09-25,0.0021881473,0.000466685,145,57,ERA5_2014.nc
2014,2014-09-26,0.0033991127,0.00082602224,145,57,ERA5_2014.nc
2014,2014-09-27,0.0020417958,0.0005433574,145,57,ERA5_2014.nc
2014,2014-09-28,0.0018300614,0.00057456165,145,57,ERA5_2014.nc
2014,2014-09-29,0.001974157,0.00050811656,145,57,ERA5_2014.nc
2014,2014-09-30,0.0019709005,0.000538214,145,57,ERA5_2014.nc
2014,2014-10-01,0.0025736976,0.00060967065,145,57,ERA5_2014.nc
2014,2014-10-02,0.0025790313,0.0005891858,145,57,ERA5_2014.nc
2014,2014-10-03,0.002387172,0.00054609694,145,57,ERA5_2014.nc
2014,2014-10-04,0.0031040371,0.0006751745,145,57,ERA5_2014.nc
2014,2014-10-05,0.0038128386,0.001007088,145,57,ERA5_2014.nc
2014,2014-10-06,0.0013297112,0.00047771184,145,57,ERA5_2014.nc
2014,2014-10-07,0.001343396,0.00039448735,145,57,ERA5_2014.nc
2014,2014-10-08,0.0023110192,0.0005148028,145,57,ERA5_2014.nc
2014,2014-10-09,0.0017360039,0.0004729597,145,57,ERA5_2014.nc
2014,2014-10-10,0.0012739958,0.00036050763,145,57,ERA5_2014.nc
2014,2014-10-11,0.0024835535,0.0004802876,145,57,ERA5_2014.nc
2014,2014-10-12,0.0029707928,0.00057263125,145,57,ERA5_2014.nc
2014,2014-10-13,0.0028985126,0.00055746344,145,57,ERA5_2014.nc
2014,2014-10-14,0.0034315044,0.00069741975,145,57,ERA5_2014.nc
2014,2014-10-15,0.0034559483,0.00077845564,145,57,ERA5_2014.nc
2014,2014-10-16,0.00206787,0.0005165455,145,57,ERA5_2014.nc
2014,2014-10-17,0.0013544585,0.00044909836,145,57,ERA5_2014.nc
2014,2014-10-18,0.0023143818,0.00062929967,145,57,ERA5_2014.nc
2014,2014-10-19,0.003857414,0.0007007333,145,57,ERA5_2014.nc
2014,2014-10-20,0.00385591,0.00068401545,145,57,ERA5_2014.nc
2014,2014-10-21,0.0022480814,0.0005952801,145,57,ERA5_2014.nc
2014,2014-10-22,0.0026267488,0.0006409165,145,57,ERA5_2014.nc
2014,2014-10-23,0.0029177428,0.00071742653,145,57,ERA5_2014.nc
2014,2014-10-24,0.0017576528,0.00058927643,145,57,ERA5_2014.nc
2014,2014-10-25,0.0015729958,0.0005519169,145,57,ERA5_2014.nc
2014,2014-10-26,0.0011171153,0.00039430824,145,57,ERA5_2014.nc
2014,2014-10-27,0.0016856602,0.00044637552,145,57,ERA5_2014.nc
2014,2014-10-28,0.0011809008,0.00039040908,145,57,ERA5_2014.nc
2014,2014-10-29,0.0031932937,0.0009030885,145,57,ERA5_2014.nc
2014,2014-10-30,0.0012317839,0.00050298095,145,57,ERA5_2014.nc
2014,2014-10-31,0.0013232912,0.0004794374,145,57,ERA5_2014.nc
2014,2014-11-01,0.0028905063,0.0008571417,145,57,ERA5_2014.nc
2014,2014-11-02,0.00213507,0.0006120303,145,57,ERA5_2014.nc
2014,2014-11-03,0.0010518604,0.00038344704,145,57,ERA5_2014.nc
2014,2014-11-04,0.00036208465,0.00029461156,145,57,ERA5_2014.nc
2014,2014-11-05,0.0009542878,0.00035886912,145,57,ERA5_2014.nc
2014,2014-11-06,0.0010836972,0.00037328858,145,57,ERA5_2014.nc
2014,2014-11-07,0.0014652729,0.00049149955,145,57,ERA5_2014.nc
2014,2014-11-08,0.0006449125,0.00034605496,145,57,ERA5_2014.nc
2014,2014-11-09,0.00073152315,0.00031742099,145,57,ERA5_2014.nc
2014,2014-11-10,0.0009028698,0.0003046656,145,57,ERA5_2014.nc
2014,2014-11-11,0.0009825506,0.00034371432,145,57,ERA5_2014.nc
2014,2014-11-12,0.0009256334,0.00031526975,145,57,ERA5_2014.nc
2014,2014-11-13,0.0019583034,0.0005324617,145,57,ERA5_2014.nc
2014,2014-11-14,0.0020373454,0.0004706474,145,57,ERA5_2014.nc
2014,2014-11-15,0.0016368132,0.00040369446,145,57,ERA5_2014.nc
2014,2014-11-16,0.0014039675,0.00037014394,145,57,ERA5_2014.nc
2014,2014-11-17,0.0008059378,0.0002899379,145,57,ERA5_2014.nc
2014,2014-11-18,0.0014614488,0.0004267408,145,57,ERA5_2014.nc
2014,2014-11-19,0.002287312,0.0007475869,145,57,ERA5_2014.nc
2014,2014-11-20,0.0024452466,0.00066529773,145,57,ERA5_2014.nc
2014,2014-11-21,0.0018989935,0.00045114782,145,57,ERA5_2014.nc
2014,2014-11-22,0.0008599643,0.00032699248,145,57,ERA5_2014.nc
2014,2014-11-23,0.002042966,0.00052428455,145,57,ERA5_2014.nc
2014,2014-11-24,0.0011219368,0.00039984944,145,57,ERA5_2014.nc
2014,2014-11-25,0.00230661,0.0005555643,145,57,ERA5_2014.nc
2014,2014-11-26,0.0024633761,0.0006595664,145,57,ERA5_2014.nc
2014,2014-11-27,0.0013066279,0.00041013965,145,57,ERA5_2014.nc
2014,2014-11-28,0.00091606576,0.0003920422,145,57,ERA5_2014.nc
2014,2014-11-29,0.0009985428,0.00043209136,145,57,ERA5_2014.nc
2014,2014-11-30,0.0008680077,0.0003503747,145,57,ERA5_2014.nc
2014,2014-12-01,0.0011748519,0.0003997411,145,57,ERA5_2014.nc
2014,2014-12-02,0.0011557215,0.00037455908,145,57,ERA5_2014.nc
2014,2014-12-03,0.0011153589,0.00038624907,145,57,ERA5_2014.nc
2014,2014-12-04,0.00063518283,0.000295797,145,57,ERA5_2014.nc
2014,2014-12-05,0.000264855,0.00022220286,145,57,ERA5_2014.nc
2014,2014-12-06,0.00019593854,0.00022058861,145,57,ERA5_2014.nc
2014,2014-12-07,0.00034098898,0.00023459137,145,57,ERA5_2014.nc
2014,2014-12-08,0.0005719147,0.00023922572,145,57,ERA5_2014.nc
2014,2014-12-09,0.0015353911,0.00027692172,145,57,ERA5_2014.nc
2014,2014-12-10,0.0007159859,0.00025172022,145,57,ERA5_2014.nc
2014,2014-12-11,0.0005006602,0.00021361116,145,57,ERA5_2014.nc
2014,2014-12-12,0.0005604844,0.00022840312,145,57,ERA5_2014.nc
2014,2014-12-13,0.00027743616,0.00016542873,145,57,ERA5_2014.nc
2014,2014-12-14,0.0004037203,0.00018096599,145,57,ERA5_2014.nc
2014,2014-12-15,0.0002608644,0.00017350394,145,57,ERA5_2014.nc
2014,2014-12-16,0.00064651977,0.00021907827,145,57,ERA5_2014.nc
2014,2014-12-17,0.00061610853,0.00027851807,145,57,ERA5_2014.nc
2014,2014-12-18,0.00021208038,0.00017328953,145,57,ERA5_2014.nc
2014,2014-12-19,0.00028216062,0.0001685278,145,57,ERA5_2014.nc
2014,2014-12-20,0.00073793234,0.0002473224,145,57,ERA5_2014.nc
2014,2014-12-21,0.00061928807,0.00017636897,145,57,ERA5_2014.nc
2014,2014-12-22,0.000522134,0.00016772123,145,57,ERA5_2014.nc
2014,2014-12-23,0.00054507545,0.00018375694,145,57,ERA5_2014.nc
2014,2014-12-24,0.0007368945,0.00022979424,145,57,ERA5_2014.nc
2014,2014-12-25,0.00092857436,0.00029728306,145,57,ERA5_2014.nc
2014,2014-12-26,0.0008470978,0.00024446024,145,57,ERA5_2014.nc
2014,2014-12-27,0.0004929234,0.00017417889,145,57,ERA5_2014.nc
2014,2014-12-28,0.00042309414,0.00019320934,145,57,ERA5_2014.nc
2014,2014-12-29,0.00031227228,0.00019446504,145,57,ERA5_2014.nc
2014,2014-12-30,0.0003503091,0.00014629647,145,57,ERA5_2014.nc
2014,2014-12-31,0.00043872767,0.0001869298,145,57,ERA5_2014.nc
2015,2015-01-01,0.00025897773,0.00011410084,145,57,ERA5_2015.nc
2015,2015-01-02,0.0006005294,0.00013987682,145,57,ERA5_2015.nc
2015,2015-01-03,0.00060456386,0.00018393392,145,57,ERA5_2015.nc
2015,2015-01-04,0.00025745342,0.00010762365,145,57,ERA5_2015.nc
2015,2015-01-05,0.00037123752,9.538073e-05,145,57,ERA5_2015.nc
2015,2015-01-06,0.000806825,0.00010335467,145,57,ERA5_2015.nc
2015,2015-01-07,0.0007667917,0.00012697608,145,57,ERA5_2015.nc
2015,2015-01-08,0.00026899512,9.4406496e-05,145,57,ERA5_2015.nc
2015,2015-01-09,0.00043994258,9.8582284e-05,145,57,ERA5_2015.nc
2015,2015-01-10,0.0004739809,9.710975e-05,145,57,ERA5_2015.nc
2015,2015-01-11,0.00041521626,9.266619e-05,145,57,ERA5_2015.nc
2015,2015-01-12,0.00010582329,7.7296194e-05,145,57,ERA5_2015.nc
2015,2015-01-13,0.00026529643,8.3311155e-05,145,57,ERA5_2015.nc
2015,2015-01-14,0.0002957087,7.278139e-05,145,57,ERA5_2015.nc
2015,2015-01-15,0.00013148757,6.681979e-05,145,57,ERA5_2015.nc
2015,2015-01-16,0.00022947117,6.3997315e-05,145,57,ERA5_2015.nc
2015,2015-01-17,0.00010901761,6.0522376e-05,145,57,ERA5_2015.nc
2015,2015-01-18,1.83788e-05,5.863747e-05,145,57,ERA5_2015.nc
2015,2015-01-19,3.7450896e-05,5.781072e-05,145,57,ERA5_2015.nc
2015,2015-01-20,0.0001586508,6.8201305e-05,145,57,ERA5_2015.nc
2015,2015-01-21,0.00015008618,7.313615e-05,145,57,ERA5_2015.nc
2015,2015-01-22,0.0002562466,7.0157024e-05,145,57,ERA5_2015.nc
2015,2015-01-23,0.00015778244,6.28594e-05,145,57,ERA5_2015.nc
2015,2015-01-24,0.0005830495,0.000115452036,145,57,ERA5_2015.nc
2015,2015-01-25,0.0003270108,6.543382e-05,145,57,ERA5_2015.nc
2015,2015-01-26,0.00032902032,6.424768e-05,145,57,ERA5_2015.nc
2015,2015-01-27,0.00010836758,5.124892e-05,145,57,ERA5_2015.nc
2015,2015-01-28,0.00029035535,5.492342e-05,145,57,ERA5_2015.nc
2015,2015-01-29,0.0006073526,7.315785e-05,145,57,ERA5_2015.nc
2015,2015-01-30,0.00032099124,7.124296e-05,145,57,ERA5_2015.nc
2015,2015-01-31,0.0001959023,6.226111e-05,145,57,ERA5_2015.nc
2015,2015-02-01,0.00010633953,4.966105e-05,145,57,ERA5_2015.nc
2015,2015-02-02,0.00018353475,5.471122e-05,145,57,ERA5_2015.nc
2015,2015-02-03,0.00036548727,6.265503e-05,145,57,ERA5_2015.nc
2015,2015-02-04,0.00039817544,7.92158e-05,145,57,ERA5_2015.nc
2015,2015-02-05,9.647053e-05,4.5189685e-05,145,57,ERA5_2015.nc
2015,2015-02-06,0.0004596682,8.885785e-05,145,57,ERA5_2015.nc
2015,2015-02-07,9.276644e-05,4.9694077e-05,145,57,ERA5_2015.nc
2015,2015-02-08,0.0002115151,5.382739e-05,145,57,ERA5_2015.nc
2015,2015-02-09,0.0005007831,5.0588962e-05,145,57,ERA5_2015.nc
2015,2015-02-10,0.001086667,7.047749e-05,145,57,ERA5_2015.nc
2015,2015-02-11,0.0007650344,5.8878657e-05,145,57,ERA5_2015.nc
2015,2015-02-12,0.00036357477,5.538801e-05,145,57,ERA5_2015.nc
2015,2015-02-13,0.0009058413,9.2272574e-05,145,57,ERA5_2015.nc
2015,2015-02-14,0.0005827161,6.8662615e-05,145,57,ERA5_2015.nc
2015,2015-02-15,0.0010435906,9.547484e-05,145,57,ERA5_2015.nc
2015,2015-02-16,0.0003405111,6.578838e-05,145,57,ERA5_2015.nc
2015,2015-02-17,0.0006808919,8.809014e-05,145,57,ERA5_2015.nc
2015,2015-02-18,0.00041308193,6.342336e-05,145,57,ERA5_2015.nc
2015,2015-02-19,0.0006209143,6.120448e-05,145,57,ERA5_2015.nc
2015,2015-02-20,0.0013381435,7.94769e-05,145,57,ERA5_2015.nc
2015,2015-02-21,0.0010795617,7.82047e-05,145,57,ERA5_2015.nc
2015,2015-02-22,0.00021467879,4.911264e-05,145,57,ERA5_2015.nc
2015,2015-02-23,0.0011152283,0.000106300824,145,57,ERA5_2015.nc
2015,2015-02-24,0.00088355737,8.0087615e-05,145,57,ERA5_2015.nc
2015,2015-02-25,0.0007699897,7.017459e-05,145,57,ERA5_2015.nc
2015,2015-02-26,0.0009335418,8.0148886e-05,145,57,ERA5_2015.nc
2015,2015-02-27,0.001047206,0.00012528284,145,57,ERA5_2015.nc
2015,2015-02-28,0.0015004182,0.00020123045,145,57,ERA5_2015.nc
2015,2015-03-01,0.00038068913,5.9006696e-05,145,57,ERA5_2015.nc
2015,2015-03-02,0.0001888766,4.8800517e-05,145,57,ERA5_2015.nc
2015,2015-03-03,0.000988448,0.00014235638,145,57,ERA5_2015.nc
2015,2015-03-04,0.0005658799,6.6625085e-05,145,57,ERA5_2015.nc
2015,2015-03-05,0.00048916216,5.371878e-05,145,57,ERA5_2015.nc
2015,2015-03-06,0.00033502735,6.9835965e-05,145,57,ERA5_2015.nc
2015,2015-03-07,0.00044665052,5.955434e-05,145,57,ERA5_2015.nc
2015,2015-03-08,0.00018100624,4.0624393e-05,145,57,ERA5_2015.nc
2015,2015-03-09,0.00019771907,3.5258978e-05,145,57,ERA5_2015.nc
2015,2015-03-10,0.0011094216,0.00018595639,145,57,ERA5_2015.nc
2015,2015-03-11,0.0006393968,5.037046e-05,145,57,ERA5_2015.nc
2015,2015-03-12,0.0006517882,7.7524805e-05,145,57,ERA5_2015.nc
2015,2015-03-13,0.00085824,6.12734e-05,145,57,ERA5_2015.nc
2015,2015-03-14,0.0007931525,6.854691e-05,145,57,ERA5_2015.nc
2015,2015-03-15,7.6440716e-05,2.9787814e-05,145,57,ERA5_2015.nc
2015,2015-03-16,8.6900385e-05,2.9303359e-05,145,57,ERA5_2015.nc
2015,2015-03-17,0.00044388763,4.326364e-05,145,57,ERA5_2015.nc
2015,2015-03-18,0.0006629523,7.875824e-05,145,57,ERA5_2015.nc
2015,2015-03-19,0.0007534819,7.0059265e-05,145,57,ERA5_2015.nc
2015,2015-03-20,0.0007963768,7.770282e-05,145,57,ERA5_2015.nc
2015,2015-03-21,0.0010064732,0.0001257748,145,57,ERA5_2015.nc
2015,2015-03-22,0.001289742,0.00012998546,145,57,ERA5_2015.nc
2015,2015-03-23,0.002277316,0.00021453862,145,57,ERA5_2015.nc
2015,2015-03-24,0.0021553969,0.00022894825,145,57,ERA5_2015.nc
2015,2015-03-25,0.0008089151,0.00011817043,145,57,ERA5_2015.nc
2015,2015-03-26,0.0014036079,0.00014895426,145,57,ERA5_2015.nc
2015,2015-03-27,0.0018917723,0.00024078718,145,57,ERA5_2015.nc
2015,2015-03-28,0.0024835425,0.00030730118,145,57,ERA5_2015.nc
2015,2015-03-29,0.003528349,0.0003184232,145,57,ERA5_2015.nc
2015,2015-03-30,0.003651444,0.00034642476,145,57,ERA5_2015.nc
2015,2015-03-31,0.0024927254,0.0003153085,145,57,ERA5_2015.nc
2015,2015-04-01,0.0015115556,0.00018436558,145,57,ERA5_2015.nc
2015,2015-04-02,0.0018476178,0.0002363144,145,57,ERA5_2015.nc
2015,2015-04-03,0.0046131993,0.0006912903,145,57,ERA5_2015.nc
2015,2015-04-04,0.0027023754,0.00052032503,145,57,ERA5_2015.nc
2015,2015-04-05,0.0015303798,0.00029876857,145,57,ERA5_2015.nc
2015,2015-04-06,0.0015450609,0.0002409302,145,57,ERA5_2015.nc
2015,2015-04-07,0.0014462405,0.00024804898,145,57,ERA5_2015.nc
2015,2015-04-08,0.0009330382,0.00017925733,145,57,ERA5_2015.nc
2015,2015-04-09,0.0030634815,0.000453357,145,57,ERA5_2015.nc
2015,2015-04-10,0.001237568,0.0002684944,145,57,ERA5_2015.nc
2015,2015-04-11,0.001937317,0.00024245813,145,57,ERA5_2015.nc
2015,2015-04-12,0.0021203582,0.00029561468,145,57,ERA5_2015.nc
2015,2015-04-13,0.00091975625,0.00024219549,145,57,ERA5_2015.nc
2015,2015-04-14,0.0013550016,0.0002612031,145,57,ERA5_2015.nc
2015,2015-04-15,0.001558201,0.0003208618,145,57,ERA5_2015.nc
2015,2015-04-16,0.0017734799,0.00029456464,145,57,ERA5_2015.nc
2015,2015-04-17,0.002629281,0.0004871994,145,57,ERA5_2015.nc
2015,2015-04-18,0.0017805039,0.00049283943,145,57,ERA5_2015.nc
2015,2015-04-19,0.0011416365,0.0003046256,145,57,ERA5_2015.nc
2015,2015-04-20,0.0011662717,0.00026961276,145,57,ERA5_2015.nc
2015,2015-04-21,0.001698313,0.00031361062,145,57,ERA5_2015.nc
2015,2015-04-22,0.0009707843,0.0002471136,145,57,ERA5_2015.nc
2015,2015-04-23,0.0008850158,0.00018607173,145,57,ERA5_2015.nc
2015,2015-04-24,0.001435085,0.00018391205,145,57,ERA5_2015.nc
2015,2015-04-25,0.002731925,0.00042312604,145,57,ERA5_2015.nc
2015,2015-04-26,0.003830367,0.00057864765,145,57,ERA5_2015.nc
2015,2015-04-27,0.001462381,0.00033710315,145,57,ERA5_2015.nc
2015,2015-04-28,0.0005381893,0.00018087572,145,57,ERA5_2015.nc
2015,2015-04-29,0.00096591463,0.00025739576,145,57,ERA5_2015.nc
2015,2015-04-30,0.0015004189,0.0002695968,145,57,ERA5_2015.nc
2015,2015-05-01,0.0014743853,0.0002844738,145,57,ERA5_2015.nc
2015,2015-05-02,0.00296428,0.0003793625,145,57,ERA5_2015.nc
2015,2015-05-03,0.0022004647,0.0002527372,145,57,ERA5_2015.nc
2015,2015-05-04,0.0015817493,0.0002383882,145,57,ERA5_2015.nc
2015,2015-05-05,0.0014336896,0.0002270299,145,57,ERA5_2015.nc
2015,2015-05-06,0.0039517167,0.00051708356,145,57,ERA5_2015.nc
2015,2015-05-07,0.0029165496,0.00069120177,145,57,ERA5_2015.nc
2015,2015-05-08,0.0023453888,0.00042293774,145,57,ERA5_2015.nc
2015,2015-05-09,0.0033659807,0.0005685099,145,57,ERA5_2015.nc
2015,2015-05-10,0.0011888227,0.00036806328,145,57,ERA5_2015.nc
2015,2015-05-11,0.0018440696,0.00038007981,145,57,ERA5_2015.nc
2015,2015-05-12,0.0024080956,0.00040731917,145,57,ERA5_2015.nc
2015,2015-05-13,0.0015364808,0.0002153234,145,57,ERA5_2015.nc
2015,2015-05-14,0.0015726247,0.00030951767,145,57,ERA5_2015.nc
2015,2015-05-15,0.0009695573,0.00018359968,145,57,ERA5_2015.nc
2015,2015-05-16,0.0016307192,0.00024746807,145,57,ERA5_2015.nc
2015,2015-05-17,0.0010330221,0.00024080067,145,57,ERA5_2015.nc
2015,2015-05-18,0.0017535258,0.00032335805,145,57,ERA5_2015.nc
2015,2015-05-19,0.0012210578,0.00028592828,145,57,ERA5_2015.nc
2015,2015-05-20,0.0019131826,0.00027724274,145,57,ERA5_2015.nc
2015,2015-05-21,0.0006927756,0.00018493403,145,57,ERA5_2015.nc
2015,2015-05-22,0.0010768359,0.0002200316,145,57,ERA5_2015.nc
2015,2015-05-23,0.001407396,0.00024345078,145,57,ERA5_2015.nc
2015,2015-05-24,0.0016117544,0.00028166443,145,57,ERA5_2015.nc
2015,2015-05-25,0.0020680858,0.00035737036,145,57,ERA5_2015.nc
2015,2015-05-26,0.0015679442,0.00039992182,145,57,ERA5_2015.nc
2015,2015-05-27,0.0011851854,0.00024565423,145,57,ERA5_2015.nc
2015,2015-05-28,0.0010137551,0.00021118566,145,57,ERA5_2015.nc
2015,2015-05-29,0.0012775916,0.00023223553,145,57,ERA5_2015.nc
2015,2015-05-30,0.0026314766,0.00030474123,145,57,ERA5_2015.nc
2015,2015-05-31,0.0050290762,0.00084794447,145,57,ERA5_2015.nc
2015,2015-06-01,0.0033986885,0.00068248983,145,57,ERA5_2015.nc
2015,2015-06-02,0.001763731,0.00040352048,145,57,ERA5_2015.nc
2015,2015-06-03,0.0007533408,0.0002891456,145,57,ERA5_2015.nc
2015,2015-06-04,0.0021747253,0.000347691,145,57,ERA5_2015.nc
2015,2015-06-05,0.002070717,0.00036349503,145,57,ERA5_2015.nc
2015,2015-06-06,0.0019601276,0.00040545248,145,57,ERA5_2015.nc
2015,2015-06-07,0.0012136394,0.0003181622,145,57,ERA5_2015.nc
2015,2015-06-08,0.0013152526,0.0002978737,145,57,ERA5_2015.nc
2015,2015-06-09,0.0013733421,0.0002794491,145,57,ERA5_2015.nc
2015,2015-06-10,0.0010861375,0.00022239142,145,57,ERA5_2015.nc
2015,2015-06-11,0.0017849836,0.00032602623,145,57,ERA5_2015.nc
2015,2015-06-12,0.001965976,0.0004099683,145,57,ERA5_2015.nc
2015,2015-06-13,0.0014246178,0.00029893775,145,57,ERA5_2015.nc
2015,2015-06-14,0.0012287683,0.00032565556,145,57,ERA5_2015.nc
2015,2015-06-15,0.00066474197,0.00023717756,145,57,ERA5_2015.nc
2015,2015-06-16,0.0013392419,0.00032648465,145,57,ERA5_2015.nc
2015,2015-06-17,0.0023048916,0.00043613184,145,57,ERA5_2015.nc
2015,2015-06-18,0.0024399804,0.00044806095,145,57,ERA5_2015.nc
2015,2015-06-19,0.0019453599,0.00035696622,145,57,ERA5_2015.nc
2015,2015-06-20,0.0022083542,0.00037894462,145,57,ERA5_2015.nc
2015,2015-06-21,0.0023350655,0.00036775018,145,57,ERA5_2015.nc
2015,2015-06-22,0.001819679,0.00042445154,145,57,ERA5_2015.nc
2015,2015-06-23,0.0008831488,0.00023462373,145,57,ERA5_2015.nc
2015,2015-06-24,0.0010791812,0.0002891529,145,57,ERA5_2015.nc
2015,2015-06-25,0.0016099086,0.0003557548,145,57,ERA5_2015.nc
2015,2015-06-26,0.0023287134,0.0003799193,145,57,ERA5_2015.nc
2015,2015-06-27,0.0022529797,0.00031010242,145,57,ERA5_2015.nc
2015,2015-06-28,0.0015762239,0.0003711483,145,57,ERA5_2015.nc
2015,2015-06-29,0.0016254709,0.0002720885,145,57,ERA5_2015.nc
2015,2015-06-30,0.0026617947,0.0004435298,145,57,ERA5_2015.nc
2015,2015-07-01,0.0028006602,0.00045057537,145,57,ERA5_2015.nc
2015,2015-07-02,0.0019640278,0.00040564942,145,57,ERA5_2015.nc
2015,2015-07-03,0.0013699208,0.0003901576,145,57,ERA5_2015.nc
2015,2015-07-04,0.0017355599,0.000344922,145,57,ERA5_2015.nc
2015,2015-07-05,0.0015249024,0.00029024293,145,57,ERA5_2015.nc
2015,2015-07-06,0.0004858881,0.00021384205,145,57,ERA5_2015.nc
2015,2015-07-07,0.0003665581,0.00019766665,145,57,ERA5_2015.nc
2015,2015-07-08,0.00027822828,0.00019561022,145,57,ERA5_2015.nc
2015,2015-07-09,0.00040240592,0.00020378042,145,57,ERA5_2015.nc
2015,2015-07-10,0.0005553134,0.00019663418,145,57,ERA5_2015.nc
2015,2015-07-11,0.00097453,0.00020943274,145,57,ERA5_2015.nc
2015,2015-07-12,0.0016662818,0.0002114366,145,57,ERA5_2015.nc
2015,2015-07-13,0.00078509655,0.00019526371,145,57,ERA5_2015.nc
2015,2015-07-14,0.0006906468,0.0001745078,145,57,ERA5_2015.nc
2015,2015-07-15,0.0017692108,0.00019761756,145,57,ERA5_2015.nc
2015,2015-07-16,0.0014530126,0.00022890631,145,57,ERA5_2015.nc
2015,2015-07-17,0.00070010783,0.00020743205,145,57,ERA5_2015.nc
2015,2015-07-18,0.0010549792,0.00023641811,145,57,ERA5_2015.nc
2015,2015-07-19,0.0030462726,0.0003765131,145,57,ERA5_2015.nc
2015,2015-07-20,0.0021306067,0.00027920434,145,57,ERA5_2015.nc
2015,2015-07-21,0.00253417,0.00040841408,145,57,ERA5_2015.nc
2015,2015-07-22,0.0018346638,0.00032380334,145,57,ERA5_2015.nc
2015,2015-07-23,0.0017550064,0.0002878696,145,57,ERA5_2015.nc
2015,2015-07-24,0.0014417832,0.00023589762,145,57,ERA5_2015.nc
2015,2015-07-25,0.0019644038,0.0003217849,145,57,ERA5_2015.nc
2015,2015-07-26,0.0013687178,0.0002976959,145,57,ERA5_2015.nc
2015,2015-07-27,0.0013706334,0.00022354386,145,57,ERA5_2015.nc
2015,2015-07-28,0.0031791944,0.00038427176,145,57,ERA5_2015.nc
2015,2015-07-29,0.0030728723,0.00052746455,145,57,ERA5_2015.nc
2015,2015-07-30,0.002013929,0.00031061162,145,57,ERA5_2015.nc
2015,2015-07-31,0.0021754634,0.00035416213,145,57,ERA5_2015.nc
2015,2015-08-01,0.0025343453,0.0003772101,145,57,ERA5_2015.nc
2015,2015-08-02,0.0016630797,0.0002992796,145,57,ERA5_2015.nc
2015,2015-08-03,0.0026704012,0.00041665908,145,57,ERA5_2015.nc
2015,2015-08-04,0.0039228844,0.00045979852,145,57,ERA5_2015.nc
2015,2015-08-05,0.0022731808,0.00040657516,145,57,ERA5_2015.nc
2015,2015-08-06,0.001287382,0.0002871265,145,57,ERA5_2015.nc
2015,2015-08-07,0.0017197167,0.00023944795,145,57,ERA5_2015.nc
2015,2015-08-08,0.0027066171,0.00043206138,145,57,ERA5_2015.nc
2015,2015-08-09,0.002073642,0.00037609728,145,57,ERA5_2015.nc
2015,2015-08-10,0.0009013309,0.00024088258,145,57,ERA5_2015.nc
2015,2015-08-11,0.0010980016,0.00026854116,145,57,ERA5_2015.nc
2015,2015-08-12,0.0015193388,0.00026247787,145,57,ERA5_2015.nc
2015,2015-08-13,0.002064913,0.00030484056,145,57,ERA5_2015.nc
2015,2015-08-14,0.0012678148,0.0002947916,145,57,ERA5_2015.nc
2015,2015-08-15,0.001431338,0.00023769833,145,57,ERA5_2015.nc
2015,2015-08-16,0.0017897134,0.00027682836,145,57,ERA5_2015.nc
2015,2015-08-17,0.0025054323,0.00037467055,145,57,ERA5_2015.nc
2015,2015-08-18,0.0015485304,0.00026091718,145,57,ERA5_2015.nc
2015,2015-08-19,0.00070792617,0.00021279344,145,57,ERA5_2015.nc
2015,2015-08-20,0.0011636358,0.0002851078,145,57,ERA5_2015.nc
2015,2015-08-21,0.0012504028,0.0003180521,145,57,ERA5_2015.nc
2015,2015-08-22,0.002309491,0.00037716166,145,57,ERA5_2015.nc
2015,2015-08-23,0.002291963,0.00031716604,145,57,ERA5_2015.nc
2015,2015-08-24,0.0012354029,0.0002660325,145,57,ERA5_2015.nc
2015,2015-08-25,0.0025741472,0.0003943012,145,57,ERA5_2015.nc
2015,2015-08-26,0.0015448156,0.00027297006,145,57,ERA5_2015.nc
2015,2015-08-27,0.0008884682,0.00019780346,145,57,ERA5_2015.nc
2015,2015-08-28,0.001468617,0.00021465226,145,57,ERA5_2015.nc
2015,2015-08-29,0.0028376053,0.00034797352,145,57,ERA5_2015.nc
2015,2015-08-30,0.0020239379,0.0004125865,145,57,ERA5_2015.nc
2015,2015-08-31,0.0016033938,0.0002679603,145,57,ERA5_2015.nc
2015,2015-09-01,0.0025888826,0.00032823058,145,57,ERA5_2015.nc
2015,2015-09-02,0.0025913012,0.00036454864,145,57,ERA5_2015.nc
2015,2015-09-03,0.002226065,0.00043325312,145,57,ERA5_2015.nc
2015,2015-09-04,0.0020713718,0.00035962567,145,57,ERA5_2015.nc
2015,2015-09-05,0.0017201316,0.00033413613,145,57,ERA5_2015.nc
2015,2015-09-06,0.0013859615,0.00030059938,145,57,ERA5_2015.nc
2015,2015-09-07,0.0022545033,0.0003954945,145,57,ERA5_2015.nc
2015,2015-09-08,0.0027551432,0.00054535404,145,57,ERA5_2015.nc
2015,2015-09-09,0.0012693801,0.0003012813,145,57,ERA5_2015.nc
2015,2015-09-10,0.0014045298,0.00035222562,145,57,ERA5_2015.nc
2015,2015-09-11,0.001798626,0.00037710066,145,57,ERA5_2015.nc
2015,2015-09-12,0.0014074801,0.00027733433,145,57,ERA5_2015.nc
2015,2015-09-13,0.0012885891,0.0002934305,145,57,ERA5_2015.nc
2015,2015-09-14,0.0015945154,0.00024011676,145,57,ERA5_2015.nc
2015,2015-09-15,0.0020034183,0.00032444837,145,57,ERA5_2015.nc
2015,2015-09-16,0.0027074646,0.000510758,145,57,ERA5_2015.nc
2015,2015-09-17,0.0017515217,0.0003698685,145,57,ERA5_2015.nc
2015,2015-09-18,0.0010966642,0.0003188518,145,57,ERA5_2015.nc
2015,2015-09-19,0.0009910483,0.00025163588,145,57,ERA5_2015.nc
2015,2015-09-20,0.0015008604,0.0002555421,145,57,ERA5_2015.nc
2015,2015-09-21,0.002513059,0.00033748744,145,57,ERA5_2015.nc
2015,2015-09-22,0.0013901327,0.0002441688,145,57,ERA5_2015.nc
2015,2015-09-23,0.0006128432,0.00019507926,145,57,ERA5_2015.nc
2015,2015-09-24,0.0013140272,0.00026275218,145,57,ERA5_2015.nc
2015,2015-09-25,0.0018251349,0.0002983952,145,57,ERA5_2015.nc
2015,2015-09-26,0.0025276365,0.0004011334,145,57,ERA5_2015.nc
2015,2015-09-27,0.0011929073,0.00028296487,145,57,ERA5_2015.nc
2015,2015-09-28,0.00077411,0.00021653603,145,57,ERA5_2015.nc
2015,2015-09-29,0.0008014809,0.0002305558,145,57,ERA5_2015.nc
2015,2015-09-30,0.0023772214,0.00042975298,145,57,ERA5_2015.nc
2015,2015-10-01,0.0028969639,0.0004201479,145,57,ERA5_2015.nc
2015,2015-10-02,0.0022703514,0.0003515476,145,57,ERA5_2015.nc
2015,2015-10-03,0.00088231196,0.0002471223,145,57,ERA5_2015.nc
2015,2015-10-04,0.0018526809,0.00035718165,145,57,ERA5_2015.nc
2015,2015-10-05,0.0015236711,0.0002947413,145,57,ERA5_2015.nc
2015,2015-10-06,0.00109694,0.00022689506,145,57,ERA5_2015.nc
2015,2015-10-07,0.001574615,0.0002670627,145,57,ERA5_2015.nc
2015,2015-10-08,0.0011777673,0.00022718603,145,57,ERA5_2015.nc
2015,2015-10-09,0.0021974817,0.00036741153,145,57,ERA5_2015.nc
2015,2015-10-10,0.0028716924,0.00053241174,145,57,ERA5_2015.nc
2015,2015-10-11,0.0022950727,0.00043165,145,57,ERA5_2015.nc
2015,2015-10-12,0.0014612934,0.0003050235,145,57,ERA5_2015.nc
2015,2015-10-13,0.0018354012,0.00042851933,145,57,ERA5_2015.nc
2015,2015-10-14,0.0018102819,0.00036163616,145,57,ERA5_2015.nc
2015,2015-10-15,0.0019072697,0.00037684338,145,57,ERA5_2015.nc
2015,2015-10-16,0.0019701407,0.0004292823,145,57,ERA5_2015.nc
2015,2015-10-17,0.0029110857,0.00054982107,145,57,ERA5_2015.nc
2015,2015-10-18,0.0033549322,0.00060650124,145,57,ERA5_2015.nc
2015,2015-10-19,0.002618547,0.00052519224,145,57,ERA5_2015.nc
2015,2015-10-20,0.0017165069,0.0004360224,145,57,ERA5_2015.nc
2015,2015-10-21,0.0019903672,0.00047203765,145,57,ERA5_2015.nc
2015,2015-10-22,0.0022565373,0.0004336807,145,57,ERA5_2015.nc
2015,2015-10-23,0.0036781323,0.00069737097,145,57,ERA5_2015.nc
2015,2015-10-24,0.004177562,0.0009812212,145,57,ERA5_2015.nc
2015,2015-10-25,0.0036859233,0.0006726732,145,57,ERA5_2015.nc
2015,2015-10-26,0.0030108998,0.000646012,145,57,ERA5_2015.nc
2015,2015-10-27,0.0023801846,0.0006267698,145,57,ERA5_2015.nc
2015,2015-10-28,0.0047050263,0.00096422154,145,57,ERA5_2015.nc
2015,2015-10-29,0.0048109517,0.00088500726,145,57,ERA5_2015.nc
2015,2015-10-30,0.0031643533,0.0008281368,145,57,ERA5_2015.nc
2015,2015-10-31,0.002433075,0.0007356049,145,57,ERA5_2015.nc
2015,2015-11-01,0.002186103,0.0006873623,145,57,ERA5_2015.nc
2015,2015-11-02,0.0012038663,0.00048745284,145,57,ERA5_2015.nc
2015,2015-11-03,0.0029577888,0.00081176276,145,57,ERA5_2015.nc
2015,2015-11-04,0.0037568826,0.0007530479,145,57,ERA5_2015.nc
2015,2015-11-05,0.0028821174,0.00062261353,145,57,ERA5_2015.nc
2015,2015-11-06,0.002494858,0.0006059885,145,57,ERA5_2015.nc
2015,2015-11-07,0.0036170846,0.0011109442,145,57,ERA5_2015.nc
2015,2015-11-08,0.0016869664,0.00067950465,145,57,ERA5_2015.nc
2015,2015-11-09,0.0022114017,0.0007487889,145,57,ERA5_2015.nc
2015,2015-11-10,0.0025237086,0.00077670376,145,57,ERA5_2015.nc
2015,2015-11-11,0.0014527381,0.0005976331,145,57,ERA5_2015.nc
2015,2015-11-12,0.0011843259,0.0005563373,145,57,ERA5_2015.nc
2015,2015-11-13,0.0011195266,0.00049455743,145,57,ERA5_2015.nc
2015,2015-11-14,0.0014601625,0.0004967046,145,57,ERA5_2015.nc
2015,2015-11-15,0.0034343554,0.0012039705,145,57,ERA5_2015.nc
2015,2015-11-16,0.0037806337,0.00089577097,145,57,ERA5_2015.nc
2015,2015-11-17,0.0017601312,0.0005832148,145,57,ERA5_2015.nc
2015,2015-11-18,0.0010936995,0.00048476565,145,57,ERA5_2015.nc
2015,2015-11-19,0.0018390763,0.00057347893,145,57,ERA5_2015.nc
2015,2015-11-20,0.0018518615,0.00058894575,145,57,ERA5_2015.nc
2015,2015-11-21,0.002047155,0.00061625644,145,57,ERA5_2015.nc
2015,2015-11-22,0.00097626494,0.0004966287,145,57,ERA5_2015.nc
2015,2015-11-23,0.00063760113,0.0003947766,145,57,ERA5_2015.nc
2015,2015-11-24,0.0007236346,0.00041530922,145,57,ERA5_2015.nc
2015,2015-11-25,0.0015144416,0.0006753623,145,57,ERA5_2015.nc
2015,2015-11-26,0.0014129314,0.0005249603,145,57,ERA5_2015.nc
2015,2015-11-27,0.001254988,0.0004604706,145,57,ERA5_2015.nc
2015,2015-11-28,0.0004641045,0.00033827775,145,57,ERA5_2015.nc
2015,2015-11-29,0.0018860153,0.0005195756,145,57,ERA5_2015.nc
2015,2015-11-30,0.0027727764,0.00053505925,145,57,ERA5_2015.nc
2015,2015-12-01,0.0016787103,0.00040936793,145,57,ERA5_2015.nc
2015,2015-12-02,0.002448258,0.0005336944,145,57,ERA5_2015.nc
2015,2015-12-03,0.0020031887,0.0005386141,145,57,ERA5_2015.nc
2015,2015-12-04,0.0014375302,0.00057044195,145,57,ERA5_2015.nc
2015,2015-12-05,0.001098804,0.00046274296,145,57,ERA5_2015.nc
2015,2015-12-06,0.0013018458,0.00057152525,145,57,ERA5_2015.nc
2015,2015-12-07,0.0010721313,0.00045520993,145,57,ERA5_2015.nc
2015,2015-12-08,0.0012359673,0.0004990689,145,57,ERA5_2015.nc
2015,2015-12-09,0.00094081747,0.00038619456,145,57,ERA5_2015.nc
2015,2015-12-10,0.0014821469,0.00049586076,145,57,ERA5_2015.nc
2015,2015-12-11,0.0007063247,0.00037697438,145,57,ERA5_2015.nc
2015,2015-12-12,0.0018660957,0.00049522804,145,57,ERA5_2015.nc
2015,2015-12-13,0.001384004,0.00039030233,145,57,ERA5_2015.nc
2015,2015-12-14,0.0006180355,0.0002892968,145,57,ERA5_2015.nc
2015,2015-12-15,0.0006210713,0.0003259916,145,57,ERA5_2015.nc
2015,2015-12-16,0.0008274411,0.00031127932,145,57,ERA5_2015.nc
2015,2015-12-17,0.001234443,0.00035170763,145,57,ERA5_2015.nc
2015,2015-12-18,0.0011059765,0.0003904499,145,57,ERA5_2015.nc
2015,2015-12-19,0.001091226,0.00030878658,145,57,ERA5_2015.nc
2015,2015-12-20,0.000921308,0.00031229883,145,57,ERA5_2015.nc
2015,2015-12-21,0.0006502095,0.00030137086,145,57,ERA5_2015.nc
2015,2015-12-22,0.000497484,0.0003068649,145,57,ERA5_2015.nc
2015,2015-12-23,0.00059203815,0.00029171386,145,57,ERA5_2015.nc
2015,2015-12-24,0.0004247637,0.00025288752,145,57,ERA5_2015.nc
2015,2015-12-25,0.00039876977,0.00022839278,145,57,ERA5_2015.nc
2015,2015-12-26,0.00036890514,0.0002585423,145,57,ERA5_2015.nc
2015,2015-12-27,0.0005856279,0.00023632638,145,57,ERA5_2015.nc
2015,2015-12-28,0.00060868706,0.00026615785,145,57,ERA5_2015.nc
2015,2015-12-29,0.00071398425,0.00024945944,145,57,ERA5_2015.nc
2015,2015-12-30,0.00036891203,0.00022430097,145,57,ERA5_2015.nc
2015,2015-12-31,0.0006967975,0.0001786476,145,57,ERA5_2015.nc
2016,2016-01-01,0.0005897609,0.0001910718,145,57,ERA5_2016.nc
2016,2016-01-02,0.00028253527,0.00015736154,145,57,ERA5_2016.nc
2016,2016-01-03,0.00022657757,0.0001380418,145,57,ERA5_2016.nc
2016,2016-01-04,0.0003201715,0.00015092455,145,57,ERA5_2016.nc
2016,2016-01-05,0.00027792464,0.00016358591,145,57,ERA5_2016.nc
2016,2016-01-06,0.00041629377,0.00019719481,145,57,ERA5_2016.nc
2016,2016-01-07,0.0003481952,0.0001379337,145,57,ERA5_2016.nc
2016,2016-01-08,0.00042133243,0.00012790936,145,57,ERA5_2016.nc
2016,2016-01-09,0.00083928753,0.00017267192,145,57,ERA5_2016.nc
2016,2016-01-10,0.0008363202,0.00015060493,145,57,ERA5_2016.nc
2016,2016-01-11,0.0007660438,0.00024614655,145,57,ERA5_2016.nc
2016,2016-01-12,0.0006371349,0.00020479571,145,57,ERA5_2016.nc
2016,2016-01-13,0.0004181868,0.00014778566,145,57,ERA5_2016.nc
2016,2016-01-14,0.0008165424,0.0001672862,145,57,ERA5_2016.nc
2016,2016-01-15,0.00077324297,0.0002307928,145,57,ERA5_2016.nc
2016,2016-01-16,0.00042285078,0.00016438168,145,57,ERA5_2016.nc
2016,2016-01-17,0.0013255992,0.00033483614,145,57,ERA5_2016.nc
2016,2016-01-18,0.0011821681,0.00025598067,145,57,ERA5_2016.nc
2016,2016-01-19,0.0010856268,0.00023314985,145,57,ERA5_2016.nc
2016,2016-01-20,0.0006115003,0.0002637547,145,57,ERA5_2016.nc
2016,2016-01-21,0.00059183827,0.0002176352,145,57,ERA5_2016.nc
2016,2016-01-22,0.0010058528,0.00021805204,145,57,ERA5_2016.nc
2016,2016-01-23,0.0007109915,0.00019418006,145,57,ERA5_2016.nc
2016,2016-01-24,0.00066654227,0.00019412756,145,57,ERA5_2016.nc
2016,2016-01-25,0.00061066356,0.00013043643,145,57,ERA5_2016.nc
2016,2016-01-26,0.0007659276,0.00012746087,145,57,ERA5_2016.nc
2016,2016-01-27,0.00053221,0.000113046895,145,57,ERA5_2016.nc
2016,2016-01-28,0.0002026724,0.0001045894,145,57,ERA5_2016.nc
2016,2016-01-29,0.00030062982,0.00013857234,145,57,ERA5_2016.nc
2016,2016-01-30,0.00025805182,0.000118054326,145,57,ERA5_2016.nc
2016,2016-01-31,0.00018804651,0.000108065375,145,57,ERA5_2016.nc
2016,2016-02-01,0.00013706335,9.062223e-05,145,57,ERA5_2016.nc
2016,2016-02-02,0.00014383116,8.9178735e-05,145,57,ERA5_2016.nc
2016,2016-02-03,0.00015157941,8.730372e-05,145,57,ERA5_2016.nc
2016,2016-02-04,5.978384e-05,7.9816426e-05,145,57,ERA5_2016.nc
2016,2016-02-05,5.577564e-05,7.203247e-05,145,57,ERA5_2016.nc
2016,2016-02-06,0.0004425182,8.871843e-05,145,57,ERA5_2016.nc
2016,2016-02-07,0.00065913796,0.0001022205,145,57,ERA5_2016.nc
2016,2016-02-08,0.00039077032,8.753718e-05,145,57,ERA5_2016.nc
2016,2016-02-09,0.0002753626,8.1018705e-05,145,57,ERA5_2016.nc
2016,2016-02-10,0.000489907,0.00011656819,145,57,ERA5_2016.nc
2016,2016-02-11,0.0006501577,0.00015206399,145,57,ERA5_2016.nc
2016,2016-02-12,0.0002830284,8.6670596e-05,145,57,ERA5_2016.nc
2016,2016-02-13,0.00039694342,0.000107547305,145,57,ERA5_2016.nc
2016,2016-02-14,0.00027173798,7.805144e-05,145,57,ERA5_2016.nc
2016,2016-02-15,0.00021019264,7.656323e-05,145,57,ERA5_2016.nc
2016,2016-02-16,0.00011367198,5.6881625e-05,145,57,ERA5_2016.nc
2016,2016-02-17,0.00023656085,5.668965e-05,145,57,ERA5_2016.nc
2016,2016-02-18,0.0004433189,7.5433025e-05,145,57,ERA5_2016.nc
2016,2016-02-19,0.0005476639,9.8268036e-05,145,57,ERA5_2016.nc
2016,2016-02-20,0.00051844754,0.00010023145,145,57,ERA5_2016.nc
2016,2016-02-21,0.00082877575,9.731165e-05,145,57,ERA5_2016.nc
2016,2016-02-22,0.00080352096,8.412091e-05,145,57,ERA5_2016.nc
2016,2016-02-23,0.001475372,0.00029009584,145,57,ERA5_2016.nc
2016,2016-02-24,0.00011597031,6.413474e-05,145,57,ERA5_2016.nc
2016,2016-02-25,0.00021307034,8.905676e-05,145,57,ERA5_2016.nc
2016,2016-02-26,0.00061263854,0.0001016952,145,57,ERA5_2016.nc
2016,2016-02-27,0.0010395931,0.00017439637,145,57,ERA5_2016.nc
2016,2016-02-28,0.00020011896,7.180602e-05,145,57,ERA5_2016.nc
2016,2016-02-29,0.0003335497,6.971267e-05,145,57,ERA5_2016.nc
2016,2016-03-01,0.0007345086,8.3990555e-05,145,57,ERA5_2016.nc
2016,2016-03-02,0.0010417704,0.00013661743,145,57,ERA5_2016.nc
2016,2016-03-03,0.0010160785,0.00013428762,145,57,ERA5_2016.nc
2016,2016-03-04,0.0010258022,0.00013174355,145,57,ERA5_2016.nc
2016,2016-03-05,0.0003697314,5.7664063e-05,145,57,ERA5_2016.nc
2016,2016-03-06,0.000668186,0.000103974526,145,57,ERA5_2016.nc
2016,2016-03-07,0.0011595258,0.00022178025,145,57,ERA5_2016.nc
2016,2016-03-08,0.0016900676,0.00015761674,145,57,ERA5_2016.nc
2016,2016-03-09,0.001151149,0.0001694021,145,57,ERA5_2016.nc
2016,2016-03-10,0.00051623676,9.010067e-05,145,57,ERA5_2016.nc
2016,2016-03-11,0.0021064961,0.00022128638,145,57,ERA5_2016.nc
2016,2016-03-12,0.000505027,9.264334e-05,145,57,ERA5_2016.nc
2016,2016-03-13,0.0006974353,7.916636e-05,145,57,ERA5_2016.nc
2016,2016-03-14,0.00064520433,6.812338e-05,145,57,ERA5_2016.nc
2016,2016-03-15,0.0012095984,0.00015878092,145,57,ERA5_2016.nc
2016,2016-03-16,0.0014633085,0.00026048778,145,57,ERA5_2016.nc
2016,2016-03-17,0.0008899396,0.0001089783,145,57,ERA5_2016.nc
2016,2016-03-18,0.00086109113,0.000109640816,145,57,ERA5_2016.nc
2016,2016-03-19,0.0008789345,0.00012690501,145,57,ERA5_2016.nc
2016,2016-03-20,0.001364229,0.00022685903,145,57,ERA5_2016.nc
2016,2016-03-21,0.0014757933,0.00022255667,145,57,ERA5_2016.nc
2016,2016-03-22,0.0010301261,0.0001629678,145,57,ERA5_2016.nc
2016,2016-03-23,0.00057788024,0.00012108289,145,57,ERA5_2016.nc
2016,2016-03-24,0.000898578,0.00014557963,145,57,ERA5_2016.nc
2016,2016-03-25,0.0007173395,0.000112294285,145,57,ERA5_2016.nc
2016,2016-03-26,0.001972303,0.00022491511,145,57,ERA5_2016.nc
2016,2016-03-27,0.0010081537,0.00030204194,145,57,ERA5_2016.nc
2016,2016-03-28,0.0003302985,6.616879e-05,145,57,ERA5_2016.nc
2016,2016-03-29,0.00089550164,0.00016820132,145,57,ERA5_2016.nc
2016,2016-03-30,0.0009792856,0.00019197239,145,57,ERA5_2016.nc
2016,2016-03-31,0.002197405,0.0004576047,145,57,ERA5_2016.nc
2016,2016-04-01,0.004885767,0.0010488081,145,57,ERA5_2016.nc
2016,2016-04-02,0.0012994031,0.00027887314,145,57,ERA5_2016.nc
2016,2016-04-03,0.0016932581,0.00026019354,145,57,ERA5_2016.nc
2016,2016-04-04,0.0013804584,0.00020048837,145,57,ERA5_2016.nc
2016,2016-04-05,0.00054491265,0.00012413303,145,57,ERA5_2016.nc
2016,2016-04-06,0.0025874977,0.00038780467,145,57,ERA5_2016.nc
2016,2016-04-07,0.0036555114,0.00078525697,145,57,ERA5_2016.nc
2016,2016-04-08,0.0011159889,0.00028251836,145,57,ERA5_2016.nc
2016,2016-04-09,0.0008962716,0.00020275262,145,57,ERA5_2016.nc
2016,2016-04-10,0.0015484224,0.000232594,145,57,ERA5_2016.nc
2016,2016-04-11,0.0016960325,0.0002295409,145,57,ERA5_2016.nc
2016,2016-04-12,0.0020953673,0.0002942234,145,57,ERA5_2016.nc
2016,2016-04-13,0.003367427,0.00043473876,145,57,ERA5_2016.nc
2016,2016-04-14,0.0017677096,0.00032505635,145,57,ERA5_2016.nc
2016,2016-04-15,0.0016660143,0.0002816731,145,57,ERA5_2016.nc
2016,2016-04-16,0.0033632293,0.00058081734,145,57,ERA5_2016.nc
2016,2016-04-17,0.0027151008,0.00052631827,145,57,ERA5_2016.nc
2016,2016-04-18,0.00290406,0.00052754907,145,57,ERA5_2016.nc
2016,2016-04-19,0.0023970234,0.00065948337,145,57,ERA5_2016.nc
2016,2016-04-20,0.0013829193,0.00039184192,145,57,ERA5_2016.nc
2016,2016-04-21,0.0013994401,0.0002707752,145,57,ERA5_2016.nc
2016,2016-04-22,0.0024588823,0.00043691063,145,57,ERA5_2016.nc
2016,2016-04-23,0.001241165,0.00029580138,145,57,ERA5_2016.nc
2016,2016-04-24,0.0021606013,0.00039198552,145,57,ERA5_2016.nc
2016,2016-04-25,0.0023857062,0.000409714,145,57,ERA5_2016.nc
2016,2016-04-26,0.0027797823,0.0005039611,145,57,ERA5_2016.nc
2016,2016-04-27,0.0022116215,0.00041697462,145,57,ERA5_2016.nc
2016,2016-04-28,0.0026271187,0.0004063907,145,57,ERA5_2016.nc
2016,2016-04-29,0.002040069,0.00040929715,145,57,ERA5_2016.nc
2016,2016-04-30,0.0034165836,0.0005971984,145,57,ERA5_2016.nc
2016,2016-05-01,0.0030726492,0.00048756416,145,57,ERA5_2016.nc
2016,2016-05-02,0.0011224534,0.0004268377,145,57,ERA5_2016.nc
2016,2016-05-03,0.0014584583,0.00032846502,145,57,ERA5_2016.nc
2016,2016-05-04,0.0021112105,0.00031262866,145,57,ERA5_2016.nc
2016,2016-05-05,0.0034395019,0.00054256537,145,57,ERA5_2016.nc
2016,2016-05-06,0.0027801357,0.00053041417,145,57,ERA5_2016.nc
2016,2016-05-07,0.0015446794,0.0003812742,145,57,ERA5_2016.nc
2016,2016-05-08,0.0033646605,0.0005987026,145,57,ERA5_2016.nc
2016,2016-05-09,0.0041632075,0.00076190627,145,57,ERA5_2016.nc
2016,2016-05-10,0.0026160257,0.0006892366,145,57,ERA5_2016.nc
2016,2016-05-11,0.0011959898,0.00041581522,145,57,ERA5_2016.nc
2016,2016-05-12,0.0011916638,0.00038104824,145,57,ERA5_2016.nc
2016,2016-05-13,0.0014924317,0.00039320195,145,57,ERA5_2016.nc
2016,2016-05-14,0.0017827705,0.00042160988,145,57,ERA5_2016.nc
2016,2016-05-15,0.0021284113,0.00038838375,145,57,ERA5_2016.nc
2016,2016-05-16,0.0020781406,0.0004005962,145,57,ERA5_2016.nc
2016,2016-05-17,0.0016959105,0.00036676315,145,57,ERA5_2016.nc
2016,2016-05-18,0.0017032849,0.00038390252,145,57,ERA5_2016.nc
2016,2016-05-19,0.00237977,0.00044598183,145,57,ERA5_2016.nc
2016,2016-05-20,0.0020364686,0.00046301426,145,57,ERA5_2016.nc
2016,2016-05-21,0.0023924063,0.00040547113,145,57,ERA5_2016.nc
2016,2016-05-22,0.0012479078,0.000281376,145,57,ERA5_2016.nc
2016,2016-05-23,0.0015294934,0.00030253862,145,57,ERA5_2016.nc
2016,2016-05-24,0.0025847992,0.00044241524,145,57,ERA5_2016.nc
2016,2016-05-25,0.0019365042,0.00036761502,145,57,ERA5_2016.nc
2016,2016-05-26,0.00093748246,0.00031766924,145,57,ERA5_2016.nc
2016,2016-05-27,0.0012838194,0.00030054591,145,57,ERA5_2016.nc
2016,2016-05-28,0.0023177832,0.00044488875,145,57,ERA5_2016.nc
2016,2016-05-29,0.0020868168,0.00043158658,145,57,ERA5_2016.nc
2016,2016-05-30,0.0009781751,0.0002775112,145,57,ERA5_2016.nc
2016,2016-05-31,0.00056573586,0.00020106463,145,57,ERA5_2016.nc
2016,2016-06-01,0.00054828404,0.00017498675,145,57,ERA5_2016.nc
2016,2016-06-02,0.0002976245,0.00015684965,145,57,ERA5_2016.nc
2016,2016-06-03,0.000992951,0.00019180996,145,57,ERA5_2016.nc
2016,2016-06-04,0.0008724443,0.00018688284,145,57,ERA5_2016.nc
2016,2016-06-05,0.0015479611,0.00021857563,145,57,ERA5_2016.nc
2016,2016-06-06,0.0009276554,0.0002012669,145,57,ERA5_2016.nc
2016,2016-06-07,0.0005205939,0.00018873453,145,57,ERA5_2016.nc
2016,2016-06-08,0.0005233862,0.00015926053,145,57,ERA5_2016.nc
2016,2016-06-09,0.0007733161,0.0001743833,145,57,ERA5_2016.nc
2016,2016-06-10,0.0006241321,0.00016543301,145,57,ERA5_2016.nc
2016,2016-06-11,0.0007044766,0.00018765905,145,57,ERA5_2016.nc
2016,2016-06-12,0.0009230488,0.00017067642,145,57,ERA5_2016.nc
2016,2016-06-13,0.0015313185,0.00022701446,145,57,ERA5_2016.nc
2016,2016-06-14,0.001678261,0.00020232181,145,57,ERA5_2016.nc
2016,2016-06-15,0.0018668028,0.00024165167,145,57,ERA5_2016.nc
2016,2016-06-16,0.001710349,0.00027676902,145,57,ERA5_2016.nc
2016,2016-06-17,0.0021609927,0.00029088705,145,57,ERA5_2016.nc
2016,2016-06-18,0.0021306858,0.00024860233,145,57,ERA5_2016.nc
2016,2016-06-19,0.0018742261,0.00020784803,145,57,ERA5_2016.nc
2016,2016-06-20,0.003350534,0.00031514151,145,57,ERA5_2016.nc
2016,2016-06-21,0.0032258192,0.000322963,145,57,ERA5_2016.nc
2016,2016-06-22,0.0016310208,0.0002538596,145,57,ERA5_2016.nc
2016,2016-06-23,0.00081598066,0.00021429425,145,57,ERA5_2016.nc
2016,2016-06-24,0.0015305699,0.00024545245,145,57,ERA5_2016.nc
2016,2016-06-25,0.0019741687,0.0003940942,145,57,ERA5_2016.nc
2016,2016-06-26,0.0016561749,0.0002870958,145,57,ERA5_2016.nc
2016,2016-06-27,0.0017285325,0.00032185728,145,57,ERA5_2016.nc
2016,2016-06-28,0.0021245056,0.0002678355,145,57,ERA5_2016.nc
2016,2016-06-29,0.0012835481,0.00028189624,145,57,ERA5_2016.nc
2016,2016-06-30,0.0011102471,0.00026894064,145,57,ERA5_2016.nc
2016,2016-07-01,0.0014410586,0.00030917872,145,57,ERA5_2016.nc
2016,2016-07-02,0.00096899224,0.00028908352,145,57,ERA5_2016.nc
2016,2016-07-03,0.0011774155,0.0003196097,145,57,ERA5_2016.nc
2016,2016-07-04,0.0013537952,0.00026789634,145,57,ERA5_2016.nc
2016,2016-07-05,0.0017029655,0.00031847815,145,57,ERA5_2016.nc
2016,2016-07-06,0.001940607,0.00037945766,145,57,ERA5_2016.nc
2016,2016-07-07,0.0022512202,0.000406332,145,57,ERA5_2016.nc
2016,2016-07-08,0.0012933702,0.00025651226,145,57,ERA5_2016.nc
2016,2016-07-09,0.0013824857,0.00022398129,145,57,ERA5_2016.nc
2016,2016-07-10,0.0027218517,0.0002873913,145,57,ERA5_2016.nc
2016,2016-07-11,0.0030578088,0.00034254434,145,57,ERA5_2016.nc
2016,2016-07-12,0.0031569796,0.00035296797,145,57,ERA5_2016.nc
2016,2016-07-13,0.0023828612,0.0003759527,145,57,ERA5_2016.nc
2016,2016-07-14,0.0022650792,0.00041674904,145,57,ERA5_2016.nc
2016,2016-07-15,0.0016982607,0.0002883228,145,57,ERA5_2016.nc
2016,2016-07-16,0.001272318,0.00033497254,145,57,ERA5_2016.nc
2016,2016-07-17,0.0013209911,0.0002923786,145,57,ERA5_2016.nc
2016,2016-07-18,0.0018791272,0.0003192447,145,57,ERA5_2016.nc
2016,2016-07-19,0.0028660588,0.00041516937,145,57,ERA5_2016.nc
2016,2016-07-20,0.0017994202,0.00033403342,145,57,ERA5_2016.nc
2016,2016-07-21,0.0011922868,0.000286625,145,57,ERA5_2016.nc
2016,2016-07-22,0.0019481967,0.0003394909,145,57,ERA5_2016.nc
2016,2016-07-23,0.0023443508,0.00036952994,145,57,ERA5_2016.nc
2016,2016-07-24,0.0024332274,0.00044302415,145,57,ERA5_2016.nc
2016,2016-07-25,0.0017773318,0.00029777008,145,57,ERA5_2016.nc
2016,2016-07-26,0.0015905853,0.00033455167,145,57,ERA5_2016.nc
2016,2016-07-27,0.0032736154,0.00042097046,145,57,ERA5_2016.nc
2016,2016-07-28,0.0038046523,0.00046524953,145,57,ERA5_2016.nc
2016,2016-07-29,0.002064624,0.00036816037,145,57,ERA5_2016.nc
2016,2016-07-30,0.001660127,0.00030134252,145,57,ERA5_2016.nc
2016,2016-07-31,0.00200107,0.00033198367,145,57,ERA5_2016.nc
2016,2016-08-01,0.002720409,0.0003393837,145,57,ERA5_2016.nc
2016,2016-08-02,0.0024758326,0.0003090855,145,57,ERA5_2016.nc
2016,2016-08-03,0.002221155,0.00036864844,145,57,ERA5_2016.nc
2016,2016-08-04,0.0031410449,0.0003852776,145,57,ERA5_2016.nc
2016,2016-08-05,0.0024233756,0.0003627013,145,57,ERA5_2016.nc
2016,2016-08-06,0.0021413793,0.00028686458,145,57,ERA5_2016.nc
2016,2016-08-07,0.0035773935,0.0005325688,145,57,ERA5_2016.nc
2016,2016-08-08,0.0022713994,0.00037192187,145,57,ERA5_2016.nc
2016,2016-08-09,0.002361776,0.00037692068,145,57,ERA5_2016.nc
2016,2016-08-10,0.0014967095,0.00030325213,145,57,ERA5_2016.nc
2016,2016-08-11,0.0014311634,0.00028652928,145,57,ERA5_2016.nc
2016,2016-08-12,0.002298844,0.00043563315,145,57,ERA5_2016.nc
2016,2016-08-13,0.002241855,0.00044638247,145,57,ERA5_2016.nc
2016,2016-08-14,0.0014063264,0.00025155005,145,57,ERA5_2016.nc
2016,2016-08-15,0.0014672448,0.000294648,145,57,ERA5_2016.nc
2016,2016-08-16,0.0019167808,0.0003322531,145,57,ERA5_2016.nc
2016,2016-08-17,0.0010909082,0.00027897587,145,57,ERA5_2016.nc
2016,2016-08-18,0.0010808355,0.00028242136,145,57,ERA5_2016.nc
2016,2016-08-19,0.0018090402,0.00028994374,145,57,ERA5_2016.nc
2016,2016-08-20,0.0022291143,0.00026852934,145,57,ERA5_2016.nc
2016,2016-08-21,0.001006037,0.00024077464,145,57,ERA5_2016.nc
2016,2016-08-22,0.0012490099,0.0002848134,145,57,ERA5_2016.nc
2016,2016-08-23,0.0027982246,0.0004030189,145,57,ERA5_2016.nc
2016,2016-08-24,0.0040170345,0.0005570255,145,57,ERA5_2016.nc
2016,2016-08-25,0.0024105217,0.00040204573,145,57,ERA5_2016.nc
2016,2016-08-26,0.0021162522,0.0004091351,145,57,ERA5_2016.nc
2016,2016-08-27,0.0011973807,0.000262964,145,57,ERA5_2016.nc
2016,2016-08-28,0.0008371582,0.00024008725,145,57,ERA5_2016.nc
2016,2016-08-29,0.0014770846,0.000315217,145,57,ERA5_2016.nc
2016,2016-08-30,0.0014124049,0.0003112206,145,57,ERA5_2016.nc
2016,2016-08-31,0.002049915,0.00032085076,145,57,ERA5_2016.nc
2016,2016-09-01,0.0010004917,0.00021916312,145,57,ERA5_2016.nc
2016,2016-09-02,0.0020606366,0.0002981489,145,57,ERA5_2016.nc
2016,2016-09-03,0.0018185943,0.00033745644,145,57,ERA5_2016.nc
2016,2016-09-04,0.0012459155,0.00034793784,145,57,ERA5_2016.nc
2016,2016-09-05,0.0013841062,0.00026439744,145,57,ERA5_2016.nc
2016,2016-09-06,0.002072405,0.00034914058,145,57,ERA5_2016.nc
2016,2016-09-07,0.0024014409,0.0003895327,145,57,ERA5_2016.nc
2016,2016-09-08,0.0010891011,0.00025347818,145,57,ERA5_2016.nc
2016,2016-09-09,0.0013040927,0.00023846366,145,57,ERA5_2016.nc
2016,2016-09-10,0.00246999,0.00040010706,145,57,ERA5_2016.nc
2016,2016-09-11,0.0010490199,0.00026029008,145,57,ERA5_2016.nc
2016,2016-09-12,0.0015469097,0.00027959145,145,57,ERA5_2016.nc
2016,2016-09-13,0.0010875541,0.00025004725,145,57,ERA5_2016.nc
2016,2016-09-14,0.0018708158,0.00032988115,145,57,ERA5_2016.nc
2016,2016-09-15,0.003532352,0.0006699175,145,57,ERA5_2016.nc
2016,2016-09-16,0.003199079,0.00051692757,145,57,ERA5_2016.nc
2016,2016-09-17,0.0012855326,0.00030714076,145,57,ERA5_2016.nc
2016,2016-09-18,0.00073178,0.00023999537,145,57,ERA5_2016.nc
2016,2016-09-19,0.0025395853,0.00046444996,145,57,ERA5_2016.nc
2016,2016-09-20,0.0031734034,0.0005019886,145,57,ERA5_2016.nc
2016,2016-09-21,0.0018119409,0.00045901127,145,57,ERA5_2016.nc
2016,2016-09-22,0.0016625263,0.00040205667,145,57,ERA5_2016.nc
2016,2016-09-23,0.0016526405,0.00043439603,145,57,ERA5_2016.nc
2016,2016-09-24,0.0015578362,0.00033495767,145,57,ERA5_2016.nc
2016,2016-09-25,0.0017923662,0.00042979582,145,57,ERA5_2016.nc
2016,2016-09-26,0.003878634,0.00070503046,145,57,ERA5_2016.nc
2016,2016-09-27,0.002814715,0.0006848107,145,57,ERA5_2016.nc
2016,2016-09-28,0.0022723428,0.00058724853,145,57,ERA5_2016.nc
2016,2016-09-29,0.0013153214,0.00048976357,145,57,ERA5_2016.nc
2016,2016-09-30,0.0007937949,0.00034774313,145,57,ERA5_2016.nc
2016,2016-10-01,0.0018693352,0.00043516065,145,57,ERA5_2016.nc
2016,2016-10-02,0.003956979,0.00074189703,145,57,ERA5_2016.nc
2016,2016-10-03,0.0030034839,0.0006017367,145,57,ERA5_2016.nc
2016,2016-10-04,0.0019592992,0.00041038095,145,57,ERA5_2016.nc
2016,2016-10-05,0.0027378586,0.00051024463,145,57,ERA5_2016.nc
2016,2016-10-06,0.0023816563,0.0005215243,145,57,ERA5_2016.nc
2016,2016-10-07,0.0008927125,0.0003387516,145,57,ERA5_2016.nc
2016,2016-10-08,0.00058045436,0.00023728514,145,57,ERA5_2016.nc
2016,2016-10-09,0.0018126753,0.0003631547,145,57,ERA5_2016.nc
2016,2016-10-10,0.0014743502,0.00032558007,145,57,ERA5_2016.nc
2016,2016-10-11,0.00082053326,0.00025741156,145,57,ERA5_2016.nc
2016,2016-10-12,0.0011601554,0.00033287436,145,57,ERA5_2016.nc
2016,2016-10-13,0.0006242289,0.0002292862,145,57,ERA5_2016.nc
2016,2016-10-14,0.0007229529,0.00023832204,145,57,ERA5_2016.nc
2016,2016-10-15,0.0011556458,0.00027828984,145,57,ERA5_2016.nc
2016,2016-10-16,0.0009504363,0.00026406534,145,57,ERA5_2016.nc
2016,2016-10-17,0.0016694315,0.00032561924,145,57,ERA5_2016.nc
2016,2016-10-18,0.00171818,0.0003345707,145,57,ERA5_2016.nc
2016,2016-10-19,0.00113257,0.00024819217,145,57,ERA5_2016.nc
2016,2016-10-20,0.0027074865,0.00057451066,145,57,ERA5_2016.nc
2016,2016-10-21,0.001485145,0.00029160827,145,57,ERA5_2016.nc
2016,2016-10-22,0.0005264077,0.00020043858,145,57,ERA5_2016.nc
2016,2016-10-23,0.00092461496,0.00029565996,145,57,ERA5_2016.nc
2016,2016-10-24,0.0012185348,0.00034209708,145,57,ERA5_2016.nc
2016,2016-10-25,0.0007097067,0.0002324557,145,57,ERA5_2016.nc
2016,2016-10-26,0.002137049,0.00040757342,145,57,ERA5_2016.nc
2016,2016-10-27,0.0031289945,0.00048675126,145,57,ERA5_2016.nc
2016,2016-10-28,0.0010179498,0.00028224025,145,57,ERA5_2016.nc
2016,2016-10-29,0.00172852,0.00038513815,145,57,ERA5_2016.nc
2016,2016-10-30,0.0010782848,0.00030596834,145,57,ERA5_2016.nc
2016,2016-10-31,0.00046171562,0.00019792389,145,57,ERA5_2016.nc
2016,2016-11-01,0.0007817714,0.00023730553,145,57,ERA5_2016.nc
2016,2016-11-02,0.0015685057,0.00037368774,145,57,ERA5_2016.nc
2016,2016-11-03,0.0017117553,0.0003841392,145,57,ERA5_2016.nc
2016,2016-11-04,0.00089929416,0.00030253202,145,57,ERA5_2016.nc
2016,2016-11-05,0.0011105525,0.00032477314,145,57,ERA5_2016.nc
2016,2016-11-06,0.00086714234,0.00026158633,145,57,ERA5_2016.nc
2016,2016-11-07,0.001373087,0.0003561522,145,57,ERA5_2016.nc
2016,2016-11-08,0.0013483367,0.00030186618,145,57,ERA5_2016.nc
2016,2016-11-09,0.0007590395,0.00027213088,145,57,ERA5_2016.nc
2016,2016-11-10,0.0007296667,0.00025689774,145,57,ERA5_2016.nc
2016,2016-11-11,0.0011967369,0.0002873367,145,57,ERA5_2016.nc
2016,2016-11-12,0.001364987,0.00031470394,145,57,ERA5_2016.nc
2016,2016-11-13,0.00092982483,0.0002824796,145,57,ERA5_2016.nc
2016,2016-11-14,0.00039482478,0.00016011673,145,57,ERA5_2016.nc
2016,2016-11-15,0.00058622507,0.00018486255,145,57,ERA5_2016.nc
2016,2016-11-16,0.0012688352,0.00030752027,145,57,ERA5_2016.nc
2016,2016-11-17,0.001396524,0.00028177316,145,57,ERA5_2016.nc
2016,2016-11-18,0.0013992894,0.00026123374,145,57,ERA5_2016.nc
2016,2016-11-19,0.000956522,0.00020248491,145,57,ERA5_2016.nc
2016,2016-11-20,0.0003543067,0.0001521922,145,57,ERA5_2016.nc
2016,2016-11-21,0.0010721341,0.0002534996,145,57,ERA5_2016.nc
2016,2016-11-22,0.00269707,0.000434726,145,57,ERA5_2016.nc
2016,2016-11-23,0.0016209623,0.0003492814,145,57,ERA5_2016.nc
2016,2016-11-24,0.0012698919,0.00033449897,145,57,ERA5_2016.nc
2016,2016-11-25,0.0013791587,0.00037987897,145,57,ERA5_2016.nc
2016,2016-11-26,0.0011855327,0.0004075194,145,57,ERA5_2016.nc
2016,2016-11-27,0.0011030544,0.00031362404,145,57,ERA5_2016.nc
2016,2016-11-28,0.0009001906,0.00027208537,145,57,ERA5_2016.nc
2016,2016-11-29,0.0014907096,0.0003090909,145,57,ERA5_2016.nc
2016,2016-11-30,0.0023648776,0.00057012937,145,57,ERA5_2016.nc
2016,2016-12-01,0.0015168457,0.00024358701,145,57,ERA5_2016.nc
2016,2016-12-02,0.000819851,0.00023200516,145,57,ERA5_2016.nc
2016,2016-12-03,0.0010558293,0.00026042337,145,57,ERA5_2016.nc
2016,2016-12-04,0.00080682244,0.00022946579,145,57,ERA5_2016.nc
2016,2016-12-05,0.0010119317,0.00031161227,145,57,ERA5_2016.nc
2016,2016-12-06,0.00029185502,0.00018231712,145,57,ERA5_2016.nc
2016,2016-12-07,0.00030040587,0.00016738285,145,57,ERA5_2016.nc
2016,2016-12-08,0.00047428708,0.00020289973,145,57,ERA5_2016.nc
2016,2016-12-09,0.00052376185,0.00018426534,145,57,ERA5_2016.nc
2016,2016-12-10,0.0006444721,0.00020422514,145,57,ERA5_2016.nc
2016,2016-12-11,0.0004166399,0.00017324658,145,57,ERA5_2016.nc
2016,2016-12-12,0.00066873094,0.00016746362,145,57,ERA5_2016.nc
2016,2016-12-13,0.0015184451,0.00024175797,145,57,ERA5_2016.nc
2016,2016-12-14,0.0016214794,0.00031426043,145,57,ERA5_2016.nc
2016,2016-12-15,0.00052579545,0.00022941195,145,57,ERA5_2016.nc
2016,2016-12-16,0.0004566873,0.00017124254,145,57,ERA5_2016.nc
2016,2016-12-17,0.0003323765,0.00014656808,145,57,ERA5_2016.nc
2016,2016-12-18,0.00022971834,0.00013884826,145,57,ERA5_2016.nc
2016,2016-12-19,0.00039504466,0.00014900423,145,57,ERA5_2016.nc
2016,2016-12-20,0.00020104239,0.00013800364,145,57,ERA5_2016.nc
2016,2016-12-21,0.00039028484,0.00012068708,145,57,ERA5_2016.nc
2016,2016-12-22,0.00024223927,0.000111981295,145,57,ERA5_2016.nc
2016,2016-12-23,0.00036999807,0.00010692602,145,57,ERA5_2016.nc
2016,2016-12-24,0.00073860324,0.00012248734,145,57,ERA5_2016.nc
2016,2016-12-25,0.00071029767,0.00013480251,145,57,ERA5_2016.nc
2016,2016-12-26,0.0010781947,0.00018565515,145,57,ERA5_2016.nc
2016,2016-12-27,0.0008946559,0.00016213978,145,57,ERA5_2016.nc
2016,2016-12-28,0.0005204056,0.00014952809,145,57,ERA5_2016.nc
2016,2016-12-29,0.000571026,0.00013181337,145,57,ERA5_2016.nc
2016,2016-12-30,0.00064202445,0.000117085976,145,57,ERA5_2016.nc
2016,2016-12-31,0.0009763996,0.00017222858,145,57,ERA5_2016.nc
2017,2017-01-01,0.0011893788,0.0001848357,145,57,ERA5_2017.nc
2017,2017-01-02,0.0005179617,0.00012486332,145,57,ERA5_2017.nc
2017,2017-01-03,0.0003574104,0.000111742556,145,57,ERA5_2017.nc
2017,2017-01-04,0.0002516067,0.00010317948,145,57,ERA5_2017.nc
2017,2017-01-05,0.00013241972,9.797456e-05,145,57,ERA5_2017.nc
2017,2017-01-06,8.186304e-05,8.764157e-05,145,57,ERA5_2017.nc
2017,2017-01-07,0.00025209645,9.160083e-05,145,57,ERA5_2017.nc
2017,2017-01-08,0.00040809432,8.760214e-05,145,57,ERA5_2017.nc
2017,2017-01-09,0.00030633138,8.177336e-05,145,57,ERA5_2017.nc
2017,2017-01-10,0.00030861062,9.615371e-05,145,57,ERA5_2017.nc
2017,2017-01-11,0.0001535204,8.2429106e-05,145,57,ERA5_2017.nc
2017,2017-01-12,0.00011368033,8.292271e-05,145,57,ERA5_2017.nc
2017,2017-01-13,0.0002133257,7.946296e-05,145,57,ERA5_2017.nc
2017,2017-01-14,0.00047270674,7.065394e-05,145,57,ERA5_2017.nc
2017,2017-01-15,8.441656e-05,6.794659e-05,145,57,ERA5_2017.nc
2017,2017-01-16,6.3068626e-05,6.375555e-05,145,57,ERA5_2017.nc
2017,2017-01-17,3.6050504e-05,5.8647856e-05,145,57,ERA5_2017.nc
2017,2017-01-18,0.00020137211,6.810527e-05,145,57,ERA5_2017.nc
2017,2017-01-19,7.9717945e-05,6.446778e-05,145,57,ERA5_2017.nc
2017,2017-01-20,0.00021888019,6.8714486e-05,145,57,ERA5_2017.nc
2017,2017-01-21,0.0001531399,6.328298e-05,145,57,ERA5_2017.nc
2017,2017-01-22,0.0002477564,6.099874e-05,145,57,ERA5_2017.nc
2017,2017-01-23,0.0005656303,6.900131e-05,145,57,ERA5_2017.nc
2017,2017-01-24,0.00086530903,9.1332724e-05,145,57,ERA5_2017.nc
2017,2017-01-25,0.00041150124,6.650797e-05,145,57,ERA5_2017.nc
2017,2017-01-26,0.00076756714,7.8558274e-05,145,57,ERA5_2017.nc
2017,2017-01-27,0.00064500235,7.8764904e-05,145,57,ERA5_2017.nc
2017,2017-01-28,0.0008790933,0.00012798887,145,57,ERA5_2017.nc
2017,2017-01-29,0.0008065294,8.956615e-05,145,57,ERA5_2017.nc
2017,2017-01-30,0.0010163739,0.0001132194,145,57,ERA5_2017.nc
2017,2017-01-31,0.0008420252,8.238754e-05,145,57,ERA5_2017.nc
2017,2017-02-01,0.0005647604,9.388926e-05,145,57,ERA5_2017.nc
2017,2017-02-02,0.0008579182,0.00015949055,145,57,ERA5_2017.nc
2017,2017-02-03,0.00067356625,8.624776e-05,145,57,ERA5_2017.nc
2017,2017-02-04,0.00044819686,9.528164e-05,145,57,ERA5_2017.nc
2017,2017-02-05,0.00013634289,5.871928e-05,145,57,ERA5_2017.nc
2017,2017-02-06,0.00022195023,6.4493826e-05,145,57,ERA5_2017.nc
2017,2017-02-07,0.0002888429,6.580607e-05,145,57,ERA5_2017.nc
2017,2017-02-08,0.0006210584,9.888783e-05,145,57,ERA5_2017.nc
2017,2017-02-09,0.00054882996,6.4346044e-05,145,57,ERA5_2017.nc
2017,2017-02-10,0.0004073399,7.658544e-05,145,57,ERA5_2017.nc
2017,2017-02-11,0.00050693774,8.2074665e-05,145,57,ERA5_2017.nc
2017,2017-02-12,0.00054481515,7.921837e-05,145,57,ERA5_2017.nc
2017,2017-02-13,0.00062831125,8.606652e-05,145,57,ERA5_2017.nc
2017,2017-02-14,0.0009414213,0.00012690769,145,57,ERA5_2017.nc
2017,2017-02-15,0.0006673612,0.00010843245,145,57,ERA5_2017.nc
2017,2017-02-16,0.0017264703,0.00019482989,145,57,ERA5_2017.nc
2017,2017-02-17,0.0009902695,0.00010412566,145,57,ERA5_2017.nc
2017,2017-02-18,0.0009077494,0.000118123935,145,57,ERA5_2017.nc
2017,2017-02-19,0.00068230473,0.00011141859,145,57,ERA5_2017.nc
2017,2017-02-20,0.0008364438,0.00012034187,145,57,ERA5_2017.nc
2017,2017-02-21,0.001131118,0.00017566128,145,57,ERA5_2017.nc
2017,2017-02-22,0.0007538882,9.421604e-05,145,57,ERA5_2017.nc
2017,2017-02-23,0.00041220104,0.00010970973,145,57,ERA5_2017.nc
2017,2017-02-24,0.0009872031,0.00014038787,145,57,ERA5_2017.nc
2017,2017-02-25,0.00072215474,0.00014042822,145,57,ERA5_2017.nc
2017,2017-02-26,0.00068392284,0.00018415884,145,57,ERA5_2017.nc
2017,2017-02-27,0.0008827875,0.00013379026,145,57,ERA5_2017.nc
2017,2017-02-28,0.0009730663,0.00016613503,145,57,ERA5_2017.nc
2017,2017-03-01,0.0013439216,0.00013994102,145,57,ERA5_2017.nc
2017,2017-03-02,0.000615143,9.145038e-05,145,57,ERA5_2017.nc
2017,2017-03-03,0.0009968288,0.00016183897,145,57,ERA5_2017.nc
2017,2017-03-04,0.0006484103,0.00013660156,145,57,ERA5_2017.nc
2017,2017-03-05,0.00023803717,6.552778e-05,145,57,ERA5_2017.nc
2017,2017-03-06,0.00047027838,8.391761e-05,145,57,ERA5_2017.nc
2017,2017-03-07,0.0011058657,0.00019858283,145,57,ERA5_2017.nc
2017,2017-03-08,0.0010495695,0.00017398561,145,57,ERA5_2017.nc
2017,2017-03-09,0.0011046154,0.00014684568,145,57,ERA5_2017.nc
2017,2017-03-10,0.00048979954,6.7567715e-05,145,57,ERA5_2017.nc
2017,2017-03-11,0.0011391356,0.00010769083,145,57,ERA5_2017.nc
2017,2017-03-12,0.00078149396,0.000117175616,145,57,ERA5_2017.nc
2017,2017-03-13,0.0004239228,7.343183e-05,145,57,ERA5_2017.nc
2017,2017-03-14,0.00030923262,6.131999e-05,145,57,ERA5_2017.nc
2017,2017-03-15,0.0020149103,0.0002322214,145,57,ERA5_2017.nc
2017,2017-03-16,0.002163663,0.00016874024,145,57,ERA5_2017.nc
2017,2017-03-17,0.0007769461,0.0001324577,145,57,ERA5_2017.nc
2017,2017-03-18,0.0004964466,8.858195e-05,145,57,ERA5_2017.nc
2017,2017-03-19,0.0010632507,0.00013384406,145,57,ERA5_2017.nc
2017,2017-03-20,0.0007549088,8.75355e-05,145,57,ERA5_2017.nc
2017,2017-03-21,0.00052426074,6.515073e-05,145,57,ERA5_2017.nc
2017,2017-03-22,0.0016731195,0.00019711934,145,57,ERA5_2017.nc
2017,2017-03-23,0.0023647721,0.0003516984,145,57,ERA5_2017.nc
2017,2017-03-24,0.0011549764,0.000106353924,145,57,ERA5_2017.nc
2017,2017-03-25,0.0014342673,0.00018059033,145,57,ERA5_2017.nc
2017,2017-03-26,0.00077225734,0.00014709588,145,57,ERA5_2017.nc
2017,2017-03-27,0.00064190855,0.000114658076,145,57,ERA5_2017.nc
2017,2017-03-28,0.0011344661,0.00013925407,145,57,ERA5_2017.nc
2017,2017-03-29,0.0019389091,0.00025096477,145,57,ERA5_2017.nc
2017,2017-03-30,0.0009935583,0.0001494331,145,57,ERA5_2017.nc
2017,2017-03-31,0.0009860685,0.00013374412,145,57,ERA5_2017.nc
2017,2017-04-01,0.0004357898,6.177551e-05,145,57,ERA5_2017.nc
2017,2017-04-02,0.0012333709,0.00013731219,145,57,ERA5_2017.nc
2017,2017-04-03,0.0013762792,0.00025963376,145,57,ERA5_2017.nc
2017,2017-04-04,0.00029495,6.565999e-05,145,57,ERA5_2017.nc
2017,2017-04-05,0.00067714567,7.6264696e-05,145,57,ERA5_2017.nc
2017,2017-04-06,0.0013294588,0.00013769053,145,57,ERA5_2017.nc
2017,2017-04-07,0.001490233,0.00015251205,145,57,ERA5_2017.nc
2017,2017-04-08,0.0015533782,0.0001710027,145,57,ERA5_2017.nc
2017,2017-04-09,0.0006091659,6.555821e-05,145,57,ERA5_2017.nc
2017,2017-04-10,0.0010163735,8.95932e-05,145,57,ERA5_2017.nc
2017,2017-04-11,0.0013100028,0.00011830042,145,57,ERA5_2017.nc
2017,2017-04-12,0.001820459,0.00022692415,145,57,ERA5_2017.nc
2017,2017-04-13,0.0012371787,0.0001174362,145,57,ERA5_2017.nc
2017,2017-04-14,0.0022516279,0.00023287363,145,57,ERA5_2017.nc
2017,2017-04-15,0.0015933309,0.00015853482,145,57,ERA5_2017.nc
2017,2017-04-16,0.0022404734,0.00024342202,145,57,ERA5_2017.nc
2017,2017-04-17,0.0021682647,0.00020610812,145,57,ERA5_2017.nc
2017,2017-04-18,0.0018538656,0.00020454124,145,57,ERA5_2017.nc
2017,2017-04-19,0.0013486608,0.00019795983,145,57,ERA5_2017.nc
2017,2017-04-20,0.0018138533,0.00024890347,145,57,ERA5_2017.nc
2017,2017-04-21,0.0015114876,0.00018191288,145,57,ERA5_2017.nc
2017,2017-04-22,0.0016875635,0.00015923257,145,57,ERA5_2017.nc
2017,2017-04-23,0.0017419846,0.00022526844,145,57,ERA5_2017.nc
2017,2017-04-24,0.002521035,0.0003541873,145,57,ERA5_2017.nc
2017,2017-04-25,0.0028996617,0.00031245413,145,57,ERA5_2017.nc
2017,2017-04-26,0.0006600541,0.00011061576,145,57,ERA5_2017.nc
2017,2017-04-27,0.0016696687,0.00024387764,145,57,ERA5_2017.nc
2017,2017-04-28,0.0009882866,0.00014502647,145,57,ERA5_2017.nc
2017,2017-04-29,0.0029808849,0.00038043078,145,57,ERA5_2017.nc
2017,2017-04-30,0.0022566789,0.00023430414,145,57,ERA5_2017.nc
2017,2017-05-01,0.0015396522,0.00024542687,145,57,ERA5_2017.nc
2017,2017-05-02,0.0015361833,0.0002441929,145,57,ERA5_2017.nc
2017,2017-05-03,0.0013155289,0.00020619057,145,57,ERA5_2017.nc
2017,2017-05-04,0.0017130158,0.00029052605,145,57,ERA5_2017.nc
2017,2017-05-05,0.0027613721,0.00034500757,145,57,ERA5_2017.nc
2017,2017-05-06,0.003619998,0.00052810175,145,57,ERA5_2017.nc
2017,2017-05-07,0.0027562138,0.00040759635,145,57,ERA5_2017.nc
2017,2017-05-08,0.0013341154,0.0002815341,145,57,ERA5_2017.nc
2017,2017-05-09,0.0009570593,0.00015518506,145,57,ERA5_2017.nc
2017,2017-05-10,0.0014135845,0.000247597,145,57,ERA5_2017.nc
2017,2017-05-11,0.0020050097,0.00030139147,145,57,ERA5_2017.nc
2017,2017-05-12,0.0012722762,0.00022793344,145,57,ERA5_2017.nc
2017,2017-05-13,0.0019176163,0.00028393627,145,57,ERA5_2017.nc
2017,2017-05-14,0.0027678157,0.00035604692,145,57,ERA5_2017.nc
2017,2017-05-15,0.0022979677,0.0003581937,145,57,ERA5_2017.nc
2017,2017-05-16,0.0018047951,0.00023519836,145,57,ERA5_2017.nc
2017,2017-05-17,0.0030986252,0.00040585347,145,57,ERA5_2017.nc
2017,2017-05-18,0.002785196,0.00042572492,145,57,ERA5_2017.nc
2017,2017-05-19,0.0021280886,0.0003467563,145,57,ERA5_2017.nc
2017,2017-05-20,0.0006628585,0.00014346567,145,57,ERA5_2017.nc
2017,2017-05-21,0.0013090171,0.00019968062,145,57,ERA5_2017.nc
2017,2017-05-22,0.0025456836,0.00024437305,145,57,ERA5_2017.nc
2017,2017-05-23,0.0019888019,0.00025846265,145,57,ERA5_2017.nc
2017,2017-05-24,0.0007503703,0.00020495984,145,57,ERA5_2017.nc
2017,2017-05-25,0.0016357882,0.000241982,145,57,ERA5_2017.nc
2017,2017-05-26,0.0019951423,0.00032951834,145,57,ERA5_2017.nc
2017,2017-05-27,0.00220109,0.00029545726,145,57,ERA5_2017.nc
2017,2017-05-28,0.001764893,0.00025669974,145,57,ERA5_2017.nc
2017,2017-05-29,0.0017310524,0.00027123484,145,57,ERA5_2017.nc
2017,2017-05-30,0.0023567616,0.000314051,145,57,ERA5_2017.nc
2017,2017-05-31,0.0020998614,0.00027595513,145,57,ERA5_2017.nc
2017,2017-06-01,0.0016718316,0.00033014652,145,57,ERA5_2017.nc
2017,2017-06-02,0.0026356848,0.00033048817,145,57,ERA5_2017.nc
2017,2017-06-03,0.00237918,0.0002894883,145,57,ERA5_2017.nc
2017,2017-06-04,0.0007508218,0.00016225658,145,57,ERA5_2017.nc
2017,2017-06-05,0.00078699685,0.00017009531,145,57,ERA5_2017.nc
2017,2017-06-06,0.0012386397,0.0001850084,145,57,ERA5_2017.nc
2017,2017-06-07,0.0014805114,0.00023363985,145,57,ERA5_2017.nc
2017,2017-06-08,0.0011117334,0.00018497847,145,57,ERA5_2017.nc
2017,2017-06-09,0.00052335556,0.00013934323,145,57,ERA5_2017.nc
2017,2017-06-10,0.0007349831,0.00013797215,145,57,ERA5_2017.nc
2017,2017-06-11,0.0009552813,0.00016070332,145,57,ERA5_2017.nc
2017,2017-06-12,0.0011646813,0.0002026723,145,57,ERA5_2017.nc
2017,2017-06-13,0.0017065849,0.00022867745,145,57,ERA5_2017.nc
2017,2017-06-14,0.0027390774,0.000307084,145,57,ERA5_2017.nc
2017,2017-06-15,0.0021981723,0.00034404828,145,57,ERA5_2017.nc
2017,2017-06-16,0.0008170408,0.00016604808,145,57,ERA5_2017.nc
2017,2017-06-17,0.0022032429,0.00030290184,145,57,ERA5_2017.nc
2017,2017-06-18,0.0021615347,0.00031489617,145,57,ERA5_2017.nc
2017,2017-06-19,0.0016259986,0.00027536164,145,57,ERA5_2017.nc
2017,2017-06-20,0.0008765559,0.00018955256,145,57,ERA5_2017.nc
2017,2017-06-21,0.0011502055,0.00026660238,145,57,ERA5_2017.nc
2017,2017-06-22,0.001224491,0.00022766693,145,57,ERA5_2017.nc
2017,2017-06-23,0.0021263687,0.00030137086,145,57,ERA5_2017.nc
2017,2017-06-24,0.0023457522,0.00036710282,145,57,ERA5_2017.nc
2017,2017-06-25,0.00052411784,0.00022865152,145,57,ERA5_2017.nc
2017,2017-06-26,0.00039867416,0.00017387664,145,57,ERA5_2017.nc
2017,2017-06-27,0.0018075671,0.00023718692,145,57,ERA5_2017.nc
2017,2017-06-28,0.0030290268,0.00041050639,145,57,ERA5_2017.nc
2017,2017-06-29,0.0013106918,0.00027215993,145,57,ERA5_2017.nc
2017,2017-06-30,0.0008315127,0.00023754504,145,57,ERA5_2017.nc
2017,2017-07-01,0.0013282385,0.00026464328,145,57,ERA5_2017.nc
2017,2017-07-02,0.0014082494,0.00023316177,145,57,ERA5_2017.nc
2017,2017-07-03,0.0017740015,0.00025281063,145,57,ERA5_2017.nc
2017,2017-07-04,0.0026741442,0.00031124929,145,57,ERA5_2017.nc
2017,2017-07-05,0.0020777613,0.00028773208,145,57,ERA5_2017.nc
2017,2017-07-06,0.002656606,0.00043327437,145,57,ERA5_2017.nc
2017,2017-07-07,0.002702233,0.00040296308,145,57,ERA5_2017.nc
2017,2017-07-08,0.001665649,0.00027527043,145,57,ERA5_2017.nc
2017,2017-07-09,0.0022820402,0.0002508702,145,57,ERA5_2017.nc
2017,2017-07-10,0.0014265433,0.00022749511,145,57,ERA5_2017.nc
2017,2017-07-11,0.0022205967,0.0003242433,145,57,ERA5_2017.nc
2017,2017-07-12,0.0020906343,0.00033826398,145,57,ERA5_2017.nc
2017,2017-07-13,0.001749258,0.0003161354,145,57,ERA5_2017.nc
2017,2017-07-14,0.0007484587,0.0002320223,145,57,ERA5_2017.nc
2017,2017-07-15,0.00191584,0.0003606592,145,57,ERA5_2017.nc
2017,2017-07-16,0.0028807763,0.00031440798,145,57,ERA5_2017.nc
2017,2017-07-17,0.0024928176,0.0003777874,145,57,ERA5_2017.nc
2017,2017-07-18,0.001484936,0.0002613141,145,57,ERA5_2017.nc
2017,2017-07-19,0.001950018,0.0003542114,145,57,ERA5_2017.nc
2017,2017-07-20,0.0019400355,0.00035653956,145,57,ERA5_2017.nc
2017,2017-07-21,0.0009922888,0.000227502,145,57,ERA5_2017.nc
2017,2017-07-22,0.0017854468,0.00030721084,145,57,ERA5_2017.nc
2017,2017-07-23,0.0029831533,0.00048144828,145,57,ERA5_2017.nc
2017,2017-07-24,0.0033185342,0.00045851019,145,57,ERA5_2017.nc
2017,2017-07-25,0.003033515,0.0004934331,145,57,ERA5_2017.nc
2017,2017-07-26,0.0017536322,0.00031486817,145,57,ERA5_2017.nc
2017,2017-07-27,0.002143454,0.00040073908,145,57,ERA5_2017.nc
2017,2017-07-28,0.0017242732,0.00037302182,145,57,ERA5_2017.nc
2017,2017-07-29,0.0018684892,0.00035810657,145,57,ERA5_2017.nc
2017,2017-07-30,0.0031295004,0.00055536267,145,57,ERA5_2017.nc
2017,2017-07-31,0.002803669,0.00052754564,145,57,ERA5_2017.nc
2017,2017-08-01,0.0017519095,0.0003529159,145,57,ERA5_2017.nc
2017,2017-08-02,0.001667078,0.0003410757,145,57,ERA5_2017.nc
2017,2017-08-03,0.0020103697,0.0003567047,145,57,ERA5_2017.nc
2017,2017-08-04,0.0018290937,0.00029230464,145,57,ERA5_2017.nc
2017,2017-08-05,0.0027817274,0.00042675322,145,57,ERA5_2017.nc
2017,2017-08-06,0.0028250008,0.0005137775,145,57,ERA5_2017.nc
2017,2017-08-07,0.0025760364,0.0004967409,145,57,ERA5_2017.nc
2017,2017-08-08,0.002304858,0.00050112023,145,57,ERA5_2017.nc
2017,2017-08-09,0.0026192293,0.00045987603,145,57,ERA5_2017.nc
2017,2017-08-10,0.0019486893,0.00043936254,145,57,ERA5_2017.nc
2017,2017-08-11,0.0024148198,0.00047142597,145,57,ERA5_2017.nc
2017,2017-08-12,0.0018121925,0.00040436865,145,57,ERA5_2017.nc
2017,2017-08-13,0.0012485369,0.00032590993,145,57,ERA5_2017.nc
2017,2017-08-14,0.002530823,0.00051163335,145,57,ERA5_2017.nc
2017,2017-08-15,0.0027341195,0.0005115824,145,57,ERA5_2017.nc
2017,2017-08-16,0.0032943548,0.00060032285,145,57,ERA5_2017.nc
2017,2017-08-17,0.001981862,0.0004988002,145,57,ERA5_2017.nc
2017,2017-08-18,0.0019628787,0.00043093675,145,57,ERA5_2017.nc
2017,2017-08-19,0.0025379462,0.0004812487,145,57,ERA5_2017.nc
2017,2017-08-20,0.002598647,0.00044103453,145,57,ERA5_2017.nc
2017,2017-08-21,0.003224596,0.0007130713,145,57,ERA5_2017.nc
2017,2017-08-22,0.0026104604,0.00057715044,145,57,ERA5_2017.nc
2017,2017-08-23,0.0013255343,0.00043021736,145,57,ERA5_2017.nc
2017,2017-08-24,0.002488946,0.00046054987,145,57,ERA5_2017.nc
2017,2017-08-25,0.003582361,0.000614146,145,57,ERA5_2017.nc
2017,2017-08-26,0.0022135791,0.0004819811,145,57,ERA5_2017.nc
2017,2017-08-27,0.0028007822,0.0006590855,145,57,ERA5_2017.nc
2017,2017-08-28,0.0037678191,0.0006713111,145,57,ERA5_2017.nc
2017,2017-08-29,0.0035720456,0.00076018565,145,57,ERA5_2017.nc
2017,2017-08-30,0.0019248486,0.00047878345,145,57,ERA5_2017.nc
2017,2017-08-31,0.0019440902,0.00046222456,145,57,ERA5_2017.nc
2017,2017-09-01,0.0022127086,0.0005035762,145,57,ERA5_2017.nc
2017,2017-09-02,0.0035663906,0.0006885625,145,57,ERA5_2017.nc
2017,2017-09-03,0.004172328,0.00086300424,145,57,ERA5_2017.nc
2017,2017-09-04,0.0025670258,0.00057354517,145,57,ERA5_2017.nc
2017,2017-09-05,0.0027884436,0.00059549685,145,57,ERA5_2017.nc
2017,2017-09-06,0.0019212491,0.00054518227,145,57,ERA5_2017.nc
2017,2017-09-07,0.0015706781,0.0004786377,145,57,ERA5_2017.nc
2017,2017-09-08,0.0020912343,0.00053100305,145,57,ERA5_2017.nc
2017,2017-09-09,0.0028824098,0.00070571096,145,57,ERA5_2017.nc
2017,2017-09-10,0.0023817578,0.00067157,145,57,ERA5_2017.nc
2017,2017-09-11,0.0013766359,0.00045666512,145,57,ERA5_2017.nc
2017,2017-09-12,0.0029560234,0.00067692145,145,57,ERA5_2017.nc
2017,2017-09-13,0.0030213199,0.00076124974,145,57,ERA5_2017.nc
2017,2017-09-14,0.0042467075,0.0008303019,145,57,ERA5_2017.nc
2017,2017-09-15,0.002087934,0.00054635457,145,57,ERA5_2017.nc
2017,2017-09-16,0.0017168513,0.00054714805,145,57,ERA5_2017.nc
2017,2017-09-17,0.0024116319,0.000620113,145,57,ERA5_2017.nc
2017,2017-09-18,0.004096143,0.0008863352,145,57,ERA5_2017.nc
2017,2017-09-19,0.001811017,0.00051675993,145,57,ERA5_2017.nc
2017,2017-09-20,0.0025084694,0.0006737686,145,57,ERA5_2017.nc
2017,2017-09-21,0.0033479016,0.0007311598,145,57,ERA5_2017.nc
2017,2017-09-22,0.0015938063,0.0005704276,145,57,ERA5_2017.nc
2017,2017-09-23,0.0014977457,0.00046502036,145,57,ERA5_2017.nc
2017,2017-09-24,0.0031237667,0.00063419295,145,57,ERA5_2017.nc
2017,2017-09-25,0.0021286318,0.00056509196,145,57,ERA5_2017.nc
2017,2017-09-26,0.0012426835,0.000478512,145,57,ERA5_2017.nc
2017,2017-09-27,0.0009991614,0.00038080534,145,57,ERA5_2017.nc
2017,2017-09-28,0.0021776247,0.00050401164,145,57,ERA5_2017.nc
2017,2017-09-29,0.0022854584,0.00051864027,145,57,ERA5_2017.nc
2017,2017-09-30,0.0025932223,0.00065288856,145,57,ERA5_2017.nc
2017,2017-10-01,0.0010268633,0.0004910843,145,57,ERA5_2017.nc
2017,2017-10-02,0.0015034835,0.00038323866,145,57,ERA5_2017.nc
2017,2017-10-03,0.0012878829,0.0003459519,145,57,ERA5_2017.nc
2017,2017-10-04,0.0011526023,0.0003430166,145,57,ERA5_2017.nc
2017,2017-10-05,0.0010928262,0.0003710977,145,57,ERA5_2017.nc
2017,2017-10-06,0.0010142176,0.00030947733,145,57,ERA5_2017.nc
2017,2017-10-07,0.0015514386,0.00042473697,145,57,ERA5_2017.nc
2017,2017-10-08,0.0014698694,0.00039498194,145,57,ERA5_2017.nc
2017,2017-10-09,0.0028738643,0.000601665,145,57,ERA5_2017.nc
2017,2017-10-10,0.002184324,0.00043739856,145,57,ERA5_2017.nc
2017,2017-10-11,0.0027838957,0.0005580524,145,57,ERA5_2017.nc
2017,2017-10-12,0.0030663426,0.000698131,145,57,ERA5_2017.nc
2017,2017-10-13,0.0020859381,0.0005340577,145,57,ERA5_2017.nc
2017,2017-10-14,0.0029887564,0.00069780194,145,57,ERA5_2017.nc
2017,2017-10-15,0.0026179384,0.000579368,145,57,ERA5_2017.nc
2017,2017-10-16,0.0007853297,0.00040927506,145,57,ERA5_2017.nc
2017,2017-10-17,0.0012771871,0.00050031825,145,57,ERA5_2017.nc
2017,2017-10-18,0.0030446257,0.0007786405,145,57,ERA5_2017.nc
2017,2017-10-19,0.003476127,0.0007569352,145,57,ERA5_2017.nc
2017,2017-10-20,0.001697086,0.00054995867,145,57,ERA5_2017.nc
2017,2017-10-21,0.0016960659,0.00057859544,145,57,ERA5_2017.nc
2017,2017-10-22,0.0016931819,0.0005435797,145,57,ERA5_2017.nc
2017,2017-10-23,0.0016792455,0.0004405336,145,57,ERA5_2017.nc
2017,2017-10-24,0.0019270938,0.0004943981,145,57,ERA5_2017.nc
2017,2017-10-25,0.0021669883,0.0005879225,145,57,ERA5_2017.nc
2017,2017-10-26,0.002102578,0.000581947,145,57,ERA5_2017.nc
2017,2017-10-27,0.0016532748,0.00046444105,145,57,ERA5_2017.nc
2017,2017-10-28,0.0015803282,0.0004533414,145,57,ERA5_2017.nc
2017,2017-10-29,0.0018722052,0.0004356958,145,57,ERA5_2017.nc
2017,2017-10-30,0.0020185239,0.000518471,145,57,ERA5_2017.nc
2017,2017-10-31,0.0015720017,0.0005180227,145,57,ERA5_2017.nc
2017,2017-11-01,0.0006356705,0.00031272942,145,57,ERA5_2017.nc
2017,2017-11-02,0.00183198,0.00047921497,145,57,ERA5_2017.nc
2017,2017-11-03,0.0029996485,0.00064338866,145,57,ERA5_2017.nc
2017,2017-11-04,0.004128821,0.0007965464,145,57,ERA5_2017.nc
2017,2017-11-05,0.0025562674,0.00052344985,145,57,ERA5_2017.nc
2017,2017-11-06,0.002013114,0.0005693242,145,57,ERA5_2017.nc
2017,2017-11-07,0.0024333822,0.0005740235,145,57,ERA5_2017.nc
2017,2017-11-08,0.0011981106,0.00046579452,145,57,ERA5_2017.nc
2017,2017-11-09,0.0015217976,0.00051627075,145,57,ERA5_2017.nc
2017,2017-11-10,0.001738745,0.0006124916,145,57,ERA5_2017.nc
2017,2017-11-11,0.0017944445,0.0006302857,145,57,ERA5_2017.nc
2017,2017-11-12,0.0021207584,0.00071410893,145,57,ERA5_2017.nc
2017,2017-11-13,0.0014662802,0.0005338949,145,57,ERA5_2017.nc
2017,2017-11-14,0.00065850443,0.00040467363,145,57,ERA5_2017.nc
2017,2017-11-15,0.0007055017,0.0003870224,145,57,ERA5_2017.nc
2017,2017-11-16,0.00093831774,0.00041393304,145,57,ERA5_2017.nc
2017,2017-11-17,0.0010629308,0.0004630903,145,57,ERA5_2017.nc
2017,2017-11-18,0.0008940385,0.00037258898,145,57,ERA5_2017.nc
2017,2017-11-19,0.0012896052,0.00045277848,145,57,ERA5_2017.nc
2017,2017-11-20,0.0010841431,0.00042181945,145,57,ERA5_2017.nc
2017,2017-11-21,0.0004534392,0.00033389672,145,57,ERA5_2017.nc
2017,2017-11-22,0.0005235032,0.00031794302,145,57,ERA5_2017.nc
2017,2017-11-23,0.0008535159,0.00034830708,145,57,ERA5_2017.nc
2017,2017-11-24,0.0014280649,0.00045842625,145,57,ERA5_2017.nc
2017,2017-11-25,0.0013097288,0.0004494695,145,57,ERA5_2017.nc
2017,2017-11-26,0.00066086714,0.0003041107,145,57,ERA5_2017.nc
2017,2017-11-27,0.00027911953,0.00026267744,145,57,ERA5_2017.nc
2017,2017-11-28,0.0011692418,0.0003955373,145,57,ERA5_2017.nc
2017,2017-11-29,0.0009929838,0.00034656932,145,57,ERA5_2017.nc
2017,2017-11-30,0.0012513903,0.00034582755,145,57,ERA5_2017.nc
2017,2017-12-01,0.0012993154,0.000388619,145,57,ERA5_2017.nc
2017,2017-12-02,0.00074889755,0.00033601455,145,57,ERA5_2017.nc
2017,2017-12-03,0.0005126122,0.00028559004,145,57,ERA5_2017.nc
2017,2017-12-04,0.00026105123,0.00023677578,145,57,ERA5_2017.nc
2017,2017-12-05,0.00047750404,0.00024409192,145,57,ERA5_2017.nc
2017,2017-12-06,0.00093707995,0.0002840637,145,57,ERA5_2017.nc
2017,2017-12-07,0.0005183074,0.00025941775,145,57,ERA5_2017.nc
2017,2017-12-08,0.0008111721,0.00032871668,145,57,ERA5_2017.nc
2017,2017-12-09,0.00070983777,0.00032588874,145,57,ERA5_2017.nc
2017,2017-12-10,0.00065675005,0.00025031218,145,57,ERA5_2017.nc
2017,2017-12-11,0.00037688878,0.0002698052,145,57,ERA5_2017.nc
2017,2017-12-12,0.00022781796,0.0001940745,145,57,ERA5_2017.nc
2017,2017-12-13,9.3438735e-05,0.00016604054,145,57,ERA5_2017.nc
2017,2017-12-14,0.00017157005,0.00016045119,145,57,ERA5_2017.nc
2017,2017-12-15,0.00060935813,0.00025496242,145,57,ERA5_2017.nc
2017,2017-12-16,0.00038843937,0.0002177743,145,57,ERA5_2017.nc
2017,2017-12-17,0.0003859831,0.00017402234,145,57,ERA5_2017.nc
2017,2017-12-18,0.0006375307,0.00018119428,145,57,ERA5_2017.nc
2017,2017-12-19,0.00068806915,0.00019960228,145,57,ERA5_2017.nc
2017,2017-12-20,0.00046071343,0.00017831274,145,57,ERA5_2017.nc
2017,2017-12-21,0.00026672025,0.00014866736,145,57,ERA5_2017.nc
2017,2017-12-22,0.00037475605,0.00015531923,145,57,ERA5_2017.nc
2017,2017-12-23,0.00053785543,0.00016638072,145,57,ERA5_2017.nc
2017,2017-12-24,0.0007110153,0.00024973296,145,57,ERA5_2017.nc
2017,2017-12-25,0.00033179135,0.00014427557,145,57,ERA5_2017.nc
2017,2017-12-26,0.0001486151,0.00012477447,145,57,ERA5_2017.nc
2017,2017-12-27,0.0003569685,0.000210061,145,57,ERA5_2017.nc
2017,2017-12-28,0.00030604954,0.00014876247,145,57,ERA5_2017.nc
2017,2017-12-29,0.0005294424,0.00016552731,145,57,ERA5_2017.nc
2017,2017-12-30,0.0007801154,0.00016649415,145,57,ERA5_2017.nc
2017,2017-12-31,0.0013702624,0.00020371485,145,57,ERA5_2017.nc
2018,2018-01-01,0.0007902212,0.0002157013,145,57,ERA5_2018.nc
2018,2018-01-02,0.0004887591,0.00014738526,145,57,ERA5_2018.nc
2018,2018-01-03,0.001220207,0.00019453878,145,57,ERA5_2018.nc
2018,2018-01-04,0.0009932079,0.00014301356,145,57,ERA5_2018.nc
2018,2018-01-05,0.0008693703,0.00013796685,145,57,ERA5_2018.nc
2018,2018-01-06,0.0005964653,0.00015327932,145,57,ERA5_2018.nc
2018,2018-01-07,0.00017737737,0.00011617207,145,57,ERA5_2018.nc
2018,2018-01-08,0.00011949557,0.0001135332,145,57,ERA5_2018.nc
2018,2018-01-09,0.000112458685,0.00010299988,145,57,ERA5_2018.nc
2018,2018-01-10,0.00022395607,0.00013467329,145,57,ERA5_2018.nc
2018,2018-01-11,0.0002166567,0.00010451258,145,57,ERA5_2018.nc
2018,2018-01-12,0.00041197927,0.0001167338,145,57,ERA5_2018.nc
2018,2018-01-13,0.0006738816,0.00012848133,145,57,ERA5_2018.nc
2018,2018-01-14,0.0006442702,0.000118895725,145,57,ERA5_2018.nc
2018,2018-01-15,0.00060811976,0.00012307739,145,57,ERA5_2018.nc
2018,2018-01-16,0.0002119073,9.9997276e-05,145,57,ERA5_2018.nc
2018,2018-01-17,0.00035292504,0.00010766089,145,57,ERA5_2018.nc
2018,2018-01-18,0.0005107473,0.00010736348,145,57,ERA5_2018.nc
2018,2018-01-19,0.0004921443,0.00010797333,145,57,ERA5_2018.nc
2018,2018-01-20,0.00040752275,0.0001012578,145,57,ERA5_2018.nc
2018,2018-01-21,0.00023245797,9.3300216e-05,145,57,ERA5_2018.nc
2018,2018-01-22,0.0006059867,0.00012861146,145,57,ERA5_2018.nc
2018,2018-01-23,0.0006594821,0.00017056506,145,57,ERA5_2018.nc
2018,2018-01-24,0.0010058309,0.00013338076,145,57,ERA5_2018.nc
2018,2018-01-25,0.0012711431,0.0001788575,145,57,ERA5_2018.nc
2018,2018-01-26,0.00082308054,0.00012327454,145,57,ERA5_2018.nc
2018,2018-01-27,0.00039218576,0.000113605936,145,57,ERA5_2018.nc
2018,2018-01-28,0.00012866428,7.764363e-05,145,57,ERA5_2018.nc
2018,2018-01-29,0.0001768781,8.434136e-05,145,57,ERA5_2018.nc
2018,2018-01-30,0.00022161464,8.694902e-05,145,57,ERA5_2018.nc
2018,2018-01-31,8.007258e-05,7.129408e-05,145,57,ERA5_2018.nc
2018,2018-02-01,3.614495e-05,6.413419e-05,145,57,ERA5_2018.nc
2018,2018-02-02,0.00013182484,7.0512564e-05,145,57,ERA5_2018.nc
2018,2018-02-03,8.824545e-05,7.16722e-05,145,57,ERA5_2018.nc
2018,2018-02-04,0.00014392579,6.734426e-05,145,57,ERA5_2018.nc
2018,2018-02-05,8.36891e-05,7.151856e-05,145,57,ERA5_2018.nc
2018,2018-02-06,0.00014155556,7.482939e-05,145,57,ERA5_2018.nc
2018,2018-02-07,0.00014558763,7.08398e-05,145,57,ERA5_2018.nc
2018,2018-02-08,0.00035463853,8.9884925e-05,145,57,ERA5_2018.nc
2018,2018-02-09,0.0004263995,8.644674e-05,145,57,ERA5_2018.nc
2018,2018-02-10,0.00056643045,8.2418606e-05,145,57,ERA5_2018.nc
2018,2018-02-11,0.00014058451,6.591029e-05,145,57,ERA5_2018.nc
2018,2018-02-12,0.0006681812,6.1609666e-05,145,57,ERA5_2018.nc
2018,2018-02-13,0.0006462033,6.0270457e-05,145,57,ERA5_2018.nc
2018,2018-02-14,0.00048671028,7.550828e-05,145,57,ERA5_2018.nc
2018,2018-02-15,0.00033291068,5.0184444e-05,145,57,ERA5_2018.nc
2018,2018-02-16,0.00088141864,8.062235e-05,145,57,ERA5_2018.nc
2018,2018-02-17,0.00113099,9.6547825e-05,145,57,ERA5_2018.nc
2018,2018-02-18,0.0016187221,0.0001919124,145,57,ERA5_2018.nc
2018,2018-02-19,0.0008289472,9.6694064e-05,145,57,ERA5_2018.nc
2018,2018-02-20,0.0012943833,0.00016106234,145,57,ERA5_2018.nc
2018,2018-02-21,0.001180259,0.00015091378,145,57,ERA5_2018.nc
2018,2018-02-22,0.001096325,0.0001245522,145,57,ERA5_2018.nc
2018,2018-02-23,0.0018516505,0.0001969358,145,57,ERA5_2018.nc
2018,2018-02-24,0.0016681321,0.00021642173,145,57,ERA5_2018.nc
2018,2018-02-25,0.0008806309,0.000110599256,145,57,ERA5_2018.nc
2018,2018-02-26,0.0010640374,0.00010612575,145,57,ERA5_2018.nc
2018,2018-02-27,0.0022004312,0.00027148705,145,57,ERA5_2018.nc
2018,2018-02-28,0.0016140809,0.00014851254,145,57,ERA5_2018.nc
2018,2018-03-01,0.0016525415,0.00014625807,145,57,ERA5_2018.nc
2018,2018-03-02,0.002372263,0.00017896615,145,57,ERA5_2018.nc
2018,2018-03-03,0.0010010828,0.00013897322,145,57,ERA5_2018.nc
2018,2018-03-04,0.0014492571,0.00015970497,145,57,ERA5_2018.nc
2018,2018-03-05,0.0011797666,0.0001988878,145,57,ERA5_2018.nc
2018,2018-03-06,0.0011808405,0.00015066193,145,57,ERA5_2018.nc
2018,2018-03-07,0.0005466913,9.8923454e-05,145,57,ERA5_2018.nc
2018,2018-03-08,0.0006036011,9.7309894e-05,145,57,ERA5_2018.nc
2018,2018-03-09,0.0006926601,0.00012540116,145,57,ERA5_2018.nc
2018,2018-03-10,0.0011577492,0.00014102942,145,57,ERA5_2018.nc
2018,2018-03-11,0.0013802198,0.00019936613,145,57,ERA5_2018.nc
2018,2018-03-12,0.0018079961,0.00026070906,145,57,ERA5_2018.nc
2018,2018-03-13,0.0013803568,0.00017303019,145,57,ERA5_2018.nc
2018,2018-03-14,0.0015304184,0.00027780165,145,57,ERA5_2018.nc
2018,2018-03-15,0.0025055495,0.00027475733,145,57,ERA5_2018.nc
2018,2018-03-16,0.00076959084,0.0001361611,145,57,ERA5_2018.nc
2018,2018-03-17,0.00083520904,0.0001567161,145,57,ERA5_2018.nc
2018,2018-03-18,0.0023187143,0.00027539462,145,57,ERA5_2018.nc
2018,2018-03-19,0.002204222,0.00029637117,145,57,ERA5_2018.nc
2018,2018-03-20,0.0016915884,0.00025767172,145,57,ERA5_2018.nc
2018,2018-03-21,0.0018627808,0.00026638823,145,57,ERA5_2018.nc
2018,2018-03-22,0.0006250594,0.00011903364,145,57,ERA5_2018.nc
2018,2018-03-23,0.0013169193,0.00017317734,145,57,ERA5_2018.nc
2018,2018-03-24,0.0020001167,0.000351817,145,57,ERA5_2018.nc
2018,2018-03-25,0.0010552142,0.00023443667,145,57,ERA5_2018.nc
2018,2018-03-26,0.0010594133,0.0001564156,145,57,ERA5_2018.nc
2018,2018-03-27,0.0015150465,0.0002202809,145,57,ERA5_2018.nc
2018,2018-03-28,0.002469146,0.000339522,145,57,ERA5_2018.nc
2018,2018-03-29,0.0021964838,0.00022735761,145,57,ERA5_2018.nc
2018,2018-03-30,0.0015269718,0.00019714475,145,57,ERA5_2018.nc
2018,2018-03-31,0.00080936856,0.00013499573,145,57,ERA5_2018.nc
2018,2018-04-01,0.0013208471,0.00024511616,145,57,ERA5_2018.nc
2018,2018-04-02,0.001740478,0.0002883595,145,57,ERA5_2018.nc
2018,2018-04-03,0.0035922988,0.0005052454,145,57,ERA5_2018.nc
2018,2018-04-04,0.002712573,0.0004298818,145,57,ERA5_2018.nc
2018,2018-04-05,0.0019920575,0.00038668994,145,57,ERA5_2018.nc
2018,2018-04-06,0.002057678,0.00042486298,145,57,ERA5_2018.nc
2018,2018-04-07,0.002328354,0.00032592623,145,57,ERA5_2018.nc
2018,2018-04-08,0.002772957,0.00039182632,145,57,ERA5_2018.nc
2018,2018-04-09,0.001136844,0.00025081748,145,57,ERA5_2018.nc
2018,2018-04-10,0.002080868,0.0004207494,145,57,ERA5_2018.nc
2018,2018-04-11,0.003137274,0.0006986189,145,57,ERA5_2018.nc
2018,2018-04-12,0.0017801515,0.0004724183,145,57,ERA5_2018.nc
2018,2018-04-13,0.0022864514,0.00053884607,145,57,ERA5_2018.nc
2018,2018-04-14,0.0026637246,0.0005287037,145,57,ERA5_2018.nc
2018,2018-04-15,0.00088279194,0.00026112449,145,57,ERA5_2018.nc
2018,2018-04-16,0.00215369,0.0003319232,145,57,ERA5_2018.nc
2018,2018-04-17,0.0009314732,0.00023651455,145,57,ERA5_2018.nc
2018,2018-04-18,0.00063602225,0.00027888484,145,57,ERA5_2018.nc
2018,2018-04-19,0.00075713196,0.00023953494,145,57,ERA5_2018.nc
2018,2018-04-20,0.0014211135,0.00030375348,145,57,ERA5_2018.nc
2018,2018-04-21,0.00301824,0.00057590875,145,57,ERA5_2018.nc
2018,2018-04-22,0.0021757046,0.00047293556,145,57,ERA5_2018.nc
2018,2018-04-23,0.0013102794,0.00035844638,145,57,ERA5_2018.nc
2018,2018-04-24,0.0032536918,0.0006294226,145,57,ERA5_2018.nc
2018,2018-04-25,0.002664036,0.00054523326,145,57,ERA5_2018.nc
2018,2018-04-26,0.0026522677,0.00054416625,145,57,ERA5_2018.nc
2018,2018-04-27,0.0017861542,0.00053148734,145,57,ERA5_2018.nc
2018,2018-04-28,0.0017332397,0.00056566426,145,57,ERA5_2018.nc
2018,2018-04-29,0.0014933969,0.00047697566,145,57,ERA5_2018.nc
2018,2018-04-30,0.001984851,0.0005183417,145,57,ERA5_2018.nc
2018,2018-05-01,0.0017505246,0.000533915,145,57,ERA5_2018.nc
2018,2018-05-02,0.0008257855,0.00028336202,145,57,ERA5_2018.nc
2018,2018-05-03,0.00073402293,0.00023680105,145,57,ERA5_2018.nc
2018,2018-05-04,0.0013353764,0.00026942068,145,57,ERA5_2018.nc
2018,2018-05-05,0.002336564,0.0003611188,145,57,ERA5_2018.nc
2018,2018-05-06,0.002300313,0.00047021543,145,57,ERA5_2018.nc
2018,2018-05-07,0.0026586833,0.0005776072,145,57,ERA5_2018.nc
2018,2018-05-08,0.0013561198,0.00028080796,145,57,ERA5_2018.nc
2018,2018-05-09,0.0027934767,0.0003776534,145,57,ERA5_2018.nc
2018,2018-05-10,0.0021638363,0.00037981736,145,57,ERA5_2018.nc
2018,2018-05-11,0.001396108,0.00036337457,145,57,ERA5_2018.nc
2018,2018-05-12,0.00077375217,0.00021927842,145,57,ERA5_2018.nc
2018,2018-05-13,0.0013749006,0.00025080837,145,57,ERA5_2018.nc
2018,2018-05-14,0.002372742,0.00034761557,145,57,ERA5_2018.nc
2018,2018-05-15,0.0046503907,0.0006941728,145,57,ERA5_2018.nc
2018,2018-05-16,0.0017588252,0.0004525074,145,57,ERA5_2018.nc
2018,2018-05-17,0.00080715097,0.00026304345,145,57,ERA5_2018.nc
2018,2018-05-18,0.0011133612,0.0003072319,145,57,ERA5_2018.nc
2018,2018-05-19,0.0025674826,0.0005193106,145,57,ERA5_2018.nc
2018,2018-05-20,0.0020904124,0.00048946607,145,57,ERA5_2018.nc
2018,2018-05-21,0.0036109136,0.00076592725,145,57,ERA5_2018.nc
2018,2018-05-22,0.002982323,0.0005526324,145,57,ERA5_2018.nc
2018,2018-05-23,0.002386318,0.0004564332,145,57,ERA5_2018.nc
2018,2018-05-24,0.0015264028,0.00034496217,145,57,ERA5_2018.nc
2018,2018-05-25,0.0025562872,0.00044620177,145,57,ERA5_2018.nc
2018,2018-05-26,0.0019474498,0.00045475145,145,57,ERA5_2018.nc
2018,2018-05-27,0.0021771318,0.00037486368,145,57,ERA5_2018.nc
2018,2018-05-28,0.0022953392,0.00038958993,145,57,ERA5_2018.nc
2018,2018-05-29,0.0027278075,0.00039781112,145,57,ERA5_2018.nc
2018,2018-05-30,0.0020394102,0.0003141036,145,57,ERA5_2018.nc
2018,2018-05-31,0.0015854983,0.00032307435,145,57,ERA5_2018.nc
2018,2018-06-01,0.0013080342,0.0002983567,145,57,ERA5_2018.nc
2018,2018-06-02,0.0013925594,0.00030975626,145,57,ERA5_2018.nc
2018,2018-06-03,0.0022236668,0.00046441134,145,57,ERA5_2018.nc
2018,2018-06-04,0.0033075383,0.00062856596,145,57,ERA5_2018.nc
2018,2018-06-05,0.0029207338,0.00062629627,145,57,ERA5_2018.nc
2018,2018-06-06,0.0011849802,0.00033775513,145,57,ERA5_2018.nc
2018,2018-06-07,0.0010569564,0.00030771113,145,57,ERA5_2018.nc
2018,2018-06-08,0.001011515,0.00037751455,145,57,ERA5_2018.nc
2018,2018-06-09,0.0008599795,0.00036119894,145,57,ERA5_2018.nc
2018,2018-06-10,0.0010247862,0.0003556225,145,57,ERA5_2018.nc
2018,2018-06-11,0.0008225702,0.0002639616,145,57,ERA5_2018.nc
2018,2018-06-12,0.0009893226,0.00032117852,145,57,ERA5_2018.nc
2018,2018-06-13,0.00094169925,0.00026938028,145,57,ERA5_2018.nc
2018,2018-06-14,0.0005862125,0.00020620096,145,57,ERA5_2018.nc
2018,2018-06-15,0.00055540213,0.00023731941,145,57,ERA5_2018.nc
2018,2018-06-16,0.00052530237,0.00022767883,145,57,ERA5_2018.nc
2018,2018-06-17,0.0014880336,0.0002882002,145,57,ERA5_2018.nc
2018,2018-06-18,0.003638904,0.00039913075,145,57,ERA5_2018.nc
2018,2018-06-19,0.002902498,0.00047827032,145,57,ERA5_2018.nc
2018,2018-06-20,0.0019576487,0.0003390315,145,57,ERA5_2018.nc
2018,2018-06-21,0.0022905818,0.0003296127,145,57,ERA5_2018.nc
2018,2018-06-22,0.002251531,0.0003178529,145,57,ERA5_2018.nc
2018,2018-06-23,0.001622045,0.00033905735,145,57,ERA5_2018.nc
2018,2018-06-24,0.0009199755,0.00024477858,145,57,ERA5_2018.nc
2018,2018-06-25,0.001830285,0.00034285916,145,57,ERA5_2018.nc
2018,2018-06-26,0.0019196791,0.00029823126,145,57,ERA5_2018.nc
2018,2018-06-27,0.0017475474,0.0003484612,145,57,ERA5_2018.nc
2018,2018-06-28,0.002313192,0.0003451237,145,57,ERA5_2018.nc
2018,2018-06-29,0.0024571097,0.00035081897,145,57,ERA5_2018.nc
2018,2018-06-30,0.0026733365,0.00039740602,145,57,ERA5_2018.nc
2018,2018-07-01,0.0018270192,0.00035847846,145,57,ERA5_2018.nc
2018,2018-07-02,0.0018121606,0.00033484463,145,57,ERA5_2018.nc
2018,2018-07-03,0.001414532,0.00033187904,145,57,ERA5_2018.nc
2018,2018-07-04,0.0019769995,0.00033177945,145,57,ERA5_2018.nc
2018,2018-07-05,0.0015625751,0.00029019063,145,57,ERA5_2018.nc
2018,2018-07-06,0.00064089475,0.00024987356,145,57,ERA5_2018.nc
2018,2018-07-07,0.00081337045,0.00021469634,145,57,ERA5_2018.nc
2018,2018-07-08,0.001028668,0.0002594259,145,57,ERA5_2018.nc
2018,2018-07-09,0.0012448584,0.0002344246,145,57,ERA5_2018.nc
2018,2018-07-10,0.002017001,0.00031478543,145,57,ERA5_2018.nc
2018,2018-07-11,0.0016450215,0.00026826753,145,57,ERA5_2018.nc
2018,2018-07-12,0.0011742404,0.00025982573,145,57,ERA5_2018.nc
2018,2018-07-13,0.0008654735,0.00022026978,145,57,ERA5_2018.nc
2018,2018-07-14,0.0016090949,0.0002772702,145,57,ERA5_2018.nc
2018,2018-07-15,0.0023436858,0.00031320337,145,57,ERA5_2018.nc
2018,2018-07-16,0.0017029373,0.0003117701,145,57,ERA5_2018.nc
2018,2018-07-17,0.0012762647,0.00023373905,145,57,ERA5_2018.nc
2018,2018-07-18,0.0013097929,0.00026825635,145,57,ERA5_2018.nc
2018,2018-07-19,0.0011349646,0.00024170682,145,57,ERA5_2018.nc
2018,2018-07-20,0.00063418096,0.00019282698,145,57,ERA5_2018.nc
2018,2018-07-21,0.00092493335,0.00026058604,145,57,ERA5_2018.nc
2018,2018-07-22,0.0021053995,0.0003000539,145,57,ERA5_2018.nc
2018,2018-07-23,0.0015891786,0.00024983194,145,57,ERA5_2018.nc
2018,2018-07-24,0.002221543,0.00022601578,145,57,ERA5_2018.nc
2018,2018-07-25,0.0017065147,0.00022680628,145,57,ERA5_2018.nc
2018,2018-07-26,0.0020624562,0.0003366121,145,57,ERA5_2018.nc
2018,2018-07-27,0.0021749074,0.0004197458,145,57,ERA5_2018.nc
2018,2018-07-28,0.00251075,0.00033307547,145,57,ERA5_2018.nc
2018,2018-07-29,0.0022779997,0.00032513594,145,57,ERA5_2018.nc
2018,2018-07-30,0.0023500226,0.00029995682,145,57,ERA5_2018.nc
2018,2018-07-31,0.003171265,0.0003561462,145,57,ERA5_2018.nc
2018,2018-08-01,0.002315078,0.00036125194,145,57,ERA5_2018.nc
2018,2018-08-02,0.0020236904,0.00031636117,145,57,ERA5_2018.nc
2018,2018-08-03,0.0020214801,0.00029629632,145,57,ERA5_2018.nc
2018,2018-08-04,0.0026436527,0.00027764853,145,57,ERA5_2018.nc
2018,2018-08-05,0.0020951494,0.00027467695,145,57,ERA5_2018.nc
2018,2018-08-06,0.0027339016,0.00029907812,145,57,ERA5_2018.nc
2018,2018-08-07,0.0035352972,0.00037523094,145,57,ERA5_2018.nc
2018,2018-08-08,0.00082107924,0.00021971248,145,57,ERA5_2018.nc
2018,2018-08-09,0.0008057412,0.0001922694,145,57,ERA5_2018.nc
2018,2018-08-10,0.0016081653,0.00029193674,145,57,ERA5_2018.nc
2018,2018-08-11,0.0020855987,0.00025989139,145,57,ERA5_2018.nc
2018,2018-08-12,0.0023518295,0.00036775935,145,57,ERA5_2018.nc
2018,2018-08-13,0.001352087,0.00021801153,145,57,ERA5_2018.nc
2018,2018-08-14,0.000834499,0.00018943276,145,57,ERA5_2018.nc
2018,2018-08-15,0.0026648296,0.0002768818,145,57,ERA5_2018.nc
2018,2018-08-16,0.002272862,0.0002858999,145,57,ERA5_2018.nc
2018,2018-08-17,0.0019849397,0.0003495182,145,57,ERA5_2018.nc
2018,2018-08-18,0.0024685904,0.00034823426,145,57,ERA5_2018.nc
2018,2018-08-19,0.002465832,0.0003089721,145,57,ERA5_2018.nc
2018,2018-08-20,0.0037510176,0.0005284182,145,57,ERA5_2018.nc
2018,2018-08-21,0.0033131,0.00059645146,145,57,ERA5_2018.nc
2018,2018-08-22,0.002813201,0.00034495263,145,57,ERA5_2018.nc
2018,2018-08-23,0.0045915423,0.0005786602,145,57,ERA5_2018.nc
2018,2018-08-24,0.0031682218,0.00051082345,145,57,ERA5_2018.nc
2018,2018-08-25,0.0031034267,0.0005379464,145,57,ERA5_2018.nc
2018,2018-08-26,0.0021861875,0.00042816356,145,57,ERA5_2018.nc
2018,2018-08-27,0.0028658765,0.00041998996,145,57,ERA5_2018.nc
2018,2018-08-28,0.0037306529,0.00067276834,145,57,ERA5_2018.nc
2018,2018-08-29,0.0027950185,0.00046723773,145,57,ERA5_2018.nc
2018,2018-08-30,0.002505862,0.0003969276,145,57,ERA5_2018.nc
2018,2018-08-31,0.0025800522,0.00052897714,145,57,ERA5_2018.nc
2018,2018-09-01,0.0016391877,0.0003689704,145,57,ERA5_2018.nc
2018,2018-09-02,0.003491022,0.00068714947,145,57,ERA5_2018.nc
2018,2018-09-03,0.004034349,0.000874448,145,57,ERA5_2018.nc
2018,2018-09-04,0.002605373,0.0006186883,145,57,ERA5_2018.nc
2018,2018-09-05,0.00130809,0.0004461468,145,57,ERA5_2018.nc
2018,2018-09-06,0.0023752865,0.00046118445,145,57,ERA5_2018.nc
2018,2018-09-07,0.0036580977,0.00061171176,145,57,ERA5_2018.nc
2018,2018-09-08,0.0019417992,0.00039629484,145,57,ERA5_2018.nc
2018,2018-09-09,0.0013288396,0.00038159685,145,57,ERA5_2018.nc
2018,2018-09-10,0.0013653022,0.00031405335,145,57,ERA5_2018.nc
2018,2018-09-11,0.0030987533,0.0004920636,145,57,ERA5_2018.nc
2018,2018-09-12,0.0031594043,0.0005589728,145,57,ERA5_2018.nc
2018,2018-09-13,0.0015448122,0.00042227094,145,57,ERA5_2018.nc
2018,2018-09-14,0.0012115734,0.00041378968,145,57,ERA5_2018.nc
2018,2018-09-15,0.0015691011,0.0003434039,145,57,ERA5_2018.nc
2018,2018-09-16,0.000893167,0.00029342863,145,57,ERA5_2018.nc
2018,2018-09-17,0.0018841915,0.00038845988,145,57,ERA5_2018.nc
2018,2018-09-18,0.002552153,0.00046984904,145,57,ERA5_2018.nc
2018,2018-09-19,0.0012149133,0.00033342006,145,57,ERA5_2018.nc
2018,2018-09-20,0.0012687395,0.0003005506,145,57,ERA5_2018.nc
2018,2018-09-21,0.0015367742,0.0003803597,145,57,ERA5_2018.nc
2018,2018-09-22,0.0012939768,0.00030353747,145,57,ERA5_2018.nc
2018,2018-09-23,0.0013293177,0.00030423043,145,57,ERA5_2018.nc
2018,2018-09-24,0.0016645195,0.0003298674,145,57,ERA5_2018.nc
2018,2018-09-25,0.0014945788,0.00040537983,145,57,ERA5_2018.nc
2018,2018-09-26,0.00040167276,0.00020362693,145,57,ERA5_2018.nc
2018,2018-09-27,0.0012315235,0.0002581078,145,57,ERA5_2018.nc
2018,2018-09-28,0.0016739883,0.00035691814,145,57,ERA5_2018.nc
2018,2018-09-29,0.0023794463,0.00038106396,145,57,ERA5_2018.nc
2018,2018-09-30,0.0017739277,0.0003404203,145,57,ERA5_2018.nc
2018,2018-10-01,0.0013463757,0.00034644417,145,57,ERA5_2018.nc
2018,2018-10-02,0.0019506956,0.00036509836,145,57,ERA5_2018.nc
2018,2018-10-03,0.0016579935,0.0003409264,145,57,ERA5_2018.nc
2018,2018-10-04,0.0010179929,0.00031078176,145,57,ERA5_2018.nc
2018,2018-10-05,0.0013232941,0.0003134182,145,57,ERA5_2018.nc
2018,2018-10-06,0.0014149803,0.00029788294,145,57,ERA5_2018.nc
2018,2018-10-07,0.0019650531,0.0004291295,145,57,ERA5_2018.nc
2018,2018-10-08,0.0018372997,0.0003829862,145,57,ERA5_2018.nc
2018,2018-10-09,0.0030638492,0.0006221428,145,57,ERA5_2018.nc
2018,2018-10-10,0.0028614537,0.0004723277,145,57,ERA5_2018.nc
2018,2018-10-11,0.0021886576,0.0004966349,145,57,ERA5_2018.nc
2018,2018-10-12,0.0022789116,0.000551247,145,57,ERA5_2018.nc
2018,2018-10-13,0.0020584809,0.0005225715,145,57,ERA5_2018.nc
2018,2018-10-14,0.0027689503,0.0005331715,145,57,ERA5_2018.nc
2018,2018-10-15,0.0013045627,0.00043717766,145,57,ERA5_2018.nc
2018,2018-10-16,0.0013531019,0.000386721,145,57,ERA5_2018.nc
2018,2018-10-17,0.002514115,0.00060014613,145,57,ERA5_2018.nc
2018,2018-10-18,0.0031947566,0.0006321342,145,57,ERA5_2018.nc
2018,2018-10-19,0.0035527605,0.00065067864,145,57,ERA5_2018.nc
2018,2018-10-20,0.00059412885,0.0002886476,145,57,ERA5_2018.nc
2018,2018-10-21,0.00030969936,0.00024873816,145,57,ERA5_2018.nc
2018,2018-10-22,0.00053642236,0.00025414553,145,57,ERA5_2018.nc
2018,2018-10-23,0.0011456325,0.00029617938,145,57,ERA5_2018.nc
2018,2018-10-24,0.0013847135,0.000306755,145,57,ERA5_2018.nc
2018,2018-10-25,0.0021458282,0.0003944049,145,57,ERA5_2018.nc
2018,2018-10-26,0.0014265305,0.00035897383,145,57,ERA5_2018.nc
2018,2018-10-27,0.0019692667,0.00040832558,145,57,ERA5_2018.nc
2018,2018-10-28,0.0014868282,0.00033147898,145,57,ERA5_2018.nc
2018,2018-10-29,0.0012343227,0.0002946845,145,57,ERA5_2018.nc
2018,2018-10-30,0.0021784776,0.00041552683,145,57,ERA5_2018.nc
2018,2018-10-31,0.0016256567,0.00039358993,145,57,ERA5_2018.nc
2018,2018-11-01,0.0022790772,0.000476184,145,57,ERA5_2018.nc
2018,2018-11-02,0.002341494,0.00054503564,145,57,ERA5_2018.nc
2018,2018-11-03,0.0019795848,0.0004373608,145,57,ERA5_2018.nc
2018,2018-11-04,0.0017583675,0.00043795185,145,57,ERA5_2018.nc
2018,2018-11-05,0.0012603088,0.00039158924,145,57,ERA5_2018.nc
2018,2018-11-06,0.0010428436,0.0003529832,145,57,ERA5_2018.nc
2018,2018-11-07,0.00090580207,0.0003376868,145,57,ERA5_2018.nc
2018,2018-11-08,0.0012385615,0.00042510562,145,57,ERA5_2018.nc
2018,2018-11-09,0.0020272755,0.0005767803,145,57,ERA5_2018.nc
2018,2018-11-10,0.0020529227,0.00048303735,145,57,ERA5_2018.nc
2018,2018-11-11,0.000877145,0.00031980302,145,57,ERA5_2018.nc
2018,2018-11-12,0.00036036238,0.00021922545,145,57,ERA5_2018.nc
2018,2018-11-13,0.0013785614,0.00030972238,145,57,ERA5_2018.nc
2018,2018-11-14,0.00092683156,0.00025027737,145,57,ERA5_2018.nc
2018,2018-11-15,0.0017210124,0.00052002084,145,57,ERA5_2018.nc
2018,2018-11-16,0.0018364261,0.00050299516,145,57,ERA5_2018.nc
2018,2018-11-17,0.0012442577,0.00038289503,145,57,ERA5_2018.nc
2018,2018-11-18,0.0015087926,0.00044140616,145,57,ERA5_2018.nc
2018,2018-11-19,0.0008990498,0.00030005196,145,57,ERA5_2018.nc
2018,2018-11-20,0.0011885334,0.0003512731,145,57,ERA5_2018.nc
2018,2018-11-21,0.00063648453,0.00028094923,145,57,ERA5_2018.nc
2018,2018-11-22,0.00085215794,0.0002704427,145,57,ERA5_2018.nc
2018,2018-11-23,0.0009793929,0.0002475832,145,57,ERA5_2018.nc
2018,2018-11-24,0.00048397266,0.00025661656,145,57,ERA5_2018.nc
2018,2018-11-25,0.00030160783,0.00018300654,145,57,ERA5_2018.nc
2018,2018-11-26,0.0007768732,0.00021720013,145,57,ERA5_2018.nc
2018,2018-11-27,0.0009707834,0.00027947937,145,57,ERA5_2018.nc
2018,2018-11-28,0.0007230652,0.0003383308,145,57,ERA5_2018.nc
2018,2018-11-29,0.0004711581,0.00021166024,145,57,ERA5_2018.nc
2018,2018-11-30,0.0010991946,0.00021429386,145,57,ERA5_2018.nc
2018,2018-12-01,0.00068314513,0.00025775176,145,57,ERA5_2018.nc
2018,2018-12-02,0.0011475002,0.00023847568,145,57,ERA5_2018.nc
2018,2018-12-03,0.0023054136,0.00038064132,145,57,ERA5_2018.nc
2018,2018-12-04,0.0019287848,0.00028719383,145,57,ERA5_2018.nc
2018,2018-12-05,0.0017586681,0.00025874694,145,57,ERA5_2018.nc
2018,2018-12-06,0.00097572606,0.00017825293,145,57,ERA5_2018.nc
2018,2018-12-07,0.0008648938,0.00023079416,145,57,ERA5_2018.nc
2018,2018-12-08,0.0018106598,0.00043062586,145,57,ERA5_2018.nc
2018,2018-12-09,0.002040301,0.0003258435,145,57,ERA5_2018.nc
2018,2018-12-10,0.0015607572,0.00032365415,145,57,ERA5_2018.nc
2018,2018-12-11,0.0015198425,0.0002836651,145,57,ERA5_2018.nc
2018,2018-12-12,0.0008150556,0.00023349014,145,57,ERA5_2018.nc
2018,2018-12-13,0.000780232,0.00026573468,145,57,ERA5_2018.nc
2018,2018-12-14,0.00084142643,0.00025776302,145,57,ERA5_2018.nc
2018,2018-12-15,0.000992687,0.0002882791,145,57,ERA5_2018.nc
2018,2018-12-16,0.0010509489,0.0003131104,145,57,ERA5_2018.nc
2018,2018-12-17,0.0010038009,0.00028683434,145,57,ERA5_2018.nc
2018,2018-12-18,0.0006960298,0.00021138853,145,57,ERA5_2018.nc
2018,2018-12-19,0.0010800385,0.00026910906,145,57,ERA5_2018.nc
2018,2018-12-20,0.0006073295,0.00025523687,145,57,ERA5_2018.nc
2018,2018-12-21,0.00065992714,0.00019690875,145,57,ERA5_2018.nc
2018,2018-12-22,0.00046075732,0.0001891467,145,57,ERA5_2018.nc
2018,2018-12-23,0.00079417217,0.00022016434,145,57,ERA5_2018.nc
2018,2018-12-24,0.00055990554,0.00020987421,145,57,ERA5_2018.nc
2018,2018-12-25,0.0002796935,0.0001499459,145,57,ERA5_2018.nc
2018,2018-12-26,0.00090678904,0.00014162046,145,57,ERA5_2018.nc
2018,2018-12-27,0.0009388364,0.000205495,145,57,ERA5_2018.nc
2018,2018-12-28,0.00066912395,0.00018297778,145,57,ERA5_2018.nc
2018,2018-12-29,0.0008101507,0.00018684975,145,57,ERA5_2018.nc
2018,2018-12-30,0.00084000686,0.00019829179,145,57,ERA5_2018.nc
2018,2018-12-31,0.0010098433,0.0002425036,145,57,ERA5_2018.nc
2019,2019-01-01,0.0006603152,0.00019253588,145,57,ERA5_2019.nc
2019,2019-01-02,0.0007196001,0.00019984151,145,57,ERA5_2019.nc
2019,2019-01-03,0.0003639212,0.00014122727,145,57,ERA5_2019.nc
2019,2019-01-04,0.0007075757,0.000171775,145,57,ERA5_2019.nc
2019,2019-01-05,0.0013325098,0.00029657106,145,57,ERA5_2019.nc
2019,2019-01-06,0.0009614495,0.00018699086,145,57,ERA5_2019.nc
2019,2019-01-07,0.0011157776,0.00017818864,145,57,ERA5_2019.nc
2019,2019-01-08,0.0009375254,0.0002071402,145,57,ERA5_2019.nc
2019,2019-01-09,0.0005114658,0.00015649723,145,57,ERA5_2019.nc
2019,2019-01-10,0.00023308424,0.00013451744,145,57,ERA5_2019.nc
2019,2019-01-11,0.00024005817,0.00014222288,145,57,ERA5_2019.nc
2019,2019-01-12,0.00013851147,0.000112665395,145,57,ERA5_2019.nc
2019,2019-01-13,0.0006739759,0.00011717025,145,57,ERA5_2019.nc
2019,2019-01-14,0.0008945853,0.00016173313,145,57,ERA5_2019.nc
2019,2019-01-15,0.0008989201,0.00015393116,145,57,ERA5_2019.nc
2019,2019-01-16,0.0015961563,0.00018015291,145,57,ERA5_2019.nc
2019,2019-01-17,0.00039078173,0.00013447537,145,57,ERA5_2019.nc
2019,2019-01-18,0.00090711965,0.00017521197,145,57,ERA5_2019.nc
2019,2019-01-19,0.00033738153,0.00012768581,145,57,ERA5_2019.nc
2019,2019-01-20,0.00077819166,0.00014556196,145,57,ERA5_2019.nc
2019,2019-01-21,0.0006581755,0.00017424357,145,57,ERA5_2019.nc
2019,2019-01-22,0.00014819475,0.00010639662,145,57,ERA5_2019.nc
2019,2019-01-23,0.00030892974,0.00014628787,145,57,ERA5_2019.nc
2019,2019-01-24,0.00051308237,0.00012963245,145,57,ERA5_2019.nc
2019,2019-01-25,0.00022991588,0.00010190171,145,57,ERA5_2019.nc
2019,2019-01-26,0.0003229869,8.30232e-05,145,57,ERA5_2019.nc
2019,2019-01-27,0.00087279157,0.000100282516,145,57,ERA5_2019.nc
2019,2019-01-28,0.00050505396,8.263256e-05,145,57,ERA5_2019.nc
2019,2019-01-29,0.00074461155,0.00016145158,145,57,ERA5_2019.nc
2019,2019-01-30,0.00035440316,0.000107925036,145,57,ERA5_2019.nc
2019,2019-01-31,0.00013197912,7.7104916e-05,145,57,ERA5_2019.nc
2019,2019-02-01,0.00012232647,0.00012096361,145,57,ERA5_2019.nc
2019,2019-02-02,0.00012608872,8.133019e-05,145,57,ERA5_2019.nc
2019,2019-02-03,9.037451e-05,7.191123e-05,145,57,ERA5_2019.nc
2019,2019-02-04,0.00038221898,7.318167e-05,145,57,ERA5_2019.nc
2019,2019-02-05,0.0009841528,0.00013202504,145,57,ERA5_2019.nc
2019,2019-02-06,0.001092494,0.000104451945,145,57,ERA5_2019.nc
2019,2019-02-07,0.0007101062,8.2006154e-05,145,57,ERA5_2019.nc
2019,2019-02-08,0.00029764688,6.493011e-05,145,57,ERA5_2019.nc
2019,2019-02-09,0.000603927,8.868208e-05,145,57,ERA5_2019.nc
2019,2019-02-10,0.000877409,0.00015590596,145,57,ERA5_2019.nc
2019,2019-02-11,0.0001843696,5.966652e-05,145,57,ERA5_2019.nc
2019,2019-02-12,0.00011026431,5.5760123e-05,145,57,ERA5_2019.nc
2019,2019-02-13,0.00041920337,0.00011703479,145,57,ERA5_2019.nc
2019,2019-02-14,0.0005802497,0.00011281947,145,57,ERA5_2019.nc
2019,2019-02-15,0.0006926659,7.922809e-05,145,57,ERA5_2019.nc
2019,2019-02-16,0.0006671653,9.602799e-05,145,57,ERA5_2019.nc
2019,2019-02-17,0.0011337544,0.00014348325,145,57,ERA5_2019.nc
2019,2019-02-18,0.00042220368,9.711976e-05,145,57,ERA5_2019.nc
2019,2019-02-19,0.00013740305,7.340041e-05,145,57,ERA5_2019.nc
2019,2019-02-20,0.00032435596,7.590973e-05,145,57,ERA5_2019.nc
2019,2019-02-21,0.0006544401,0.000103934275,145,57,ERA5_2019.nc
2019,2019-02-22,0.0012331477,0.00015544475,145,57,ERA5_2019.nc
2019,2019-02-23,0.0011305705,0.0001685739,145,57,ERA5_2019.nc
2019,2019-02-24,0.0012637196,0.00011246258,145,57,ERA5_2019.nc
2019,2019-02-25,0.0004343121,5.998845e-05,145,57,ERA5_2019.nc
2019,2019-02-26,0.0001659766,5.6855923e-05,145,57,ERA5_2019.nc
2019,2019-02-27,0.0012340641,0.00012708176,145,57,ERA5_2019.nc
2019,2019-02-28,0.001296758,0.00014641047,145,57,ERA5_2019.nc
2019,2019-03-01,0.0007578997,9.597679e-05,145,57,ERA5_2019.nc
2019,2019-03-02,0.00086024124,8.4170846e-05,145,57,ERA5_2019.nc
2019,2019-03-03,0.00041257747,8.601234e-05,145,57,ERA5_2019.nc
2019,2019-03-04,0.0010258679,0.00012256691,145,57,ERA5_2019.nc
2019,2019-03-05,0.0013516847,0.00012829395,145,57,ERA5_2019.nc
2019,2019-03-06,0.0012655959,0.00015863086,145,57,ERA5_2019.nc
2019,2019-03-07,0.0011316412,0.00014709175,145,57,ERA5_2019.nc
2019,2019-03-08,0.0006440057,0.00016716779,145,57,ERA5_2019.nc
2019,2019-03-09,0.0003325947,8.673042e-05,145,57,ERA5_2019.nc
2019,2019-03-10,0.00036056523,9.403672e-05,145,57,ERA5_2019.nc
2019,2019-03-11,0.00032350203,8.62329e-05,145,57,ERA5_2019.nc
2019,2019-03-12,0.00032047572,8.121887e-05,145,57,ERA5_2019.nc
2019,2019-03-13,0.00046741904,6.859237e-05,145,57,ERA5_2019.nc
2019,2019-03-14,0.0002846527,7.29029e-05,145,57,ERA5_2019.nc
2019,2019-03-15,0.00037420623,5.625816e-05,145,57,ERA5_2019.nc
2019,2019-03-16,0.0011840325,0.00014005692,145,57,ERA5_2019.nc
2019,2019-03-17,0.00037463362,7.470489e-05,145,57,ERA5_2019.nc
2019,2019-03-18,0.00014003532,5.4593846e-05,145,57,ERA5_2019.nc
2019,2019-03-19,0.00013925924,5.209987e-05,145,57,ERA5_2019.nc
2019,2019-03-20,0.0003697648,7.006241e-05,145,57,ERA5_2019.nc
2019,2019-03-21,0.0002119988,5.742279e-05,145,57,ERA5_2019.nc
2019,2019-03-22,0.00020134338,4.5946592e-05,145,57,ERA5_2019.nc
2019,2019-03-23,0.0005528778,5.9952334e-05,145,57,ERA5_2019.nc
2019,2019-03-24,0.0011384643,9.0616166e-05,145,57,ERA5_2019.nc
2019,2019-03-25,0.000999976,0.00013593191,145,57,ERA5_2019.nc
2019,2019-03-26,0.00058526814,9.678799e-05,145,57,ERA5_2019.nc
2019,2019-03-27,0.0015828774,0.0001450942,145,57,ERA5_2019.nc
2019,2019-03-28,0.0019316053,0.0001425633,145,57,ERA5_2019.nc
2019,2019-03-29,0.00040455064,9.371192e-05,145,57,ERA5_2019.nc
2019,2019-03-30,0.0012292389,0.00015600282,145,57,ERA5_2019.nc
2019,2019-03-31,0.0009807978,0.00011760861,145,57,ERA5_2019.nc
2019,2019-04-01,0.0012494482,0.00019375258,145,57,ERA5_2019.nc
2019,2019-04-02,0.00078252226,7.7899065e-05,145,57,ERA5_2019.nc
2019,2019-04-03,0.00040586732,9.535229e-05,145,57,ERA5_2019.nc
2019,2019-04-04,0.00071783917,0.00010956402,145,57,ERA5_2019.nc
2019,2019-04-05,0.0003733377,6.307572e-05,145,57,ERA5_2019.nc
2019,2019-04-06,0.0011585536,0.00011802218,145,57,ERA5_2019.nc
2019,2019-04-07,0.0013801098,0.00015756575,145,57,ERA5_2019.nc
2019,2019-04-08,0.0006904714,0.0001483835,145,57,ERA5_2019.nc
2019,2019-04-09,0.0021973748,0.00019137116,145,57,ERA5_2019.nc
2019,2019-04-10,0.0019389016,0.00019676263,145,57,ERA5_2019.nc
2019,2019-04-11,0.00086160656,0.00013456796,145,57,ERA5_2019.nc
2019,2019-04-12,0.003182155,0.00028440612,145,57,ERA5_2019.nc
2019,2019-04-13,0.0019701566,0.00021648358,145,57,ERA5_2019.nc
2019,2019-04-14,0.001039517,0.0002076927,145,57,ERA5_2019.nc
2019,2019-04-15,0.0018545104,0.00025634776,145,57,ERA5_2019.nc
2019,2019-04-16,0.0015221587,0.0002588795,145,57,ERA5_2019.nc
2019,2019-04-17,0.0008490095,0.00016967012,145,57,ERA5_2019.nc
2019,2019-04-18,0.0005336357,0.00010075301,145,57,ERA5_2019.nc
2019,2019-04-19,0.00117966,0.00013488684,145,57,ERA5_2019.nc
2019,2019-04-20,0.0011734298,0.00016345145,145,57,ERA5_2019.nc
2019,2019-04-21,0.001445343,0.0002147338,145,57,ERA5_2019.nc
2019,2019-04-22,0.002382093,0.00023877533,145,57,ERA5_2019.nc
2019,2019-04-23,0.0008622195,0.00015964027,145,57,ERA5_2019.nc
2019,2019-04-24,0.00051786634,0.00010405014,145,57,ERA5_2019.nc
2019,2019-04-25,0.0021625091,0.00028596778,145,57,ERA5_2019.nc
2019,2019-04-26,0.003253413,0.00040122305,145,57,ERA5_2019.nc
2019,2019-04-27,0.0015857995,0.00025377973,145,57,ERA5_2019.nc
2019,2019-04-28,0.0007619132,0.00018692564,145,57,ERA5_2019.nc
2019,2019-04-29,0.0019963018,0.00025766093,145,57,ERA5_2019.nc
2019,2019-04-30,0.0031832708,0.00041323208,145,57,ERA5_2019.nc
2019,2019-05-01,0.0011967436,0.00020833546,145,57,ERA5_2019.nc
2019,2019-05-02,0.00084615196,0.00014275074,145,57,ERA5_2019.nc
2019,2019-05-03,0.00077484816,0.00013273643,145,57,ERA5_2019.nc
2019,2019-05-04,0.0013797199,0.00014001681,145,57,ERA5_2019.nc
2019,2019-05-05,0.0016565338,0.00021956992,145,57,ERA5_2019.nc
2019,2019-05-06,0.000656029,9.6968484e-05,145,57,ERA5_2019.nc
2019,2019-05-07,0.00224345,0.00025917002,145,57,ERA5_2019.nc
2019,2019-05-08,0.0019722434,0.00022608424,145,57,ERA5_2019.nc
2019,2019-05-09,0.0017448781,0.00024542466,145,57,ERA5_2019.nc
2019,2019-05-10,0.002001246,0.000308114,145,57,ERA5_2019.nc
2019,2019-05-11,0.0024056255,0.00027904502,145,57,ERA5_2019.nc
2019,2019-05-12,0.0024362318,0.00039824165,145,57,ERA5_2019.nc
2019,2019-05-13,0.0016945985,0.0002923667,145,57,ERA5_2019.nc
2019,2019-05-14,0.0018388731,0.00030085808,145,57,ERA5_2019.nc
2019,2019-05-15,0.0011069435,0.00020371273,145,57,ERA5_2019.nc
2019,2019-05-16,0.00048202503,0.00012706836,145,57,ERA5_2019.nc
2019,2019-05-17,0.0016461955,0.0002628688,145,57,ERA5_2019.nc
2019,2019-05-18,0.0018968562,0.00023589951,145,57,ERA5_2019.nc
2019,2019-05-19,0.0027420714,0.0003965734,145,57,ERA5_2019.nc
2019,2019-05-20,0.0023832521,0.00033049547,145,57,ERA5_2019.nc
2019,2019-05-21,0.0009984693,0.00021972583,145,57,ERA5_2019.nc
2019,2019-05-22,0.001799765,0.00033730455,145,57,ERA5_2019.nc
2019,2019-05-23,0.002397474,0.00037459016,145,57,ERA5_2019.nc
2019,2019-05-24,0.0025604032,0.00040501074,145,57,ERA5_2019.nc
2019,2019-05-25,0.0011234814,0.00022423238,145,57,ERA5_2019.nc
2019,2019-05-26,0.0015785509,0.00024566962,145,57,ERA5_2019.nc
2019,2019-05-27,0.0031154347,0.00038814917,145,57,ERA5_2019.nc
2019,2019-05-28,0.0031555323,0.00042120216,145,57,ERA5_2019.nc
2019,2019-05-29,0.0012935738,0.0002827887,145,57,ERA5_2019.nc
2019,2019-05-30,0.0019972946,0.0002774779,145,57,ERA5_2019.nc
2019,2019-05-31,0.003710424,0.0005639723,145,57,ERA5_2019.nc
2019,2019-06-01,0.0024319382,0.00033879027,145,57,ERA5_2019.nc
2019,2019-06-02,0.0025131956,0.00039783784,145,57,ERA5_2019.nc
2019,2019-06-03,0.0040683546,0.00042537265,145,57,ERA5_2019.nc
2019,2019-06-04,0.0035849635,0.0003815624,145,57,ERA5_2019.nc
2019,2019-06-05,0.002738222,0.00033046692,145,57,ERA5_2019.nc
2019,2019-06-06,0.0026620096,0.00039665992,145,57,ERA5_2019.nc
2019,2019-06-07,0.0025316847,0.00040281788,145,57,ERA5_2019.nc
2019,2019-06-08,0.0022081027,0.00039173444,145,57,ERA5_2019.nc
2019,2019-06-09,0.003819152,0.00045532006,145,57,ERA5_2019.nc
2019,2019-06-10,0.0036372065,0.00042223415,145,57,ERA5_2019.nc
2019,2019-06-11,0.0018968468,0.0003230467,145,57,ERA5_2019.nc
2019,2019-06-12,0.0022043334,0.00032201773,145,57,ERA5_2019.nc
2019,2019-06-13,0.0019551332,0.0003432548,145,57,ERA5_2019.nc
2019,2019-06-14,0.0029719684,0.0004236804,145,57,ERA5_2019.nc
2019,2019-06-15,0.0029175237,0.00051124167,145,57,ERA5_2019.nc
2019,2019-06-16,0.0021452685,0.0004561221,145,57,ERA5_2019.nc
2019,2019-06-17,0.002250206,0.00039837204,145,57,ERA5_2019.nc
2019,2019-06-18,0.001302701,0.00024161296,145,57,ERA5_2019.nc
2019,2019-06-19,0.0011340313,0.00031732518,145,57,ERA5_2019.nc
2019,2019-06-20,0.00092263345,0.00024305044,145,57,ERA5_2019.nc
2019,2019-06-21,0.0029670727,0.00043054193,145,57,ERA5_2019.nc
2019,2019-06-22,0.0034405543,0.00068776705,145,57,ERA5_2019.nc
2019,2019-06-23,0.0011292729,0.0003520836,145,57,ERA5_2019.nc
2019,2019-06-24,0.0018544041,0.00035034295,145,57,ERA5_2019.nc
2019,2019-06-25,0.0033030838,0.00050314673,145,57,ERA5_2019.nc
2019,2019-06-26,0.002721333,0.00053397607,145,57,ERA5_2019.nc
2019,2019-06-27,0.002355206,0.00041903683,145,57,ERA5_2019.nc
2019,2019-06-28,0.0019193239,0.0004222285,145,57,ERA5_2019.nc
2019,2019-06-29,0.0018443628,0.0004360678,145,57,ERA5_2019.nc
2019,2019-06-30,0.0014523515,0.0002849244,145,57,ERA5_2019.nc
2019,2019-07-01,0.0014578474,0.00030519464,145,57,ERA5_2019.nc
2019,2019-07-02,0.0018831354,0.00035791565,145,57,ERA5_2019.nc
2019,2019-07-03,0.0021165519,0.0004152369,145,57,ERA5_2019.nc
2019,2019-07-04,0.0009491574,0.00032600938,145,57,ERA5_2019.nc
2019,2019-07-05,0.0012230193,0.0003478038,145,57,ERA5_2019.nc
2019,2019-07-06,0.0025548313,0.00041485328,145,57,ERA5_2019.nc
2019,2019-07-07,0.002663148,0.0004601522,145,57,ERA5_2019.nc
2019,2019-07-08,0.002020625,0.0003903358,145,57,ERA5_2019.nc
2019,2019-07-09,0.0019371774,0.00046050458,145,57,ERA5_2019.nc
2019,2019-07-10,0.0018880191,0.00029660732,145,57,ERA5_2019.nc
2019,2019-07-11,0.0041883597,0.0005927735,145,57,ERA5_2019.nc
2019,2019-07-12,0.0021096275,0.00036715862,145,57,ERA5_2019.nc
2019,2019-07-13,0.001635764,0.00032307554,145,57,ERA5_2019.nc
2019,2019-07-14,0.0012902422,0.00026287677,145,57,ERA5_2019.nc
2019,2019-07-15,0.0018179227,0.0003582072,145,57,ERA5_2019.nc
2019,2019-07-16,0.0014339145,0.0003454043,145,57,ERA5_2019.nc
2019,2019-07-17,0.0018989693,0.00029670156,145,57,ERA5_2019.nc
2019,2019-07-18,0.001404166,0.0002712862,145,57,ERA5_2019.nc
2019,2019-07-19,0.0016873904,0.00027937,145,57,ERA5_2019.nc
2019,2019-07-20,0.0022914459,0.0003590127,145,57,ERA5_2019.nc
2019,2019-07-21,0.002919465,0.00043963015,145,57,ERA5_2019.nc
2019,2019-07-22,0.0024953277,0.0004316286,145,57,ERA5_2019.nc
2019,2019-07-23,0.0012462137,0.00027997242,145,57,ERA5_2019.nc
2019,2019-07-24,0.0014538615,0.00030641584,145,57,ERA5_2019.nc
2019,2019-07-25,0.0011920814,0.0003245477,145,57,ERA5_2019.nc
2019,2019-07-26,0.0017661415,0.00036235573,145,57,ERA5_2019.nc
2019,2019-07-27,0.0023708479,0.000379547,145,57,ERA5_2019.nc
2019,2019-07-28,0.0018322077,0.00037145993,145,57,ERA5_2019.nc
2019,2019-07-29,0.0020606967,0.00037657458,145,57,ERA5_2019.nc
2019,2019-07-30,0.0031298317,0.00045245554,145,57,ERA5_2019.nc
2019,2019-07-31,0.002927472,0.00056281465,145,57,ERA5_2019.nc
2019,2019-08-01,0.0010800783,0.00030703767,145,57,ERA5_2019.nc
2019,2019-08-02,0.0017931098,0.00035494764,145,57,ERA5_2019.nc
2019,2019-08-03,0.003795729,0.00048018026,145,57,ERA5_2019.nc
2019,2019-08-04,0.0033356817,0.00044352407,145,57,ERA5_2019.nc
2019,2019-08-05,0.0019207132,0.00035762604,145,57,ERA5_2019.nc
2019,2019-08-06,0.0010731127,0.00023028722,145,57,ERA5_2019.nc
2019,2019-08-07,0.0022804765,0.0003831054,145,57,ERA5_2019.nc
2019,2019-08-08,0.0034195646,0.00049770717,145,57,ERA5_2019.nc
2019,2019-08-09,0.0041333167,0.0004999479,145,57,ERA5_2019.nc
2019,2019-08-10,0.0044078254,0.0005162819,145,57,ERA5_2019.nc
2019,2019-08-11,0.0031503707,0.00041287538,145,57,ERA5_2019.nc
2019,2019-08-12,0.0027915689,0.00040936333,145,57,ERA5_2019.nc
2019,2019-08-13,0.0026219585,0.00038854545,145,57,ERA5_2019.nc
2019,2019-08-14,0.002843998,0.0004060563,145,57,ERA5_2019.nc
2019,2019-08-15,0.00334709,0.0005345475,145,57,ERA5_2019.nc
2019,2019-08-16,0.0032778154,0.00045945143,145,57,ERA5_2019.nc
2019,2019-08-17,0.0020547623,0.00044267415,145,57,ERA5_2019.nc
2019,2019-08-18,0.0032343385,0.0005603243,145,57,ERA5_2019.nc
2019,2019-08-19,0.003553159,0.0005091714,145,57,ERA5_2019.nc
2019,2019-08-20,0.0024261116,0.00050126296,145,57,ERA5_2019.nc
2019,2019-08-21,0.004493856,0.00074261805,145,57,ERA5_2019.nc
2019,2019-08-22,0.003789072,0.0006787354,145,57,ERA5_2019.nc
2019,2019-08-23,0.0020310774,0.00058180373,145,57,ERA5_2019.nc
2019,2019-08-24,0.0014956556,0.00038833567,145,57,ERA5_2019.nc
2019,2019-08-25,0.00395935,0.00072767737,145,57,ERA5_2019.nc
2019,2019-08-26,0.0045531504,0.0009610863,145,57,ERA5_2019.nc
2019,2019-08-27,0.0020384202,0.00046717934,145,57,ERA5_2019.nc
2019,2019-08-28,0.0019132859,0.00045029802,145,57,ERA5_2019.nc
2019,2019-08-29,0.0022377977,0.00053286715,145,57,ERA5_2019.nc
2019,2019-08-30,0.0036196448,0.0007633593,145,57,ERA5_2019.nc
2019,2019-08-31,0.0029053325,0.000580988,145,57,ERA5_2019.nc
2019,2019-09-01,0.001763915,0.00045856135,145,57,ERA5_2019.nc
2019,2019-09-02,0.0019847015,0.00054210325,145,57,ERA5_2019.nc
2019,2019-09-03,0.0031520128,0.0005735442,145,57,ERA5_2019.nc
2019,2019-09-04,0.0025694964,0.00057446404,145,57,ERA5_2019.nc
2019,2019-09-05,0.001989792,0.00055645965,145,57,ERA5_2019.nc
2019,2019-09-06,0.0023328948,0.0005553955,145,57,ERA5_2019.nc
2019,2019-09-07,0.0026889788,0.0006418062,145,57,ERA5_2019.nc
2019,2019-09-08,0.0038442283,0.0008560133,145,57,ERA5_2019.nc
2019,2019-09-09,0.0025032125,0.00073456194,145,57,ERA5_2019.nc
2019,2019-09-10,0.0022222209,0.00053955126,145,57,ERA5_2019.nc
2019,2019-09-11,0.0016333228,0.0005222394,145,57,ERA5_2019.nc
2019,2019-09-12,0.0021159202,0.0005438265,145,57,ERA5_2019.nc
2019,2019-09-13,0.002408253,0.00056821463,145,57,ERA5_2019.nc
2019,2019-09-14,0.0016064998,0.0004926558,145,57,ERA5_2019.nc
2019,2019-09-15,0.0017743143,0.00042397244,145,57,ERA5_2019.nc
2019,2019-09-16,0.0028579724,0.00058686285,145,57,ERA5_2019.nc
2019,2019-09-17,0.0029451388,0.0006142283,145,57,ERA5_2019.nc
2019,2019-09-18,0.0009988048,0.00045726032,145,57,ERA5_2019.nc
2019,2019-09-19,0.00065496913,0.00033466966,145,57,ERA5_2019.nc
2019,2019-09-20,0.0025264751,0.00061051367,145,57,ERA5_2019.nc
2019,2019-09-21,0.0017787566,0.00056064856,145,57,ERA5_2019.nc
2019,2019-09-22,0.00089101226,0.0003903498,145,57,ERA5_2019.nc
2019,2019-09-23,0.0014879766,0.0005179316,145,57,ERA5_2019.nc
2019,2019-09-24,0.0016636942,0.00039381563,145,57,ERA5_2019.nc
2019,2019-09-25,0.0030184123,0.00063220225,145,57,ERA5_2019.nc
2019,2019-09-26,0.0046579596,0.0008123752,145,57,ERA5_2019.nc
2019,2019-09-27,0.0032881007,0.00063854404,145,57,ERA5_2019.nc
2019,2019-09-28,0.0016601664,0.0004619084,145,57,ERA5_2019.nc
2019,2019-09-29,0.0035547772,0.0007934135,145,57,ERA5_2019.nc
2019,2019-09-30,0.005055587,0.0008614446,145,57,ERA5_2019.nc
2019,2019-10-01,0.0025093853,0.00057610427,145,57,ERA5_2019.nc
2019,2019-10-02,0.002651928,0.0005658127,145,57,ERA5_2019.nc
2019,2019-10-03,0.004096185,0.000886402,145,57,ERA5_2019.nc
2019,2019-10-04,0.0045542344,0.000882267,145,57,ERA5_2019.nc
2019,2019-10-05,0.003454966,0.00070553145,145,57,ERA5_2019.nc
2019,2019-10-06,0.0030250116,0.00074874505,145,57,ERA5_2019.nc
2019,2019-10-07,0.002640911,0.0005682057,145,57,ERA5_2019.nc
2019,2019-10-08,0.0041527133,0.0010582205,145,57,ERA5_2019.nc
2019,2019-10-09,0.0020629275,0.0006046711,145,57,ERA5_2019.nc
2019,2019-10-10,0.0035562476,0.0007646886,145,57,ERA5_2019.nc
2019,2019-10-11,0.0034989016,0.0008142927,145,57,ERA5_2019.nc
2019,2019-10-12,0.0050441483,0.0011060578,145,57,ERA5_2019.nc
2019,2019-10-13,0.0043417173,0.0009606879,145,57,ERA5_2019.nc
2019,2019-10-14,0.0023920825,0.0007047927,145,57,ERA5_2019.nc
2019,2019-10-15,0.0034135084,0.00075868994,145,57,ERA5_2019.nc
2019,2019-10-16,0.0054036975,0.0016100851,145,57,ERA5_2019.nc
2019,2019-10-17,0.0035951436,0.0010290593,145,57,ERA5_2019.nc
2019,2019-10-18,0.0036744457,0.0010768702,145,57,ERA5_2019.nc
2019,2019-10-19,0.0032227116,0.0010802476,145,57,ERA5_2019.nc
2019,2019-10-20,0.003607808,0.0009760807,145,57,ERA5_2019.nc
2019,2019-10-21,0.0040016267,0.0011333739,145,57,ERA5_2019.nc
2019,2019-10-22,0.0031740987,0.0009304739,145,57,ERA5_2019.nc
2019,2019-10-23,0.0027324352,0.0007896158,145,57,ERA5_2019.nc
2019,2019-10-24,0.0027062092,0.00065821427,145,57,ERA5_2019.nc
2019,2019-10-25,0.0028423197,0.00069565536,145,57,ERA5_2019.nc
2019,2019-10-26,0.0051390063,0.0011476267,145,57,ERA5_2019.nc
2019,2019-10-27,0.003314981,0.0011273671,145,57,ERA5_2019.nc
2019,2019-10-28,0.0025653741,0.00085264945,145,57,ERA5_2019.nc
2019,2019-10-29,0.0020038134,0.00079230615,145,57,ERA5_2019.nc
2019,2019-10-30,0.0024345808,0.0008264382,145,57,ERA5_2019.nc
2019,2019-10-31,0.002045336,0.00077196356,145,57,ERA5_2019.nc
2019,2019-11-01,0.0011183261,0.0005922113,145,57,ERA5_2019.nc
2019,2019-11-02,0.00059668405,0.00043981444,145,57,ERA5_2019.nc
2019,2019-11-03,0.0011768325,0.0004746819,145,57,ERA5_2019.nc
2019,2019-11-04,0.0010797366,0.00046266016,145,57,ERA5_2019.nc
2019,2019-11-05,0.0016691773,0.0005489777,145,57,ERA5_2019.nc
2019,2019-11-06,0.0017853932,0.0005172,145,57,ERA5_2019.nc
2019,2019-11-07,0.0017636942,0.0005665076,145,57,ERA5_2019.nc
2019,2019-11-08,0.0016427109,0.0005344433,145,57,ERA5_2019.nc
2019,2019-11-09,0.00128324,0.000470716,145,57,ERA5_2019.nc
2019,2019-11-10,0.0008103169,0.0003761848,145,57,ERA5_2019.nc
2019,2019-11-11,0.0030894752,0.00084862177,145,57,ERA5_2019.nc
2019,2019-11-12,0.0027606296,0.00073783216,145,57,ERA5_2019.nc
2019,2019-11-13,0.0019307067,0.00058609643,145,57,ERA5_2019.nc
2019,2019-11-14,0.0015615737,0.00058903074,145,57,ERA5_2019.nc
2019,2019-11-15,0.0007204135,0.00039768397,145,57,ERA5_2019.nc
2019,2019-11-16,0.0007585762,0.00037120655,145,57,ERA5_2019.nc
2019,2019-11-17,0.0010966255,0.00046194126,145,57,ERA5_2019.nc
2019,2019-11-18,0.0014415076,0.0005236829,145,57,ERA5_2019.nc
2019,2019-11-19,0.0012835113,0.0005158967,145,57,ERA5_2019.nc
2019,2019-11-20,0.0014918462,0.00045738663,145,57,ERA5_2019.nc
2019,2019-11-21,0.0010567087,0.0003850966,145,57,ERA5_2019.nc
2019,2019-11-22,0.0028731078,0.0006177853,145,57,ERA5_2019.nc
2019,2019-11-23,0.0047985385,0.000993097,145,57,ERA5_2019.nc
2019,2019-11-24,0.0022845794,0.00065041956,145,57,ERA5_2019.nc
2019,2019-11-25,0.001220782,0.00045495335,145,57,ERA5_2019.nc
2019,2019-11-26,0.001550703,0.00050614495,145,57,ERA5_2019.nc
2019,2019-11-27,0.0015109197,0.00044714435,145,57,ERA5_2019.nc
2019,2019-11-28,0.0014802926,0.0004957934,145,57,ERA5_2019.nc
2019,2019-11-29,0.0010069305,0.00046681328,145,57,ERA5_2019.nc
2019,2019-11-30,0.0008636819,0.00044194196,145,57,ERA5_2019.nc
2019,2019-12-01,0.0018761004,0.00056410965,145,57,ERA5_2019.nc
2019,2019-12-02,0.0022713454,0.0006746101,145,57,ERA5_2019.nc
2019,2019-12-03,0.0022090138,0.0007206036,145,57,ERA5_2019.nc
2019,2019-12-04,0.001937285,0.0006908298,145,57,ERA5_2019.nc
2019,2019-12-05,0.0011357751,0.0005165675,145,57,ERA5_2019.nc
2019,2019-12-06,0.0016622364,0.00065591565,145,57,ERA5_2019.nc
2019,2019-12-07,0.001408472,0.0005944978,145,57,ERA5_2019.nc
2019,2019-12-08,0.0012436726,0.00046362216,145,57,ERA5_2019.nc
2019,2019-12-09,0.0017407208,0.00046923518,145,57,ERA5_2019.nc
2019,2019-12-10,0.0022415342,0.0005913271,145,57,ERA5_2019.nc
2019,2019-12-11,0.0019080123,0.0005631465,145,57,ERA5_2019.nc
2019,2019-12-12,0.0017884609,0.000549407,145,57,ERA5_2019.nc
2019,2019-12-13,0.0015297397,0.0005048865,145,57,ERA5_2019.nc
2019,2019-12-14,0.0017408013,0.0005899727,145,57,ERA5_2019.nc
2019,2019-12-15,0.002083738,0.00054635736,145,57,ERA5_2019.nc
2019,2019-12-16,0.002142151,0.00069248915,145,57,ERA5_2019.nc
2019,2019-12-17,0.00034809083,0.00032475064,145,57,ERA5_2019.nc
2019,2019-12-18,0.00040721547,0.00034357636,145,57,ERA5_2019.nc
2019,2019-12-19,0.000656759,0.00041683365,145,57,ERA5_2019.nc
2019,2019-12-20,0.00046322471,0.00037941165,145,57,ERA5_2019.nc
2019,2019-12-21,0.0007621477,0.0003816466,145,57,ERA5_2019.nc
2019,2019-12-22,0.00092458155,0.00038039172,145,57,ERA5_2019.nc
2019,2019-12-23,0.00071972056,0.0003456658,145,57,ERA5_2019.nc
2019,2019-12-24,0.0008821181,0.00033474673,145,57,ERA5_2019.nc
2019,2019-12-25,0.0019995067,0.00053428905,145,57,ERA5_2019.nc
2019,2019-12-26,0.0015455695,0.00037445573,145,57,ERA5_2019.nc
2019,2019-12-27,0.0008390044,0.00039684016,145,57,ERA5_2019.nc
2019,2019-12-28,0.0010675465,0.00042230374,145,57,ERA5_2019.nc
2019,2019-12-29,0.00065036176,0.00028409477,145,57,ERA5_2019.nc
2019,2019-12-30,0.00042820716,0.00032352086,145,57,ERA5_2019.nc
2019,2019-12-31,0.00023536861,0.00023367554,145,57,ERA5_2019.nc
2020,2020-01-01,0.00024051234,0.0002041749,145,57,ERA5_2020.nc
2020,2020-01-02,0.00056765194,0.00021282393,145,57,ERA5_2020.nc
2020,2020-01-03,0.00068680855,0.00022189278,145,57,ERA5_2020.nc
2020,2020-01-04,0.001189706,0.00029516005,145,57,ERA5_2020.nc
2020,2020-01-05,0.0012420631,0.00028964516,145,57,ERA5_2020.nc
2020,2020-01-06,0.0010474655,0.00025580966,145,57,ERA5_2020.nc
2020,2020-01-07,0.00063678366,0.0001938469,145,57,ERA5_2020.nc
2020,2020-01-08,0.0014602272,0.00025732926,145,57,ERA5_2020.nc
2020,2020-01-09,0.0016745897,0.00031795137,145,57,ERA5_2020.nc
2020,2020-01-10,0.0011272334,0.00028826576,145,57,ERA5_2020.nc
2020,2020-01-11,0.0007505717,0.0002553123,145,57,ERA5_2020.nc
2020,2020-01-12,0.0011257152,0.00032629957,145,57,ERA5_2020.nc
2020,2020-01-13,0.00082597014,0.00030692492,145,57,ERA5_2020.nc
2020,2020-01-14,0.0006507705,0.00023852182,145,57,ERA5_2020.nc
2020,2020-01-15,0.0008052109,0.00017975492,145,57,ERA5_2020.nc
2020,2020-01-16,0.0006040905,0.00018533501,145,57,ERA5_2020.nc
2020,2020-01-17,0.00075564196,0.00020806606,145,57,ERA5_2020.nc
2020,2020-01-18,0.0012962136,0.00022656095,145,57,ERA5_2020.nc
2020,2020-01-19,0.00049112656,0.00015769561,145,57,ERA5_2020.nc
2020,2020-01-20,0.0001578293,0.00014174517,145,57,ERA5_2020.nc
2020,2020-01-21,0.00019196575,0.00013701666,145,57,ERA5_2020.nc
2020,2020-01-22,0.00010336168,0.00012990026,145,57,ERA5_2020.nc
2020,2020-01-23,0.00027525442,0.00020088468,145,57,ERA5_2020.nc
2020,2020-01-24,0.00034908985,0.0001545356,145,57,ERA5_2020.nc
2020,2020-01-25,0.00017946848,0.00013852006,145,57,ERA5_2020.nc
2020,2020-01-26,0.0006796927,0.00015639821,145,57,ERA5_2020.nc
2020,2020-01-27,0.0012323951,0.00022573807,145,57,ERA5_2020.nc
2020,2020-01-28,0.002171934,0.0003269312,145,57,ERA5_2020.nc
2020,2020-01-29,0.0017025357,0.000404328,145,57,ERA5_2020.nc
2020,2020-01-30,0.0010758974,0.00025872258,145,57,ERA5_2020.nc
2020,2020-01-31,0.0020902806,0.00045175356,145,57,ERA5_2020.nc
2020,2020-02-01,0.001420537,0.00031054235,145,57,ERA5_2020.nc
2020,2020-02-02,0.00068886846,0.00030880186,145,57,ERA5_2020.nc
2020,2020-02-03,0.0015607885,0.0004578707,145,57,ERA5_2020.nc
2020,2020-02-04,0.0017148729,0.00034205616,145,57,ERA5_2020.nc
2020,2020-02-05,0.0012627528,0.0003129281,145,57,ERA5_2020.nc
2020,2020-02-06,0.0009670389,0.0003212347,145,57,ERA5_2020.nc
2020,2020-02-07,0.00034658826,0.00014262066,145,57,ERA5_2020.nc
2020,2020-02-08,0.00034358463,0.0001419397,145,57,ERA5_2020.nc
2020,2020-02-09,0.00024874843,0.00013054445,145,57,ERA5_2020.nc
2020,2020-02-10,0.00034180356,0.00013970815,145,57,ERA5_2020.nc
2020,2020-02-11,0.000121901554,0.000117959076,145,57,ERA5_2020.nc
2020,2020-02-12,0.00044556166,0.00013540093,145,57,ERA5_2020.nc
2020,2020-02-13,0.00048349708,0.00016756155,145,57,ERA5_2020.nc
2020,2020-02-14,0.00035190978,0.00013705005,145,57,ERA5_2020.nc
2020,2020-02-15,0.0005386992,0.00017316334,145,57,ERA5_2020.nc
2020,2020-02-16,0.00033019672,0.00012810642,145,57,ERA5_2020.nc
2020,2020-02-17,0.00053046027,0.00012888238,145,57,ERA5_2020.nc
2020,2020-02-18,0.0022361316,0.00022403133,145,57,ERA5_2020.nc
2020,2020-02-19,0.001187095,0.00019251888,145,57,ERA5_2020.nc
2020,2020-02-20,0.00067504466,0.00016649585,145,57,ERA5_2020.nc
2020,2020-02-21,0.00047272557,0.00012699212,145,57,ERA5_2020.nc
2020,2020-02-22,0.00029219245,0.000109074055,145,57,ERA5_2020.nc
2020,2020-02-23,0.0008554135,0.0001729927,145,57,ERA5_2020.nc
2020,2020-02-24,0.0014795171,0.00023535272,145,57,ERA5_2020.nc
2020,2020-02-25,0.0010279941,0.00019520597,145,57,ERA5_2020.nc
2020,2020-02-26,0.00044582144,0.00013696184,145,57,ERA5_2020.nc
2020,2020-02-27,0.000753265,0.00017935835,145,57,ERA5_2020.nc
2020,2020-02-28,0.00086320477,0.00017128733,145,57,ERA5_2020.nc
2020,2020-02-29,0.00047642167,0.00013745202,145,57,ERA5_2020.nc
2020,2020-03-01,0.001326228,0.00020798018,145,57,ERA5_2020.nc
2020,2020-03-02,0.0013819287,0.00027135038,145,57,ERA5_2020.nc
2020,2020-03-03,0.000819643,0.00019821714,145,57,ERA5_2020.nc
2020,2020-03-04,0.0011110266,0.00021013469,145,57,ERA5_2020.nc
2020,2020-03-05,0.0005620836,0.00014118168,145,57,ERA5_2020.nc
2020,2020-03-06,0.00044822472,0.00012733744,145,57,ERA5_2020.nc
2020,2020-03-07,0.00056385214,0.00011515767,145,57,ERA5_2020.nc
2020,2020-03-08,0.0026614745,0.00026212193,145,57,ERA5_2020.nc
2020,2020-03-09,0.0015448518,0.00022666027,145,57,ERA5_2020.nc
2020,2020-03-10,0.0011269969,0.00027038262,145,57,ERA5_2020.nc
2020,2020-03-11,0.0014818332,0.0002642492,145,57,ERA5_2020.nc
2020,2020-03-12,0.0056647076,0.00043408354,145,57,ERA5_2020.nc
2020,2020-03-13,0.0026994096,0.00031488336,145,57,ERA5_2020.nc
2020,2020-03-14,0.00063659437,0.00015895016,145,57,ERA5_2020.nc
2020,2020-03-15,0.00067113864,0.00014175184,145,57,ERA5_2020.nc
2020,2020-03-16,0.0013964102,0.00031074876,145,57,ERA5_2020.nc
2020,2020-03-17,0.0019006236,0.0003019736,145,57,ERA5_2020.nc
2020,2020-03-18,0.0025350675,0.00044012396,145,57,ERA5_2020.nc
2020,2020-03-19,0.0010026334,0.00033202767,145,57,ERA5_2020.nc
2020,2020-03-20,0.0013965478,0.00021036758,145,57,ERA5_2020.nc
2020,2020-03-21,0.0033235862,0.0004869652,145,57,ERA5_2020.nc
2020,2020-03-22,0.0014781135,0.00032456723,145,57,ERA5_2020.nc
2020,2020-03-23,0.00052725745,0.00016621337,145,57,ERA5_2020.nc
2020,2020-03-24,0.0014040327,0.00022359804,145,57,ERA5_2020.nc
2020,2020-03-25,0.0017204207,0.0002792355,145,57,ERA5_2020.nc
2020,2020-03-26,0.0011833106,0.00027735124,145,57,ERA5_2020.nc
2020,2020-03-27,0.0014323331,0.0003335598,145,57,ERA5_2020.nc
2020,2020-03-28,0.0011590004,0.00032464066,145,57,ERA5_2020.nc
2020,2020-03-29,0.00032826874,0.00015550146,145,57,ERA5_2020.nc
2020,2020-03-30,0.0004159569,0.00015841838,145,57,ERA5_2020.nc
2020,2020-03-31,0.00063417444,0.00015288778,145,57,ERA5_2020.nc
2020,2020-04-01,0.00032950082,0.00014306551,145,57,ERA5_2020.nc
2020,2020-04-02,0.0003570144,0.00013181567,145,57,ERA5_2020.nc
2020,2020-04-03,0.0011848563,0.00016001197,145,57,ERA5_2020.nc
2020,2020-04-04,0.000598523,0.00013553535,145,57,ERA5_2020.nc
2020,2020-04-05,0.00092155795,0.00019099962,145,57,ERA5_2020.nc
2020,2020-04-06,0.00060838694,0.00017888282,145,57,ERA5_2020.nc
2020,2020-04-07,0.00041235727,0.00013539787,145,57,ERA5_2020.nc
2020,2020-04-08,0.00071423565,0.00011536834,145,57,ERA5_2020.nc
2020,2020-04-09,0.0012749218,0.0001592136,145,57,ERA5_2020.nc
2020,2020-04-10,0.0011143631,0.00019278913,145,57,ERA5_2020.nc
2020,2020-04-11,0.0013161034,0.00017877608,145,57,ERA5_2020.nc
2020,2020-04-12,0.0032384284,0.00051150034,145,57,ERA5_2020.nc
2020,2020-04-13,0.0020294767,0.00029675796,145,57,ERA5_2020.nc
2020,2020-04-14,0.0016828887,0.000258166,145,57,ERA5_2020.nc
2020,2020-04-15,0.0008752378,0.00025695367,145,57,ERA5_2020.nc
2020,2020-04-16,0.0009590624,0.00019468252,145,57,ERA5_2020.nc
2020,2020-04-17,0.002960154,0.00037357718,145,57,ERA5_2020.nc
2020,2020-04-18,0.0028579626,0.0005427493,145,57,ERA5_2020.nc
2020,2020-04-19,0.0032512182,0.0005846267,145,57,ERA5_2020.nc
2020,2020-04-20,0.0025365325,0.0004325001,145,57,ERA5_2020.nc
2020,2020-04-21,0.0015516728,0.0004435177,145,57,ERA5_2020.nc
2020,2020-04-22,0.0018158254,0.00043844304,145,57,ERA5_2020.nc
2020,2020-04-23,0.0012097306,0.00030022569,145,57,ERA5_2020.nc
2020,2020-04-24,0.0011393828,0.00034899672,145,57,ERA5_2020.nc
2020,2020-04-25,0.0009711225,0.00028412137,145,57,ERA5_2020.nc
2020,2020-04-26,0.0016345787,0.0003276855,145,57,ERA5_2020.nc
2020,2020-04-27,0.0035901978,0.00072016823,145,57,ERA5_2020.nc
2020,2020-04-28,0.0022673693,0.00054419436,145,57,ERA5_2020.nc
2020,2020-04-29,0.0016448587,0.00049243856,145,57,ERA5_2020.nc
2020,2020-04-30,0.0018916246,0.00046724064,145,57,ERA5_2020.nc
2020,2020-05-01,0.002529469,0.0005503833,145,57,ERA5_2020.nc
2020,2020-05-02,0.002516289,0.0006911474,145,57,ERA5_2020.nc
2020,2020-05-03,0.0013139336,0.00037116726,145,57,ERA5_2020.nc
2020,2020-05-04,0.001318298,0.00039144483,145,57,ERA5_2020.nc
2020,2020-05-05,0.002650876,0.00049517956,145,57,ERA5_2020.nc
2020,2020-05-06,0.0020893458,0.0005640203,145,57,ERA5_2020.nc
2020,2020-05-07,0.0022371314,0.0005092116,145,57,ERA5_2020.nc
2020,2020-05-08,0.00300982,0.00058380037,145,57,ERA5_2020.nc
2020,2020-05-09,0.003598338,0.00086272263,145,57,ERA5_2020.nc
2020,2020-05-10,0.0025182818,0.0007244964,145,57,ERA5_2020.nc
2020,2020-05-11,0.0015192517,0.0003818654,145,57,ERA5_2020.nc
2020,2020-05-12,0.0018186687,0.00050663884,145,57,ERA5_2020.nc
2020,2020-05-13,0.00063325925,0.0002922735,145,57,ERA5_2020.nc
2020,2020-05-14,0.001048127,0.00033968387,145,57,ERA5_2020.nc
2020,2020-05-15,0.0010307089,0.0002863936,145,57,ERA5_2020.nc
2020,2020-05-16,0.0013536313,0.00030613455,145,57,ERA5_2020.nc
2020,2020-05-17,0.0023229392,0.00037743163,145,57,ERA5_2020.nc
2020,2020-05-18,0.0014090299,0.00037216532,145,57,ERA5_2020.nc
2020,2020-05-19,0.00095720007,0.00030464394,145,57,ERA5_2020.nc
2020,2020-05-20,0.0021708072,0.0002990386,145,57,ERA5_2020.nc
2020,2020-05-21,0.002151522,0.00030973105,145,57,ERA5_2020.nc
2020,2020-05-22,0.0031800182,0.0004545607,145,57,ERA5_2020.nc
2020,2020-05-23,0.0009859656,0.00023985765,145,57,ERA5_2020.nc
2020,2020-05-24,0.00064644625,0.00019989134,145,57,ERA5_2020.nc
2020,2020-05-25,0.00091768464,0.00022478827,145,57,ERA5_2020.nc
2020,2020-05-26,0.0014180642,0.00028099655,145,57,ERA5_2020.nc
2020,2020-05-27,0.0008479252,0.00024057593,145,57,ERA5_2020.nc
2020,2020-05-28,0.0005943427,0.00019506442,145,57,ERA5_2020.nc
2020,2020-05-29,0.0017268641,0.00028120968,145,57,ERA5_2020.nc
2020,2020-05-30,0.0008634679,0.0002707077,145,57,ERA5_2020.nc
2020,2020-05-31,0.00054045336,0.00019634215,145,57,ERA5_2020.nc
2020,2020-06-01,0.0006460078,0.00018819334,145,57,ERA5_2020.nc
2020,2020-06-02,0.00073093537,0.00020503247,145,57,ERA5_2020.nc
2020,2020-06-03,0.0014214392,0.00024293723,145,57,ERA5_2020.nc
2020,2020-06-04,0.000811153,0.00025544417,145,57,ERA5_2020.nc
2020,2020-06-05,0.0007009201,0.0001946066,145,57,ERA5_2020.nc
2020,2020-06-06,0.0011067977,0.00030441786,145,57,ERA5_2020.nc
2020,2020-06-07,0.0014991108,0.00028353723,145,57,ERA5_2020.nc
2020,2020-06-08,0.0023633726,0.0003373701,145,57,ERA5_2020.nc
2020,2020-06-09,0.0036453232,0.0005193297,145,57,ERA5_2020.nc
2020,2020-06-10,0.0034215967,0.0004478902,145,57,ERA5_2020.nc
2020,2020-06-11,0.0017665057,0.00033120747,145,57,ERA5_2020.nc
2020,2020-06-12,0.0015237038,0.00037620094,145,57,ERA5_2020.nc
2020,2020-06-13,0.0022422827,0.00036598468,145,57,ERA5_2020.nc
2020,2020-06-14,0.0022309334,0.00041860237,145,57,ERA5_2020.nc
2020,2020-06-15,0.0013279426,0.00027608653,145,57,ERA5_2020.nc
2020,2020-06-16,0.00080672064,0.00022295801,145,57,ERA5_2020.nc
2020,2020-06-17,0.0015039337,0.0003034102,145,57,ERA5_2020.nc
2020,2020-06-18,0.0026741698,0.00041640477,145,57,ERA5_2020.nc
2020,2020-06-19,0.0018033823,0.00040786096,145,57,ERA5_2020.nc
2020,2020-06-20,0.0015804237,0.00033410036,145,57,ERA5_2020.nc
2020,2020-06-21,0.0017376343,0.0004194081,145,57,ERA5_2020.nc
2020,2020-06-22,0.0011282039,0.0002812606,145,57,ERA5_2020.nc
2020,2020-06-23,0.0010521878,0.00024967725,145,57,ERA5_2020.nc
2020,2020-06-24,0.0015620694,0.00025767932,145,57,ERA5_2020.nc
2020,2020-06-25,0.002586312,0.00032179907,145,57,ERA5_2020.nc
2020,2020-06-26,0.001632261,0.00037513266,145,57,ERA5_2020.nc
2020,2020-06-27,0.0013831086,0.00036208672,145,57,ERA5_2020.nc
2020,2020-06-28,0.0009904479,0.00030467517,145,57,ERA5_2020.nc
2020,2020-06-29,0.0010513314,0.00021146532,145,57,ERA5_2020.nc
2020,2020-06-30,0.0021286022,0.0003259873,145,57,ERA5_2020.nc
2020,2020-07-01,0.0019197145,0.00043607113,145,57,ERA5_2020.nc
2020,2020-07-02,0.0012097845,0.0003304059,145,57,ERA5_2020.nc
2020,2020-07-03,0.0009259738,0.00023389439,145,57,ERA5_2020.nc
2020,2020-07-04,0.0011933275,0.00022794222,145,57,ERA5_2020.nc
2020,2020-07-05,0.0018014016,0.0002551412,145,57,ERA5_2020.nc
2020,2020-07-06,0.002806254,0.0003862477,145,57,ERA5_2020.nc
2020,2020-07-07,0.0015483664,0.00026679068,145,57,ERA5_2020.nc
2020,2020-07-08,0.0019222923,0.00028459172,145,57,ERA5_2020.nc
2020,2020-07-09,0.0015452489,0.00026045748,145,57,ERA5_2020.nc
2020,2020-07-10,0.0021851186,0.00035424464,145,57,ERA5_2020.nc
2020,2020-07-11,0.0022294421,0.00046553664,145,57,ERA5_2020.nc
2020,2020-07-12,0.0025604614,0.0004198491,145,57,ERA5_2020.nc
2020,2020-07-13,0.0022752779,0.00037344225,145,57,ERA5_2020.nc
2020,2020-07-14,0.002222344,0.00036064026,145,57,ERA5_2020.nc
2020,2020-07-15,0.0026446762,0.00045400055,145,57,ERA5_2020.nc
2020,2020-07-16,0.0028140403,0.00048459694,145,57,ERA5_2020.nc
2020,2020-07-17,0.0020496661,0.00037447113,145,57,ERA5_2020.nc
2020,2020-07-18,0.0034365258,0.0005875388,145,57,ERA5_2020.nc
2020,2020-07-19,0.0034349165,0.0004891759,145,57,ERA5_2020.nc
2020,2020-07-20,0.0013570036,0.00033239147,145,57,ERA5_2020.nc
2020,2020-07-21,0.0013583665,0.0003748836,145,57,ERA5_2020.nc
2020,2020-07-22,0.003460884,0.00058399,145,57,ERA5_2020.nc
2020,2020-07-23,0.002102471,0.0005082761,145,57,ERA5_2020.nc
2020,2020-07-24,0.00200729,0.00052835094,145,57,ERA5_2020.nc
2020,2020-07-25,0.0036606588,0.0007004778,145,57,ERA5_2020.nc
2020,2020-07-26,0.0018717247,0.00040520952,145,57,ERA5_2020.nc
2020,2020-07-27,0.0022616135,0.00036471256,145,57,ERA5_2020.nc
2020,2020-07-28,0.004297565,0.00072144275,145,57,ERA5_2020.nc
2020,2020-07-29,0.0025030975,0.00040824036,145,57,ERA5_2020.nc
2020,2020-07-30,0.0016805348,0.00033904688,145,57,ERA5_2020.nc
2020,2020-07-31,0.0021339515,0.0003116675,145,57,ERA5_2020.nc
2020,2020-08-01,0.005450706,0.0006119675,145,57,ERA5_2020.nc
2020,2020-08-02,0.0033775326,0.0005076742,145,57,ERA5_2020.nc
2020,2020-08-03,0.0020236466,0.0003706345,145,57,ERA5_2020.nc
2020,2020-08-04,0.0043111704,0.0009094188,145,57,ERA5_2020.nc
2020,2020-08-05,0.005044046,0.0006367791,145,57,ERA5_2020.nc
2020,2020-08-06,0.0025368007,0.0005395204,145,57,ERA5_2020.nc
2020,2020-08-07,0.002125605,0.00045173703,145,57,ERA5_2020.nc
2020,2020-08-08,0.0052361265,0.0006814763,145,57,ERA5_2020.nc
2020,2020-08-09,0.004930037,0.0008572176,145,57,ERA5_2020.nc
2020,2020-08-10,0.0019829646,0.00041385018,145,57,ERA5_2020.nc
2020,2020-08-11,0.0024096663,0.00036825243,145,57,ERA5_2020.nc
2020,2020-08-12,0.0035925705,0.0005752257,145,57,ERA5_2020.nc
2020,2020-08-13,0.0019056969,0.0004367606,145,57,ERA5_2020.nc
2020,2020-08-14,0.0017595162,0.0004113962,145,57,ERA5_2020.nc
2020,2020-08-15,0.002539656,0.0004848162,145,57,ERA5_2020.nc
2020,2020-08-16,0.0037248372,0.0005802219,145,57,ERA5_2020.nc
2020,2020-08-17,0.00335952,0.00061007263,145,57,ERA5_2020.nc
2020,2020-08-18,0.0031821113,0.00080978405,145,57,ERA5_2020.nc
2020,2020-08-19,0.0028352453,0.00061927387,145,57,ERA5_2020.nc
2020,2020-08-20,0.00245593,0.0006779773,145,57,ERA5_2020.nc
2020,2020-08-21,0.0027251814,0.0005116883,145,57,ERA5_2020.nc
2020,2020-08-22,0.0033155861,0.0006825366,145,57,ERA5_2020.nc
2020,2020-08-23,0.0038731648,0.0007511769,145,57,ERA5_2020.nc
2020,2020-08-24,0.0025592512,0.0006074421,145,57,ERA5_2020.nc
2020,2020-08-25,0.0022970936,0.00052418804,145,57,ERA5_2020.nc
2020,2020-08-26,0.001821458,0.00041012964,145,57,ERA5_2020.nc
2020,2020-08-27,0.0022052925,0.00052634324,145,57,ERA5_2020.nc
2020,2020-08-28,0.0025738822,0.00061286933,145,57,ERA5_2020.nc
2020,2020-08-29,0.004292476,0.00083316525,145,57,ERA5_2020.nc
2020,2020-08-30,0.0027977373,0.00068334315,145,57,ERA5_2020.nc
2020,2020-08-31,0.001934621,0.000613158,145,57,ERA5_2020.nc
2020,2020-09-01,0.0024079436,0.0005146585,145,57,ERA5_2020.nc
2020,2020-09-02,0.0040916204,0.0007517915,145,57,ERA5_2020.nc
2020,2020-09-03,0.0018762106,0.0005438152,145,57,ERA5_2020.nc
2020,2020-09-04,0.0019712795,0.0004725828,145,57,ERA5_2020.nc
2020,2020-09-05,0.0030118492,0.0006410281,145,57,ERA5_2020.nc
2020,2020-09-06,0.00418642,0.0009419502,145,57,ERA5_2020.nc
2020,2020-09-07,0.0036081886,0.0007384048,145,57,ERA5_2020.nc
2020,2020-09-08,0.0015326751,0.000562352,145,57,ERA5_2020.nc
2020,2020-09-09,0.0028883717,0.0007511359,145,57,ERA5_2020.nc
2020,2020-09-10,0.0027271311,0.00070623215,145,57,ERA5_2020.nc
2020,2020-09-11,0.0025287205,0.0007699864,145,57,ERA5_2020.nc
2020,2020-09-12,0.0024966486,0.00074965897,145,57,ERA5_2020.nc
2020,2020-09-13,0.003862373,0.00068666914,145,57,ERA5_2020.nc
2020,2020-09-14,0.0015649354,0.0004952934,145,57,ERA5_2020.nc
2020,2020-09-15,0.0027333368,0.0007929274,145,57,ERA5_2020.nc
2020,2020-09-16,0.0013611588,0.00044438549,145,57,ERA5_2020.nc
2020,2020-09-17,0.00096866686,0.00037248948,145,57,ERA5_2020.nc
2020,2020-09-18,0.0027705878,0.0006673726,145,57,ERA5_2020.nc
2020,2020-09-19,0.0019130982,0.00055526826,145,57,ERA5_2020.nc
2020,2020-09-20,0.0023713345,0.0006246326,145,57,ERA5_2020.nc
2020,2020-09-21,0.0029131111,0.0007811875,145,57,ERA5_2020.nc
2020,2020-09-22,0.002052093,0.0006429504,145,57,ERA5_2020.nc
2020,2020-09-23,0.0026759726,0.0006809873,145,57,ERA5_2020.nc
2020,2020-09-24,0.003022179,0.0007035765,145,57,ERA5_2020.nc
2020,2020-09-25,0.002550588,0.00073220173,145,57,ERA5_2020.nc
2020,2020-09-26,0.0025707043,0.000643942,145,57,ERA5_2020.nc
2020,2020-09-27,0.0025634207,0.00062530057,145,57,ERA5_2020.nc
2020,2020-09-28,0.0027387254,0.0006956655,145,57,ERA5_2020.nc
2020,2020-09-29,0.0032738606,0.0008046861,145,57,ERA5_2020.nc
2020,2020-09-30,0.0020643407,0.0005600881,145,57,ERA5_2020.nc
2020,2020-10-01,0.0020532764,0.00056873186,145,57,ERA5_2020.nc
2020,2020-10-02,0.0017650353,0.0005023221,145,57,ERA5_2020.nc
2020,2020-10-03,0.002717061,0.0006109056,145,57,ERA5_2020.nc
2020,2020-10-04,0.0013345536,0.0004920709,145,57,ERA5_2020.nc
2020,2020-10-05,0.00087064446,0.00042827975,145,57,ERA5_2020.nc
2020,2020-10-06,0.0015760649,0.0005004504,145,57,ERA5_2020.nc
2020,2020-10-07,0.0011828763,0.00041008677,145,57,ERA5_2020.nc
2020,2020-10-08,0.0020399438,0.0005630752,145,57,ERA5_2020.nc
2020,2020-10-09,0.0018577615,0.0004900254,145,57,ERA5_2020.nc
2020,2020-10-10,0.0016688702,0.0005121726,145,57,ERA5_2020.nc
2020,2020-10-11,0.001624839,0.000522621,145,57,ERA5_2020.nc
2020,2020-10-12,0.00275916,0.00061930344,145,57,ERA5_2020.nc
2020,2020-10-13,0.0026200206,0.00055354205,145,57,ERA5_2020.nc
2020,2020-10-14,0.0017781686,0.00058621424,145,57,ERA5_2020.nc
2020,2020-10-15,0.0017242784,0.00055916863,145,57,ERA5_2020.nc
2020,2020-10-16,0.0019388974,0.00054896576,145,57,ERA5_2020.nc
2020,2020-10-17,0.0031622557,0.00077864144,145,57,ERA5_2020.nc
2020,2020-10-18,0.0026362506,0.00067260244,145,57,ERA5_2020.nc
2020,2020-10-19,0.0017000795,0.00046479364,145,57,ERA5_2020.nc
2020,2020-10-20,0.0030992283,0.00080231123,145,57,ERA5_2020.nc
2020,2020-10-21,0.002503986,0.0006230839,145,57,ERA5_2020.nc
2020,2020-10-22,0.002899827,0.00075970456,145,57,ERA5_2020.nc
2020,2020-10-23,0.0019743312,0.0006527358,145,57,ERA5_2020.nc
2020,2020-10-24,0.0012430307,0.0004202993,145,57,ERA5_2020.nc
2020,2020-10-25,0.0034403766,0.0009020766,145,57,ERA5_2020.nc
2020,2020-10-26,0.0024268366,0.0006722362,145,57,ERA5_2020.nc
2020,2020-10-27,0.0019413221,0.0006264931,145,57,ERA5_2020.nc
2020,2020-10-28,0.0019663046,0.00071499177,145,57,ERA5_2020.nc
2020,2020-10-29,0.0040078755,0.0011678649,145,57,ERA5_2020.nc
2020,2020-10-30,0.0029096848,0.0011556224,145,57,ERA5_2020.nc
2020,2020-10-31,0.0012050525,0.00065872975,145,57,ERA5_2020.nc
2020,2020-11-01,0.0014419621,0.0006404003,145,57,ERA5_2020.nc
2020,2020-11-02,0.0019015832,0.00075893174,145,57,ERA5_2020.nc
2020,2020-11-03,0.001379733,0.00060406735,145,57,ERA5_2020.nc
2020,2020-11-04,0.0009742817,0.00051452103,145,57,ERA5_2020.nc
2020,2020-11-05,0.0019693056,0.0007053071,145,57,ERA5_2020.nc
2020,2020-11-06,0.003005987,0.00086783024,145,57,ERA5_2020.nc
2020,2020-11-07,0.0028157602,0.00074030145,145,57,ERA5_2020.nc
2020,2020-11-08,0.0027237004,0.0006895394,145,57,ERA5_2020.nc
2020,2020-11-09,0.0029047336,0.00079616666,145,57,ERA5_2020.nc
2020,2020-11-10,0.0025956908,0.00088938116,145,57,ERA5_2020.nc
2020,2020-11-11,0.0017139002,0.00068363466,145,57,ERA5_2020.nc
2020,2020-11-12,0.0005776308,0.0004920915,145,57,ERA5_2020.nc
2020,2020-11-13,0.0010718023,0.0005815282,145,57,ERA5_2020.nc
2020,2020-11-14,0.0019719116,0.00066057866,145,57,ERA5_2020.nc
2020,2020-11-15,0.0019078028,0.0007393869,145,57,ERA5_2020.nc
2020,2020-11-16,0.0015374861,0.0005916734,145,57,ERA5_2020.nc
2020,2020-11-17,0.0011850386,0.0005138281,145,57,ERA5_2020.nc
2020,2020-11-18,0.0011771596,0.0005805079,145,57,ERA5_2020.nc
2020,2020-11-19,0.0005445714,0.000390973,145,57,ERA5_2020.nc
2020,2020-11-20,0.0016906727,0.0004845578,145,57,ERA5_2020.nc
2020,2020-11-21,0.001118466,0.0004847367,145,57,ERA5_2020.nc
2020,2020-11-22,0.0004797041,0.00038255673,145,57,ERA5_2020.nc
2020,2020-11-23,0.00071426807,0.0004027419,145,57,ERA5_2020.nc
2020,2020-11-24,0.0016059964,0.0008317636,145,57,ERA5_2020.nc
2020,2020-11-25,0.0014667164,0.00043526906,145,57,ERA5_2020.nc
2020,2020-11-26,0.00062873313,0.00034319994,145,57,ERA5_2020.nc
2020,2020-11-27,0.0012487322,0.000393053,145,57,ERA5_2020.nc
2020,2020-11-28,0.003214263,0.00078870694,145,57,ERA5_2020.nc
2020,2020-11-29,0.0022899518,0.0008585125,145,57,ERA5_2020.nc
2020,2020-11-30,0.00050718937,0.0003864405,145,57,ERA5_2020.nc
2020,2020-12-01,0.0005923271,0.0003967074,145,57,ERA5_2020.nc
2020,2020-12-02,0.00074911164,0.00039425807,145,57,ERA5_2020.nc
2020,2020-12-03,0.00060687715,0.00032670778,145,57,ERA5_2020.nc
2020,2020-12-04,0.0009469669,0.00033236656,145,57,ERA5_2020.nc
2020,2020-12-05,0.0011208544,0.00039685605,145,57,ERA5_2020.nc
2020,2020-12-06,0.00036224918,0.00030211313,145,57,ERA5_2020.nc
2020,2020-12-07,0.00083998777,0.0004117099,145,57,ERA5_2020.nc
2020,2020-12-08,0.0007322136,0.00033524993,145,57,ERA5_2020.nc
2020,2020-12-09,0.00078164693,0.0003720268,145,57,ERA5_2020.nc
2020,2020-12-10,0.00044140432,0.00030743278,145,57,ERA5_2020.nc
2020,2020-12-11,0.00040624617,0.00026582187,145,57,ERA5_2020.nc
2020,2020-12-12,0.0006306409,0.00027198694,145,57,ERA5_2020.nc
2020,2020-12-13,0.00065391394,0.0003815652,145,57,ERA5_2020.nc
2020,2020-12-14,0.00046566225,0.00021477083,145,57,ERA5_2020.nc
2020,2020-12-15,0.0006232797,0.00021204812,145,57,ERA5_2020.nc
2020,2020-12-16,0.0005476201,0.00022092772,145,57,ERA5_2020.nc
2020,2020-12-17,0.0005890527,0.00023169674,145,57,ERA5_2020.nc
2020,2020-12-18,0.00070218265,0.0002886706,145,57,ERA5_2020.nc
2020,2020-12-19,0.00064902595,0.00024283983,145,57,ERA5_2020.nc
2020,2020-12-20,0.00041874702,0.00024422212,145,57,ERA5_2020.nc
2020,2020-12-21,0.00042654597,0.0002284901,145,57,ERA5_2020.nc
2020,2020-12-22,0.0006696577,0.00024840012,145,57,ERA5_2020.nc
2020,2020-12-23,0.00032671553,0.00019281975,145,57,ERA5_2020.nc
2020,2020-12-24,0.00070587953,0.00026901957,145,57,ERA5_2020.nc
2020,2020-12-25,0.00045097218,0.0001989958,145,57,ERA5_2020.nc
2020,2020-12-26,0.00058385805,0.00026299816,145,57,ERA5_2020.nc
2020,2020-12-27,0.00059296994,0.00026053938,145,57,ERA5_2020.nc
2020,2020-12-28,0.0002774552,0.00019772013,145,57,ERA5_2020.nc
2020,2020-12-29,0.00013072019,0.00014725636,145,57,ERA5_2020.nc
2020,2020-12-30,0.00032460535,0.00016801244,145,57,ERA5_2020.nc
2020,2020-12-31,0.0012250936,0.00023741028,145,57,ERA5_2020.nc
2021,2021-01-01,0.0015918427,0.0002956551,145,57,ERA5_2021.nc
2021,2021-01-02,0.0008560957,0.00021498617,145,57,ERA5_2021.nc
2021,2021-01-03,0.0007295223,0.00019278872,145,57,ERA5_2021.nc
2021,2021-01-04,0.00053494517,0.00017379981,145,57,ERA5_2021.nc
2021,2021-01-05,0.0002926407,0.00017529272,145,57,ERA5_2021.nc
2021,2021-01-06,0.00022726203,0.00014044828,145,57,ERA5_2021.nc
2021,2021-01-07,0.00019267868,0.00014611118,145,57,ERA5_2021.nc
2021,2021-01-08,0.00076814933,0.0002299044,145,57,ERA5_2021.nc
2021,2021-01-09,0.00089572946,0.0002608119,145,57,ERA5_2021.nc
2021,2021-01-10,0.0004563019,0.0001667055,145,57,ERA5_2021.nc
2021,2021-01-11,0.00046977669,0.00020714095,145,57,ERA5_2021.nc
2021,2021-01-12,0.0005035278,0.00022894057,145,57,ERA5_2021.nc
2021,2021-01-13,0.00047239132,0.00017358728,145,57,ERA5_2021.nc
2021,2021-01-14,0.0011358734,0.00025664916,145,57,ERA5_2021.nc
2021,2021-01-15,0.0006652168,0.00020145375,145,57,ERA5_2021.nc
2021,2021-01-16,0.0010020173,0.0002721866,145,57,ERA5_2021.nc
2021,2021-01-17,0.00086042436,0.00018373122,145,57,ERA5_2021.nc
2021,2021-01-18,0.00063547015,0.00017145171,145,57,ERA5_2021.nc
2021,2021-01-19,0.0006530645,0.0001753049,145,57,ERA5_2021.nc
2021,2021-01-20,0.0006578598,0.00018469863,145,57,ERA5_2021.nc
2021,2021-01-21,0.000115856485,0.00012484858,145,57,ERA5_2021.nc
2021,2021-01-22,0.0001315139,0.00013319234,145,57,ERA5_2021.nc
2021,2021-01-23,0.00021628803,0.00012050153,145,57,ERA5_2021.nc
2021,2021-01-24,0.00057930965,0.00020238581,145,57,ERA5_2021.nc
2021,2021-01-25,0.00065198354,0.00016496622,145,57,ERA5_2021.nc
2021,2021-01-26,0.00018496592,0.000103589075,145,57,ERA5_2021.nc
2021,2021-01-27,0.00023114182,9.319164e-05,145,57,ERA5_2021.nc
2021,2021-01-28,0.00066829287,9.8152675e-05,145,57,ERA5_2021.nc
2021,2021-01-29,0.0003079295,0.0001043963,145,57,ERA5_2021.nc
2021,2021-01-30,0.00026263105,9.992098e-05,145,57,ERA5_2021.nc
2021,2021-01-31,0.00017316325,9.558064e-05,145,57,ERA5_2021.nc
2021,2021-02-01,9.6190604e-05,9.428196e-05,145,57,ERA5_2021.nc
2021,2021-02-02,5.1912248e-05,7.765219e-05,145,57,ERA5_2021.nc
2021,2021-02-03,0.0002171837,8.076298e-05,145,57,ERA5_2021.nc
2021,2021-02-04,0.0010107356,9.783224e-05,145,57,ERA5_2021.nc
2021,2021-02-05,0.001012176,0.00010820136,145,57,ERA5_2021.nc
2021,2021-02-06,0.00059790205,0.00016222753,145,57,ERA5_2021.nc
2021,2021-02-07,0.0005163178,0.00015954737,145,57,ERA5_2021.nc
2021,2021-02-08,0.0003833836,0.000105421655,145,57,ERA5_2021.nc
2021,2021-02-09,0.00030500052,0.0001215972,145,57,ERA5_2021.nc
2021,2021-02-10,0.00032304478,8.629642e-05,145,57,ERA5_2021.nc
2021,2021-02-11,0.00069538294,0.000125091,145,57,ERA5_2021.nc
2021,2021-02-12,0.00032763142,0.000111877314,145,57,ERA5_2021.nc
2021,2021-02-13,0.000586251,0.0001258525,145,57,ERA5_2021.nc
2021,2021-02-14,0.00019838323,8.525219e-05,145,57,ERA5_2021.nc
2021,2021-02-15,0.00038774882,9.129406e-05,145,57,ERA5_2021.nc
2021,2021-02-16,0.0010027364,9.52073e-05,145,57,ERA5_2021.nc
2021,2021-02-17,0.001271591,0.00011081679,145,57,ERA5_2021.nc
2021,2021-02-18,0.0018341492,0.00024793722,145,57,ERA5_2021.nc
2021,2021-02-19,0.00047827262,0.00010575613,145,57,ERA5_2021.nc
2021,2021-02-20,0.00044292765,0.000108261804,145,57,ERA5_2021.nc
2021,2021-02-21,0.00061680656,0.00011135492,145,57,ERA5_2021.nc
2021,2021-02-22,0.0009949603,0.00018991536,145,57,ERA5_2021.nc
2021,2021-02-23,0.0005355502,9.167314e-05,145,57,ERA5_2021.nc
2021,2021-02-24,0.00034591602,7.941999e-05,145,57,ERA5_2021.nc
2021,2021-02-25,2.9855602e-05,5.1750478e-05,145,57,ERA5_2021.nc
2021,2021-02-26,0.00016007046,6.4863765e-05,145,57,ERA5_2021.nc
2021,2021-02-27,0.0001645716,6.358264e-05,145,57,ERA5_2021.nc
2021,2021-02-28,6.763668e-05,5.7427264e-05,145,57,ERA5_2021.nc
2021,2021-03-01,9.234902e-05,5.4229684e-05,145,57,ERA5_2021.nc
2021,2021-03-02,0.0002815149,8.407366e-05,145,57,ERA5_2021.nc
2021,2021-03-03,0.00046340402,8.631491e-05,145,57,ERA5_2021.nc
2021,2021-03-04,0.00061850913,0.00010044755,145,57,ERA5_2021.nc
2021,2021-03-05,0.00040005666,9.493381e-05,145,57,ERA5_2021.nc
2021,2021-03-06,0.0003488622,8.246106e-05,145,57,ERA5_2021.nc
2021,2021-03-07,0.00089155254,0.000153281,145,57,ERA5_2021.nc
2021,2021-03-08,0.00088981946,0.00012709218,145,57,ERA5_2021.nc
2021,2021-03-09,0.00048381725,0.00012759515,145,57,ERA5_2021.nc
2021,2021-03-10,8.002245e-05,5.912025e-05,145,57,ERA5_2021.nc
2021,2021-03-11,4.6017067e-05,5.1396786e-05,145,57,ERA5_2021.nc
2021,2021-03-12,0.00021206416,5.43228e-05,145,57,ERA5_2021.nc
2021,2021-03-13,0.00037036088,5.705315e-05,145,57,ERA5_2021.nc
2021,2021-03-14,0.0003875828,5.74823e-05,145,57,ERA5_2021.nc
2021,2021-03-15,0.0004354433,9.006473e-05,145,57,ERA5_2021.nc
2021,2021-03-16,0.0022246544,0.00019880425,145,57,ERA5_2021.nc
2021,2021-03-17,0.002458226,0.00024862148,145,57,ERA5_2021.nc
2021,2021-03-18,0.0008819548,0.00011568938,145,57,ERA5_2021.nc
2021,2021-03-19,0.0009172472,0.000113776434,145,57,ERA5_2021.nc
2021,2021-03-20,0.0016280531,0.00015846513,145,57,ERA5_2021.nc
2021,2021-03-21,0.0027403305,0.0003698749,145,57,ERA5_2021.nc
2021,2021-03-22,0.0006281523,0.00012658541,145,57,ERA5_2021.nc
2021,2021-03-23,0.00045890326,0.00010784977,145,57,ERA5_2021.nc
2021,2021-03-24,0.000739224,7.560076e-05,145,57,ERA5_2021.nc
2021,2021-03-25,0.0012067516,0.00011484677,145,57,ERA5_2021.nc
2021,2021-03-26,0.0010042903,9.7096476e-05,145,57,ERA5_2021.nc
2021,2021-03-27,0.00062832364,7.896813e-05,145,57,ERA5_2021.nc
2021,2021-03-28,0.00022336702,6.6276676e-05,145,57,ERA5_2021.nc
2021,2021-03-29,0.0007449873,0.00015149411,145,57,ERA5_2021.nc
2021,2021-03-30,0.0012086618,0.00012640507,145,57,ERA5_2021.nc
2021,2021-03-31,0.0011807253,0.00022118457,145,57,ERA5_2021.nc
2021,2021-04-01,0.0011657972,0.00017252969,145,57,ERA5_2021.nc
2021,2021-04-02,0.0012580925,0.00017223846,145,57,ERA5_2021.nc
2021,2021-04-03,0.0012080192,0.00022006099,145,57,ERA5_2021.nc
2021,2021-04-04,0.0011318933,0.0001932568,145,57,ERA5_2021.nc
2021,2021-04-05,0.0013957148,0.00018600767,145,57,ERA5_2021.nc
2021,2021-04-06,0.0013132995,0.00019964887,145,57,ERA5_2021.nc
2021,2021-04-07,0.0008752717,0.00012586915,145,57,ERA5_2021.nc
2021,2021-04-08,0.0011978762,0.0001974864,145,57,ERA5_2021.nc
2021,2021-04-09,0.0005967255,0.00011967317,145,57,ERA5_2021.nc
2021,2021-04-10,0.001223841,0.00019200715,145,57,ERA5_2021.nc
2021,2021-04-11,0.0012312729,0.00017981169,145,57,ERA5_2021.nc
2021,2021-04-12,0.0016028738,0.00024083299,145,57,ERA5_2021.nc
2021,2021-04-13,0.0021716082,0.00033122097,145,57,ERA5_2021.nc
2021,2021-04-14,0.00065051334,0.00019700848,145,57,ERA5_2021.nc
2021,2021-04-15,0.00058561296,0.00012820115,145,57,ERA5_2021.nc
2021,2021-04-16,0.00060932606,0.00014045733,145,57,ERA5_2021.nc
2021,2021-04-17,0.00042334083,0.000116093026,145,57,ERA5_2021.nc
2021,2021-04-18,0.0008194017,9.5972006e-05,145,57,ERA5_2021.nc
2021,2021-04-19,0.0013075497,0.00015276548,145,57,ERA5_2021.nc
2021,2021-04-20,0.001765928,0.00026156032,145,57,ERA5_2021.nc
2021,2021-04-21,0.0014827782,0.00023078837,145,57,ERA5_2021.nc
2021,2021-04-22,0.0009612669,0.00015073371,145,57,ERA5_2021.nc
2021,2021-04-23,0.0013552082,0.00019236689,145,57,ERA5_2021.nc
2021,2021-04-24,0.0025935837,0.00042645575,145,57,ERA5_2021.nc
2021,2021-04-25,0.0041487617,0.0004603098,145,57,ERA5_2021.nc
2021,2021-04-26,0.002047028,0.00026661804,145,57,ERA5_2021.nc
2021,2021-04-27,0.00072647945,0.00017562014,145,57,ERA5_2021.nc
2021,2021-04-28,0.0013211638,0.00017075769,145,57,ERA5_2021.nc
2021,2021-04-29,0.0021986777,0.0002958738,145,57,ERA5_2021.nc
2021,2021-04-30,0.0021038756,0.00030703802,145,57,ERA5_2021.nc
2021,2021-05-01,0.0011669961,0.000244844,145,57,ERA5_2021.nc
2021,2021-05-02,0.0020095566,0.00026441144,145,57,ERA5_2021.nc
2021,2021-05-03,0.0022381274,0.0003054281,145,57,ERA5_2021.nc
2021,2021-05-04,0.0021666898,0.00034815355,145,57,ERA5_2021.nc
2021,2021-05-05,0.0032460836,0.0005267839,145,57,ERA5_2021.nc
2021,2021-05-06,0.0040395027,0.00073843397,145,57,ERA5_2021.nc
2021,2021-05-07,0.0040236255,0.00055886817,145,57,ERA5_2021.nc
2021,2021-05-08,0.004789428,0.00070963823,145,57,ERA5_2021.nc
2021,2021-05-09,0.0045672166,0.00059496076,145,57,ERA5_2021.nc
2021,2021-05-10,0.0034616836,0.0005303725,145,57,ERA5_2021.nc
2021,2021-05-11,0.0033435726,0.000496389,145,57,ERA5_2021.nc
2021,2021-05-12,0.002333227,0.00037945874,145,57,ERA5_2021.nc
2021,2021-05-13,0.0011635401,0.00034031982,145,57,ERA5_2021.nc
2021,2021-05-14,0.0023404881,0.00037208572,145,57,ERA5_2021.nc
2021,2021-05-15,0.0016918813,0.00034333745,145,57,ERA5_2021.nc
2021,2021-05-16,0.0007207339,0.00022310625,145,57,ERA5_2021.nc
2021,2021-05-17,0.0014507218,0.00031380123,145,57,ERA5_2021.nc
2021,2021-05-18,0.0014474713,0.00029298977,145,57,ERA5_2021.nc
2021,2021-05-19,0.0016078986,0.00032652903,145,57,ERA5_2021.nc
2021,2021-05-20,0.0004816739,0.00017576531,145,57,ERA5_2021.nc
2021,2021-05-21,0.0007865844,0.00020859814,145,57,ERA5_2021.nc
2021,2021-05-22,0.001375318,0.00028864777,145,57,ERA5_2021.nc
2021,2021-05-23,0.0017203917,0.0003349323,145,57,ERA5_2021.nc
2021,2021-05-24,0.0012786547,0.0003671221,145,57,ERA5_2021.nc
2021,2021-05-25,0.00020737098,0.00012223488,145,57,ERA5_2021.nc
2021,2021-05-26,0.0010938277,0.00020941891,145,57,ERA5_2021.nc
2021,2021-05-27,0.0010402107,0.00020614913,145,57,ERA5_2021.nc
2021,2021-05-28,0.000518021,0.00020904491,145,57,ERA5_2021.nc
2021,2021-05-29,0.0003306729,0.00014474013,145,57,ERA5_2021.nc
2021,2021-05-30,0.00022043182,0.00015665882,145,57,ERA5_2021.nc
2021,2021-05-31,0.000121992656,0.00010117663,145,57,ERA5_2021.nc
2021,2021-06-01,0.0008692343,0.00014755277,145,57,ERA5_2021.nc
2021,2021-06-02,0.0014838029,0.00022814612,145,57,ERA5_2021.nc
2021,2021-06-03,0.0012418368,0.00021551257,145,57,ERA5_2021.nc
2021,2021-06-04,0.0008879504,0.00018445787,145,57,ERA5_2021.nc
2021,2021-06-05,0.0017023701,0.00017682745,145,57,ERA5_2021.nc
2021,2021-06-06,0.0019490477,0.00023837286,145,57,ERA5_2021.nc
2021,2021-06-07,0.000654053,0.00015317526,145,57,ERA5_2021.nc
2021,2021-06-08,0.00031060065,0.00011120402,145,57,ERA5_2021.nc
2021,2021-06-09,0.00026281277,0.000112890266,145,57,ERA5_2021.nc
2021,2021-06-10,0.00028328932,0.00012432356,145,57,ERA5_2021.nc
2021,2021-06-11,0.00014839339,0.00010188423,145,57,ERA5_2021.nc
2021,2021-06-12,0.0011754608,0.00018495279,145,57,ERA5_2021.nc
2021,2021-06-13,0.0014055194,0.0002349501,145,57,ERA5_2021.nc
2021,2021-06-14,0.0011448564,0.00018660598,145,57,ERA5_2021.nc
2021,2021-06-15,0.0006184876,0.00012124506,145,57,ERA5_2021.nc
2021,2021-06-16,0.001953758,0.0002408264,145,57,ERA5_2021.nc
2021,2021-06-17,0.0013973478,0.00018765876,145,57,ERA5_2021.nc
2021,2021-06-18,0.0015997789,0.00023174525,145,57,ERA5_2021.nc
2021,2021-06-19,0.0012626608,0.00018256248,145,57,ERA5_2021.nc
2021,2021-06-20,0.001254461,0.0001384517,145,57,ERA5_2021.nc
2021,2021-06-21,0.00061819603,0.00012847394,145,57,ERA5_2021.nc
2021,2021-06-22,0.0011270279,0.00014469844,145,57,ERA5_2021.nc
2021,2021-06-23,0.0015313479,0.00018353327,145,57,ERA5_2021.nc
2021,2021-06-24,0.00067516055,0.00014049333,145,57,ERA5_2021.nc
2021,2021-06-25,0.00021630217,0.00010380979,145,57,ERA5_2021.nc
2021,2021-06-26,0.00025572506,0.00011525652,145,57,ERA5_2021.nc
2021,2021-06-27,0.0007184386,0.00012593558,145,57,ERA5_2021.nc
2021,2021-06-28,0.0014677874,0.00018199408,145,57,ERA5_2021.nc
2021,2021-06-29,0.0026339942,0.000375883,145,57,ERA5_2021.nc
2021,2021-06-30,0.0019014844,0.00027526755,145,57,ERA5_2021.nc
2021,2021-07-01,0.0007732563,0.00014510212,145,57,ERA5_2021.nc
2021,2021-07-02,0.00096028426,0.00019629335,145,57,ERA5_2021.nc
2021,2021-07-03,0.00091904943,0.00017573721,145,57,ERA5_2021.nc
2021,2021-07-04,0.0012707703,0.00020286895,145,57,ERA5_2021.nc
2021,2021-07-05,0.001917085,0.0002600872,145,57,ERA5_2021.nc
2021,2021-07-06,0.0034327742,0.0003894112,145,57,ERA5_2021.nc
2021,2021-07-07,0.0026492316,0.00029824732,145,57,ERA5_2021.nc
2021,2021-07-08,0.0019820204,0.0002661944,145,57,ERA5_2021.nc
2021,2021-07-09,0.0007118381,0.0001583233,145,57,ERA5_2021.nc
2021,2021-07-10,0.0022185154,0.00025961176,145,57,ERA5_2021.nc
2021,2021-07-11,0.0021541335,0.00024604166,145,57,ERA5_2021.nc
2021,2021-07-12,0.0013766631,0.00022771931,145,57,ERA5_2021.nc
2021,2021-07-13,0.0018984564,0.00028737253,145,57,ERA5_2021.nc
2021,2021-07-14,0.0017447607,0.0002437157,145,57,ERA5_2021.nc
2021,2021-07-15,0.0016791818,0.00026534573,145,57,ERA5_2021.nc
2021,2021-07-16,0.0012592062,0.00021248078,145,57,ERA5_2021.nc
2021,2021-07-17,0.0023496363,0.00026485353,145,57,ERA5_2021.nc
2021,2021-07-18,0.0026495843,0.0002658935,145,57,ERA5_2021.nc
2021,2021-07-19,0.0020415497,0.00025193134,145,57,ERA5_2021.nc
2021,2021-07-20,0.002014753,0.00025689133,145,57,ERA5_2021.nc
2021,2021-07-21,0.0023197304,0.00030865346,145,57,ERA5_2021.nc
2021,2021-07-22,0.0019114133,0.0002605188,145,57,ERA5_2021.nc
2021,2021-07-23,0.001375379,0.00023250346,145,57,ERA5_2021.nc
2021,2021-07-24,0.003098362,0.00052779453,145,57,ERA5_2021.nc
2021,2021-07-25,0.0040110927,0.0005550742,145,57,ERA5_2021.nc
2021,2021-07-26,0.0033427337,0.00035044726,145,57,ERA5_2021.nc
2021,2021-07-27,0.0018707936,0.0002919224,145,57,ERA5_2021.nc
2021,2021-07-28,0.0014976873,0.00025340338,145,57,ERA5_2021.nc
2021,2021-07-29,0.0012963897,0.00022995482,145,57,ERA5_2021.nc
2021,2021-07-30,0.0018081798,0.00027851682,145,57,ERA5_2021.nc
2021,2021-07-31,0.002603048,0.00035512808,145,57,ERA5_2021.nc
2021,2021-08-01,0.0024954998,0.00035906755,145,57,ERA5_2021.nc
2021,2021-08-02,0.0019382817,0.00030692638,145,57,ERA5_2021.nc
2021,2021-08-03,0.0010744381,0.00020429134,145,57,ERA5_2021.nc
2021,2021-08-04,0.00087274436,0.00019640932,145,57,ERA5_2021.nc
2021,2021-08-05,0.00092985126,0.00019351317,145,57,ERA5_2021.nc
2021,2021-08-06,0.0019478383,0.00027811396,145,57,ERA5_2021.nc
2021,2021-08-07,0.0034158826,0.00047836817,145,57,ERA5_2021.nc
2021,2021-08-08,0.0023990604,0.00027530186,145,57,ERA5_2021.nc
2021,2021-08-09,0.0025698552,0.0003306925,145,57,ERA5_2021.nc
2021,2021-08-10,0.003278497,0.00047498717,145,57,ERA5_2021.nc
2021,2021-08-11,0.0035047089,0.00045688037,145,57,ERA5_2021.nc
2021,2021-08-12,0.0022537056,0.00030284072,145,57,ERA5_2021.nc
2021,2021-08-13,0.0038989214,0.00070584356,145,57,ERA5_2021.nc
2021,2021-08-14,0.0034735408,0.0005812451,145,57,ERA5_2021.nc
2021,2021-08-15,0.0013983555,0.00031717092,145,57,ERA5_2021.nc
2021,2021-08-16,0.00047588567,0.00021109151,145,57,ERA5_2021.nc
2021,2021-08-17,0.0013371493,0.0002585459,145,57,ERA5_2021.nc
2021,2021-08-18,0.002307931,0.00040365956,145,57,ERA5_2021.nc
2021,2021-08-19,0.0020208382,0.0003209244,145,57,ERA5_2021.nc
2021,2021-08-20,0.0031508375,0.00045124468,145,57,ERA5_2021.nc
2021,2021-08-21,0.001978172,0.00034113886,145,57,ERA5_2021.nc
2021,2021-08-22,0.0018525219,0.0003050469,145,57,ERA5_2021.nc
2021,2021-08-23,0.0012440197,0.0002527455,145,57,ERA5_2021.nc
2021,2021-08-24,0.0007174745,0.00020699106,145,57,ERA5_2021.nc
2021,2021-08-25,0.0011297043,0.00022154956,145,57,ERA5_2021.nc
2021,2021-08-26,0.0013044795,0.00026358265,145,57,ERA5_2021.nc
2021,2021-08-27,0.00083447515,0.00018739383,145,57,ERA5_2021.nc
2021,2021-08-28,0.0008148253,0.00019436603,145,57,ERA5_2021.nc
2021,2021-08-29,0.0024350616,0.00029506965,145,57,ERA5_2021.nc
2021,2021-08-30,0.001174985,0.00023921914,145,57,ERA5_2021.nc
2021,2021-08-31,0.0011248776,0.00025402076,145,57,ERA5_2021.nc
2021,2021-09-01,0.0030557364,0.0004994958,145,57,ERA5_2021.nc
2021,2021-09-02,0.0033426832,0.00042707942,145,57,ERA5_2021.nc
2021,2021-09-03,0.0029458995,0.00058657455,145,57,ERA5_2021.nc
2021,2021-09-04,0.003807638,0.00054507586,145,57,ERA5_2021.nc
2021,2021-09-05,0.0033716932,0.000498833,145,57,ERA5_2021.nc
2021,2021-09-06,0.0020831996,0.00034245063,145,57,ERA5_2021.nc
2021,2021-09-07,0.0038022194,0.0008075389,145,57,ERA5_2021.nc
2021,2021-09-08,0.003339699,0.00072158163,145,57,ERA5_2021.nc
2021,2021-09-09,0.0026688208,0.00061840646,145,57,ERA5_2021.nc
2021,2021-09-10,0.0019045598,0.00039041217,145,57,ERA5_2021.nc
2021,2021-09-11,0.0023066774,0.00045456385,145,57,ERA5_2021.nc
2021,2021-09-12,0.002210742,0.00046473969,145,57,ERA5_2021.nc
2021,2021-09-13,0.0014277698,0.00040438646,145,57,ERA5_2021.nc
2021,2021-09-14,0.001577212,0.00036851212,145,57,ERA5_2021.nc
2021,2021-09-15,0.0013725858,0.00037244233,145,57,ERA5_2021.nc
2021,2021-09-16,0.0025035152,0.00053647277,145,57,ERA5_2021.nc
2021,2021-09-17,0.004339777,0.0006692151,145,57,ERA5_2021.nc
2021,2021-09-18,0.0041840626,0.0006359488,145,57,ERA5_2021.nc
2021,2021-09-19,0.0020188885,0.00049276,145,57,ERA5_2021.nc
2021,2021-09-20,0.0027344876,0.0005749798,145,57,ERA5_2021.nc
2021,2021-09-21,0.0021074465,0.0006246156,145,57,ERA5_2021.nc
2021,2021-09-22,0.0009273776,0.00037320436,145,57,ERA5_2021.nc
2021,2021-09-23,0.0029336377,0.0007076515,145,57,ERA5_2021.nc
2021,2021-09-24,0.0038127862,0.001144316,145,57,ERA5_2021.nc
2021,2021-09-25,0.0032458787,0.0008526296,145,57,ERA5_2021.nc
2021,2021-09-26,0.0015590205,0.0005171694,145,57,ERA5_2021.nc
2021,2021-09-27,0.0011770264,0.00048047432,145,57,ERA5_2021.nc
2021,2021-09-28,0.0017471302,0.0005243152,145,57,ERA5_2021.nc
2021,2021-09-29,0.0010206632,0.00041800193,145,57,ERA5_2021.nc
2021,2021-09-30,0.0010515789,0.00034866546,145,57,ERA5_2021.nc
2021,2021-10-01,0.0020754044,0.0005717347,145,57,ERA5_2021.nc
2021,2021-10-02,0.0032701013,0.00065936556,145,57,ERA5_2021.nc
2021,2021-10-03,0.0018237723,0.00050502573,145,57,ERA5_2021.nc
2021,2021-10-04,0.0013734358,0.000447615,145,57,ERA5_2021.nc
2021,2021-10-05,0.001949169,0.0005740096,145,57,ERA5_2021.nc
2021,2021-10-06,0.0012137798,0.00047955004,145,57,ERA5_2021.nc
2021,2021-10-07,0.0013206615,0.0005156142,145,57,ERA5_2021.nc
2021,2021-10-08,0.0008358802,0.00043601816,145,57,ERA5_2021.nc
2021,2021-10-09,0.0011107827,0.0004657904,145,57,ERA5_2021.nc
2021,2021-10-10,0.0012263223,0.0004227085,145,57,ERA5_2021.nc
2021,2021-10-11,0.0035080274,0.0007775862,145,57,ERA5_2021.nc
2021,2021-10-12,0.0031629717,0.00072142284,145,57,ERA5_2021.nc
2021,2021-10-13,0.0029224542,0.0006261729,145,57,ERA5_2021.nc
2021,2021-10-14,0.001430626,0.00045093996,145,57,ERA5_2021.nc
2021,2021-10-15,0.001816792,0.00044907536,145,57,ERA5_2021.nc
2021,2021-10-16,0.0014550334,0.00061335275,145,57,ERA5_2021.nc
2021,2021-10-17,0.0013064588,0.00042313052,145,57,ERA5_2021.nc
2021,2021-10-18,0.0021705888,0.00056031276,145,57,ERA5_2021.nc
2021,2021-10-19,0.0020339559,0.00046124647,145,57,ERA5_2021.nc
2021,2021-10-20,0.002215662,0.0005167372,145,57,ERA5_2021.nc
2021,2021-10-21,0.002304189,0.00069696637,145,57,ERA5_2021.nc
2021,2021-10-22,0.0006707197,0.00038498585,145,57,ERA5_2021.nc
2021,2021-10-23,0.00042751455,0.0002795031,145,57,ERA5_2021.nc
2021,2021-10-24,0.0010968281,0.0003942722,145,57,ERA5_2021.nc
2021,2021-10-25,0.00062316883,0.00028014637,145,57,ERA5_2021.nc
2021,2021-10-26,0.0011718739,0.00030861676,145,57,ERA5_2021.nc
2021,2021-10-27,0.000797547,0.00027733133,145,57,ERA5_2021.nc
2021,2021-10-28,0.0014899657,0.00033019893,145,57,ERA5_2021.nc
2021,2021-10-29,0.0018814804,0.00045436772,145,57,ERA5_2021.nc
2021,2021-10-30,0.0015433003,0.0004519426,145,57,ERA5_2021.nc
2021,2021-10-31,0.0020434242,0.00055577944,145,57,ERA5_2021.nc
2021,2021-11-01,0.0026303988,0.0010212781,145,57,ERA5_2021.nc
2021,2021-11-02,0.0009353379,0.00035703543,145,57,ERA5_2021.nc
2021,2021-11-03,0.0011090824,0.0004255855,145,57,ERA5_2021.nc
2021,2021-11-04,0.0012060369,0.00040928612,145,57,ERA5_2021.nc
2021,2021-11-05,0.00076130044,0.0003097749,145,57,ERA5_2021.nc
2021,2021-11-06,0.0005729603,0.00024849584,145,57,ERA5_2021.nc
2021,2021-11-07,0.0007234873,0.00025426003,145,57,ERA5_2021.nc
2021,2021-11-08,0.00089754746,0.00027908175,145,57,ERA5_2021.nc
2021,2021-11-09,0.00048681756,0.00022907896,145,57,ERA5_2021.nc
2021,2021-11-10,0.0007412539,0.00025759373,145,57,ERA5_2021.nc
2021,2021-11-11,0.0009995967,0.00026581966,145,57,ERA5_2021.nc
2021,2021-11-12,0.0012644308,0.00030219738,145,57,ERA5_2021.nc
2021,2021-11-13,0.0011649058,0.00024596206,145,57,ERA5_2021.nc
2021,2021-11-14,0.00071242097,0.00025495805,145,57,ERA5_2021.nc
2021,2021-11-15,0.0013831127,0.0003687708,145,57,ERA5_2021.nc
2021,2021-11-16,0.00094418845,0.00025121708,145,57,ERA5_2021.nc
2021,2021-11-17,0.0010734517,0.00029376725,145,57,ERA5_2021.nc
2021,2021-11-18,0.00086319214,0.000286968,145,57,ERA5_2021.nc
2021,2021-11-19,0.0005454334,0.00023063629,145,57,ERA5_2021.nc
2021,2021-11-20,0.0011527606,0.00019140725,145,57,ERA5_2021.nc
2021,2021-11-21,0.0013272967,0.00033440843,145,57,ERA5_2021.nc
2021,2021-11-22,0.0005741139,0.00022421568,145,57,ERA5_2021.nc
2021,2021-11-23,0.00018428316,0.00015969969,145,57,ERA5_2021.nc
2021,2021-11-24,0.00024722225,0.00015921371,145,57,ERA5_2021.nc
2021,2021-11-25,0.0007722948,0.00021297176,145,57,ERA5_2021.nc
2021,2021-11-26,0.0015177788,0.00037575152,145,57,ERA5_2021.nc
2021,2021-11-27,0.00062017015,0.00019636382,145,57,ERA5_2021.nc
2021,2021-11-28,0.0009048999,0.00022663329,145,57,ERA5_2021.nc
2021,2021-11-29,0.0014734799,0.00026232976,145,57,ERA5_2021.nc
2021,2021-11-30,0.0014205925,0.00028498998,145,57,ERA5_2021.nc
2021,2021-12-01,0.00057836925,0.00021545848,145,57,ERA5_2021.nc
2021,2021-12-02,0.00077270024,0.00023656999,145,57,ERA5_2021.nc
2021,2021-12-03,0.0004674382,0.00020560532,145,57,ERA5_2021.nc
2021,2021-12-04,0.0004455406,0.00016531219,145,57,ERA5_2021.nc
2021,2021-12-05,0.000922689,0.00025380478,145,57,ERA5_2021.nc
2021,2021-12-06,0.00015724738,0.0001383668,145,57,ERA5_2021.nc
2021,2021-12-07,0.00035210708,0.00014670001,145,57,ERA5_2021.nc
2021,2021-12-08,0.00082745537,0.00017105989,145,57,ERA5_2021.nc
2021,2021-12-09,0.00041015982,0.00016176364,145,57,ERA5_2021.nc
2021,2021-12-10,0.0003924297,0.00017448573,145,57,ERA5_2021.nc
2021,2021-12-11,0.00023523078,0.00012815851,145,57,ERA5_2021.nc
2021,2021-12-12,0.00022420273,0.00012510219,145,57,ERA5_2021.nc
2021,2021-12-13,0.00024261221,0.00012641819,145,57,ERA5_2021.nc
2021,2021-12-14,0.0005135351,0.00014248225,145,57,ERA5_2021.nc
2021,2021-12-15,0.00091097446,0.00018133159,145,57,ERA5_2021.nc
2021,2021-12-16,0.0009751385,0.00021292582,145,57,ERA5_2021.nc
2021,2021-12-17,0.0008995852,0.0003459202,145,57,ERA5_2021.nc
2021,2021-12-18,0.00071320625,0.00016351402,145,57,ERA5_2021.nc
2021,2021-12-19,0.0014339586,0.00022519036,145,57,ERA5_2021.nc
2021,2021-12-20,0.0012134355,0.00018736595,145,57,ERA5_2021.nc
2021,2021-12-21,0.00076349056,0.0001737389,145,57,ERA5_2021.nc
2021,2021-12-22,0.00085804996,0.00021412763,145,57,ERA5_2021.nc
2021,2021-12-23,0.0009723179,0.0002485837,145,57,ERA5_2021.nc
2021,2021-12-24,0.00070241035,0.00020625556,145,57,ERA5_2021.nc
2021,2021-12-25,0.00088660134,0.00023045829,145,57,ERA5_2021.nc
2021,2021-12-26,0.0013323956,0.00024962198,145,57,ERA5_2021.nc
2021,2021-12-27,0.00092673034,0.00023431983,145,57,ERA5_2021.nc
2021,2021-12-28,0.0008029581,0.00018638256,145,57,ERA5_2021.nc
2021,2021-12-29,0.0008706958,0.00016736603,145,57,ERA5_2021.nc
2021,2021-12-30,0.0015238293,0.00024446985,145,57,ERA5_2021.nc
2021,2021-12-31,0.0018658562,0.0002011829,145,57,ERA5_2021.nc
2022,2022-01-01,0.0009853425,0.00016667429,145,57,ERA5_2022.nc
2022,2022-01-02,0.0005802206,0.00015041076,145,57,ERA5_2022.nc
2022,2022-01-03,0.0008462897,0.00019303072,145,57,ERA5_2022.nc
2022,2022-01-04,0.00027183566,0.00016353655,145,57,ERA5_2022.nc
2022,2022-01-05,0.00015984252,0.0001276322,145,57,ERA5_2022.nc
2022,2022-01-06,6.500764e-05,0.0001032077,145,57,ERA5_2022.nc
2022,2022-01-07,0.00010470871,0.0001056728,145,57,ERA5_2022.nc
2022,2022-01-08,0.00011919463,0.00010176377,145,57,ERA5_2022.nc
2022,2022-01-09,0.00031819253,9.728248e-05,145,57,ERA5_2022.nc
2022,2022-01-10,0.00025840942,9.151916e-05,145,57,ERA5_2022.nc
2022,2022-01-11,0.00023911205,8.9477384e-05,145,57,ERA5_2022.nc
2022,2022-01-12,0.00047316976,0.00012914458,145,57,ERA5_2022.nc
2022,2022-01-13,0.0008349595,0.00011797814,145,57,ERA5_2022.nc
2022,2022-01-14,0.0004753496,9.41871e-05,145,57,ERA5_2022.nc
2022,2022-01-15,0.0010733025,0.00011748994,145,57,ERA5_2022.nc
2022,2022-01-16,0.0019563357,0.0002104711,145,57,ERA5_2022.nc
2022,2022-01-17,0.0026081712,0.00018800842,145,57,ERA5_2022.nc
2022,2022-01-18,0.0016070523,0.00014678505,145,57,ERA5_2022.nc
2022,2022-01-19,0.0005001237,0.00010214103,145,57,ERA5_2022.nc
2022,2022-01-20,0.00041018036,0.00012755577,145,57,ERA5_2022.nc
2022,2022-01-21,0.00021172134,9.0103815e-05,145,57,ERA5_2022.nc
2022,2022-01-22,0.00022030747,8.132303e-05,145,57,ERA5_2022.nc
2022,2022-01-23,0.00059096655,0.000101262754,145,57,ERA5_2022.nc
2022,2022-01-24,0.00047014965,9.5571006e-05,145,57,ERA5_2022.nc
2022,2022-01-25,0.00030771527,7.033132e-05,145,57,ERA5_2022.nc
2022,2022-01-26,0.0007139807,8.4766274e-05,145,57,ERA5_2022.nc
2022,2022-01-27,0.00039877556,9.282802e-05,145,57,ERA5_2022.nc
2022,2022-01-28,0.0003509021,6.956434e-05,145,57,ERA5_2022.nc
2022,2022-01-29,0.00020906469,7.399555e-05,145,57,ERA5_2022.nc
2022,2022-01-30,0.0003549847,7.225857e-05,145,57,ERA5_2022.nc
2022,2022-01-31,0.0011792703,0.00017740231,145,57,ERA5_2022.nc
2022,2022-02-01,0.0003462979,9.03318e-05,145,57,ERA5_2022.nc
2022,2022-02-02,0.0004390143,9.875516e-05,145,57,ERA5_2022.nc
2022,2022-02-03,0.00060026324,9.682942e-05,145,57,ERA5_2022.nc
2022,2022-02-04,0.0006488876,8.230716e-05,145,57,ERA5_2022.nc
2022,2022-02-05,0.0007108812,0.00010345768,145,57,ERA5_2022.nc
2022,2022-02-06,0.00037889977,9.579575e-05,145,57,ERA5_2022.nc
2022,2022-02-07,0.00037368605,0.000102829086,145,57,ERA5_2022.nc
2022,2022-02-08,0.00013105285,7.0878654e-05,145,57,ERA5_2022.nc
2022,2022-02-09,0.00050642446,0.00010428233,145,57,ERA5_2022.nc
2022,2022-02-10,0.000255592,7.218245e-05,145,57,ERA5_2022.nc
2022,2022-02-11,0.00029788996,8.672633e-05,145,57,ERA5_2022.nc
2022,2022-02-12,0.00042634658,0.0001008795,145,57,ERA5_2022.nc
2022,2022-02-13,0.00021638593,6.9733374e-05,145,57,ERA5_2022.nc
2022,2022-02-14,0.00029349822,6.3670625e-05,145,57,ERA5_2022.nc
2022,2022-02-15,0.00051753514,9.796474e-05,145,57,ERA5_2022.nc
2022,2022-02-16,0.0003835074,8.258661e-05,145,57,ERA5_2022.nc
2022,2022-02-17,0.000247534,8.33398e-05,145,57,ERA5_2022.nc
2022,2022-02-18,0.0005972738,8.6779946e-05,145,57,ERA5_2022.nc
2022,2022-02-19,0.0011602524,0.00013308684,145,57,ERA5_2022.nc
2022,2022-02-20,0.0008473808,0.00011137889,145,57,ERA5_2022.nc
2022,2022-02-21,0.0003070762,0.000107328575,145,57,ERA5_2022.nc
2022,2022-02-22,0.00040189544,0.0001324265,145,57,ERA5_2022.nc
2022,2022-02-23,0.00054871326,8.9599605e-05,145,57,ERA5_2022.nc
2022,2022-02-24,0.0008864659,0.00012147856,145,57,ERA5_2022.nc
2022,2022-02-25,0.00058150024,9.520266e-05,145,57,ERA5_2022.nc
2022,2022-02-26,0.00035801096,8.7925364e-05,145,57,ERA5_2022.nc
2022,2022-02-27,9.4984294e-05,6.320732e-05,145,57,ERA5_2022.nc
2022,2022-02-28,0.00025594543,6.271262e-05,145,57,ERA5_2022.nc
2022,2022-03-01,0.00029279804,6.540031e-05,145,57,ERA5_2022.nc
2022,2022-03-02,0.0006514257,8.626333e-05,145,57,ERA5_2022.nc
2022,2022-03-03,0.0003143365,5.3823318e-05,145,57,ERA5_2022.nc
2022,2022-03-04,0.00012251103,4.8238297e-05,145,57,ERA5_2022.nc
2022,2022-03-05,0.0001867472,4.9246402e-05,145,57,ERA5_2022.nc
2022,2022-03-06,0.00025362943,5.5070886e-05,145,57,ERA5_2022.nc
2022,2022-03-07,0.00039708594,5.3570417e-05,145,57,ERA5_2022.nc
2022,2022-03-08,0.0008757885,9.71694e-05,145,57,ERA5_2022.nc
2022,2022-03-09,0.00047224312,6.064532e-05,145,57,ERA5_2022.nc
2022,2022-03-10,0.00034728693,3.8134975e-05,145,57,ERA5_2022.nc
2022,2022-03-11,0.00093878125,8.316473e-05,145,57,ERA5_2022.nc
2022,2022-03-12,0.0013982281,0.0001676186,145,57,ERA5_2022.nc
2022,2022-03-13,0.00047515793,9.990583e-05,145,57,ERA5_2022.nc
2022,2022-03-14,0.00040656378,0.000103521605,145,57,ERA5_2022.nc
2022,2022-03-15,0.00019212032,6.701697e-05,145,57,ERA5_2022.nc
2022,2022-03-16,0.0007205409,0.00010090688,145,57,ERA5_2022.nc
2022,2022-03-17,0.0005125065,9.622121e-05,145,57,ERA5_2022.nc
2022,2022-03-18,0.00028104783,6.538557e-05,145,57,ERA5_2022.nc
2022,2022-03-19,0.00015796238,4.201645e-05,145,57,ERA5_2022.nc
2022,2022-03-20,0.00028589639,4.0753683e-05,145,57,ERA5_2022.nc
2022,2022-03-21,0.0011128269,0.00016796842,145,57,ERA5_2022.nc
2022,2022-03-22,0.0023794237,0.00030062353,145,57,ERA5_2022.nc
2022,2022-03-23,0.0008187494,0.00010729187,145,57,ERA5_2022.nc
2022,2022-03-24,0.0007088081,7.9644786e-05,145,57,ERA5_2022.nc
2022,2022-03-25,0.00064007007,7.553426e-05,145,57,ERA5_2022.nc
2022,2022-03-26,0.00036218375,7.881499e-05,145,57,ERA5_2022.nc
2022,2022-03-27,0.0006512742,0.00012065131,145,57,ERA5_2022.nc
2022,2022-03-28,0.0009879775,0.00016305828,145,57,ERA5_2022.nc
2022,2022-03-29,0.0019549115,0.00022802863,145,57,ERA5_2022.nc
2022,2022-03-30,0.0013214066,0.00018489134,145,57,ERA5_2022.nc
2022,2022-03-31,0.00018412486,6.1249084e-05,145,57,ERA5_2022.nc
2022,2022-04-01,0.00016737619,5.125636e-05,145,57,ERA5_2022.nc
2022,2022-04-02,0.00067359774,5.8230788e-05,145,57,ERA5_2022.nc
2022,2022-04-03,0.00089611206,0.0001049589,145,57,ERA5_2022.nc
2022,2022-04-04,0.00051445636,0.00010156251,145,57,ERA5_2022.nc
2022,2022-04-05,0.0003886889,6.3004234e-05,145,57,ERA5_2022.nc
2022,2022-04-06,0.0011193461,8.712992e-05,145,57,ERA5_2022.nc
2022,2022-04-07,0.000506097,7.133109e-05,145,57,ERA5_2022.nc
2022,2022-04-08,0.00015452161,4.6209847e-05,145,57,ERA5_2022.nc
2022,2022-04-09,0.00010538118,3.5800116e-05,145,57,ERA5_2022.nc
2022,2022-04-10,0.0010264241,6.0917602e-05,145,57,ERA5_2022.nc
2022,2022-04-11,0.0013875917,0.00010334166,145,57,ERA5_2022.nc
2022,2022-04-12,0.00043021626,7.044171e-05,145,57,ERA5_2022.nc
2022,2022-04-13,0.00072205305,5.9604758e-05,145,57,ERA5_2022.nc
2022,2022-04-14,0.0032099364,0.00031451264,145,57,ERA5_2022.nc
2022,2022-04-15,0.003386519,0.00035941188,145,57,ERA5_2022.nc
2022,2022-04-16,0.0021568132,0.00028085784,145,57,ERA5_2022.nc
2022,2022-04-17,0.0010112375,0.00018495612,145,57,ERA5_2022.nc
2022,2022-04-18,0.0010453803,0.00012975134,145,57,ERA5_2022.nc
2022,2022-04-19,0.0028150382,0.00036459888,145,57,ERA5_2022.nc
2022,2022-04-20,0.0030348469,0.00046135677,145,57,ERA5_2022.nc
2022,2022-04-21,0.0027290871,0.00036827414,145,57,ERA5_2022.nc
2022,2022-04-22,0.0020829313,0.00033907362,145,57,ERA5_2022.nc
2022,2022-04-23,0.001836148,0.0002885036,145,57,ERA5_2022.nc
2022,2022-04-24,0.0030662904,0.0004861392,145,57,ERA5_2022.nc
2022,2022-04-25,0.0026397929,0.00039813982,145,57,ERA5_2022.nc
2022,2022-04-26,0.0023014788,0.00049934624,145,57,ERA5_2022.nc
2022,2022-04-27,0.0015594722,0.00031999356,145,57,ERA5_2022.nc
2022,2022-04-28,0.0029240935,0.00054068083,145,57,ERA5_2022.nc
2022,2022-04-29,0.0029182774,0.0008675774,145,57,ERA5_2022.nc
2022,2022-04-30,0.0009980773,0.00033408508,145,57,ERA5_2022.nc
2022,2022-05-01,0.0018289249,0.0004600263,145,57,ERA5_2022.nc
2022,2022-05-02,0.001512895,0.00036808214,145,57,ERA5_2022.nc
2022,2022-05-03,0.0012720185,0.00035588702,145,57,ERA5_2022.nc
2022,2022-05-04,0.0011803762,0.0002704161,145,57,ERA5_2022.nc
2022,2022-05-05,0.0005100948,0.00015050513,145,57,ERA5_2022.nc
2022,2022-05-06,0.0019368738,0.00040921604,145,57,ERA5_2022.nc
2022,2022-05-07,0.001099142,0.00031490848,145,57,ERA5_2022.nc
2022,2022-05-08,0.0017369313,0.00034242927,145,57,ERA5_2022.nc
2022,2022-05-09,0.0008232837,0.00023943701,145,57,ERA5_2022.nc
2022,2022-05-10,0.00027544922,0.00012483755,145,57,ERA5_2022.nc
2022,2022-05-11,0.0011494562,0.00017799801,145,57,ERA5_2022.nc
2022,2022-05-12,0.0009900546,0.00016830777,145,57,ERA5_2022.nc
2022,2022-05-13,0.0004805805,0.00012783946,145,57,ERA5_2022.nc
2022,2022-05-14,0.0007210142,0.00016496597,145,57,ERA5_2022.nc
2022,2022-05-15,0.0009266321,0.00015037156,145,57,ERA5_2022.nc
2022,2022-05-16,0.00075573684,0.00017642576,145,57,ERA5_2022.nc
2022,2022-05-17,0.0003578972,0.0001232995,145,57,ERA5_2022.nc
2022,2022-05-18,0.0010567908,0.00017783597,145,57,ERA5_2022.nc
2022,2022-05-19,0.0007448514,0.0001508348,145,57,ERA5_2022.nc
2022,2022-05-20,0.0006888754,0.00011386196,145,57,ERA5_2022.nc
2022,2022-05-21,0.0010620946,0.0001643738,145,57,ERA5_2022.nc
2022,2022-05-22,0.0006053897,0.00015638855,145,57,ERA5_2022.nc
2022,2022-05-23,0.0018293696,0.00020495857,145,57,ERA5_2022.nc
2022,2022-05-24,0.0038560266,0.00064826634,145,57,ERA5_2022.nc
2022,2022-05-25,0.0015162723,0.00022831609,145,57,ERA5_2022.nc
2022,2022-05-26,0.0008701509,0.00020648004,145,57,ERA5_2022.nc
2022,2022-05-27,0.002133674,0.0002929008,145,57,ERA5_2022.nc
2022,2022-05-28,0.0027655608,0.00040787802,145,57,ERA5_2022.nc
2022,2022-05-29,0.0018586958,0.0003137558,145,57,ERA5_2022.nc
2022,2022-05-30,0.00070432096,0.00019285482,145,57,ERA5_2022.nc
2022,2022-05-31,0.00033025266,0.0001369217,145,57,ERA5_2022.nc
2022,2022-06-01,0.0012434337,0.00017115177,145,57,ERA5_2022.nc
2022,2022-06-02,0.00078987086,0.00015067549,145,57,ERA5_2022.nc
2022,2022-06-03,0.000517195,0.0001716928,145,57,ERA5_2022.nc
2022,2022-06-04,0.00055947574,0.00012730026,145,57,ERA5_2022.nc
2022,2022-06-05,0.00050285266,0.0001308934,145,57,ERA5_2022.nc
2022,2022-06-06,0.00039457087,0.00013059727,145,57,ERA5_2022.nc
2022,2022-06-07,0.0021263442,0.00025659392,145,57,ERA5_2022.nc
2022,2022-06-08,0.0026448257,0.00021751257,145,57,ERA5_2022.nc
2022,2022-06-09,0.0014520632,0.00021170909,145,57,ERA5_2022.nc
2022,2022-06-10,0.00042076025,0.00014333168,145,57,ERA5_2022.nc
2022,2022-06-11,0.00051325245,0.0001295195,145,57,ERA5_2022.nc
2022,2022-06-12,0.0007312707,0.00011629591,145,57,ERA5_2022.nc
2022,2022-06-13,0.0013660358,0.00017899953,145,57,ERA5_2022.nc
2022,2022-06-14,0.0007718281,0.00016839511,145,57,ERA5_2022.nc
2022,2022-06-15,0.00041240512,0.00013125801,145,57,ERA5_2022.nc
2022,2022-06-16,0.00035597212,0.00011667103,145,57,ERA5_2022.nc
2022,2022-06-17,0.0014396969,0.00016691523,145,57,ERA5_2022.nc
2022,2022-06-18,0.0028058067,0.0004363736,145,57,ERA5_2022.nc
2022,2022-06-19,0.0018803505,0.0002979624,145,57,ERA5_2022.nc
2022,2022-06-20,0.0013307822,0.00021857506,145,57,ERA5_2022.nc
2022,2022-06-21,0.0005685353,0.00016402046,145,57,ERA5_2022.nc
2022,2022-06-22,0.00052446255,0.00014503911,145,57,ERA5_2022.nc
2022,2022-06-23,0.0015664882,0.00022767187,145,57,ERA5_2022.nc
2022,2022-06-24,0.0025193891,0.00031984062,145,57,ERA5_2022.nc
2022,2022-06-25,0.0011282306,0.000227359,145,57,ERA5_2022.nc
2022,2022-06-26,0.00054124475,0.00016681627,145,57,ERA5_2022.nc
2022,2022-06-27,0.0005925392,0.0001232579,145,57,ERA5_2022.nc
2022,2022-06-28,0.0015955416,0.0001624176,145,57,ERA5_2022.nc
2022,2022-06-29,0.0015174247,0.0002174401,145,57,ERA5_2022.nc
2022,2022-06-30,0.0004278607,0.00011196999,145,57,ERA5_2022.nc
2022,2022-07-01,0.0010669769,0.00014166484,145,57,ERA5_2022.nc
2022,2022-07-02,0.0014607903,0.0001924292,145,57,ERA5_2022.nc
2022,2022-07-03,0.0016385028,0.00022987096,145,57,ERA5_2022.nc
2022,2022-07-04,0.00076482707,0.0001047056,145,57,ERA5_2022.nc
2022,2022-07-05,0.0005661205,8.961887e-05,145,57,ERA5_2022.nc
2022,2022-07-06,0.00060517393,0.00017247297,145,57,ERA5_2022.nc
2022,2022-07-07,0.001816125,0.0003133785,145,57,ERA5_2022.nc
2022,2022-07-08,0.0017084556,0.0001550433,145,57,ERA5_2022.nc
2022,2022-07-09,0.001640521,0.00017543047,145,57,ERA5_2022.nc
2022,2022-07-10,0.0017547307,0.00016592714,145,57,ERA5_2022.nc
2022,2022-07-11,0.0019641523,0.00021252575,145,57,ERA5_2022.nc
2022,2022-07-12,0.002167813,0.00018751576,145,57,ERA5_2022.nc
2022,2022-07-13,0.0021057518,0.00021293522,145,57,ERA5_2022.nc
2022,2022-07-14,0.0026095358,0.00027792965,145,57,ERA5_2022.nc
2022,2022-07-15,0.0018937874,0.00019507427,145,57,ERA5_2022.nc
2022,2022-07-16,0.0014426339,0.00020605126,145,57,ERA5_2022.nc
2022,2022-07-17,0.0017553945,0.0002631998,145,57,ERA5_2022.nc
2022,2022-07-18,0.004658103,0.00074005267,145,57,ERA5_2022.nc
2022,2022-07-19,0.0022124972,0.00038155052,145,57,ERA5_2022.nc
2022,2022-07-20,0.0010009106,0.00022207115,145,57,ERA5_2022.nc
2022,2022-07-21,0.0019630347,0.0002959542,145,57,ERA5_2022.nc
2022,2022-07-22,0.0014838515,0.00026712174,145,57,ERA5_2022.nc
2022,2022-07-23,0.0014955958,0.00026068286,145,57,ERA5_2022.nc
2022,2022-07-24,0.0011110671,0.00020822449,145,57,ERA5_2022.nc
2022,2022-07-25,0.0009827034,0.00020857112,145,57,ERA5_2022.nc
2022,2022-07-26,0.002516279,0.00041044713,145,57,ERA5_2022.nc
2022,2022-07-27,0.0032503475,0.00040046955,145,57,ERA5_2022.nc
2022,2022-07-28,0.002744922,0.0003176249,145,57,ERA5_2022.nc
2022,2022-07-29,0.002924528,0.00041323857,145,57,ERA5_2022.nc
2022,2022-07-30,0.0037165005,0.00054490124,145,57,ERA5_2022.nc
2022,2022-07-31,0.0043270066,0.00050428126,145,57,ERA5_2022.nc
2022,2022-08-01,0.004952454,0.0006850135,145,57,ERA5_2022.nc
2022,2022-08-02,0.0020607503,0.00037934206,145,57,ERA5_2022.nc
2022,2022-08-03,0.0012769474,0.00025433954,145,57,ERA5_2022.nc
2022,2022-08-04,0.0018323029,0.00030030782,145,57,ERA5_2022.nc
2022,2022-08-05,0.0016708465,0.00023274316,145,57,ERA5_2022.nc
2022,2022-08-06,0.0028102607,0.00044248116,145,57,ERA5_2022.nc
2022,2022-08-07,0.0021598348,0.0002860333,145,57,ERA5_2022.nc
2022,2022-08-08,0.0026508463,0.0002875952,145,57,ERA5_2022.nc
2022,2022-08-09,0.0018708577,0.0003656472,145,57,ERA5_2022.nc
2022,2022-08-10,0.0025907916,0.00032926502,145,57,ERA5_2022.nc
2022,2022-08-11,0.004098287,0.00055261154,145,57,ERA5_2022.nc
2022,2022-08-12,0.0030563432,0.00044660488,145,57,ERA5_2022.nc
2022,2022-08-13,0.0032876013,0.00043469068,145,57,ERA5_2022.nc
2022,2022-08-14,0.0035841158,0.0005622123,145,57,ERA5_2022.nc
2022,2022-08-15,0.0031088272,0.00048508245,145,57,ERA5_2022.nc
2022,2022-08-16,0.0032676265,0.00046377373,145,57,ERA5_2022.nc
2022,2022-08-17,0.003439587,0.0005052778,145,57,ERA5_2022.nc
2022,2022-08-18,0.0024993727,0.00037238124,145,57,ERA5_2022.nc
2022,2022-08-19,0.003751133,0.00066453737,145,57,ERA5_2022.nc
2022,2022-08-20,0.0020937917,0.00044450926,145,57,ERA5_2022.nc
2022,2022-08-21,0.0011747256,0.00035117654,145,57,ERA5_2022.nc
2022,2022-08-22,0.0020062348,0.00033601862,145,57,ERA5_2022.nc
2022,2022-08-23,0.004619818,0.0009312609,145,57,ERA5_2022.nc
2022,2022-08-24,0.003210969,0.0006153422,145,57,ERA5_2022.nc
2022,2022-08-25,0.001523078,0.00032306227,145,57,ERA5_2022.nc
2022,2022-08-26,0.0040927744,0.00071567064,145,57,ERA5_2022.nc
2022,2022-08-27,0.0036099437,0.0007497886,145,57,ERA5_2022.nc
2022,2022-08-28,0.0028813318,0.00056221697,145,57,ERA5_2022.nc
2022,2022-08-29,0.0022351255,0.0005397785,145,57,ERA5_2022.nc
2022,2022-08-30,0.0028926737,0.0005645048,145,57,ERA5_2022.nc
2022,2022-08-31,0.0034876196,0.00077814265,145,57,ERA5_2022.nc
2022,2022-09-01,0.0027782107,0.000569179,145,57,ERA5_2022.nc
2022,2022-09-02,0.0040292316,0.00098441,145,57,ERA5_2022.nc
2022,2022-09-03,0.0030575015,0.0007304342,145,57,ERA5_2022.nc
2022,2022-09-04,0.002454383,0.00047770905,145,57,ERA5_2022.nc
2022,2022-09-05,0.0018305121,0.0004467101,145,57,ERA5_2022.nc
2022,2022-09-06,0.0016880996,0.00042780052,145,57,ERA5_2022.nc
2022,2022-09-07,0.0034002375,0.0006081778,145,57,ERA5_2022.nc
2022,2022-09-08,0.0022029313,0.00046748886,145,57,ERA5_2022.nc
2022,2022-09-09,0.0026474365,0.0005723982,145,57,ERA5_2022.nc
2022,2022-09-10,0.0019013736,0.0004664996,145,57,ERA5_2022.nc
2022,2022-09-11,0.0024940826,0.00048586418,145,57,ERA5_2022.nc
2022,2022-09-12,0.003789742,0.00097080495,145,57,ERA5_2022.nc
2022,2022-09-13,0.0035052053,0.00082008523,145,57,ERA5_2022.nc
2022,2022-09-14,0.002437614,0.000542215,145,57,ERA5_2022.nc
2022,2022-09-15,0.0023286464,0.0005414485,145,57,ERA5_2022.nc
2022,2022-09-16,0.002876525,0.0006102776,145,57,ERA5_2022.nc
2022,2022-09-17,0.001682532,0.00043983824,145,57,ERA5_2022.nc
2022,2022-09-18,0.0021316542,0.0005483774,145,57,ERA5_2022.nc
2022,2022-09-19,0.0017705334,0.00045167873,145,57,ERA5_2022.nc
2022,2022-09-20,0.0012660775,0.0004013005,145,57,ERA5_2022.nc
2022,2022-09-21,0.0016403361,0.00049930124,145,57,ERA5_2022.nc
2022,2022-09-22,0.002373212,0.0006579034,145,57,ERA5_2022.nc
2022,2022-09-23,0.0017542597,0.00048132017,145,57,ERA5_2022.nc
2022,2022-09-24,0.0021481286,0.000532834,145,57,ERA5_2022.nc
2022,2022-09-25,0.0011880546,0.0004902618,145,57,ERA5_2022.nc
2022,2022-09-26,0.0014220648,0.00036984216,145,57,ERA5_2022.nc
2022,2022-09-27,0.0023543425,0.0005776455,145,57,ERA5_2022.nc
2022,2022-09-28,0.0014992992,0.00045551112,145,57,ERA5_2022.nc
2022,2022-09-29,0.0018738867,0.0004299668,145,57,ERA5_2022.nc
2022,2022-09-30,0.0014223286,0.00035114086,145,57,ERA5_2022.nc
2022,2022-10-01,0.0009678014,0.00030880567,145,57,ERA5_2022.nc
2022,2022-10-02,0.0018833062,0.00043778843,145,57,ERA5_2022.nc
2022,2022-10-03,0.0026857564,0.0005827386,145,57,ERA5_2022.nc
2022,2022-10-04,0.002469921,0.000550722,145,57,ERA5_2022.nc
2022,2022-10-05,0.0020417692,0.0004924848,145,57,ERA5_2022.nc
2022,2022-10-06,0.0025276449,0.00059038604,145,57,ERA5_2022.nc
2022,2022-10-07,0.0027323077,0.0007421194,145,57,ERA5_2022.nc
2022,2022-10-08,0.0028021317,0.00054220884,145,57,ERA5_2022.nc
2022,2022-10-09,0.0019583744,0.00047735142,145,57,ERA5_2022.nc
2022,2022-10-10,0.0019339873,0.0004580461,145,57,ERA5_2022.nc
2022,2022-10-11,0.0019372532,0.00052431546,145,57,ERA5_2022.nc
2022,2022-10-12,0.00066012883,0.0003278019,145,57,ERA5_2022.nc
2022,2022-10-13,0.0003823074,0.00029150082,145,57,ERA5_2022.nc
2022,2022-10-14,0.00064982707,0.00030496612,145,57,ERA5_2022.nc
2022,2022-10-15,0.0012443431,0.00040657778,145,57,ERA5_2022.nc
2022,2022-10-16,0.0033666047,0.00064145366,145,57,ERA5_2022.nc
2022,2022-10-17,0.0019019155,0.00047000908,145,57,ERA5_2022.nc
2022,2022-10-18,0.0012832242,0.00041804393,145,57,ERA5_2022.nc
2022,2022-10-19,0.0016403664,0.00042276236,145,57,ERA5_2022.nc
2022,2022-10-20,0.0016492758,0.0004316994,145,57,ERA5_2022.nc
2022,2022-10-21,0.0023440956,0.00054468296,145,57,ERA5_2022.nc
2022,2022-10-22,0.0012507401,0.0005106259,145,57,ERA5_2022.nc
2022,2022-10-23,0.0006634233,0.00027615819,145,57,ERA5_2022.nc
2022,2022-10-24,0.0004593318,0.00027374754,145,57,ERA5_2022.nc
2022,2022-10-25,0.0010276888,0.00032767552,145,57,ERA5_2022.nc
2022,2022-10-26,0.00065077085,0.00029697875,145,57,ERA5_2022.nc
2022,2022-10-27,0.00064279034,0.0003072415,145,57,ERA5_2022.nc
2022,2022-10-28,0.00069023564,0.0003118789,145,57,ERA5_2022.nc
2022,2022-10-29,0.00136686,0.00036298367,145,57,ERA5_2022.nc
2022,2022-10-30,0.0014281482,0.0003365512,145,57,ERA5_2022.nc
2022,2022-10-31,0.0010534078,0.00032708986,145,57,ERA5_2022.nc
2022,2022-11-01,0.0012592471,0.0003050937,145,57,ERA5_2022.nc
2022,2022-11-02,0.0016187467,0.0004176891,145,57,ERA5_2022.nc
2022,2022-11-03,0.0016044852,0.0004645774,145,57,ERA5_2022.nc
2022,2022-11-04,0.0009534765,0.00034505042,145,57,ERA5_2022.nc
2022,2022-11-05,0.0016088005,0.0004395098,145,57,ERA5_2022.nc
2022,2022-11-06,0.0014089764,0.0003826471,145,57,ERA5_2022.nc
2022,2022-11-07,0.0008456662,0.00030591033,145,57,ERA5_2022.nc
2022,2022-11-08,0.0011422161,0.00035801384,145,57,ERA5_2022.nc
2022,2022-11-09,0.0009525664,0.00030889836,145,57,ERA5_2022.nc
2022,2022-11-10,0.0020948192,0.00046112871,145,57,ERA5_2022.nc
2022,2022-11-11,0.001829496,0.00044214108,145,57,ERA5_2022.nc
2022,2022-11-12,0.0018103328,0.00046465194,145,57,ERA5_2022.nc
2022,2022-11-13,0.0012745582,0.00036825158,145,57,ERA5_2022.nc
2022,2022-11-14,0.0013225658,0.0004283819,145,57,ERA5_2022.nc
2022,2022-11-15,0.0017069892,0.0005158838,145,57,ERA5_2022.nc
2022,2022-11-16,0.0014570479,0.0004285322,145,57,ERA5_2022.nc
2022,2022-11-17,0.0020916304,0.0004988499,145,57,ERA5_2022.nc
2022,2022-11-18,0.002150185,0.0006972306,145,57,ERA5_2022.nc
2022,2022-11-19,0.0006169857,0.00036266007,145,57,ERA5_2022.nc
2022,2022-11-20,0.0010799572,0.00040884333,145,57,ERA5_2022.nc
2022,2022-11-21,0.0011560762,0.00039636059,145,57,ERA5_2022.nc
2022,2022-11-22,0.0015531923,0.00046187866,145,57,ERA5_2022.nc
2022,2022-11-23,0.0015071074,0.00041180427,145,57,ERA5_2022.nc
2022,2022-11-24,0.001166012,0.00036772015,145,57,ERA5_2022.nc
2022,2022-11-25,0.00078491645,0.00031000577,145,57,ERA5_2022.nc
2022,2022-11-26,0.0013104591,0.00050135993,145,57,ERA5_2022.nc
2022,2022-11-27,0.00097392115,0.00040633412,145,57,ERA5_2022.nc
2022,2022-11-28,0.000778798,0.00028803645,145,57,ERA5_2022.nc
2022,2022-11-29,0.001444192,0.00033791352,145,57,ERA5_2022.nc
2022,2022-11-30,0.001764504,0.00047642086,145,57,ERA5_2022.nc
2022,2022-12-01,0.0009380953,0.00038146554,145,57,ERA5_2022.nc
2022,2022-12-02,0.0002594686,0.0002527245,145,57,ERA5_2022.nc
2022,2022-12-03,0.0003383104,0.00023792825,145,57,ERA5_2022.nc
2022,2022-12-04,0.0007212595,0.00030690292,145,57,ERA5_2022.nc
2022,2022-12-05,0.0008146885,0.00031476037,145,57,ERA5_2022.nc
2022,2022-12-06,0.0004456436,0.00023561942,145,57,ERA5_2022.nc
2022,2022-12-07,0.00071648817,0.00027605248,145,57,ERA5_2022.nc
2022,2022-12-08,0.0019605053,0.00052917737,145,57,ERA5_2022.nc
2022,2022-12-09,0.0013056314,0.00037223316,145,57,ERA5_2022.nc
2022,2022-12-10,0.0008023766,0.00031510743,145,57,ERA5_2022.nc
2022,2022-12-11,0.00057922956,0.00027742452,145,57,ERA5_2022.nc
2022,2022-12-12,0.0015264021,0.00041650317,145,57,ERA5_2022.nc
2022,2022-12-13,0.0025053287,0.0005623969,145,57,ERA5_2022.nc
2022,2022-12-14,0.0007788658,0.0003604563,145,57,ERA5_2022.nc
2022,2022-12-15,0.00037909174,0.00025862327,145,57,ERA5_2022.nc
2022,2022-12-16,0.00046026878,0.00026828045,145,57,ERA5_2022.nc
2022,2022-12-17,0.00029495044,0.00022844535,145,57,ERA5_2022.nc
2022,2022-12-18,0.0007752311,0.00026889748,145,57,ERA5_2022.nc
2022,2022-12-19,0.00069928996,0.0002596832,145,57,ERA5_2022.nc
2022,2022-12-20,0.0008896559,0.00028486567,145,57,ERA5_2022.nc
2022,2022-12-21,0.000765992,0.00023698862,145,57,ERA5_2022.nc
2022,2022-12-22,0.0010674271,0.00024804912,145,57,ERA5_2022.nc
2022,2022-12-23,0.0012507126,0.00028094242,145,57,ERA5_2022.nc
2022,2022-12-24,0.0013308267,0.0003674833,145,57,ERA5_2022.nc
2022,2022-12-25,0.0011551685,0.00034990962,145,57,ERA5_2022.nc
2022,2022-12-26,0.00097509054,0.00029536686,145,57,ERA5_2022.nc
2022,2022-12-27,0.001020855,0.00030801957,145,57,ERA5_2022.nc
2022,2022-12-28,0.0004528195,0.00025707413,145,57,ERA5_2022.nc
2022,2022-12-29,0.0009831028,0.00038802857,145,57,ERA5_2022.nc
2022,2022-12-30,0.00036288373,0.00024141032,145,57,ERA5_2022.nc
2022,2022-12-31,0.00047996576,0.0002377383,145,57,ERA5_2022.nc
2023,2023-01-01,0.00030175614,0.00016968329,145,57,ERA5_2023.nc
2023,2023-01-02,0.00034535915,0.00015934109,145,57,ERA5_2023.nc
2023,2023-01-03,0.000363682,0.00015594404,145,57,ERA5_2023.nc
2023,2023-01-04,0.00020442376,0.00014200486,145,57,ERA5_2023.nc
2023,2023-01-05,0.00015822143,0.00013901506,145,57,ERA5_2023.nc
2023,2023-01-06,0.00016356696,0.00013305237,145,57,ERA5_2023.nc
2023,2023-01-07,0.000148266,0.00012790397,145,57,ERA5_2023.nc
2023,2023-01-08,0.00070243026,0.00014896269,145,57,ERA5_2023.nc
2023,2023-01-09,0.00041398985,0.00013474372,145,57,ERA5_2023.nc
2023,2023-01-10,0.0006732552,0.00015114949,145,57,ERA5_2023.nc
2023,2023-01-11,0.00071498135,0.00015844818,145,57,ERA5_2023.nc
2023,2023-01-12,0.0009640621,0.00015112179,145,57,ERA5_2023.nc
2023,2023-01-13,0.0006599576,0.00014456896,145,57,ERA5_2023.nc
2023,2023-01-14,0.0004106044,0.00011423077,145,57,ERA5_2023.nc
2023,2023-01-15,0.0009600811,0.00021134167,145,57,ERA5_2023.nc
2023,2023-01-16,0.00042452867,0.00013179446,145,57,ERA5_2023.nc
2023,2023-01-17,9.659942e-05,0.00010457353,145,57,ERA5_2023.nc
2023,2023-01-18,0.00010686512,9.848397e-05,145,57,ERA5_2023.nc
2023,2023-01-19,0.00015505186,0.000104405066,145,57,ERA5_2023.nc
2023,2023-01-20,0.0002689972,0.00010440337,145,57,ERA5_2023.nc
2023,2023-01-21,0.0003401263,0.00011214151,145,57,ERA5_2023.nc
2023,2023-01-22,0.00033789812,0.000111471665,145,57,ERA5_2023.nc
2023,2023-01-23,0.00019374122,0.00010974346,145,57,ERA5_2023.nc
2023,2023-01-24,0.0006989551,0.0001485289,145,57,ERA5_2023.nc
2023,2023-01-25,0.00039666228,0.00019509107,145,57,ERA5_2023.nc
2023,2023-01-26,0.00023600942,0.00010455452,145,57,ERA5_2023.nc
2023,2023-01-27,0.00012426036,8.664823e-05,145,57,ERA5_2023.nc
2023,2023-01-28,0.00018051648,8.3778126e-05,145,57,ERA5_2023.nc
2023,2023-01-29,0.00062042463,0.00018264432,145,57,ERA5_2023.nc
2023,2023-01-30,0.00040203898,8.5560736e-05,145,57,ERA5_2023.nc
2023,2023-01-31,0.00069942966,8.547429e-05,145,57,ERA5_2023.nc
2023,2023-02-01,0.0007713423,9.676175e-05,145,57,ERA5_2023.nc
2023,2023-02-02,0.00040131723,0.00011330101,145,57,ERA5_2023.nc
2023,2023-02-03,0.00030518533,8.346216e-05,145,57,ERA5_2023.nc
2023,2023-02-04,0.00021300756,8.49504e-05,145,57,ERA5_2023.nc
2023,2023-02-05,0.00034379406,8.10059e-05,145,57,ERA5_2023.nc
2023,2023-02-06,0.00055323244,8.878036e-05,145,57,ERA5_2023.nc
2023,2023-02-07,0.00041823962,8.980185e-05,145,57,ERA5_2023.nc
2023,2023-02-08,0.00034547824,9.0040965e-05,145,57,ERA5_2023.nc
2023,2023-02-09,0.00026653425,9.008192e-05,145,57,ERA5_2023.nc
2023,2023-02-10,0.00019448643,8.319969e-05,145,57,ERA5_2023.nc
2023,2023-02-11,0.00028447562,6.708216e-05,145,57,ERA5_2023.nc
2023,2023-02-12,0.00020145236,6.5205124e-05,145,57,ERA5_2023.nc
2023,2023-02-13,6.323877e-05,5.756486e-05,145,57,ERA5_2023.nc
2023,2023-02-14,0.00013804933,5.5700984e-05,145,57,ERA5_2023.nc
2023,2023-02-15,0.00022951837,6.4157095e-05,145,57,ERA5_2023.nc
2023,2023-02-16,0.00032138638,7.1467875e-05,145,57,ERA5_2023.nc
2023,2023-02-17,9.9633005e-05,5.5544748e-05,145,57,ERA5_2023.nc
2023,2023-02-18,5.3843713e-05,5.6254437e-05,145,57,ERA5_2023.nc
2023,2023-02-19,2.5259907e-05,4.818118e-05,145,57,ERA5_2023.nc
2023,2023-02-20,3.9188977e-05,4.77181e-05,145,57,ERA5_2023.nc
2023,2023-02-21,0.00020294946,5.9391117e-05,145,57,ERA5_2023.nc
2023,2023-02-22,0.00058354693,6.778816e-05,145,57,ERA5_2023.nc
2023,2023-02-23,0.0004450839,7.3429575e-05,145,57,ERA5_2023.nc
2023,2023-02-24,0.00027496988,7.3680094e-05,145,57,ERA5_2023.nc
2023,2023-02-25,0.0003976136,9.244277e-05,145,57,ERA5_2023.nc
2023,2023-02-26,0.0005264146,7.843103e-05,145,57,ERA5_2023.nc
2023,2023-02-27,0.0020517232,0.00022929325,145,57,ERA5_2023.nc
2023,2023-02-28,0.0009543481,0.00013470926,145,57,ERA5_2023.nc
2023,2023-03-01,0.00094269175,0.00012707346,145,57,ERA5_2023.nc
2023,2023-03-02,0.0014612556,0.00018897967,145,57,ERA5_2023.nc
2023,2023-03-03,0.0009207623,0.00017406032,145,57,ERA5_2023.nc
2023,2023-03-04,0.00033741916,0.00010206191,145,57,ERA5_2023.nc
2023,2023-03-05,0.00012777066,6.8237394e-05,145,57,ERA5_2023.nc
2023,2023-03-06,8.309676e-05,7.1862305e-05,145,57,ERA5_2023.nc
2023,2023-03-07,0.000148182,5.1083858e-05,145,57,ERA5_2023.nc
2023,2023-03-08,0.0004427517,6.610781e-05,145,57,ERA5_2023.nc
2023,2023-03-09,0.0011489445,0.00013904812,145,57,ERA5_2023.nc
2023,2023-03-10,0.0010736984,0.00012527875,145,57,ERA5_2023.nc
2023,2023-03-11,0.0017833424,0.000181404,145,57,ERA5_2023.nc
2023,2023-03-12,0.0016104227,0.00018700451,145,57,ERA5_2023.nc
2023,2023-03-13,0.0017492883,0.000164505,145,57,ERA5_2023.nc
2023,2023-03-14,0.003348357,0.0002469146,145,57,ERA5_2023.nc
2023,2023-03-15,0.0018509052,0.0002218512,145,57,ERA5_2023.nc
2023,2023-03-16,0.0010865671,0.00015378333,145,57,ERA5_2023.nc
2023,2023-03-17,0.0031337424,0.00047212554,145,57,ERA5_2023.nc
2023,2023-03-18,0.0019013041,0.00026790597,145,57,ERA5_2023.nc
2023,2023-03-19,0.0015136712,0.00024141757,145,57,ERA5_2023.nc
2023,2023-03-20,0.0023971302,0.0003472808,145,57,ERA5_2023.nc
2023,2023-03-21,0.00090759504,0.0001809285,145,57,ERA5_2023.nc
2023,2023-03-22,0.0004241375,0.00012098123,145,57,ERA5_2023.nc
2023,2023-03-23,0.0017381245,0.00028070842,145,57,ERA5_2023.nc
2023,2023-03-24,0.0015988472,0.00023866311,145,57,ERA5_2023.nc
2023,2023-03-25,0.0017480693,0.00026090702,145,57,ERA5_2023.nc
2023,2023-03-26,0.0039678467,0.00041653885,145,57,ERA5_2023.nc
2023,2023-03-27,0.0008789484,0.0001835451,145,57,ERA5_2023.nc
2023,2023-03-28,0.0017583342,0.00030984235,145,57,ERA5_2023.nc
2023,2023-03-29,0.0005982032,0.0001859122,145,57,ERA5_2023.nc
2023,2023-03-30,0.0014752494,0.00024464738,145,57,ERA5_2023.nc
2023,2023-03-31,0.0026853257,0.00073891354,145,57,ERA5_2023.nc
2023,2023-04-01,0.0010364966,0.0002771549,145,57,ERA5_2023.nc
2023,2023-04-02,0.00089900946,0.00023635743,145,57,ERA5_2023.nc
2023,2023-04-03,0.0020967026,0.0003734283,145,57,ERA5_2023.nc
2023,2023-04-04,0.0007172164,0.00019892945,145,57,ERA5_2023.nc
2023,2023-04-05,0.001098466,0.00022457869,145,57,ERA5_2023.nc
2023,2023-04-06,0.00051774626,0.00017212666,145,57,ERA5_2023.nc
2023,2023-04-07,0.00020230253,0.000105826206,145,57,ERA5_2023.nc
2023,2023-04-08,0.00048880035,0.00012212861,145,57,ERA5_2023.nc
2023,2023-04-09,0.0006068378,0.00015110595,145,57,ERA5_2023.nc
2023,2023-04-10,0.0006260021,0.00010600808,145,57,ERA5_2023.nc
2023,2023-04-11,0.002177079,0.0002392417,145,57,ERA5_2023.nc
2023,2023-04-12,0.0010001933,0.00012678879,145,57,ERA5_2023.nc
2023,2023-04-13,0.0016935368,0.00022104851,145,57,ERA5_2023.nc
2023,2023-04-14,0.0012879227,0.00018676363,145,57,ERA5_2023.nc
2023,2023-04-15,0.0011454087,0.00021591966,145,57,ERA5_2023.nc
2023,2023-04-16,0.0012871171,0.0001809666,145,57,ERA5_2023.nc
2023,2023-04-17,0.0028016393,0.00041237863,145,57,ERA5_2023.nc
2023,2023-04-18,0.0012238519,0.00028160642,145,57,ERA5_2023.nc
2023,2023-04-19,0.0003264898,0.00012629738,145,57,ERA5_2023.nc
2023,2023-04-20,0.0005171198,0.00011779358,145,57,ERA5_2023.nc
2023,2023-04-21,0.0014090545,0.00021107812,145,57,ERA5_2023.nc
2023,2023-04-22,0.0028551845,0.000445197,145,57,ERA5_2023.nc
2023,2023-04-23,0.0034017356,0.00047526264,145,57,ERA5_2023.nc
2023,2023-04-24,0.0012793862,0.0003101151,145,57,ERA5_2023.nc
2023,2023-04-25,0.0037186663,0.00062938733,145,57,ERA5_2023.nc
2023,2023-04-26,0.0018036144,0.00038008334,145,57,ERA5_2023.nc
2023,2023-04-27,0.0024322243,0.0004830918,145,57,ERA5_2023.nc
2023,2023-04-28,0.0037787822,0.000588272,145,57,ERA5_2023.nc
2023,2023-04-29,0.00515794,0.001066801,145,57,ERA5_2023.nc
2023,2023-04-30,0.0039611394,0.0005550198,145,57,ERA5_2023.nc
2023,2023-05-01,0.0025325972,0.0005279926,145,57,ERA5_2023.nc
2023,2023-05-02,0.0015502572,0.00044411223,145,57,ERA5_2023.nc
2023,2023-05-03,0.0025587538,0.00052376813,145,57,ERA5_2023.nc
2023,2023-05-04,0.0015224672,0.00041015906,145,57,ERA5_2023.nc
2023,2023-05-05,0.00047124448,0.0002451167,145,57,ERA5_2023.nc
2023,2023-05-06,0.00077816274,0.00025592506,145,57,ERA5_2023.nc
2023,2023-05-07,0.0006496792,0.00021133121,145,57,ERA5_2023.nc
2023,2023-05-08,0.00095033925,0.00022684663,145,57,ERA5_2023.nc
2023,2023-05-09,0.002196049,0.00040060445,145,57,ERA5_2023.nc
2023,2023-05-10,0.0014795905,0.00038522264,145,57,ERA5_2023.nc
2023,2023-05-11,0.00089567923,0.00027812106,145,57,ERA5_2023.nc
2023,2023-05-12,0.00049740495,0.00016601941,145,57,ERA5_2023.nc
2023,2023-05-13,0.00038005237,0.00015421676,145,57,ERA5_2023.nc
2023,2023-05-14,0.0004927608,0.00016571816,145,57,ERA5_2023.nc
2023,2023-05-15,0.00039716752,0.0001831124,145,57,ERA5_2023.nc
2023,2023-05-16,0.000832844,0.00023148731,145,57,ERA5_2023.nc
2023,2023-05-17,0.0017828105,0.00035136868,145,57,ERA5_2023.nc
2023,2023-05-18,0.0010278008,0.00024264694,145,57,ERA5_2023.nc
2023,2023-05-19,0.00069958874,0.00017299327,145,57,ERA5_2023.nc
2023,2023-05-20,0.00033634028,0.00017601794,145,57,ERA5_2023.nc
2023,2023-05-21,0.00082516647,0.0002169672,145,57,ERA5_2023.nc
2023,2023-05-22,0.00039969862,0.00015104949,145,57,ERA5_2023.nc
2023,2023-05-23,0.0009086163,0.00019483376,145,57,ERA5_2023.nc
2023,2023-05-24,0.00062356854,0.00019888746,145,57,ERA5_2023.nc
2023,2023-05-25,0.00041304756,0.00015415903,145,57,ERA5_2023.nc
2023,2023-05-26,0.0006065158,0.00016900638,145,57,ERA5_2023.nc
2023,2023-05-27,0.0008646845,0.00017332289,145,57,ERA5_2023.nc
2023,2023-05-28,0.002000314,0.00019488984,145,57,ERA5_2023.nc
2023,2023-05-29,0.002251006,0.00020130463,145,57,ERA5_2023.nc
2023,2023-05-30,0.0008166593,0.00013497812,145,57,ERA5_2023.nc
2023,2023-05-31,0.00072183117,0.00015027751,145,57,ERA5_2023.nc
2023,2023-06-01,0.00088952825,0.0001647108,145,57,ERA5_2023.nc
2023,2023-06-02,0.0013574034,0.00020044809,145,57,ERA5_2023.nc
2023,2023-06-03,0.00055688753,0.00015296465,145,57,ERA5_2023.nc
2023,2023-06-04,0.0018541927,0.00023727508,145,57,ERA5_2023.nc
2023,2023-06-05,0.0020242133,0.00039485464,145,57,ERA5_2023.nc
2023,2023-06-06,0.0015676972,0.0002136376,145,57,ERA5_2023.nc
2023,2023-06-07,0.0009908436,0.00019969221,145,57,ERA5_2023.nc
2023,2023-06-08,0.0011405868,0.00013739322,145,57,ERA5_2023.nc
2023,2023-06-09,0.0024432852,0.0002210162,145,57,ERA5_2023.nc
2023,2023-06-10,0.0027858857,0.00031060103,145,57,ERA5_2023.nc
2023,2023-06-11,0.0015320934,0.00020468706,145,57,ERA5_2023.nc
2023,2023-06-12,0.00095402147,0.00018079484,145,57,ERA5_2023.nc
2023,2023-06-13,0.0023103394,0.00022460942,145,57,ERA5_2023.nc
2023,2023-06-14,0.002034667,0.00019576513,145,57,ERA5_2023.nc
2023,2023-06-15,0.0012016797,0.00022402422,145,57,ERA5_2023.nc
2023,2023-06-16,0.0010621687,0.0002127628,145,57,ERA5_2023.nc
2023,2023-06-17,0.0015464828,0.00022398344,145,57,ERA5_2023.nc
2023,2023-06-18,0.0020310357,0.0002720719,145,57,ERA5_2023.nc
2023,2023-06-19,0.0026308205,0.00030515713,145,57,ERA5_2023.nc
2023,2023-06-20,0.0018494013,0.00025107892,145,57,ERA5_2023.nc
2023,2023-06-21,0.001839061,0.00035262774,145,57,ERA5_2023.nc
2023,2023-06-22,0.0031181248,0.00043927724,145,57,ERA5_2023.nc
2023,2023-06-23,0.0037733219,0.00043698758,145,57,ERA5_2023.nc
2023,2023-06-24,0.0024464494,0.00041734814,145,57,ERA5_2023.nc
2023,2023-06-25,0.0019464893,0.00033696712,145,57,ERA5_2023.nc
2023,2023-06-26,0.0018251878,0.000359994,145,57,ERA5_2023.nc
2023,2023-06-27,0.0012250692,0.0002528585,145,57,ERA5_2023.nc
2023,2023-06-28,0.00071665144,0.00022711745,145,57,ERA5_2023.nc
2023,2023-06-29,0.0018192742,0.00026802276,145,57,ERA5_2023.nc
2023,2023-06-30,0.0022931271,0.00039118942,145,57,ERA5_2023.nc
2023,2023-07-01,0.0013424272,0.00030677865,145,57,ERA5_2023.nc
2023,2023-07-02,0.0009561317,0.00022733962,145,57,ERA5_2023.nc
2023,2023-07-03,0.0011471633,0.00021624424,145,57,ERA5_2023.nc
2023,2023-07-04,0.0020168256,0.00033860293,145,57,ERA5_2023.nc
2023,2023-07-05,0.0015036799,0.00025209537,145,57,ERA5_2023.nc
2023,2023-07-06,0.002244722,0.00035837368,145,57,ERA5_2023.nc
2023,2023-07-07,0.0011910223,0.00023114409,145,57,ERA5_2023.nc
2023,2023-07-08,0.001036051,0.00021376551,145,57,ERA5_2023.nc
2023,2023-07-09,0.000692108,0.00020113049,145,57,ERA5_2023.nc
2023,2023-07-10,0.0005413623,0.00017155265,145,57,ERA5_2023.nc
2023,2023-07-11,0.0012451049,0.00020366712,145,57,ERA5_2023.nc
2023,2023-07-12,0.0007734373,0.00016101988,145,57,ERA5_2023.nc
2023,2023-07-13,0.0014402224,0.00025096323,145,57,ERA5_2023.nc
2023,2023-07-14,0.0015250122,0.00022880375,145,57,ERA5_2023.nc
2023,2023-07-15,0.0011495266,0.00020339014,145,57,ERA5_2023.nc
2023,2023-07-16,0.00020882767,0.00014785546,145,57,ERA5_2023.nc
2023,2023-07-17,0.00018535674,0.00013486375,145,57,ERA5_2023.nc
2023,2023-07-18,0.000744709,0.00015992911,145,57,ERA5_2023.nc
2023,2023-07-19,0.00090687803,0.0001720744,145,57,ERA5_2023.nc
2023,2023-07-20,0.00067696825,0.00015871621,145,57,ERA5_2023.nc
2023,2023-07-21,0.0007571465,0.00019104782,145,57,ERA5_2023.nc
2023,2023-07-22,0.0007917204,0.00014618994,145,57,ERA5_2023.nc
2023,2023-07-23,0.00023901576,0.000119085686,145,57,ERA5_2023.nc
2023,2023-07-24,0.000887919,0.00018179433,145,57,ERA5_2023.nc
2023,2023-07-25,0.0021660184,0.00023309494,145,57,ERA5_2023.nc
2023,2023-07-26,0.0031313498,0.00030450977,145,57,ERA5_2023.nc
2023,2023-07-27,0.0010564886,0.00022626782,145,57,ERA5_2023.nc
2023,2023-07-28,0.0008072626,0.0001572356,145,57,ERA5_2023.nc
2023,2023-07-29,0.0014904828,0.00018596312,145,57,ERA5_2023.nc
2023,2023-07-30,0.0017116143,0.00023317187,145,57,ERA5_2023.nc
2023,2023-07-31,0.0031799006,0.0003709264,145,57,ERA5_2023.nc
2023,2023-08-01,0.0017251451,0.00027418692,145,57,ERA5_2023.nc
2023,2023-08-02,0.0023982208,0.00038213326,145,57,ERA5_2023.nc
2023,2023-08-03,0.002169199,0.00028088014,145,57,ERA5_2023.nc
2023,2023-08-04,0.0033797491,0.00041485182,145,57,ERA5_2023.nc
2023,2023-08-05,0.0018357886,0.00033535023,145,57,ERA5_2023.nc
2023,2023-08-06,0.0011356189,0.00017422078,145,57,ERA5_2023.nc
2023,2023-08-07,0.0032479393,0.00044280442,145,57,ERA5_2023.nc
2023,2023-08-08,0.002774918,0.00039314097,145,57,ERA5_2023.nc
2023,2023-08-09,0.0015253546,0.00024913007,145,57,ERA5_2023.nc
2023,2023-08-10,0.0018171871,0.00030266505,145,57,ERA5_2023.nc
2023,2023-08-11,0.0012331298,0.00026320652,145,57,ERA5_2023.nc
2023,2023-08-12,0.00204599,0.0003474669,145,57,ERA5_2023.nc
2023,2023-08-13,0.001641481,0.00029496299,145,57,ERA5_2023.nc
2023,2023-08-14,0.0018209551,0.0002924949,145,57,ERA5_2023.nc
2023,2023-08-15,0.0014736009,0.00029473234,145,57,ERA5_2023.nc
2023,2023-08-16,0.0009512177,0.00020904947,145,57,ERA5_2023.nc
2023,2023-08-17,0.001458958,0.00028292398,145,57,ERA5_2023.nc
2023,2023-08-18,0.0011170618,0.00024029193,145,57,ERA5_2023.nc
2023,2023-08-19,0.00048231723,0.00016905292,145,57,ERA5_2023.nc
2023,2023-08-20,0.00078940566,0.00019802255,145,57,ERA5_2023.nc
2023,2023-08-21,0.0010310852,0.00023998914,145,57,ERA5_2023.nc
2023,2023-08-22,0.00069155684,0.00019613472,145,57,ERA5_2023.nc
2023,2023-08-23,0.000628839,0.00016052785,145,57,ERA5_2023.nc
2023,2023-08-24,0.0008342643,0.00017646748,145,57,ERA5_2023.nc
2023,2023-08-25,0.0012885337,0.00023009299,145,57,ERA5_2023.nc
2023,2023-08-26,0.00096062594,0.00015630884,145,57,ERA5_2023.nc
2023,2023-08-27,0.0006268305,0.00016491409,145,57,ERA5_2023.nc
2023,2023-08-28,0.0015251682,0.00019224461,145,57,ERA5_2023.nc
2023,2023-08-29,0.0010725098,0.00019307068,145,57,ERA5_2023.nc
2023,2023-08-30,0.002649271,0.00025703575,145,57,ERA5_2023.nc
2023,2023-08-31,0.0014731493,0.00025949592,145,57,ERA5_2023.nc
2023,2023-09-01,0.00043965774,0.00014231898,145,57,ERA5_2023.nc
2023,2023-09-02,0.001230283,0.00018959414,145,57,ERA5_2023.nc
2023,2023-09-03,0.0013158979,0.00021356843,145,57,ERA5_2023.nc
2023,2023-09-04,0.003341171,0.0005361056,145,57,ERA5_2023.nc
2023,2023-09-05,0.002751987,0.0005423849,145,57,ERA5_2023.nc
2023,2023-09-06,0.0017181116,0.0003033127,145,57,ERA5_2023.nc
2023,2023-09-07,0.0016119811,0.00028760408,145,57,ERA5_2023.nc
2023,2023-09-08,0.0010939043,0.0002273128,145,57,ERA5_2023.nc
2023,2023-09-09,0.0026273846,0.0004812129,145,57,ERA5_2023.nc
2023,2023-09-10,0.003933941,0.00048729905,145,57,ERA5_2023.nc
2023,2023-09-11,0.003927297,0.00062053115,145,57,ERA5_2023.nc
2023,2023-09-12,0.0019268054,0.0003260195,145,57,ERA5_2023.nc
2023,2023-09-13,0.002819058,0.0004370723,145,57,ERA5_2023.nc
2023,2023-09-14,0.004124651,0.0007568985,145,57,ERA5_2023.nc
2023,2023-09-15,0.0023013186,0.0005885194,145,57,ERA5_2023.nc
2023,2023-09-16,0.002739597,0.0006154919,145,57,ERA5_2023.nc
2023,2023-09-17,0.0020646313,0.00039117955,145,57,ERA5_2023.nc
2023,2023-09-18,0.002223339,0.00049758994,145,57,ERA5_2023.nc
2023,2023-09-19,0.0021629997,0.0006651654,145,57,ERA5_2023.nc
2023,2023-09-20,0.0013633932,0.00039961474,145,57,ERA5_2023.nc
2023,2023-09-21,0.0013466789,0.00036857591,145,57,ERA5_2023.nc
2023,2023-09-22,0.0016845015,0.0004144378,145,57,ERA5_2023.nc
2023,2023-09-23,0.0019358362,0.00051722873,145,57,ERA5_2023.nc
2023,2023-09-24,0.0020055682,0.00048090817,145,57,ERA5_2023.nc
2023,2023-09-25,0.00182062,0.0005897661,145,57,ERA5_2023.nc
2023,2023-09-26,0.0015482845,0.00037425233,145,57,ERA5_2023.nc
2023,2023-09-27,0.0015327462,0.00042448746,145,57,ERA5_2023.nc
2023,2023-09-28,0.0016696941,0.00035854493,145,57,ERA5_2023.nc
2023,2023-09-29,0.0014851154,0.00036684948,145,57,ERA5_2023.nc
2023,2023-09-30,0.0008627862,0.00029040506,145,57,ERA5_2023.nc
2023,2023-10-01,0.0013858327,0.00038573006,145,57,ERA5_2023.nc
2023,2023-10-02,0.00074579305,0.00022979057,145,57,ERA5_2023.nc
2023,2023-10-03,0.00084936526,0.00021965237,145,57,ERA5_2023.nc
2023,2023-10-04,0.00040714006,0.00018782826,145,57,ERA5_2023.nc
2023,2023-10-05,0.00054510724,0.00019766769,145,57,ERA5_2023.nc
2023,2023-10-06,0.00112596,0.00021498255,145,57,ERA5_2023.nc
2023,2023-10-07,0.0008283422,0.00021305494,145,57,ERA5_2023.nc
2023,2023-10-08,0.0011378499,0.00025834196,145,57,ERA5_2023.nc
2023,2023-10-09,0.0015903316,0.00034438056,145,57,ERA5_2023.nc
2023,2023-10-10,0.0026082634,0.00046332157,145,57,ERA5_2023.nc
2023,2023-10-11,0.0023270748,0.00040804493,145,57,ERA5_2023.nc
2023,2023-10-12,0.00075226,0.00026730154,145,57,ERA5_2023.nc
2023,2023-10-13,0.0008379427,0.00025738968,145,57,ERA5_2023.nc
2023,2023-10-14,0.0014832433,0.00029376821,145,57,ERA5_2023.nc
2023,2023-10-15,0.0045803734,0.00086275855,145,57,ERA5_2023.nc
2023,2023-10-16,0.0036915222,0.00050340453,145,57,ERA5_2023.nc
2023,2023-10-17,0.0011691989,0.0003397904,145,57,ERA5_2023.nc
2023,2023-10-18,0.0018890357,0.00037222164,145,57,ERA5_2023.nc
2023,2023-10-19,0.0037407742,0.0006066215,145,57,ERA5_2023.nc
2023,2023-10-20,0.0028391941,0.00054713583,145,57,ERA5_2023.nc
2023,2023-10-21,0.0009489124,0.00031886075,145,57,ERA5_2023.nc
2023,2023-10-22,0.0013408925,0.00044571975,145,57,ERA5_2023.nc
2023,2023-10-23,0.002032882,0.0004553762,145,57,ERA5_2023.nc
2023,2023-10-24,0.000752329,0.0003108863,145,57,ERA5_2023.nc
2023,2023-10-25,0.0017032041,0.0004054517,145,57,ERA5_2023.nc
2023,2023-10-26,0.004531052,0.00091539894,145,57,ERA5_2023.nc
2023,2023-10-27,0.004559011,0.0012433039,145,57,ERA5_2023.nc
2023,2023-10-28,0.002998537,0.0007478823,145,57,ERA5_2023.nc
2023,2023-10-29,0.0020696134,0.0006356436,145,57,ERA5_2023.nc
2023,2023-10-30,0.0012384424,0.000451458,145,57,ERA5_2023.nc
2023,2023-10-31,0.0014561203,0.00047943648,145,57,ERA5_2023.nc
2023,2023-11-01,0.003710579,0.00075191294,145,57,ERA5_2023.nc
2023,2023-11-02,0.0039774105,0.00085492735,145,57,ERA5_2023.nc
2023,2023-11-03,0.003847341,0.00083719904,145,57,ERA5_2023.nc
2023,2023-11-04,0.004261013,0.0010310516,145,57,ERA5_2023.nc
2023,2023-11-05,0.0032465705,0.00078593584,145,57,ERA5_2023.nc
2023,2023-11-06,0.0016006234,0.0005762876,145,57,ERA5_2023.nc
2023,2023-11-07,0.001799556,0.0006412467,145,57,ERA5_2023.nc
2023,2023-11-08,0.0016920781,0.0005384312,145,57,ERA5_2023.nc
2023,2023-11-09,0.0025285413,0.0006454454,145,57,ERA5_2023.nc
2023,2023-11-10,0.00244394,0.0006968591,145,57,ERA5_2023.nc
2023,2023-11-11,0.002268645,0.0006414466,145,57,ERA5_2023.nc
2023,2023-11-12,0.0021625496,0.00069413515,145,57,ERA5_2023.nc
2023,2023-11-13,0.003009869,0.00067475723,145,57,ERA5_2023.nc
2023,2023-11-14,0.002750633,0.00070577563,145,57,ERA5_2023.nc
2023,2023-11-15,0.0014104632,0.00053176243,145,57,ERA5_2023.nc
2023,2023-11-16,0.0031128833,0.0009048268,145,57,ERA5_2023.nc
2023,2023-11-17,0.0022487268,0.0009852997,145,57,ERA5_2023.nc
2023,2023-11-18,0.0024467022,0.00076326274,145,57,ERA5_2023.nc
2023,2023-11-19,0.003032066,0.0008375361,145,57,ERA5_2023.nc
2023,2023-11-20,0.0034309013,0.0012738346,145,57,ERA5_2023.nc
2023,2023-11-21,0.0023667342,0.0010560825,145,57,ERA5_2023.nc
2023,2023-11-22,0.0018036076,0.00081769755,145,57,ERA5_2023.nc
2023,2023-11-23,0.0012968641,0.00065685774,145,57,ERA5_2023.nc
2023,2023-11-24,0.0024383485,0.001039932,145,57,ERA5_2023.nc
2023,2023-11-25,0.0026948529,0.00085789885,145,57,ERA5_2023.nc
2023,2023-11-26,0.0019426345,0.00081005093,145,57,ERA5_2023.nc
2023,2023-11-27,0.00105491,0.0006267244,145,57,ERA5_2023.nc
2023,2023-11-28,0.0009997684,0.0005418167,145,57,ERA5_2023.nc
2023,2023-11-29,0.0017551703,0.00069194403,145,57,ERA5_2023.nc
2023,2023-11-30,0.00081237266,0.00064121536,145,57,ERA5_2023.nc
2023,2023-12-01,0.0005007638,0.00046234915,145,57,ERA5_2023.nc
2023,2023-12-02,0.00080861145,0.00045364752,145,57,ERA5_2023.nc
2023,2023-12-03,0.001972509,0.00058373646,145,57,ERA5_2023.nc
2023,2023-12-04,0.001671922,0.0006103496,145,57,ERA5_2023.nc
2023,2023-12-05,0.0013611722,0.0004987025,145,57,ERA5_2023.nc
2023,2023-12-06,0.0016025288,0.00061971287,145,57,ERA5_2023.nc
2023,2023-12-07,0.0011094873,0.00046181254,145,57,ERA5_2023.nc
2023,2023-12-08,0.00087477197,0.00040184736,145,57,ERA5_2023.nc
2023,2023-12-09,0.0009957,0.0004812376,145,57,ERA5_2023.nc
2023,2023-12-10,0.001266537,0.0004372303,145,57,ERA5_2023.nc
2023,2023-12-11,0.0013876185,0.0005147301,145,57,ERA5_2023.nc
2023,2023-12-12,0.0014433239,0.0004585418,145,57,ERA5_2023.nc
2023,2023-12-13,0.0014311646,0.000548932,145,57,ERA5_2023.nc
2023,2023-12-14,0.0007718683,0.000433541,145,57,ERA5_2023.nc
2023,2023-12-15,0.00050249236,0.00032326317,145,57,ERA5_2023.nc
2023,2023-12-16,0.00074041926,0.00041279203,145,57,ERA5_2023.nc
2023,2023-12-17,0.00049115403,0.00029312953,145,57,ERA5_2023.nc
2023,2023-12-18,0.00057810097,0.00038349052,145,57,ERA5_2023.nc
2023,2023-12-19,0.00051709515,0.00027427284,145,57,ERA5_2023.nc
2023,2023-12-20,0.0005405209,0.00029214565,145,57,ERA5_2023.nc
2023,2023-12-21,0.0005471142,0.00032936357,145,57,ERA5_2023.nc
2023,2023-12-22,0.00074489927,0.00032948414,145,57,ERA5_2023.nc
2023,2023-12-23,0.0007122595,0.00030804775,145,57,ERA5_2023.nc
2023,2023-12-24,0.00031800312,0.00024014077,145,57,ERA5_2023.nc
2023,2023-12-25,0.00031100123,0.00023562653,145,57,ERA5_2023.nc
2023,2023-12-26,0.0007073392,0.00033511175,145,57,ERA5_2023.nc
2023,2023-12-27,0.0006546017,0.00022757481,145,57,ERA5_2023.nc
2023,2023-12-28,0.00038937596,0.0002119152,145,57,ERA5_2023.nc
2023,2023-12-29,0.0005098062,0.0002326362,145,57,ERA5_2023.nc
2023,2023-12-30,0.0009773537,0.00026218448,145,57,ERA5_2023.nc
2023,2023-12-31,0.0010702738,0.0003030523,145,57,ERA5_2023.nc
2024,2024-01-01,0.0005481803,0.00025026436,145,57,ERA5_2024.nc
2024,2024-01-02,0.0010360626,0.00041244848,145,57,ERA5_2024.nc
2024,2024-01-03,0.0007864963,0.00022191156,145,57,ERA5_2024.nc
2024,2024-01-04,0.00050976884,0.00023676857,145,57,ERA5_2024.nc
2024,2024-01-05,0.00046266872,0.00020379413,145,57,ERA5_2024.nc
2024,2024-01-06,0.0002847089,0.00016940589,145,57,ERA5_2024.nc
2024,2024-01-07,0.00037664632,0.00018601073,145,57,ERA5_2024.nc
2024,2024-01-08,0.0002985602,0.00018926177,145,57,ERA5_2024.nc
2024,2024-01-09,0.0008871023,0.00028841814,145,57,ERA5_2024.nc
2024,2024-01-10,0.00068837625,0.00021957426,145,57,ERA5_2024.nc
2024,2024-01-11,0.00066013576,0.0002496789,145,57,ERA5_2024.nc
2024,2024-01-12,0.0010845297,0.00031191934,145,57,ERA5_2024.nc
2024,2024-01-13,0.00087146205,0.00022935068,145,57,ERA5_2024.nc
2024,2024-01-14,0.0007562826,0.00020415717,145,57,ERA5_2024.nc
2024,2024-01-15,0.00067510345,0.00020842976,145,57,ERA5_2024.nc
2024,2024-01-16,0.00043815197,0.00017354992,145,57,ERA5_2024.nc
2024,2024-01-17,0.00055033853,0.00020543707,145,57,ERA5_2024.nc
2024,2024-01-18,0.0005619817,0.00018771025,145,57,ERA5_2024.nc
2024,2024-01-19,0.00023692005,0.0001585808,145,57,ERA5_2024.nc
2024,2024-01-20,0.00040124412,0.00019179357,145,57,ERA5_2024.nc
2024,2024-01-21,0.00048617844,0.0001663503,145,57,ERA5_2024.nc
2024,2024-01-22,0.00039155787,0.00017779344,145,57,ERA5_2024.nc
2024,2024-01-23,0.00041387117,0.00012534618,145,57,ERA5_2024.nc
2024,2024-01-24,0.00043803366,0.00015632944,145,57,ERA5_2024.nc
2024,2024-01-25,0.0005194531,0.00021873253,145,57,ERA5_2024.nc
2024,2024-01-26,0.0008482198,0.00019230941,145,57,ERA5_2024.nc
2024,2024-01-27,0.0005722091,0.00016482816,145,57,ERA5_2024.nc
2024,2024-01-28,0.00026849555,0.0001076237,145,57,ERA5_2024.nc
2024,2024-01-29,0.0004985732,0.000120545534,145,57,ERA5_2024.nc
2024,2024-01-30,0.0007302782,0.00016454206,145,57,ERA5_2024.nc
2024,2024-01-31,0.000858049,0.0001686275,145,57,ERA5_2024.nc
2024,2024-02-01,0.00088100025,0.00014042843,145,57,ERA5_2024.nc
2024,2024-02-02,0.0005465421,0.00014806258,145,57,ERA5_2024.nc
2024,2024-02-03,0.0005573851,0.0001351822,145,57,ERA5_2024.nc
2024,2024-02-04,0.00044802274,0.00013222959,145,57,ERA5_2024.nc
2024,2024-02-05,0.0006732296,0.0001639305,145,57,ERA5_2024.nc
2024,2024-02-06,0.00023051174,0.00011245026,145,57,ERA5_2024.nc
2024,2024-02-07,0.00012545352,0.000102437414,145,57,ERA5_2024.nc
2024,2024-02-08,0.00014101577,8.343173e-05,145,57,ERA5_2024.nc
2024,2024-02-09,0.0002330093,9.370041e-05,145,57,ERA5_2024.nc
2024,2024-02-10,0.0007536948,0.00014480113,145,57,ERA5_2024.nc
2024,2024-02-11,0.00047022538,0.00013584664,145,57,ERA5_2024.nc
2024,2024-02-12,0.00027922972,0.0001043781,145,57,ERA5_2024.nc
2024,2024-02-13,0.00042607787,0.000115717245,145,57,ERA5_2024.nc
2024,2024-02-14,0.0010253614,0.00016635779,145,57,ERA5_2024.nc
2024,2024-02-15,0.0016586614,0.00017265283,145,57,ERA5_2024.nc
2024,2024-02-16,0.00060447445,9.580639e-05,145,57,ERA5_2024.nc
2024,2024-02-17,0.001085601,0.00017121976,145,57,ERA5_2024.nc
2024,2024-02-18,0.0005308815,0.00017289228,145,57,ERA5_2024.nc
2024,2024-02-19,0.00031754718,0.00011270151,145,57,ERA5_2024.nc
2024,2024-02-20,0.00020225627,9.548916e-05,145,57,ERA5_2024.nc
2024,2024-02-21,0.00015438451,8.5070176e-05,145,57,ERA5_2024.nc
2024,2024-02-22,8.4976884e-05,7.6310855e-05,145,57,ERA5_2024.nc
2024,2024-02-23,0.00014907551,6.6910376e-05,145,57,ERA5_2024.nc
2024,2024-02-24,0.0004925219,7.286617e-05,145,57,ERA5_2024.nc
2024,2024-02-25,0.001021027,0.00018964794,145,57,ERA5_2024.nc
2024,2024-02-26,0.00052537804,9.864047e-05,145,57,ERA5_2024.nc
2024,2024-02-27,0.0011138006,0.0001412113,145,57,ERA5_2024.nc
2024,2024-02-28,0.000821922,0.00013981835,145,57,ERA5_2024.nc
2024,2024-02-29,0.0003142152,0.000106466745,145,57,ERA5_2024.nc
2024,2024-03-01,0.0005906321,0.0001260795,145,57,ERA5_2024.nc
2024,2024-03-02,0.00034866127,9.357986e-05,145,57,ERA5_2024.nc
2024,2024-03-03,0.00034606538,0.00010263881,145,57,ERA5_2024.nc
2024,2024-03-04,0.00040553475,0.0001472286,145,57,ERA5_2024.nc
2024,2024-03-05,0.000764995,0.00012415301,145,57,ERA5_2024.nc
2024,2024-03-06,0.0005464024,9.319247e-05,145,57,ERA5_2024.nc
2024,2024-03-07,0.0005160404,8.640035e-05,145,57,ERA5_2024.nc
2024,2024-03-08,0.0005867431,0.0001281724,145,57,ERA5_2024.nc
2024,2024-03-09,0.00064583257,0.00012928905,145,57,ERA5_2024.nc
2024,2024-03-10,0.00051297224,0.00010336454,145,57,ERA5_2024.nc
2024,2024-03-11,0.00081293413,0.00015127787,145,57,ERA5_2024.nc
2024,2024-03-12,6.626404e-05,6.398128e-05,145,57,ERA5_2024.nc
2024,2024-03-13,5.2233656e-05,5.391139e-05,145,57,ERA5_2024.nc
2024,2024-03-14,0.00029692883,6.057084e-05,145,57,ERA5_2024.nc
2024,2024-03-15,0.00047214996,8.416934e-05,145,57,ERA5_2024.nc
2024,2024-03-16,0.00020467874,7.017785e-05,145,57,ERA5_2024.nc
2024,2024-03-17,8.649059e-05,4.700743e-05,145,57,ERA5_2024.nc
2024,2024-03-18,0.0005424905,5.344514e-05,145,57,ERA5_2024.nc
2024,2024-03-19,0.00072887493,6.785246e-05,145,57,ERA5_2024.nc
2024,2024-03-20,0.0005996401,0.00014651394,145,57,ERA5_2024.nc
2024,2024-03-21,0.00023027507,0.00011656574,145,57,ERA5_2024.nc
2024,2024-03-22,0.0002762562,0.000119320466,145,57,ERA5_2024.nc
2024,2024-03-23,0.0005121796,7.252751e-05,145,57,ERA5_2024.nc
2024,2024-03-24,0.0015186737,0.00015133095,145,57,ERA5_2024.nc
2024,2024-03-25,0.0012814215,0.0001630966,145,57,ERA5_2024.nc
2024,2024-03-26,0.001372549,0.00019207504,145,57,ERA5_2024.nc
2024,2024-03-27,0.0017717977,0.00019618106,145,57,ERA5_2024.nc
2024,2024-03-28,0.0005301618,8.2852406e-05,145,57,ERA5_2024.nc
2024,2024-03-29,0.000458306,0.00012415156,145,57,ERA5_2024.nc
2024,2024-03-30,0.0012491868,0.0001808127,145,57,ERA5_2024.nc
2024,2024-03-31,0.0017359598,0.0002361383,145,57,ERA5_2024.nc
2024,2024-04-01,0.0013755707,0.0001899135,145,57,ERA5_2024.nc
2024,2024-04-02,0.0031159373,0.0003694293,145,57,ERA5_2024.nc
2024,2024-04-03,0.0031776922,0.00043415805,145,57,ERA5_2024.nc
2024,2024-04-04,0.0012066537,0.00023785353,145,57,ERA5_2024.nc
2024,2024-04-05,0.0014796985,0.0002882064,145,57,ERA5_2024.nc
2024,2024-04-06,0.004371044,0.0005187735,145,57,ERA5_2024.nc
2024,2024-04-07,0.0037496928,0.00060229714,145,57,ERA5_2024.nc
2024,2024-04-08,0.0020855842,0.00053123094,145,57,ERA5_2024.nc
2024,2024-04-09,0.0012433425,0.00030964514,145,57,ERA5_2024.nc
2024,2024-04-10,0.0010131962,0.00027861708,145,57,ERA5_2024.nc
2024,2024-04-11,0.00045244853,0.00016192987,145,57,ERA5_2024.nc
2024,2024-04-12,0.0017620182,0.00039975162,145,57,ERA5_2024.nc
2024,2024-04-13,0.0029515657,0.00079726893,145,57,ERA5_2024.nc
2024,2024-04-14,0.00080208364,0.00021392296,145,57,ERA5_2024.nc
2024,2024-04-15,0.001056352,0.00024135888,145,57,ERA5_2024.nc
2024,2024-04-16,0.00059531967,0.00014155632,145,57,ERA5_2024.nc
2024,2024-04-17,0.00020172907,9.229207e-05,145,57,ERA5_2024.nc
2024,2024-04-18,0.0010160949,0.00018793545,145,57,ERA5_2024.nc
2024,2024-04-19,0.0009830536,0.00019142334,145,57,ERA5_2024.nc
2024,2024-04-20,0.0017777362,0.00036010466,145,57,ERA5_2024.nc
2024,2024-04-21,0.0014171544,0.00021901364,145,57,ERA5_2024.nc
2024,2024-04-22,0.00051094673,0.0001457178,145,57,ERA5_2024.nc
2024,2024-04-23,0.0014054533,0.0002832269,145,57,ERA5_2024.nc
2024,2024-04-24,0.0017380815,0.00038309267,145,57,ERA5_2024.nc
2024,2024-04-25,0.0022563033,0.0004772381,145,57,ERA5_2024.nc
2024,2024-04-26,0.0017558727,0.0002983849,145,57,ERA5_2024.nc
2024,2024-04-27,0.0007811256,0.00024398949,145,57,ERA5_2024.nc
2024,2024-04-28,0.0014845062,0.00030906004,145,57,ERA5_2024.nc
2024,2024-04-29,0.0010715786,0.0002902193,145,57,ERA5_2024.nc
2024,2024-04-30,0.0010796521,0.00025970858,145,57,ERA5_2024.nc
2024,2024-05-01,0.0016888457,0.0004670061,145,57,ERA5_2024.nc
2024,2024-05-02,0.0019405058,0.00036234784,145,57,ERA5_2024.nc
2024,2024-05-03,0.0016620214,0.0004267216,145,57,ERA5_2024.nc
2024,2024-05-04,0.0024522562,0.00041666694,145,57,ERA5_2024.nc
2024,2024-05-05,0.00044910793,0.00022153724,145,57,ERA5_2024.nc
2024,2024-05-06,0.0005543864,0.00023830807,145,57,ERA5_2024.nc
2024,2024-05-07,0.00035408017,0.00014829641,145,57,ERA5_2024.nc
2024,2024-05-08,0.0005236662,0.00016057592,145,57,ERA5_2024.nc
2024,2024-05-09,0.0011771449,0.0002788055,145,57,ERA5_2024.nc
2024,2024-05-10,0.0009768789,0.0003402982,145,57,ERA5_2024.nc
2024,2024-05-11,0.00015213505,0.00012310201,145,57,ERA5_2024.nc
2024,2024-05-12,0.0002685349,0.00011483701,145,57,ERA5_2024.nc
2024,2024-05-13,0.00042157498,0.00013450359,145,57,ERA5_2024.nc
2024,2024-05-14,0.0017391383,0.00020466169,145,57,ERA5_2024.nc
2024,2024-05-15,0.0016909074,0.00024361131,145,57,ERA5_2024.nc
2024,2024-05-16,0.00039265052,0.00017599412,145,57,ERA5_2024.nc
2024,2024-05-17,0.00028246973,0.00011378979,145,57,ERA5_2024.nc
2024,2024-05-18,0.0007198164,0.00022742178,145,57,ERA5_2024.nc
2024,2024-05-19,0.0013803949,0.00024403314,145,57,ERA5_2024.nc
2024,2024-05-20,0.0013563945,0.00032867905,145,57,ERA5_2024.nc
2024,2024-05-21,0.00083229796,0.00022959191,145,57,ERA5_2024.nc
2024,2024-05-22,0.0012712348,0.00026059657,145,57,ERA5_2024.nc
2024,2024-05-23,0.002690393,0.000293925,145,57,ERA5_2024.nc
2024,2024-05-24,0.001741857,0.00024790593,145,57,ERA5_2024.nc
2024,2024-05-25,0.0014384459,0.00026375655,145,57,ERA5_2024.nc
2024,2024-05-26,0.0009252742,0.00015924929,145,57,ERA5_2024.nc
2024,2024-05-27,0.00020017133,9.717191e-05,145,57,ERA5_2024.nc
2024,2024-05-28,0.00038100328,0.00011046179,145,57,ERA5_2024.nc
2024,2024-05-29,0.00080893066,0.00012481572,145,57,ERA5_2024.nc
2024,2024-05-30,0.0005796993,0.00014631252,145,57,ERA5_2024.nc
2024,2024-05-31,0.00040359132,0.00013105237,145,57,ERA5_2024.nc
2024,2024-06-01,0.00070298056,0.00017715528,145,57,ERA5_2024.nc
2024,2024-06-02,0.00043857703,0.00013157283,145,57,ERA5_2024.nc
2024,2024-06-03,0.00044016552,0.0001171282,145,57,ERA5_2024.nc
2024,2024-06-04,0.0012055092,0.00024090757,145,57,ERA5_2024.nc
2024,2024-06-05,0.0009258107,0.000196118,145,57,ERA5_2024.nc
2024,2024-06-06,0.001116083,0.0002898607,145,57,ERA5_2024.nc
2024,2024-06-07,0.00082479476,0.00018895586,145,57,ERA5_2024.nc
2024,2024-06-08,0.0012690994,0.00023129272,145,57,ERA5_2024.nc
2024,2024-06-09,0.0020320462,0.00033720562,145,57,ERA5_2024.nc
2024,2024-06-10,0.00084858784,0.000116068535,145,57,ERA5_2024.nc
2024,2024-06-11,0.0016001209,0.0002175612,145,57,ERA5_2024.nc
2024,2024-06-12,0.0018705182,0.00024032734,145,57,ERA5_2024.nc
2024,2024-06-13,0.00044864626,0.00012513215,145,57,ERA5_2024.nc
2024,2024-06-14,0.00041005394,0.00013136458,145,57,ERA5_2024.nc
2024,2024-06-15,0.0006802633,0.00013673856,145,57,ERA5_2024.nc
2024,2024-06-16,0.0012037028,0.00017818871,145,57,ERA5_2024.nc
2024,2024-06-17,0.0011077547,0.00018955715,145,57,ERA5_2024.nc
2024,2024-06-18,0.00029316658,0.000109350294,145,57,ERA5_2024.nc
2024,2024-06-19,0.00024582897,9.049686e-05,145,57,ERA5_2024.nc
2024,2024-06-20,0.00033379055,0.00010562615,145,57,ERA5_2024.nc
2024,2024-06-21,0.00027067793,9.286171e-05,145,57,ERA5_2024.nc
2024,2024-06-22,0.0013620441,0.00013508555,145,57,ERA5_2024.nc
2024,2024-06-23,0.0020389077,0.00014443754,145,57,ERA5_2024.nc
2024,2024-06-24,0.00055513176,0.00010999851,145,57,ERA5_2024.nc
2024,2024-06-25,0.00050053716,0.00010710639,145,57,ERA5_2024.nc
2024,2024-06-26,0.00028524466,9.298668e-05,145,57,ERA5_2024.nc
2024,2024-06-27,0.0009431806,0.00010330728,145,57,ERA5_2024.nc
2024,2024-06-28,0.00059496396,0.00011914034,145,57,ERA5_2024.nc
2024,2024-06-29,0.0007285313,0.00014502564,145,57,ERA5_2024.nc
2024,2024-06-30,0.00021445262,7.9068865e-05,145,57,ERA5_2024.nc
2024,2024-07-01,0.0004508206,9.3119685e-05,145,57,ERA5_2024.nc
2024,2024-07-02,0.00034362506,8.0774946e-05,145,57,ERA5_2024.nc
2024,2024-07-03,0.00069176615,0.00010813798,145,57,ERA5_2024.nc
2024,2024-07-04,0.00030541897,6.7264846e-05,145,57,ERA5_2024.nc
2024,2024-07-05,0.0009850088,8.423956e-05,145,57,ERA5_2024.nc
2024,2024-07-06,0.0032988577,0.00022738575,145,57,ERA5_2024.nc
2024,2024-07-07,0.0019646469,0.00013343146,145,57,ERA5_2024.nc
2024,2024-07-08,0.0008258225,0.00015865163,145,57,ERA5_2024.nc
2024,2024-07-09,0.0014790453,0.00016748786,145,57,ERA5_2024.nc
2024,2024-07-10,0.002599542,0.00022733299,145,57,ERA5_2024.nc
2024,2024-07-11,0.00272814,0.00030495977,145,57,ERA5_2024.nc
2024,2024-07-12,0.00115379,0.00015749095,145,57,ERA5_2024.nc
2024,2024-07-13,0.0017907852,0.00017094433,145,57,ERA5_2024.nc
2024,2024-07-14,0.0020391569,0.00021656108,145,57,ERA5_2024.nc
2024,2024-07-15,0.0016659045,0.00020912012,145,57,ERA5_2024.nc
2024,2024-07-16,0.0018331893,0.0003393732,145,57,ERA5_2024.nc
2024,2024-07-17,0.002147676,0.00029331088,145,57,ERA5_2024.nc
2024,2024-07-18,0.0018688809,0.00027528207,145,57,ERA5_2024.nc
2024,2024-07-19,0.0028708372,0.00032421242,145,57,ERA5_2024.nc
2024,2024-07-20,0.0034533315,0.00032884075,145,57,ERA5_2024.nc
2024,2024-07-21,0.0034383642,0.0004664112,145,57,ERA5_2024.nc
2024,2024-07-22,0.00296228,0.000338523,145,57,ERA5_2024.nc
2024,2024-07-23,0.0014690668,0.00018597383,145,57,ERA5_2024.nc
2024,2024-07-24,0.0017868321,0.00026294694,145,57,ERA5_2024.nc
2024,2024-07-25,0.0014626131,0.00025226874,145,57,ERA5_2024.nc
2024,2024-07-26,0.003242117,0.0004279924,145,57,ERA5_2024.nc
2024,2024-07-27,0.0036704496,0.00041002798,145,57,ERA5_2024.nc
2024,2024-07-28,0.002043148,0.0003155783,145,57,ERA5_2024.nc
2024,2024-07-29,0.0023746856,0.0003168201,145,57,ERA5_2024.nc
2024,2024-07-30,0.003568442,0.00036125362,145,57,ERA5_2024.nc
2024,2024-07-31,0.0047873203,0.00048421722,145,57,ERA5_2024.nc
2024,2024-08-01,0.0024385243,0.00024102996,145,57,ERA5_2024.nc
2024,2024-08-02,0.0013795204,0.00017835604,145,57,ERA5_2024.nc
2024,2024-08-03,0.0025064156,0.0002973642,145,57,ERA5_2024.nc
2024,2024-08-04,0.004405828,0.00047685992,145,57,ERA5_2024.nc
2024,2024-08-05,0.0036541186,0.00045100355,145,57,ERA5_2024.nc
2024,2024-08-06,0.0021483484,0.00028963864,145,57,ERA5_2024.nc
2024,2024-08-07,0.0034075999,0.00034437512,145,57,ERA5_2024.nc
2024,2024-08-08,0.004029313,0.00046507304,145,57,ERA5_2024.nc
2024,2024-08-09,0.0030146716,0.00042130286,145,57,ERA5_2024.nc
2024,2024-08-10,0.0029652615,0.00047905455,145,57,ERA5_2024.nc
2024,2024-08-11,0.0043194676,0.000558908,145,57,ERA5_2024.nc
2024,2024-08-12,0.003145201,0.00065819005,145,57,ERA5_2024.nc
2024,2024-08-13,0.0031824873,0.0004977409,145,57,ERA5_2024.nc
2024,2024-08-14,0.005761343,0.00084449805,145,57,ERA5_2024.nc
2024,2024-08-15,0.0028901438,0.0005032695,145,57,ERA5_2024.nc
2024,2024-08-16,0.002440771,0.00038172147,145,57,ERA5_2024.nc
2024,2024-08-17,0.00543186,0.00084201014,145,57,ERA5_2024.nc
2024,2024-08-18,0.0035602455,0.0006080079,145,57,ERA5_2024.nc
2024,2024-08-19,0.0021996615,0.00038539665,145,57,ERA5_2024.nc
2024,2024-08-20,0.0029892724,0.00045785838,145,57,ERA5_2024.nc
2024,2024-08-21,0.007955924,0.0016597303,145,57,ERA5_2024.nc
2024,2024-08-22,0.0036836427,0.0008844156,145,57,ERA5_2024.nc
2024,2024-08-23,0.0011592812,0.0002650634,145,57,ERA5_2024.nc
2024,2024-08-24,0.0033792846,0.0005186846,145,57,ERA5_2024.nc
2024,2024-08-25,0.0035234066,0.0006869729,145,57,ERA5_2024.nc
2024,2024-08-26,0.002994949,0.00041593425,145,57,ERA5_2024.nc
2024,2024-08-27,0.0034448882,0.00038011782,145,57,ERA5_2024.nc
2024,2024-08-28,0.004090901,0.0006642431,145,57,ERA5_2024.nc
2024,2024-08-29,0.0020515556,0.00038843567,145,57,ERA5_2024.nc
2024,2024-08-30,0.0028958002,0.00048044467,145,57,ERA5_2024.nc
2024,2024-08-31,0.0042659016,0.0005159086,145,57,ERA5_2024.nc
2024,2024-09-01,0.004838178,0.00076711224,145,57,ERA5_2024.nc
2024,2024-09-02,0.001484018,0.00032003416,145,57,ERA5_2024.nc
2024,2024-09-03,0.0035611242,0.00063048594,145,57,ERA5_2024.nc
2024,2024-09-04,0.004621942,0.0008956042,145,57,ERA5_2024.nc
2024,2024-09-05,0.0019004033,0.00051143614,145,57,ERA5_2024.nc
2024,2024-09-06,0.0013245952,0.00046068057,145,57,ERA5_2024.nc
2024,2024-09-07,0.0019348804,0.00040990236,145,57,ERA5_2024.nc
2024,2024-09-08,0.001684999,0.00036034983,145,57,ERA5_2024.nc
2024,2024-09-09,0.0013523207,0.0003989077,145,57,ERA5_2024.nc
2024,2024-09-10,0.0010808706,0.0003135768,145,57,ERA5_2024.nc
2024,2024-09-11,0.0015726911,0.00029405148,145,57,ERA5_2024.nc
2024,2024-09-12,0.0023051894,0.00038531708,145,57,ERA5_2024.nc
2024,2024-09-13,0.0016409977,0.0003170261,145,57,ERA5_2024.nc
2024,2024-09-14,0.0008036577,0.0002924851,145,57,ERA5_2024.nc
2024,2024-09-15,0.0015667147,0.00028744322,145,57,ERA5_2024.nc
2024,2024-09-16,0.001994477,0.00031926876,145,57,ERA5_2024.nc
2024,2024-09-17,0.0017224927,0.00033886495,145,57,ERA5_2024.nc
2024,2024-09-18,0.001408516,0.00030075395,145,57,ERA5_2024.nc
2024,2024-09-19,0.0029071362,0.0004545625,145,57,ERA5_2024.nc
2024,2024-09-20,0.0024398344,0.0003825236,145,57,ERA5_2024.nc
2024,2024-09-21,0.0016229665,0.00037383067,145,57,ERA5_2024.nc
2024,2024-09-22,0.0019515553,0.00037713058,145,57,ERA5_2024.nc
2024,2024-09-23,0.00268372,0.0004723385,145,57,ERA5_2024.nc
2024,2024-09-24,0.0016824717,0.00032478396,145,57,ERA5_2024.nc
2024,2024-09-25,0.0016065806,0.0003998197,145,57,ERA5_2024.nc
2024,2024-09-26,0.0013270944,0.0003391081,145,57,ERA5_2024.nc
2024,2024-09-27,0.00086514757,0.00027164136,145,57,ERA5_2024.nc
2024,2024-09-28,0.0023761222,0.00043119042,145,57,ERA5_2024.nc
2024,2024-09-29,0.003581193,0.00051535724,145,57,ERA5_2024.nc
2024,2024-09-30,0.0022470152,0.00043867785,145,57,ERA5_2024.nc
2024,2024-10-01,0.0017821776,0.0003990619,145,57,ERA5_2024.nc
2024,2024-10-02,0.0026468704,0.0004901223,145,57,ERA5_2024.nc
2024,2024-10-03,0.0029645236,0.00061551214,145,57,ERA5_2024.nc
2024,2024-10-04,0.000804068,0.00028622232,145,57,ERA5_2024.nc
2024,2024-10-05,0.000737717,0.0002467337,145,57,ERA5_2024.nc
2024,2024-10-06,0.0032907396,0.0006242823,145,57,ERA5_2024.nc
2024,2024-10-07,0.002767859,0.0005722458,145,57,ERA5_2024.nc
2024,2024-10-08,0.0026957192,0.00052784616,145,57,ERA5_2024.nc
2024,2024-10-09,0.0023952555,0.00058338174,145,57,ERA5_2024.nc
2024,2024-10-10,0.0019412157,0.0004517588,145,57,ERA5_2024.nc
2024,2024-10-11,0.0022082494,0.0005162797,145,57,ERA5_2024.nc
2024,2024-10-12,0.0017157204,0.00043477156,145,57,ERA5_2024.nc
2024,2024-10-13,0.0017161879,0.00033916696,145,57,ERA5_2024.nc
2024,2024-10-14,0.0023357382,0.0005539751,145,57,ERA5_2024.nc
2024,2024-10-15,0.0024250243,0.0004927652,145,57,ERA5_2024.nc
2024,2024-10-16,0.0023808538,0.0005420414,145,57,ERA5_2024.nc
2024,2024-10-17,0.0016582344,0.00044598395,145,57,ERA5_2024.nc
2024,2024-10-18,0.001788391,0.00045927774,145,57,ERA5_2024.nc
2024,2024-10-19,0.0018190187,0.0004900811,145,57,ERA5_2024.nc
2024,2024-10-20,0.0030556098,0.0006572593,145,57,ERA5_2024.nc
2024,2024-10-21,0.0021355525,0.00046659692,145,57,ERA5_2024.nc
2024,2024-10-22,0.0015009108,0.00043028325,145,57,ERA5_2024.nc
2024,2024-10-23,0.0023855045,0.0006194948,145,57,ERA5_2024.nc
2024,2024-10-24,0.0010871738,0.00041095694,145,57,ERA5_2024.nc
2024,2024-10-25,0.0019255837,0.00052251015,145,57,ERA5_2024.nc
2024,2024-10-26,0.0029395618,0.0008262927,145,57,ERA5_2024.nc
2024,2024-10-27,0.001475528,0.000500704,145,57,ERA5_2024.nc
2024,2024-10-28,0.0010873677,0.0004332615,145,57,ERA5_2024.nc
2024,2024-10-29,0.0011312129,0.0004424381,145,57,ERA5_2024.nc
2024,2024-10-30,0.0017258968,0.0004758743,145,57,ERA5_2024.nc
2024,2024-10-31,0.002369145,0.0006973786,145,57,ERA5_2024.nc
2024,2024-11-01,0.0021219063,0.0005402529,145,57,ERA5_2024.nc
2024,2024-11-02,0.0017082698,0.00039628908,145,57,ERA5_2024.nc
2024,2024-11-03,0.0012463031,0.0003837873,145,57,ERA5_2024.nc
2024,2024-11-04,0.002061692,0.0005447733,145,57,ERA5_2024.nc
2024,2024-11-05,0.0011935399,0.00039098324,145,57,ERA5_2024.nc
2024,2024-11-06,0.0015019055,0.00045206968,145,57,ERA5_2024.nc
2024,2024-11-07,0.0010698487,0.0003267969,145,57,ERA5_2024.nc
2024,2024-11-08,0.00054888416,0.00027306,145,57,ERA5_2024.nc
2024,2024-11-09,0.0011342813,0.00037498347,145,57,ERA5_2024.nc
2024,2024-11-10,0.0011929963,0.0003409883,145,57,ERA5_2024.nc
2024,2024-11-11,0.0013353996,0.00035241124,145,57,ERA5_2024.nc
2024,2024-11-12,0.00061526307,0.00024723873,145,57,ERA5_2024.nc
2024,2024-11-13,0.00030957354,0.00023989126,145,57,ERA5_2024.nc
2024,2024-11-14,0.00050232816,0.0002377186,145,57,ERA5_2024.nc
2024,2024-11-15,0.0023690227,0.0005787428,145,57,ERA5_2024.nc
2024,2024-11-16,0.0037313218,0.001082681,145,57,ERA5_2024.nc
2024,2024-11-17,0.00077823264,0.00029270415,145,57,ERA5_2024.nc
2024,2024-11-18,0.0008326346,0.00032841205,145,57,ERA5_2024.nc
2024,2024-11-19,0.00090745743,0.0002932939,145,57,ERA5_2024.nc
2024,2024-11-20,0.0018833575,0.0004971112,145,57,ERA5_2024.nc
2024,2024-11-21,0.0021173593,0.00044529667,145,57,ERA5_2024.nc
2024,2024-11-22,0.0020005398,0.0005080257,145,57,ERA5_2024.nc
2024,2024-11-23,0.0017521534,0.00045098478,145,57,ERA5_2024.nc
2024,2024-11-24,0.0020920637,0.0005400253,145,57,ERA5_2024.nc
2024,2024-11-25,0.0020437418,0.0005088701,145,57,ERA5_2024.nc
2024,2024-11-26,0.0018682133,0.00055161986,145,57,ERA5_2024.nc
2024,2024-11-27,0.0027710684,0.0006023465,145,57,ERA5_2024.nc
2024,2024-11-28,0.0018969772,0.00064190535,145,57,ERA5_2024.nc
2024,2024-11-29,0.0012533579,0.0005705913,145,57,ERA5_2024.nc
2024,2024-11-30,0.0007346,0.00042324676,145,57,ERA5_2024.nc
2024,2024-12-01,0.0008014017,0.00037733617,145,57,ERA5_2024.nc
2024,2024-12-02,0.0008172595,0.00034659018,145,57,ERA5_2024.nc
2024,2024-12-03,0.0007161168,0.00037938525,145,57,ERA5_2024.nc
2024,2024-12-04,0.0007018007,0.0003983822,145,57,ERA5_2024.nc
2024,2024-12-05,0.00067932776,0.00035173245,145,57,ERA5_2024.nc
2024,2024-12-06,0.0007143867,0.00035174607,145,57,ERA5_2024.nc
2024,2024-12-07,0.0003019796,0.00025287978,145,57,ERA5_2024.nc
2024,2024-12-08,4.3286545e-05,0.00018954217,145,57,ERA5_2024.nc
2024,2024-12-09,8.080858e-05,0.00017981353,145,57,ERA5_2024.nc
2024,2024-12-10,0.00023642523,0.0001895793,145,57,ERA5_2024.nc
2024,2024-12-11,0.00071891217,0.00026768207,145,57,ERA5_2024.nc
2024,2024-12-12,0.0013742796,0.0003911846,145,57,ERA5_2024.nc
2024,2024-12-13,0.00043049414,0.0002668777,145,57,ERA5_2024.nc
2024,2024-12-14,0.0002692549,0.00024375731,145,57,ERA5_2024.nc
2024,2024-12-15,0.00046893337,0.00019016044,145,57,ERA5_2024.nc
2024,2024-12-16,0.0007448919,0.0002442861,145,57,ERA5_2024.nc
2024,2024-12-17,0.0003711554,0.00018853086,145,57,ERA5_2024.nc
2024,2024-12-18,0.0006550135,0.00027091874,145,57,ERA5_2024.nc
2024,2024-12-19,0.0012817694,0.00028126355,145,57,ERA5_2024.nc
2024,2024-12-20,0.0008949989,0.00024440975,145,57,ERA5_2024.nc
2024,2024-12-21,0.0007060035,0.00021264615,145,57,ERA5_2024.nc
2024,2024-12-22,0.00062042114,0.00019446986,145,57,ERA5_2024.nc
2024,2024-12-23,0.0018615044,0.00041682963,145,57,ERA5_2024.nc
2024,2024-12-24,0.0006362224,0.00022325726,145,57,ERA5_2024.nc
2024,2024-12-25,0.0010346281,0.00031262293,145,57,ERA5_2024.nc
2024,2024-12-26,0.00073593203,0.00024666262,145,57,ERA5_2024.nc
2024,2024-12-27,0.0006572816,0.0002498645,145,57,ERA5_2024.nc
2024,2024-12-28,0.0005139746,0.00013125269,145,57,ERA5_2024.nc
2024,2024-12-29,0.00040260877,0.00012579461,145,57,ERA5_2024.nc
2024,2024-12-30,0.0004632267,0.000117896445,145,57,ERA5_2024.nc
2024,2024-12-31,0.0002560882,0.00012206458,145,57,ERA5_2024.nc
2025,2025-01-01,0.00012385944,0.00012322093,145,57,ERA5_2025.nc
2025,2025-01-02,7.339104e-05,0.00010869876,145,57,ERA5_2025.nc
2025,2025-01-03,0.00023193653,0.00010765831,145,57,ERA5_2025.nc
2025,2025-01-04,0.00022023542,0.00011647257,145,57,ERA5_2025.nc
2025,2025-01-05,0.00038706773,0.00015915431,145,57,ERA5_2025.nc
2025,2025-01-06,0.00016503522,0.000100205354,145,57,ERA5_2025.nc
2025,2025-01-07,0.00031119454,0.00012363517,145,57,ERA5_2025.nc
2025,2025-01-08,0.00020298822,0.0001397143,145,57,ERA5_2025.nc
2025,2025-01-09,0.00031737942,0.00010432715,145,57,ERA5_2025.nc
2025,2025-01-10,0.00060641475,0.00019602259,145,57,ERA5_2025.nc
2025,2025-01-11,0.0005254976,0.00011780279,145,57,ERA5_2025.nc
2025,2025-01-12,0.00023723645,0.00011440797,145,57,ERA5_2025.nc
2025,2025-01-13,0.000112217465,9.142244e-05,145,57,ERA5_2025.nc
2025,2025-01-14,0.00010903376,8.480152e-05,145,57,ERA5_2025.nc
2025,2025-01-15,5.0515715e-05,8.022709e-05,145,57,ERA5_2025.nc
2025,2025-01-16,3.3187287e-05,6.834386e-05,145,57,ERA5_2025.nc
2025,2025-01-17,5.155997e-05,6.868529e-05,145,57,ERA5_2025.nc
2025,2025-01-18,0.00012301412,6.731521e-05,145,57,ERA5_2025.nc
2025,2025-01-19,0.00043253344,8.1210615e-05,145,57,ERA5_2025.nc
2025,2025-01-20,0.0006017686,9.017331e-05,145,57,ERA5_2025.nc
2025,2025-01-21,0.00043412167,9.438332e-05,145,57,ERA5_2025.nc
2025,2025-01-22,0.00095143553,0.00015962418,145,57,ERA5_2025.nc
2025,2025-01-23,0.00082682417,9.599081e-05,145,57,ERA5_2025.nc
2025,2025-01-24,0.00041911597,0.0001016365,145,57,ERA5_2025.nc
2025,2025-01-25,0.000647869,8.972157e-05,145,57,ERA5_2025.nc
2025,2025-01-26,0.0005077885,0.000112189766,145,57,ERA5_2025.nc
2025,2025-01-27,0.0002693038,8.2649814e-05,145,57,ERA5_2025.nc
2025,2025-01-28,0.00044633413,9.4611845e-05,145,57,ERA5_2025.nc
2025,2025-01-29,0.00033409992,9.0888425e-05,145,57,ERA5_2025.nc
2025,2025-01-30,0.000562934,0.00014758941,145,57,ERA5_2025.nc
2025,2025-01-31,0.00023166786,9.00992e-05,145,57,ERA5_2025.nc
2025,2025-02-01,0.0004867941,0.00014965795,145,57,ERA5_2025.nc
2025,2025-02-02,0.00029826793,9.62903e-05,145,57,ERA5_2025.nc
2025,2025-02-03,0.00015637768,0.00010100885,145,57,ERA5_2025.nc
2025,2025-02-04,0.00017018338,8.122779e-05,145,57,ERA5_2025.nc
2025,2025-02-05,0.00031763886,8.4312516e-05,145,57,ERA5_2025.nc
2025,2025-02-06,0.0001918821,7.200325e-05,145,57,ERA5_2025.nc
2025,2025-02-07,0.00030573749,7.272087e-05,145,57,ERA5_2025.nc
2025,2025-02-08,0.00022560189,8.078314e-05,145,57,ERA5_2025.nc
2025,2025-02-09,0.00026842474,5.8586702e-05,145,57,ERA5_2025.nc
2025,2025-02-10,0.00021677022,6.758268e-05,145,57,ERA5_2025.nc
2025,2025-02-11,0.00020069818,6.3086714e-05,145,57,ERA5_2025.nc
2025,2025-02-12,0.0002579579,8.266014e-05,145,57,ERA5_2025.nc
2025,2025-02-13,0.00030726584,7.500712e-05,145,57,ERA5_2025.nc
2025,2025-02-14,0.0012043836,0.00018646817,145,57,ERA5_2025.nc
2025,2025-02-15,0.00022844104,6.345834e-05,145,57,ERA5_2025.nc
2025,2025-02-16,0.00022135093,6.3044194e-05,145,57,ERA5_2025.nc
2025,2025-02-17,0.00054405833,8.0467435e-05,145,57,ERA5_2025.nc
2025,2025-02-18,0.00033405222,0.00012888914,145,57,ERA5_2025.nc
2025,2025-02-19,7.0229435e-05,4.293121e-05,145,57,ERA5_2025.nc
2025,2025-02-20,0.00022285769,5.767699e-05,145,57,ERA5_2025.nc
2025,2025-02-21,8.153033e-05,4.513317e-05,145,57,ERA5_2025.nc
2025,2025-02-22,0.0002860326,6.219832e-05,145,57,ERA5_2025.nc
2025,2025-02-23,6.0139693e-05,3.8754108e-05,145,57,ERA5_2025.nc
2025,2025-02-24,7.1094604e-05,3.703784e-05,145,57,ERA5_2025.nc
2025,2025-02-25,0.000209255,4.2438107e-05,145,57,ERA5_2025.nc
2025,2025-02-26,0.00039639272,5.4366792e-05,145,57,ERA5_2025.nc
2025,2025-02-27,3.7597845e-05,3.8749524e-05,145,57,ERA5_2025.nc
2025,2025-02-28,0.00015081046,4.0674095e-05,145,57,ERA5_2025.nc
2025,2025-03-01,7.968933e-05,3.4970424e-05,145,57,ERA5_2025.nc
2025,2025-03-02,0.00014058134,4.220975e-05,145,57,ERA5_2025.nc
2025,2025-03-03,0.00012986535,4.4775355e-05,145,57,ERA5_2025.nc
2025,2025-03-04,0.00025465252,5.1960626e-05,145,57,ERA5_2025.nc
2025,2025-03-05,0.00024958886,3.685735e-05,145,57,ERA5_2025.nc
2025,2025-03-06,0.00029999524,3.6805883e-05,145,57,ERA5_2025.nc
2025,2025-03-07,0.00085895637,5.948669e-05,145,57,ERA5_2025.nc
2025,2025-03-08,0.00070207636,7.837997e-05,145,57,ERA5_2025.nc
2025,2025-03-09,0.0011862817,8.971551e-05,145,57,ERA5_2025.nc
2025,2025-03-10,0.0014729643,0.0001775207,145,57,ERA5_2025.nc
2025,2025-03-11,0.0005890075,0.00014956789,145,57,ERA5_2025.nc
2025,2025-03-12,0.0005966051,9.303517e-05,145,57,ERA5_2025.nc
2025,2025-03-13,0.00038597744,7.0603055e-05,145,57,ERA5_2025.nc
2025,2025-03-14,0.00045404295,5.201324e-05,145,57,ERA5_2025.nc
2025,2025-03-15,0.0008029752,0.00016470364,145,57,ERA5_2025.nc
2025,2025-03-16,0.000677431,0.00010937202,145,57,ERA5_2025.nc
2025,2025-03-17,0.00062141666,8.999216e-05,145,57,ERA5_2025.nc
2025,2025-03-18,0.0016491361,0.000119504766,145,57,ERA5_2025.nc
2025,2025-03-19,0.0028129767,0.00035662868,145,57,ERA5_2025.nc
2025,2025-03-20,0.0013343799,0.00018806552,145,57,ERA5_2025.nc
2025,2025-03-21,0.00064666284,8.393955e-05,145,57,ERA5_2025.nc
2025,2025-03-22,0.0013287545,0.00016142859,145,57,ERA5_2025.nc
2025,2025-03-23,0.002235257,0.00040548804,145,57,ERA5_2025.nc
2025,2025-03-24,0.0007319689,0.00013294081,145,57,ERA5_2025.nc
2025,2025-03-25,0.0004875097,7.983242e-05,145,57,ERA5_2025.nc
2025,2025-03-26,0.0011986799,0.00022256072,145,57,ERA5_2025.nc
2025,2025-03-27,0.0014483621,0.00026854128,145,57,ERA5_2025.nc
2025,2025-03-28,0.0027388704,0.00032801772,145,57,ERA5_2025.nc
2025,2025-03-29,0.00078030885,0.00014144377,145,57,ERA5_2025.nc
2025,2025-03-30,0.0007706288,0.00014840608,145,57,ERA5_2025.nc
2025,2025-03-31,0.0023557714,0.00030201185,145,57,ERA5_2025.nc
2025,2025-04-01,0.0006882367,0.00016507754,145,57,ERA5_2025.nc
2025,2025-04-02,0.00048014324,0.00012072086,145,57,ERA5_2025.nc
2025,2025-04-03,0.00037200586,6.627373e-05,145,57,ERA5_2025.nc
2025,2025-04-04,0.0010761566,0.000116746094,145,57,ERA5_2025.nc
2025,2025-04-05,0.0023692856,0.00027765948,145,57,ERA5_2025.nc
2025,2025-04-06,0.0033374263,0.00043516437,145,57,ERA5_2025.nc
2025,2025-04-07,0.0029435484,0.0003987324,145,57,ERA5_2025.nc
2025,2025-04-08,0.00090120395,0.00019976433,145,57,ERA5_2025.nc
2025,2025-04-09,0.00031021555,9.2592745e-05,145,57,ERA5_2025.nc
2025,2025-04-10,0.0014423071,0.00021231387,145,57,ERA5_2025.nc
2025,2025-04-11,0.0015149352,0.00024641305,145,57,ERA5_2025.nc
2025,2025-04-12,0.0035201302,0.0005573281,145,57,ERA5_2025.nc
2025,2025-04-13,0.0022782255,0.0003600485,145,57,ERA5_2025.nc
2025,2025-04-14,0.0010793342,0.00026266166,145,57,ERA5_2025.nc
2025,2025-04-15,0.0020145853,0.00033065374,145,57,ERA5_2025.nc
2025,2025-04-16,0.0018778134,0.0003458937,145,57,ERA5_2025.nc
2025,2025-04-17,0.00084357476,0.0002961995,145,57,ERA5_2025.nc
2025,2025-04-18,0.001470723,0.00035222084,145,57,ERA5_2025.nc
2025,2025-04-19,0.0023155636,0.00043462435,145,57,ERA5_2025.nc
2025,2025-04-20,0.0014678518,0.0002905206,145,57,ERA5_2025.nc
2025,2025-04-21,0.0004721558,0.00018729898,145,57,ERA5_2025.nc
2025,2025-04-22,0.0010235782,0.00019504777,145,57,ERA5_2025.nc
2025,2025-04-23,0.002028416,0.00047212676,145,57,ERA5_2025.nc
2025,2025-04-24,0.0007027299,0.00018982246,145,57,ERA5_2025.nc
2025,2025-04-25,0.001005264,0.00020000048,145,57,ERA5_2025.nc
2025,2025-04-26,0.00037394266,0.00011861525,145,57,ERA5_2025.nc
2025,2025-04-27,0.0008872377,0.0001453381,145,57,ERA5_2025.nc
2025,2025-04-28,0.0010150671,0.00014741783,145,57,ERA5_2025.nc
2025,2025-04-29,0.0016928907,0.00026477728,145,57,ERA5_2025.nc
2025,2025-04-30,0.0013470362,0.00025578926,145,57,ERA5_2025.nc
2025,2025-05-01,0.00063888077,0.00014341669,145,57,ERA5_2025.nc
2025,2025-05-02,0.0021300209,0.00033949505,145,57,ERA5_2025.nc
2025,2025-05-03,0.0014406871,0.00024190341,145,57,ERA5_2025.nc
2025,2025-05-04,0.0028632,0.00040255825,145,57,ERA5_2025.nc
2025,2025-05-05,0.0019895558,0.00030983874,145,57,ERA5_2025.nc
2025,2025-05-06,0.0016051866,0.00031342925,145,57,ERA5_2025.nc
2025,2025-05-07,0.0022691004,0.00045847596,145,57,ERA5_2025.nc
2025,2025-05-08,0.00092523644,0.00028072376,145,57,ERA5_2025.nc
2025,2025-05-09,0.0010307863,0.00025212744,145,57,ERA5_2025.nc
2025,2025-05-10,0.0015248555,0.00027897907,145,57,ERA5_2025.nc
2025,2025-05-11,0.0011116657,0.00024600088,145,57,ERA5_2025.nc
2025,2025-05-12,0.0010327923,0.00021178195,145,57,ERA5_2025.nc
2025,2025-05-13,0.0011956585,0.0002428536,145,57,ERA5_2025.nc
2025,2025-05-14,0.0021434585,0.00026377497,145,57,ERA5_2025.nc
2025,2025-05-15,0.0004077691,0.00012293615,145,57,ERA5_2025.nc
2025,2025-05-16,0.00026304432,0.00010364748,145,57,ERA5_2025.nc
2025,2025-05-17,0.00028138404,0.00010434729,145,57,ERA5_2025.nc
2025,2025-05-18,0.0005027641,0.00011033169,145,57,ERA5_2025.nc
2025,2025-05-19,0.0011164792,0.00015113095,145,57,ERA5_2025.nc
2025,2025-05-20,0.0018405104,0.00030162226,145,57,ERA5_2025.nc
2025,2025-05-21,0.0012651028,0.00027974453,145,57,ERA5_2025.nc
2025,2025-05-22,0.0017362298,0.0004131452,145,57,ERA5_2025.nc
2025,2025-05-23,0.0014599864,0.00024879398,145,57,ERA5_2025.nc
2025,2025-05-24,0.0007363505,0.00017576956,145,57,ERA5_2025.nc
2025,2025-05-25,0.0026004482,0.00034446496,145,57,ERA5_2025.nc
2025,2025-05-26,0.0010046874,0.00024651783,145,57,ERA5_2025.nc
2025,2025-05-27,0.0016623889,0.00027799202,145,57,ERA5_2025.nc
2025,2025-05-28,0.00052571425,0.00014140812,145,57,ERA5_2025.nc
2025,2025-05-29,0.0005873756,0.00015804335,145,57,ERA5_2025.nc
2025,2025-05-30,0.0013148661,0.00022514287,145,57,ERA5_2025.nc
2025,2025-05-31,0.00093983335,0.00016227578,145,57,ERA5_2025.nc
2025,2025-06-01,0.00043039373,0.0001441894,145,57,ERA5_2025.nc
2025,2025-06-02,0.00033275865,0.00011820671,145,57,ERA5_2025.nc
2025,2025-06-03,0.0007695103,0.0001667463,145,57,ERA5_2025.nc
2025,2025-06-04,0.00089959917,0.00015449923,145,57,ERA5_2025.nc
2025,2025-06-05,0.0011946072,0.00023151457,145,57,ERA5_2025.nc
2025,2025-06-06,0.0008610443,0.00022105157,145,57,ERA5_2025.nc
2025,2025-06-07,0.0007372303,0.00016953851,145,57,ERA5_2025.nc
2025,2025-06-08,0.00048140684,0.00014577192,145,57,ERA5_2025.nc
2025,2025-06-09,0.00034067698,0.00012878762,145,57,ERA5_2025.nc
2025,2025-06-10,0.0002944924,0.00012895209,145,57,ERA5_2025.nc
2025,2025-06-11,0.00027769283,0.000118690456,145,57,ERA5_2025.nc
2025,2025-06-12,0.00046005257,0.00012307358,145,57,ERA5_2025.nc
2025,2025-06-13,0.00035988743,0.00012659661,145,57,ERA5_2025.nc
2025,2025-06-14,0.0004601376,0.00016246189,145,57,ERA5_2025.nc
2025,2025-06-15,0.00035997806,0.00014674486,145,57,ERA5_2025.nc
2025,2025-06-16,0.0004613796,0.00012143219,145,57,ERA5_2025.nc
2025,2025-06-17,0.0015461824,0.00021678567,145,57,ERA5_2025.nc
2025,2025-06-18,0.0013641053,0.00018370565,145,57,ERA5_2025.nc
2025,2025-06-19,0.0011297298,0.00019143452,145,57,ERA5_2025.nc
2025,2025-06-20,0.000760244,0.00015493704,145,57,ERA5_2025.nc
2025,2025-06-21,0.00043062647,0.00012243836,145,57,ERA5_2025.nc
2025,2025-06-22,0.0007171943,0.00014179689,145,57,ERA5_2025.nc
2025,2025-06-23,0.0012128628,0.00018554708,145,57,ERA5_2025.nc
2025,2025-06-24,0.001348669,0.00020322148,145,57,ERA5_2025.nc
2025,2025-06-25,0.00019080155,0.00010339278,145,57,ERA5_2025.nc
2025,2025-06-26,0.0003830046,0.00010505031,145,57,ERA5_2025.nc
2025,2025-06-27,0.0004855239,0.00012584345,145,57,ERA5_2025.nc
2025,2025-06-28,0.0014576819,0.00021436784,145,57,ERA5_2025.nc
2025,2025-06-29,0.0012626685,0.00017519199,145,57,ERA5_2025.nc
2025,2025-06-30,0.0018312186,0.0001721103,145,57,ERA5_2025.nc
2025,2025-07-01,0.0019884333,0.0002506628,145,57,ERA5_2025.nc
2025,2025-07-02,0.0012319726,0.00016687113,145,57,ERA5_2025.nc
2025,2025-07-03,0.00096995017,0.00014583605,145,57,ERA5_2025.nc
2025,2025-07-04,0.0013304964,0.0001439497,145,57,ERA5_2025.nc
2025,2025-07-05,0.0020369547,0.00026306525,145,57,ERA5_2025.nc
2025,2025-07-06,0.0024235025,0.00036328722,145,57,ERA5_2025.nc
2025,2025-07-07,0.0023276592,0.00029082474,145,57,ERA5_2025.nc
2025,2025-07-08,0.0030513902,0.00030521507,145,57,ERA5_2025.nc
2025,2025-07-09,0.0031580243,0.00040804644,145,57,ERA5_2025.nc
2025,2025-07-10,0.002689676,0.00033963277,145,57,ERA5_2025.nc
2025,2025-07-11,0.0022847215,0.0002534674,145,57,ERA5_2025.nc
2025,2025-07-12,0.0025286358,0.0003526422,145,57,ERA5_2025.nc
2025,2025-07-13,0.0020846021,0.00032895477,145,57,ERA5_2025.nc
2025,2025-07-14,0.0027309712,0.00045322106,145,57,ERA5_2025.nc
2025,2025-07-15,0.0023946464,0.00034884235,145,57,ERA5_2025.nc
2025,2025-07-16,0.0020586452,0.000300535,145,57,ERA5_2025.nc
2025,2025-07-17,0.0015456529,0.00029307447,145,57,ERA5_2025.nc
2025,2025-07-18,0.001698182,0.00032597754,145,57,ERA5_2025.nc
2025,2025-07-19,0.001874916,0.0002710609,145,57,ERA5_2025.nc
2025,2025-07-20,0.0015563641,0.0002657597,145,57,ERA5_2025.nc
2025,2025-07-21,0.0023908513,0.00033757061,145,57,ERA5_2025.nc
2025,2025-07-22,0.0019315184,0.00034957204,145,57,ERA5_2025.nc
2025,2025-07-23,0.0017481309,0.00026487437,145,57,ERA5_2025.nc
2025,2025-07-24,0.001802023,0.00028720655,145,57,ERA5_2025.nc
2025,2025-07-25,0.002618961,0.00040654687,145,57,ERA5_2025.nc
2025,2025-07-26,0.0015588251,0.00027522293,145,57,ERA5_2025.nc
2025,2025-07-27,0.0004938737,0.00016015206,145,57,ERA5_2025.nc
2025,2025-07-28,0.0013422174,0.00021208051,145,57,ERA5_2025.nc
2025,2025-07-29,0.002046883,0.00020799736,145,57,ERA5_2025.nc
2025,2025-07-30,0.0006712065,0.00017027486,145,57,ERA5_2025.nc
2025,2025-07-31,0.000978526,0.00018758097,145,57,ERA5_2025.nc
2025,2025-08-01,0.001665192,0.00023563084,145,57,ERA5_2025.nc
2025,2025-08-02,0.0025084126,0.00025114996,145,57,ERA5_2025.nc
2025,2025-08-03,0.0030530025,0.00041866186,145,57,ERA5_2025.nc
2025,2025-08-04,0.0017367804,0.00023131554,145,57,ERA5_2025.nc
2025,2025-08-05,0.0021947613,0.00026210924,145,57,ERA5_2025.nc
2025,2025-08-06,0.0021960693,0.0003320701,145,57,ERA5_2025.nc
2025,2025-08-07,0.0026689305,0.0003922374,145,57,ERA5_2025.nc
2025,2025-08-08,0.0023572296,0.00037731562,145,57,ERA5_2025.nc
2025,2025-08-09,0.0021321815,0.00036122111,145,57,ERA5_2025.nc
2025,2025-08-10,0.0013515761,0.00025788927,145,57,ERA5_2025.nc
2025,2025-08-11,0.0024208243,0.0003938761,145,57,ERA5_2025.nc
2025,2025-08-12,0.0032281051,0.00046555768,145,57,ERA5_2025.nc
2025,2025-08-13,0.0025262344,0.0004587006,145,57,ERA5_2025.nc
2025,2025-08-14,0.0022838525,0.00038927508,145,57,ERA5_2025.nc
2025,2025-08-15,0.00400059,0.00068004854,145,57,ERA5_2025.nc
2025,2025-08-16,0.0038559106,0.0005043342,145,57,ERA5_2025.nc
2025,2025-08-17,0.0030792647,0.0005119857,145,57,ERA5_2025.nc
2025,2025-08-18,0.003543924,0.00047230965,145,57,ERA5_2025.nc
2025,2025-08-19,0.004080112,0.0005343815,145,57,ERA5_2025.nc
2025,2025-08-20,0.0024775453,0.00043074397,145,57,ERA5_2025.nc
2025,2025-08-21,0.0021107094,0.00034594926,145,57,ERA5_2025.nc
2025,2025-08-22,0.00252371,0.00034689193,145,57,ERA5_2025.nc
2025,2025-08-23,0.0034761615,0.00051357516,145,57,ERA5_2025.nc
2025,2025-08-24,0.0026221955,0.0003824513,145,57,ERA5_2025.nc
2025,2025-08-25,0.0024746114,0.00036728312,145,57,ERA5_2025.nc
2025,2025-08-26,0.002131868,0.00038342542,145,57,ERA5_2025.nc
2025,2025-08-27,0.0027309856,0.0004430701,145,57,ERA5_2025.nc
2025,2025-08-28,0.0029732443,0.0004942922,145,57,ERA5_2025.nc
2025,2025-08-29,0.0022512914,0.000346673,145,57,ERA5_2025.nc
2025,2025-08-30,0.0023772283,0.0003684352,145,57,ERA5_2025.nc
2025,2025-08-31,0.0023175804,0.0004635803,145,57,ERA5_2025.nc
2025,2025-09-01,0.0020544857,0.0004112178,145,57,ERA5_2025.nc
2025,2025-09-02,0.0013363899,0.00029143895,145,57,ERA5_2025.nc
2025,2025-09-03,0.0013781653,0.0003309339,145,57,ERA5_2025.nc
2025,2025-09-04,0.0017935918,0.00037331932,145,57,ERA5_2025.nc
2025,2025-09-05,0.0021058614,0.00049616373,145,57,ERA5_2025.nc
2025,2025-09-06,0.0020592588,0.00039964198,145,57,ERA5_2025.nc
2025,2025-09-07,0.0016983404,0.0004575096,145,57,ERA5_2025.nc
2025,2025-09-08,0.0024699797,0.00048490852,145,57,ERA5_2025.nc
2025,2025-09-09,0.0017209977,0.00031948916,145,57,ERA5_2025.nc
2025,2025-09-10,0.0023480132,0.00040546746,145,57,ERA5_2025.nc
2025,2025-09-11,0.002279624,0.00040972797,145,57,ERA5_2025.nc
2025,2025-09-12,0.0026803887,0.00041052545,145,57,ERA5_2025.nc
2025,2025-09-13,0.0019724858,0.00043228763,145,57,ERA5_2025.nc
2025,2025-09-14,0.0017628063,0.00039478368,145,57,ERA5_2025.nc
2025,2025-09-15,0.0032830103,0.00059744756,145,57,ERA5_2025.nc
2025,2025-09-16,0.0015931224,0.00037651818,145,57,ERA5_2025.nc
2025,2025-09-17,0.001403718,0.000353033,145,57,ERA5_2025.nc
2025,2025-09-18,0.001887742,0.00044711842,145,57,ERA5_2025.nc
2025,2025-09-19,0.0022138844,0.00036032833,145,57,ERA5_2025.nc
2025,2025-09-20,0.0025006135,0.00043193257,145,57,ERA5_2025.nc
2025,2025-09-21,0.00082420476,0.00024965074,145,57,ERA5_2025.nc
2025,2025-09-22,0.0018390317,0.00041461535,145,57,ERA5_2025.nc
2025,2025-09-23,0.0027828934,0.00049641466,145,57,ERA5_2025.nc
2025,2025-09-24,0.0026000023,0.00056766946,145,57,ERA5_2025.nc
2025,2025-09-25,0.002317734,0.0006093044,145,57,ERA5_2025.nc
2025,2025-09-26,0.0015895301,0.00037936427,145,57,ERA5_2025.nc
2025,2025-09-27,0.0015070848,0.00042788984,145,57,ERA5_2025.nc
2025,2025-09-28,0.0013679084,0.000490185,145,57,ERA5_2025.nc
2025,2025-09-29,0.0019699316,0.00042063522,145,57,ERA5_2025.nc
2025,2025-09-30,0.0031125466,0.00061708223,145,57,ERA5_2025.nc
2025,2025-10-01,0.0027704965,0.0004922999,145,57,ERA5_2025.nc
2025,2025-10-02,0.0021703788,0.00047246987,145,57,ERA5_2025.nc
2025,2025-10-03,0.0027654315,0.0004882425,145,57,ERA5_2025.nc
2025,2025-10-04,0.0030796237,0.0005319067,145,57,ERA5_2025.nc
2025,2025-10-05,0.0029572772,0.00051786215,145,57,ERA5_2025.nc
2025,2025-10-06,0.0026841913,0.0006017585,145,57,ERA5_2025.nc
2025,2025-10-07,0.0019379406,0.0004925372,145,57,ERA5_2025.nc
2025,2025-10-08,0.0025032202,0.0005433322,145,57,ERA5_2025.nc
2025,2025-10-09,0.0021155975,0.00059289346,145,57,ERA5_2025.nc
2025,2025-10-10,0.00090741453,0.00031923622,145,57,ERA5_2025.nc
2025,2025-10-11,0.0011490099,0.00037094994,145,57,ERA5_2025.nc
2025,2025-10-12,0.0012153212,0.00035604025,145,57,ERA5_2025.nc
2025,2025-10-13,0.0020199474,0.00048695825,145,57,ERA5_2025.nc
2025,2025-10-14,0.0013026362,0.0004141407,145,57,ERA5_2025.nc
2025,2025-10-15,0.0014815507,0.00041616027,145,57,ERA5_2025.nc
2025,2025-10-16,0.0014691374,0.00050515507,145,57,ERA5_2025.nc
2025,2025-10-17,0.0018139626,0.0006046194,145,57,ERA5_2025.nc
2025,2025-10-18,0.0012904905,0.00040102622,145,57,ERA5_2025.nc
2025,2025-10-19,0.0023074083,0.00054053066,145,57,ERA5_2025.nc
2025,2025-10-20,0.0026066676,0.0006599771,145,57,ERA5_2025.nc
2025,2025-10-21,0.0016151577,0.00045917684,145,57,ERA5_2025.nc
2025,2025-10-22,0.0024291235,0.0005049375,145,57,ERA5_2025.nc
2025,2025-10-23,0.001526559,0.00046426305,145,57,ERA5_2025.nc
2025,2025-10-24,0.0018636807,0.0004801141,145,57,ERA5_2025.nc
2025,2025-10-25,0.0025303152,0.0005092066,145,57,ERA5_2025.nc
2025,2025-10-26,0.0012006172,0.00044462725,145,57,ERA5_2025.nc
2025,2025-10-27,0.001260195,0.00040558504,145,57,ERA5_2025.nc
2025,2025-10-28,0.0018249415,0.0005222484,145,57,ERA5_2025.nc
2025,2025-10-29,0.003150506,0.00064448314,145,57,ERA5_2025.nc
2025,2025-10-30,0.0033225743,0.00068336213,145,57,ERA5_2025.nc
2025,2025-10-31,0.0021633643,0.0007179498,145,57,ERA5_2025.nc
2025,2025-11-01,0.002004929,0.000602509,145,57,ERA5_2025.nc
2025,2025-11-02,0.0016853809,0.00057642465,145,57,ERA5_2025.nc
2025,2025-11-03,0.00096763927,0.00039781875,145,57,ERA5_2025.nc
2025,2025-11-04,0.0009835266,0.00035905687,145,57,ERA5_2025.nc
2025,2025-11-05,0.0008023972,0.0003447635,145,57,ERA5_2025.nc
2025,2025-11-06,0.00087199395,0.00033192875,145,57,ERA5_2025.nc
2025,2025-11-07,0.0014745381,0.00046983265,145,57,ERA5_2025.nc
2025,2025-11-08,0.0017673728,0.0005196384,145,57,ERA5_2025.nc
2025,2025-11-09,0.0018064352,0.000524394,145,57,ERA5_2025.nc
2025,2025-11-10,0.0007007487,0.00037055713,145,57,ERA5_2025.nc
2025,2025-11-11,0.0009487171,0.00043655897,145,57,ERA5_2025.nc
2025,2025-11-12,0.00047679237,0.00028796127,145,57,ERA5_2025.nc
2025,2025-11-13,0.0013452958,0.0004076675,145,57,ERA5_2025.nc
2025,2025-11-14,0.0012638505,0.00035985085,145,57,ERA5_2025.nc
2025,2025-11-15,0.000781923,0.00029223724,145,57,ERA5_2025.nc
2025,2025-11-16,0.0009916689,0.00047041295,145,57,ERA5_2025.nc
2025,2025-11-17,0.0003612414,0.0002827172,145,57,ERA5_2025.nc
2025,2025-11-18,0.00035691535,0.00024858624,145,57,ERA5_2025.nc
2025,2025-11-19,0.0007326438,0.0002816086,145,57,ERA5_2025.nc
2025,2025-11-20,0.0006422199,0.00028748257,145,57,ERA5_2025.nc
2025,2025-11-21,0.0007229758,0.00026785326,145,57,ERA5_2025.nc
2025,2025-11-22,0.00060345524,0.00022660453,145,57,ERA5_2025.nc
2025,2025-11-23,0.00045713742,0.0002342441,145,57,ERA5_2025.nc
2025,2025-11-24,0.0001592107,0.00018031757,145,57,ERA5_2025.nc
2025,2025-11-25,0.00039349397,0.00016393323,145,57,ERA5_2025.nc
2025,2025-11-26,0.00024815585,0.00017542727,145,57,ERA5_2025.nc
2025,2025-11-27,0.0003909901,0.00019843213,145,57,ERA5_2025.nc
2025,2025-11-28,0.0003010218,0.00017401508,145,57,ERA5_2025.nc
2025,2025-11-29,0.00024439424,0.00016026277,145,57,ERA5_2025.nc
2025,2025-11-30,0.0005420188,0.0002025028,145,57,ERA5_2025.nc
2025,2025-12-01,0.00025750845,0.00013482489,145,57,ERA5_2025.nc
2025,2025-12-02,0.00023826979,0.00013740094,145,57,ERA5_2025.nc
2025,2025-12-03,0.00052536,0.00018904256,145,57,ERA5_2025.nc
2025,2025-12-04,0.00030088704,0.00014664941,145,57,ERA5_2025.nc
2025,2025-12-05,0.0005276958,0.00018027064,145,57,ERA5_2025.nc
2025,2025-12-06,0.00094998954,0.0001569445,145,57,ERA5_2025.nc
2025,2025-12-07,0.00087524124,0.0001401883,145,57,ERA5_2025.nc
2025,2025-12-08,0.0012691021,0.00016707557,145,57,ERA5_2025.nc
2025,2025-12-09,0.0009590185,0.0001385019,145,57,ERA5_2025.nc
2025,2025-12-10,0.0012150838,0.00017972762,145,57,ERA5_2025.nc
2025,2025-12-11,0.0010296279,0.0002007552,145,57,ERA5_2025.nc
2025,2025-12-12,0.00094341603,0.00018048192,145,57,ERA5_2025.nc
2025,2025-12-13,0.0010508357,0.00017061523,145,57,ERA5_2025.nc
2025,2025-12-14,0.00041244048,0.00014294308,145,57,ERA5_2025.nc
2025,2025-12-15,0.0010815999,0.00020241944,145,57,ERA5_2025.nc
2025,2025-12-16,0.0012296275,0.00024913496,145,57,ERA5_2025.nc
2025,2025-12-17,0.0009822329,0.00025540736,145,57,ERA5_2025.nc
2025,2025-12-18,0.0006418619,0.00019351227,145,57,ERA5_2025.nc
2025,2025-12-19,0.0006742497,0.00017888323,145,57,ERA5_2025.nc
2025,2025-12-20,0.0003891848,0.00014265729,145,57,ERA5_2025.nc
2025,2025-12-21,0.0005566507,0.00016543541,145,57,ERA5_2025.nc
2025,2025-12-22,0.0008268965,0.00023484533,145,57,ERA5_2025.nc
2025,2025-12-23,0.0007557621,0.0002202788,145,57,ERA5_2025.nc
2025,2025-12-24,0.0009659318,0.00019358796,145,57,ERA5_2025.nc
2025,2025-12-25,0.0003631582,0.00017342421,145,57,ERA5_2025.nc
2025,2025-12-26,0.0003176753,0.0001310643,145,57,ERA5_2025.nc
2025,2025-12-27,0.0012095026,0.00031957316,145,57,ERA5_2025.nc
2025,2025-12-28,0.0024053939,0.00031643925,145,57,ERA5_2025.nc
2025,2025-12-29,0.001293685,0.000334489,145,57,ERA5_2025.nc
2025,2025-12-30,0.0008624324,0.00018323754,145,57,ERA5_2025.nc
2025,2025-12-31,0.00027582518,0.0001245938,145,57,ERA5_2025.nc
